<?xml version='1.0' encoding='UTF-8'?>
<KAF xml:lang="nl">
  <linguisticProcessors layer="text">
    <lp timestamp="2013-01-06T18:44:03CET" version="2.0" name="SentenceTokenizer"/>
  </linguisticProcessors>
  <linguisticProcessors layer="terms">
    <lp timestamp="2013-01-06T18:44:03CET" version="2.0" name="SentenceTokenizer"/>
    <lp timestamp="2013-01-06T18:44:04CET" version="1.0" name="SimplePolarityTagger"/>
  </linguisticProcessors>
  <linguisticProcessor layer="opinions">
    <lp timestamp="2013-01-06T18:44:04CET" version="1.0" name="SimpleOpinionDetector"/>
  </linguisticProcessor>
  <linguisticProcessor layer="properties">
    <lp timestamp="2013-01-06T18:44:04CET" version="1.0" name="SimplePropRecognizer_lookup"/>
  </linguisticProcessor>
  <linguisticProcessor layer="entities">
    <lp timestamp="2013-01-06T18:44:04CET" version="1.0" name="SimpleNER_lookup"/>
  </linguisticProcessor>
  <text>
    <wf wid="w_1" para="1" sent="1">we</wf>
    <wf wid="w_2" para="1" sent="1">gaan</wf>
    <wf wid="w_3" para="1" sent="1">er</wf>
    <wf wid="w_4" para="1" sent="1">nooit</wf>
    <wf wid="w_5" para="1" sent="1">meer</wf>
    <wf wid="w_6" para="1" sent="1">naar</wf>
    <wf wid="w_7" para="1" sent="1">toe</wf>
    <wf wid="w_8" para="1" sent="1">.</wf>
    <wf wid="w_9" para="1" sent="2">de</wf>
    <wf wid="w_10" para="1" sent="2">gastvrouw</wf>
    <wf wid="w_11" para="1" sent="2">gaf</wf>
    <wf wid="w_12" para="1" sent="2">ons</wf>
    <wf wid="w_13" para="1" sent="2">de</wf>
    <wf wid="w_14" para="1" sent="2">indruk</wf>
    <wf wid="w_15" para="1" sent="2">,</wf>
    <wf wid="w_16" para="1" sent="2">dat</wf>
    <wf wid="w_17" para="1" sent="2">alles</wf>
    <wf wid="w_18" para="1" sent="2">teveel</wf>
    <wf wid="w_19" para="1" sent="2">was</wf>
    <wf wid="w_20" para="1" sent="2">.</wf>
    <wf wid="w_21" para="1" sent="3">de</wf>
    <wf wid="w_22" para="1" sent="3">bedden</wf>
    <wf wid="w_23" para="1" sent="3">waren</wf>
    <wf wid="w_24" para="1" sent="3">aan</wf>
    <wf wid="w_25" para="1" sent="3">vervangen</wf>
    <wf wid="w_26" para="1" sent="3">toe</wf>
    <wf wid="w_27" para="1" sent="3">rommel</wf>
    <wf wid="w_28" para="1" sent="3">van</wf>
    <wf wid="w_29" para="1" sent="3">eerderen</wf>
    <wf wid="w_30" para="1" sent="3">gasten</wf>
    <wf wid="w_31" para="1" sent="3">lag</wf>
    <wf wid="w_32" para="1" sent="3">nog</wf>
    <wf wid="w_33" para="1" sent="3">onder</wf>
    <wf wid="w_34" para="1" sent="3">de</wf>
    <wf wid="w_35" para="1" sent="3">bedden</wf>
    <wf wid="w_36" para="1" sent="3">brand</wf>
    <wf wid="w_37" para="1" sent="3">trap</wf>
    <wf wid="w_38" para="1" sent="3">was</wf>
    <wf wid="w_39" para="1" sent="3">verrot</wf>
    <wf wid="w_40" para="1" sent="3">,</wf>
    <wf wid="w_41" para="1" sent="3">er</wf>
    <wf wid="w_42" para="1" sent="3">werd</wf>
    <wf wid="w_43" para="1" sent="3">nog</wf>
    <wf wid="w_44" para="1" sent="3">verteeld</wf>
    <wf wid="w_45" para="1" sent="3">dat</wf>
    <wf wid="w_46" para="1" sent="3">we</wf>
    <wf wid="w_47" para="1" sent="3">daar</wf>
    <wf wid="w_48" para="1" sent="3">geen</wf>
    <wf wid="w_49" para="1" sent="3">gebruik</wf>
    <wf wid="w_50" para="1" sent="3">van</wf>
    <wf wid="w_51" para="1" sent="3">moesten</wf>
    <wf wid="w_52" para="1" sent="3">maken</wf>
    <wf wid="w_53" para="1" sent="3">[</wf>
    <wf wid="w_54" para="1" sent="3">dus</wf>
    <wf wid="w_55" para="1" sent="3">bij</wf>
    <wf wid="w_56" para="1" sent="3">brand</wf>
    <wf wid="w_57" para="1" sent="3">?</wf>
    <wf wid="w_58" para="1" sent="4">]</wf>
    <wf wid="w_59" para="1" sent="4">ontbijt</wf>
    <wf wid="w_60" para="1" sent="4">was</wf>
    <wf wid="w_61" para="1" sent="4">benedende</wf>
    <wf wid="w_62" para="1" sent="4">maat</wf>
    <wf wid="w_63" para="1" sent="4">.</wf>
    <wf wid="w_64" para="1" sent="5">dus</wf>
    <wf wid="w_65" para="1" sent="5">voor</wf>
    <wf wid="w_66" para="1" sent="5">ons</wf>
    <wf wid="w_67" para="1" sent="5">geen</wf>
    <wf wid="w_68" para="1" sent="5">tweede</wf>
    <wf wid="w_69" para="1" sent="5">keer</wf>
  </text>
  <terms>
    <term tid="t_1" lemma="we" type="open">
      <span>
        <target id="w_1"/>
      </span>
    </term>
    <term tid="t_2" lemma="gaan" type="open">
      <span>
        <target id="w_2"/>
      </span>
    </term>
    <term tid="t_3" lemma="er" type="open">
      <span>
        <target id="w_3"/>
      </span>
    </term>
    <term tid="t_4" lemma="nooit" type="open">
      <span>
        <target id="w_4"/>
      </span>
      <sentiment sentiment_modifier="shifter" resource="VUA_olery_lexicon_nl_lmf"/>
    </term>
    <term tid="t_5" lemma="meer" type="open">
      <span>
        <target id="w_5"/>
      </span>
    </term>
    <term tid="t_6" lemma="naar" type="open" pos="G">
      <span>
        <target id="w_6"/>
      </span>
      <sentiment polarity="negative" resource="VUA_olery_lexicon_nl_lmf"/>
    </term>
    <term tid="t_7" lemma="toe" type="open">
      <span>
        <target id="w_7"/>
      </span>
    </term>
    <term tid="t_8" lemma="." type="open">
      <span>
        <target id="w_8"/>
      </span>
    </term>
    <term tid="t_9" lemma="de" type="open">
      <span>
        <target id="w_9"/>
      </span>
    </term>
    <term tid="t_10" lemma="gastvrouw" type="open">
      <span>
        <target id="w_10"/>
      </span>
    </term>
    <term tid="t_11" lemma="gaf" type="open">
      <span>
        <target id="w_11"/>
      </span>
    </term>
    <term tid="t_12" lemma="ons" type="open">
      <span>
        <target id="w_12"/>
      </span>
    </term>
    <term tid="t_13" lemma="de" type="open">
      <span>
        <target id="w_13"/>
      </span>
    </term>
    <term tid="t_14" lemma="indruk" type="open">
      <span>
        <target id="w_14"/>
      </span>
    </term>
    <term tid="t_15" lemma="," type="open">
      <span>
        <target id="w_15"/>
      </span>
    </term>
    <term tid="t_16" lemma="dat" type="open">
      <span>
        <target id="w_16"/>
      </span>
    </term>
    <term tid="t_17" lemma="alles" type="open">
      <span>
        <target id="w_17"/>
      </span>
    </term>
    <term tid="t_18" lemma="teveel" type="open">
      <span>
        <target id="w_18"/>
      </span>
    </term>
    <term tid="t_19" lemma="was" type="open">
      <span>
        <target id="w_19"/>
      </span>
    </term>
    <term tid="t_20" lemma="." type="open">
      <span>
        <target id="w_20"/>
      </span>
    </term>
    <term tid="t_21" lemma="de" type="open">
      <span>
        <target id="w_21"/>
      </span>
    </term>
    <term tid="t_22" lemma="bedden" type="open">
      <span>
        <target id="w_22"/>
      </span>
    </term>
    <term tid="t_23" lemma="waren" type="open">
      <span>
        <target id="w_23"/>
      </span>
    </term>
    <term tid="t_24" lemma="aan" type="open">
      <span>
        <target id="w_24"/>
      </span>
    </term>
    <term tid="t_25" lemma="vervangen" type="open">
      <span>
        <target id="w_25"/>
      </span>
    </term>
    <term tid="t_26" lemma="toe" type="open">
      <span>
        <target id="w_26"/>
      </span>
    </term>
    <term tid="t_27" lemma="rommel" type="open" pos="N">
      <span>
        <target id="w_27"/>
      </span>
      <sentiment polarity="negative" resource="VUA_olery_lexicon_nl_lmf"/>
    </term>
    <term tid="t_28" lemma="van" type="open">
      <span>
        <target id="w_28"/>
      </span>
    </term>
    <term tid="t_29" lemma="eerderen" type="open">
      <span>
        <target id="w_29"/>
      </span>
    </term>
    <term tid="t_30" lemma="gasten" type="open">
      <span>
        <target id="w_30"/>
      </span>
    </term>
    <term tid="t_31" lemma="lag" type="open">
      <span>
        <target id="w_31"/>
      </span>
    </term>
    <term tid="t_32" lemma="nog" type="open">
      <span>
        <target id="w_32"/>
      </span>
    </term>
    <term tid="t_33" lemma="onder" type="open">
      <span>
        <target id="w_33"/>
      </span>
    </term>
    <term tid="t_34" lemma="de" type="open">
      <span>
        <target id="w_34"/>
      </span>
    </term>
    <term tid="t_35" lemma="bedden" type="open">
      <span>
        <target id="w_35"/>
      </span>
    </term>
    <term tid="t_36" lemma="brand" type="open">
      <span>
        <target id="w_36"/>
      </span>
    </term>
    <term tid="t_37" lemma="trap" type="open">
      <span>
        <target id="w_37"/>
      </span>
    </term>
    <term tid="t_38" lemma="was" type="open">
      <span>
        <target id="w_38"/>
      </span>
    </term>
    <term tid="t_39" lemma="verrot" type="open">
      <span>
        <target id="w_39"/>
      </span>
    </term>
    <term tid="t_40" lemma="," type="open">
      <span>
        <target id="w_40"/>
      </span>
    </term>
    <term tid="t_41" lemma="er" type="open">
      <span>
        <target id="w_41"/>
      </span>
    </term>
    <term tid="t_42" lemma="werd" type="open">
      <span>
        <target id="w_42"/>
      </span>
    </term>
    <term tid="t_43" lemma="nog" type="open">
      <span>
        <target id="w_43"/>
      </span>
    </term>
    <term tid="t_44" lemma="verteeld" type="open">
      <span>
        <target id="w_44"/>
      </span>
    </term>
    <term tid="t_45" lemma="dat" type="open">
      <span>
        <target id="w_45"/>
      </span>
    </term>
    <term tid="t_46" lemma="we" type="open">
      <span>
        <target id="w_46"/>
      </span>
    </term>
    <term tid="t_47" lemma="daar" type="open">
      <span>
        <target id="w_47"/>
      </span>
    </term>
    <term tid="t_48" lemma="geen" type="open">
      <span>
        <target id="w_48"/>
      </span>
      <sentiment sentiment_modifier="shifter" resource="VUA_olery_lexicon_nl_lmf"/>
    </term>
    <term tid="t_49" lemma="gebruik" type="open">
      <span>
        <target id="w_49"/>
      </span>
    </term>
    <term tid="t_50" lemma="van" type="open">
      <span>
        <target id="w_50"/>
      </span>
    </term>
    <term tid="t_51" lemma="moesten" type="open">
      <span>
        <target id="w_51"/>
      </span>
    </term>
    <term tid="t_52" lemma="maken" type="open">
      <span>
        <target id="w_52"/>
      </span>
    </term>
    <term tid="t_53" lemma="[" type="open">
      <span>
        <target id="w_53"/>
      </span>
    </term>
    <term tid="t_54" lemma="dus" type="open">
      <span>
        <target id="w_54"/>
      </span>
    </term>
    <term tid="t_55" lemma="bij" type="open">
      <span>
        <target id="w_55"/>
      </span>
    </term>
    <term tid="t_56" lemma="brand" type="open">
      <span>
        <target id="w_56"/>
      </span>
    </term>
    <term tid="t_57" lemma="?" type="open">
      <span>
        <target id="w_57"/>
      </span>
    </term>
    <term tid="t_58" lemma="]" type="open">
      <span>
        <target id="w_58"/>
      </span>
    </term>
    <term tid="t_59" lemma="ontbijt" type="open">
      <span>
        <target id="w_59"/>
      </span>
    </term>
    <term tid="t_60" lemma="was" type="open">
      <span>
        <target id="w_60"/>
      </span>
    </term>
    <term tid="t_61" lemma="benedende" type="open">
      <span>
        <target id="w_61"/>
      </span>
    </term>
    <term tid="t_62" lemma="maat" type="open">
      <span>
        <target id="w_62"/>
      </span>
    </term>
    <term tid="t_63" lemma="." type="open">
      <span>
        <target id="w_63"/>
      </span>
    </term>
    <term tid="t_64" lemma="dus" type="open">
      <span>
        <target id="w_64"/>
      </span>
    </term>
    <term tid="t_65" lemma="voor" type="open">
      <span>
        <target id="w_65"/>
      </span>
    </term>
    <term tid="t_66" lemma="ons" type="open">
      <span>
        <target id="w_66"/>
      </span>
    </term>
    <term tid="t_67" lemma="geen" type="open">
      <span>
        <target id="w_67"/>
      </span>
      <sentiment sentiment_modifier="shifter" resource="VUA_olery_lexicon_nl_lmf"/>
    </term>
    <term tid="t_68" lemma="tweede" type="open">
      <span>
        <target id="w_68"/>
      </span>
    </term>
    <term tid="t_69" lemma="keer" type="open">
      <span>
        <target id="w_69"/>
      </span>
    </term>
  </terms>
  <entities>
    <entity type="PER" eid="e_1">
      <span>
        <target id="t_1"/>
      </span>
      <span>
        <target id="t_46"/>
      </span>
    </entity>
  </entities>
  <properties>
    <property type="restaurant" pid="p_1">
      <span>
        <target id="t_59"/>
      </span>
    </property>
  </properties>
  <opinions>
    <opinion oid="o_1">
      <opinion_holder>
        <span>
          <target id="t_1"/>
        </span>
      </opinion_holder>
      <opinion_target>
        <span>
          <target id="t_7"/>
        </span>
      </opinion_target>
      <opinion_expression polarity="negative" strength="-1">
        <span>
          <target id="t_6"/>
        </span>
      </opinion_expression>
    </opinion>
    <opinion oid="o_2">
      <opinion_holder>
        <span>
          <target id="t_46"/>
        </span>
      </opinion_holder>
      <opinion_target>
        <span>
          <target id="t_29"/>
        </span>
      </opinion_target>
      <opinion_expression polarity="negative" strength="-1">
        <span>
          <target id="t_27"/>
        </span>
      </opinion_expression>
    </opinion>
  </opinions>
</KAF>
