<?xml version='1.0' encoding='UTF-8'?>
<KAF xml:lang="nl">
  <linguisticProcessors layer="text">
    <lp timestamp="2013-01-06T18:31:22CET" version="2.0" name="SentenceTokenizer"/>
  </linguisticProcessors>
  <linguisticProcessors layer="terms">
    <lp timestamp="2013-01-06T18:31:22CET" version="2.0" name="SentenceTokenizer"/>
    <lp timestamp="2013-01-06T18:31:22CET" version="1.0" name="SimplePolarityTagger"/>
  </linguisticProcessors>
  <linguisticProcessor layer="opinions">
    <lp timestamp="2013-01-06T18:31:22CET" version="1.0" name="SimpleOpinionDetector"/>
  </linguisticProcessor>
  <linguisticProcessor layer="properties">
    <lp timestamp="2013-01-06T18:31:22CET" version="1.0" name="SimplePropRecognizer_lookup"/>
  </linguisticProcessor>
  <linguisticProcessor layer="entities">
    <lp timestamp="2013-01-06T18:31:22CET" version="1.0" name="SimpleNER_lookup"/>
  </linguisticProcessor>
  <text>
    <wf wid="w_1" para="1" sent="1">Wij</wf>
    <wf wid="w_2" para="1" sent="1">hebben</wf>
    <wf wid="w_3" para="1" sent="1">ons</wf>
    <wf wid="w_4" para="1" sent="1">hier</wf>
    <wf wid="w_5" para="1" sent="1">prima</wf>
    <wf wid="w_6" para="1" sent="1">vermaakt</wf>
    <wf wid="w_7" para="1" sent="1">.</wf>
    <wf wid="w_8" para="1" sent="2">Suite</wf>
    <wf wid="w_9" para="1" sent="2">831</wf>
    <wf wid="w_10" para="1" sent="2">was</wf>
    <wf wid="w_11" para="1" sent="2">een</wf>
    <wf wid="w_12" para="1" sent="2">ruime</wf>
    <wf wid="w_13" para="1" sent="2">kamer</wf>
    <wf wid="w_14" para="1" sent="2">met</wf>
    <wf wid="w_15" para="1" sent="2">een</wf>
    <wf wid="w_16" para="1" sent="2">heerlijk</wf>
    <wf wid="w_17" para="1" sent="2">bed</wf>
    <wf wid="w_18" para="1" sent="2">en</wf>
    <wf wid="w_19" para="1" sent="2">alles</wf>
    <wf wid="w_20" para="1" sent="2">wat</wf>
    <wf wid="w_21" para="1" sent="2">je</wf>
    <wf wid="w_22" para="1" sent="2">zou</wf>
    <wf wid="w_23" para="1" sent="2">kunnen</wf>
    <wf wid="w_24" para="1" sent="2">verwachten</wf>
    <wf wid="w_25" para="1" sent="2">van</wf>
    <wf wid="w_26" para="1" sent="2">een</wf>
    <wf wid="w_27" para="1" sent="2">goed</wf>
    <wf wid="w_28" para="1" sent="2">4</wf>
    <wf wid="w_29" para="1" sent="2">-</wf>
    <wf wid="w_30" para="1" sent="2">sterren</wf>
    <wf wid="w_31" para="1" sent="2">hotel</wf>
    <wf wid="w_32" para="1" sent="2">.</wf>
    <wf wid="w_33" para="1" sent="3">Kleine</wf>
    <wf wid="w_34" para="1" sent="3">minpunt</wf>
    <wf wid="w_35" para="1" sent="3">was</wf>
    <wf wid="w_36" para="1" sent="3">de</wf>
    <wf wid="w_37" para="1" sent="3">grootte</wf>
    <wf wid="w_38" para="1" sent="3">van</wf>
    <wf wid="w_39" para="1" sent="3">de</wf>
    <wf wid="w_40" para="1" sent="3">badkamer</wf>
    <wf wid="w_41" para="1" sent="3">en</wf>
    <wf wid="w_42" para="1" sent="3">de</wf>
    <wf wid="w_43" para="1" sent="3">douchekop</wf>
    <wf wid="w_44" para="1" sent="3">,</wf>
    <wf wid="w_45" para="1" sent="3">maar</wf>
    <wf wid="w_46" para="1" sent="3">geen</wf>
    <wf wid="w_47" para="1" sent="3">reden</wf>
    <wf wid="w_48" para="1" sent="3">om</wf>
    <wf wid="w_49" para="1" sent="3">te</wf>
    <wf wid="w_50" para="1" sent="3">klagen</wf>
    <wf wid="w_51" para="1" sent="3">.</wf>
    <wf wid="w_52" para="1" sent="4">We</wf>
    <wf wid="w_53" para="1" sent="4">hebben</wf>
    <wf wid="w_54" para="1" sent="4">gebruik</wf>
    <wf wid="w_55" para="1" sent="4">gemaakt</wf>
    <wf wid="w_56" para="1" sent="4">van</wf>
    <wf wid="w_57" para="1" sent="4">de</wf>
    <wf wid="w_58" para="1" sent="4">fitness</wf>
    <wf wid="w_59" para="1" sent="4">ruimte</wf>
    <wf wid="w_60" para="1" sent="4">,</wf>
    <wf wid="w_61" para="1" sent="4">zwembad</wf>
    <wf wid="w_62" para="1" sent="4">(</wf>
    <wf wid="w_63" para="1" sent="4">aan</wf>
    <wf wid="w_64" para="1" sent="4">de</wf>
    <wf wid="w_65" para="1" sent="4">kleine</wf>
    <wf wid="w_66" para="1" sent="4">kant</wf>
    <wf wid="w_67" para="1" sent="4">dus</wf>
    <wf wid="w_68" para="1" sent="4">baantjes</wf>
    <wf wid="w_69" para="1" sent="4">zwemmen</wf>
    <wf wid="w_70" para="1" sent="4">moet</wf>
    <wf wid="w_71" para="1" sent="4">je</wf>
    <wf wid="w_72" para="1" sent="4">niet</wf>
    <wf wid="w_73" para="1" sent="4">willen</wf>
    <wf wid="w_74" para="1" sent="4">)</wf>
    <wf wid="w_75" para="1" sent="4">,</wf>
    <wf wid="w_76" para="1" sent="4">sauna</wf>
    <wf wid="w_77" para="1" sent="4">en</wf>
    <wf wid="w_78" para="1" sent="4">steam</wf>
    <wf wid="w_79" para="1" sent="4">room</wf>
    <wf wid="w_80" para="1" sent="4">.</wf>
    <wf wid="w_81" para="1" sent="5">Alles</wf>
    <wf wid="w_82" para="1" sent="5">goed</wf>
    <wf wid="w_83" para="1" sent="5">schoon</wf>
    <wf wid="w_84" para="1" sent="5">en</wf>
    <wf wid="w_85" para="1" sent="5">handdoeken</wf>
    <wf wid="w_86" para="1" sent="5">aanwezig</wf>
    <wf wid="w_87" para="1" sent="5">.</wf>
    <wf wid="w_88" para="1" sent="6">Het</wf>
    <wf wid="w_89" para="1" sent="6">ontbijt</wf>
    <wf wid="w_90" para="1" sent="6">was</wf>
    <wf wid="w_91" para="1" sent="6">perfect</wf>
    <wf wid="w_92" para="1" sent="6">.</wf>
    <wf wid="w_93" para="1" sent="7">Een</wf>
    <wf wid="w_94" para="1" sent="7">hele</wf>
    <wf wid="w_95" para="1" sent="7">ruime</wf>
    <wf wid="w_96" para="1" sent="7">keus</wf>
    <wf wid="w_97" para="1" sent="7">en</wf>
    <wf wid="w_98" para="1" sent="7">voor</wf>
    <wf wid="w_99" para="1" sent="7">kinderen</wf>
    <wf wid="w_100" para="1" sent="7">ook</wf>
    <wf wid="w_101" para="1" sent="7">goed</wf>
    <wf wid="w_102" para="1" sent="7">.</wf>
    <wf wid="w_103" para="1" sent="8">Wij</wf>
    <wf wid="w_104" para="1" sent="8">hebben</wf>
    <wf wid="w_105" para="1" sent="8">in</wf>
    <wf wid="w_106" para="1" sent="8">het</wf>
    <wf wid="w_107" para="1" sent="8">restaurant</wf>
    <wf wid="w_108" para="1" sent="8">gegeten</wf>
    <wf wid="w_109" para="1" sent="8">en</wf>
    <wf wid="w_110" para="1" sent="8">het</wf>
    <wf wid="w_111" para="1" sent="8">was</wf>
    <wf wid="w_112" para="1" sent="8">heerlijk</wf>
    <wf wid="w_113" para="1" sent="8">!</wf>
    <wf wid="w_114" para="1" sent="9">Het</wf>
    <wf wid="w_115" para="1" sent="9">personeel</wf>
    <wf wid="w_116" para="1" sent="9">is</wf>
    <wf wid="w_117" para="1" sent="9">erg</wf>
    <wf wid="w_118" para="1" sent="9">behulpzaam</wf>
    <wf wid="w_119" para="1" sent="9">en</wf>
    <wf wid="w_120" para="1" sent="9">niets</wf>
    <wf wid="w_121" para="1" sent="9">was</wf>
    <wf wid="w_122" para="1" sent="9">te</wf>
    <wf wid="w_123" para="1" sent="9">veel</wf>
    <wf wid="w_124" para="1" sent="9">voor</wf>
    <wf wid="w_125" para="1" sent="9">ze</wf>
    <wf wid="w_126" para="1" sent="9">.</wf>
    <wf wid="w_127" para="1" sent="10">We</wf>
    <wf wid="w_128" para="1" sent="10">zullen</wf>
    <wf wid="w_129" para="1" sent="10">zeker</wf>
    <wf wid="w_130" para="1" sent="10">hier</wf>
    <wf wid="w_131" para="1" sent="10">terugkomen</wf>
    <wf wid="w_132" para="1" sent="10">.</wf>
  </text>
  <terms>
    <term tid="t_1" lemma="wij" type="open">
      <span>
        <target id="w_1"/>
      </span>
    </term>
    <term tid="t_2" lemma="hebben" type="open">
      <span>
        <target id="w_2"/>
      </span>
    </term>
    <term tid="t_3" lemma="ons" type="open">
      <span>
        <target id="w_3"/>
      </span>
    </term>
    <term tid="t_4" lemma="hier" type="open">
      <span>
        <target id="w_4"/>
      </span>
    </term>
    <term tid="t_5" lemma="prima" type="open" pos="G">
      <span>
        <target id="w_5"/>
      </span>
      <sentiment polarity="positive" resource="VUA_olery_lexicon_nl_lmf"/>
    </term>
    <term tid="t_6" lemma="vermaakt" type="open">
      <span>
        <target id="w_6"/>
      </span>
    </term>
    <term tid="t_7" lemma="." type="open">
      <span>
        <target id="w_7"/>
      </span>
    </term>
    <term tid="t_8" lemma="suite" type="open">
      <span>
        <target id="w_8"/>
      </span>
    </term>
    <term tid="t_9" lemma="831" type="open">
      <span>
        <target id="w_9"/>
      </span>
    </term>
    <term tid="t_10" lemma="was" type="open">
      <span>
        <target id="w_10"/>
      </span>
    </term>
    <term tid="t_11" lemma="een" type="open">
      <span>
        <target id="w_11"/>
      </span>
    </term>
    <term tid="t_12" lemma="ruime" type="open">
      <span>
        <target id="w_12"/>
      </span>
    </term>
    <term tid="t_13" lemma="kamer" type="open">
      <span>
        <target id="w_13"/>
      </span>
    </term>
    <term tid="t_14" lemma="met" type="open">
      <span>
        <target id="w_14"/>
      </span>
    </term>
    <term tid="t_15" lemma="een" type="open">
      <span>
        <target id="w_15"/>
      </span>
    </term>
    <term tid="t_16" lemma="heerlijk" type="open" pos="G">
      <span>
        <target id="w_16"/>
      </span>
      <sentiment polarity="positive" resource="VUA_olery_lexicon_nl_lmf"/>
    </term>
    <term tid="t_17" lemma="bed" type="open">
      <span>
        <target id="w_17"/>
      </span>
    </term>
    <term tid="t_18" lemma="en" type="open">
      <span>
        <target id="w_18"/>
      </span>
    </term>
    <term tid="t_19" lemma="alles" type="open">
      <span>
        <target id="w_19"/>
      </span>
    </term>
    <term tid="t_20" lemma="wat" type="open">
      <span>
        <target id="w_20"/>
      </span>
    </term>
    <term tid="t_21" lemma="je" type="open">
      <span>
        <target id="w_21"/>
      </span>
    </term>
    <term tid="t_22" lemma="zou" type="open">
      <span>
        <target id="w_22"/>
      </span>
    </term>
    <term tid="t_23" lemma="kunnen" type="open">
      <span>
        <target id="w_23"/>
      </span>
    </term>
    <term tid="t_24" lemma="verwachten" type="open">
      <span>
        <target id="w_24"/>
      </span>
    </term>
    <term tid="t_25" lemma="van" type="open">
      <span>
        <target id="w_25"/>
      </span>
    </term>
    <term tid="t_26" lemma="een" type="open">
      <span>
        <target id="w_26"/>
      </span>
    </term>
    <term tid="t_27" lemma="goed" type="open" pos="G">
      <span>
        <target id="w_27"/>
      </span>
      <sentiment polarity="positive" resource="VUA_olery_lexicon_nl_lmf"/>
    </term>
    <term tid="t_28" lemma="4" type="open">
      <span>
        <target id="w_28"/>
      </span>
    </term>
    <term tid="t_29" lemma="-" type="open">
      <span>
        <target id="w_29"/>
      </span>
    </term>
    <term tid="t_30" lemma="sterren" type="open">
      <span>
        <target id="w_30"/>
      </span>
    </term>
    <term tid="t_31" lemma="hotel" type="open">
      <span>
        <target id="w_31"/>
      </span>
    </term>
    <term tid="t_32" lemma="." type="open">
      <span>
        <target id="w_32"/>
      </span>
    </term>
    <term tid="t_33" lemma="kleine" type="open">
      <span>
        <target id="w_33"/>
      </span>
    </term>
    <term tid="t_34" lemma="minpunt" type="open" pos="N">
      <span>
        <target id="w_34"/>
      </span>
      <sentiment polarity="negative" resource="VUA_olery_lexicon_nl_lmf"/>
    </term>
    <term tid="t_35" lemma="was" type="open">
      <span>
        <target id="w_35"/>
      </span>
    </term>
    <term tid="t_36" lemma="de" type="open">
      <span>
        <target id="w_36"/>
      </span>
    </term>
    <term tid="t_37" lemma="grootte" type="open">
      <span>
        <target id="w_37"/>
      </span>
    </term>
    <term tid="t_38" lemma="van" type="open">
      <span>
        <target id="w_38"/>
      </span>
    </term>
    <term tid="t_39" lemma="de" type="open">
      <span>
        <target id="w_39"/>
      </span>
    </term>
    <term tid="t_40" lemma="badkamer" type="open">
      <span>
        <target id="w_40"/>
      </span>
    </term>
    <term tid="t_41" lemma="en" type="open">
      <span>
        <target id="w_41"/>
      </span>
    </term>
    <term tid="t_42" lemma="de" type="open">
      <span>
        <target id="w_42"/>
      </span>
    </term>
    <term tid="t_43" lemma="douchekop" type="open">
      <span>
        <target id="w_43"/>
      </span>
    </term>
    <term tid="t_44" lemma="," type="open">
      <span>
        <target id="w_44"/>
      </span>
    </term>
    <term tid="t_45" lemma="maar" type="open">
      <span>
        <target id="w_45"/>
      </span>
    </term>
    <term tid="t_46" lemma="geen" type="open">
      <span>
        <target id="w_46"/>
      </span>
      <sentiment sentiment_modifier="shifter" resource="VUA_olery_lexicon_nl_lmf"/>
    </term>
    <term tid="t_47" lemma="reden" type="open">
      <span>
        <target id="w_47"/>
      </span>
    </term>
    <term tid="t_48" lemma="om" type="open">
      <span>
        <target id="w_48"/>
      </span>
    </term>
    <term tid="t_49" lemma="te" type="open">
      <span>
        <target id="w_49"/>
      </span>
    </term>
    <term tid="t_50" lemma="klagen" type="open" pos="V">
      <span>
        <target id="w_50"/>
      </span>
      <sentiment polarity="negative" resource="VUA_olery_lexicon_nl_lmf"/>
    </term>
    <term tid="t_51" lemma="." type="open">
      <span>
        <target id="w_51"/>
      </span>
    </term>
    <term tid="t_52" lemma="we" type="open">
      <span>
        <target id="w_52"/>
      </span>
    </term>
    <term tid="t_53" lemma="hebben" type="open">
      <span>
        <target id="w_53"/>
      </span>
    </term>
    <term tid="t_54" lemma="gebruik" type="open">
      <span>
        <target id="w_54"/>
      </span>
    </term>
    <term tid="t_55" lemma="gemaakt" type="open">
      <span>
        <target id="w_55"/>
      </span>
    </term>
    <term tid="t_56" lemma="van" type="open">
      <span>
        <target id="w_56"/>
      </span>
    </term>
    <term tid="t_57" lemma="de" type="open">
      <span>
        <target id="w_57"/>
      </span>
    </term>
    <term tid="t_58" lemma="fitness" type="open">
      <span>
        <target id="w_58"/>
      </span>
    </term>
    <term tid="t_59" lemma="ruimte" type="open">
      <span>
        <target id="w_59"/>
      </span>
    </term>
    <term tid="t_60" lemma="," type="open">
      <span>
        <target id="w_60"/>
      </span>
    </term>
    <term tid="t_61" lemma="zwembad" type="open">
      <span>
        <target id="w_61"/>
      </span>
    </term>
    <term tid="t_62" lemma="(" type="open">
      <span>
        <target id="w_62"/>
      </span>
    </term>
    <term tid="t_63" lemma="aan" type="open">
      <span>
        <target id="w_63"/>
      </span>
    </term>
    <term tid="t_64" lemma="de" type="open">
      <span>
        <target id="w_64"/>
      </span>
    </term>
    <term tid="t_65" lemma="kleine" type="open">
      <span>
        <target id="w_65"/>
      </span>
    </term>
    <term tid="t_66" lemma="kant" type="open">
      <span>
        <target id="w_66"/>
      </span>
    </term>
    <term tid="t_67" lemma="dus" type="open">
      <span>
        <target id="w_67"/>
      </span>
    </term>
    <term tid="t_68" lemma="baantjes" type="open">
      <span>
        <target id="w_68"/>
      </span>
    </term>
    <term tid="t_69" lemma="zwemmen" type="open">
      <span>
        <target id="w_69"/>
      </span>
    </term>
    <term tid="t_70" lemma="moet" type="open">
      <span>
        <target id="w_70"/>
      </span>
    </term>
    <term tid="t_71" lemma="je" type="open">
      <span>
        <target id="w_71"/>
      </span>
    </term>
    <term tid="t_72" lemma="niet" type="open">
      <span>
        <target id="w_72"/>
      </span>
      <sentiment sentiment_modifier="shifter" resource="VUA_olery_lexicon_nl_lmf"/>
    </term>
    <term tid="t_73" lemma="willen" type="open">
      <span>
        <target id="w_73"/>
      </span>
    </term>
    <term tid="t_74" lemma=")" type="open">
      <span>
        <target id="w_74"/>
      </span>
    </term>
    <term tid="t_75" lemma="," type="open">
      <span>
        <target id="w_75"/>
      </span>
    </term>
    <term tid="t_76" lemma="sauna" type="open">
      <span>
        <target id="w_76"/>
      </span>
    </term>
    <term tid="t_77" lemma="en" type="open">
      <span>
        <target id="w_77"/>
      </span>
    </term>
    <term tid="t_78" lemma="steam" type="open">
      <span>
        <target id="w_78"/>
      </span>
    </term>
    <term tid="t_79" lemma="room" type="open">
      <span>
        <target id="w_79"/>
      </span>
    </term>
    <term tid="t_80" lemma="." type="open">
      <span>
        <target id="w_80"/>
      </span>
    </term>
    <term tid="t_81" lemma="alles" type="open">
      <span>
        <target id="w_81"/>
      </span>
    </term>
    <term tid="t_82" lemma="goed" type="open" pos="G">
      <span>
        <target id="w_82"/>
      </span>
      <sentiment polarity="positive" resource="VUA_olery_lexicon_nl_lmf"/>
    </term>
    <term tid="t_83" lemma="schoon" type="open" pos="G">
      <span>
        <target id="w_83"/>
      </span>
      <sentiment polarity="positive" resource="VUA_olery_lexicon_nl_lmf"/>
    </term>
    <term tid="t_84" lemma="en" type="open">
      <span>
        <target id="w_84"/>
      </span>
    </term>
    <term tid="t_85" lemma="handdoeken" type="open">
      <span>
        <target id="w_85"/>
      </span>
    </term>
    <term tid="t_86" lemma="aanwezig" type="open">
      <span>
        <target id="w_86"/>
      </span>
    </term>
    <term tid="t_87" lemma="." type="open">
      <span>
        <target id="w_87"/>
      </span>
    </term>
    <term tid="t_88" lemma="het" type="open">
      <span>
        <target id="w_88"/>
      </span>
    </term>
    <term tid="t_89" lemma="ontbijt" type="open">
      <span>
        <target id="w_89"/>
      </span>
    </term>
    <term tid="t_90" lemma="was" type="open">
      <span>
        <target id="w_90"/>
      </span>
    </term>
    <term tid="t_91" lemma="perfect" type="open" pos="G">
      <span>
        <target id="w_91"/>
      </span>
      <sentiment polarity="positive" resource="VUA_olery_lexicon_nl_lmf"/>
    </term>
    <term tid="t_92" lemma="." type="open">
      <span>
        <target id="w_92"/>
      </span>
    </term>
    <term tid="t_93" lemma="een" type="open">
      <span>
        <target id="w_93"/>
      </span>
    </term>
    <term tid="t_94" lemma="hele" type="open">
      <span>
        <target id="w_94"/>
      </span>
    </term>
    <term tid="t_95" lemma="ruime" type="open">
      <span>
        <target id="w_95"/>
      </span>
    </term>
    <term tid="t_96" lemma="keus" type="open">
      <span>
        <target id="w_96"/>
      </span>
    </term>
    <term tid="t_97" lemma="en" type="open">
      <span>
        <target id="w_97"/>
      </span>
    </term>
    <term tid="t_98" lemma="voor" type="open">
      <span>
        <target id="w_98"/>
      </span>
    </term>
    <term tid="t_99" lemma="kinderen" type="open">
      <span>
        <target id="w_99"/>
      </span>
    </term>
    <term tid="t_100" lemma="ook" type="open">
      <span>
        <target id="w_100"/>
      </span>
    </term>
    <term tid="t_101" lemma="goed" type="open" pos="G">
      <span>
        <target id="w_101"/>
      </span>
      <sentiment polarity="positive" resource="VUA_olery_lexicon_nl_lmf"/>
    </term>
    <term tid="t_102" lemma="." type="open">
      <span>
        <target id="w_102"/>
      </span>
    </term>
    <term tid="t_103" lemma="wij" type="open">
      <span>
        <target id="w_103"/>
      </span>
    </term>
    <term tid="t_104" lemma="hebben" type="open">
      <span>
        <target id="w_104"/>
      </span>
    </term>
    <term tid="t_105" lemma="in" type="open">
      <span>
        <target id="w_105"/>
      </span>
    </term>
    <term tid="t_106" lemma="het" type="open">
      <span>
        <target id="w_106"/>
      </span>
    </term>
    <term tid="t_107" lemma="restaurant" type="open">
      <span>
        <target id="w_107"/>
      </span>
    </term>
    <term tid="t_108" lemma="gegeten" type="open">
      <span>
        <target id="w_108"/>
      </span>
    </term>
    <term tid="t_109" lemma="en" type="open">
      <span>
        <target id="w_109"/>
      </span>
    </term>
    <term tid="t_110" lemma="het" type="open">
      <span>
        <target id="w_110"/>
      </span>
    </term>
    <term tid="t_111" lemma="was" type="open">
      <span>
        <target id="w_111"/>
      </span>
    </term>
    <term tid="t_112" lemma="heerlijk" type="open" pos="G">
      <span>
        <target id="w_112"/>
      </span>
      <sentiment polarity="positive" resource="VUA_olery_lexicon_nl_lmf"/>
    </term>
    <term tid="t_113" lemma="!" type="open">
      <span>
        <target id="w_113"/>
      </span>
      <sentiment sentiment_modifier="intensifier" resource="VUA_olery_lexicon_nl_lmf"/>
    </term>
    <term tid="t_114" lemma="het" type="open">
      <span>
        <target id="w_114"/>
      </span>
    </term>
    <term tid="t_115" lemma="personeel" type="open">
      <span>
        <target id="w_115"/>
      </span>
    </term>
    <term tid="t_116" lemma="is" type="open">
      <span>
        <target id="w_116"/>
      </span>
    </term>
    <term tid="t_117" lemma="erg" type="open">
      <span>
        <target id="w_117"/>
      </span>
      <sentiment sentiment_modifier="intensifier" resource="VUA_olery_lexicon_nl_lmf"/>
    </term>
    <term tid="t_118" lemma="behulpzaam" type="open" pos="G">
      <span>
        <target id="w_118"/>
      </span>
      <sentiment polarity="positive" resource="VUA_olery_lexicon_nl_lmf"/>
    </term>
    <term tid="t_119" lemma="en" type="open">
      <span>
        <target id="w_119"/>
      </span>
    </term>
    <term tid="t_120" lemma="niets" type="open">
      <span>
        <target id="w_120"/>
      </span>
      <sentiment sentiment_modifier="shifter" resource="VUA_olery_lexicon_nl_lmf"/>
    </term>
    <term tid="t_121" lemma="was" type="open">
      <span>
        <target id="w_121"/>
      </span>
    </term>
    <term tid="t_122" lemma="te" type="open">
      <span>
        <target id="w_122"/>
      </span>
    </term>
    <term tid="t_123" lemma="veel" type="open">
      <span>
        <target id="w_123"/>
      </span>
    </term>
    <term tid="t_124" lemma="voor" type="open">
      <span>
        <target id="w_124"/>
      </span>
    </term>
    <term tid="t_125" lemma="ze" type="open">
      <span>
        <target id="w_125"/>
      </span>
    </term>
    <term tid="t_126" lemma="." type="open">
      <span>
        <target id="w_126"/>
      </span>
    </term>
    <term tid="t_127" lemma="we" type="open">
      <span>
        <target id="w_127"/>
      </span>
    </term>
    <term tid="t_128" lemma="zullen" type="open">
      <span>
        <target id="w_128"/>
      </span>
    </term>
    <term tid="t_129" lemma="zeker" type="open">
      <span>
        <target id="w_129"/>
      </span>
    </term>
    <term tid="t_130" lemma="hier" type="open">
      <span>
        <target id="w_130"/>
      </span>
    </term>
    <term tid="t_131" lemma="terugkomen" type="open">
      <span>
        <target id="w_131"/>
      </span>
    </term>
    <term tid="t_132" lemma="." type="open">
      <span>
        <target id="w_132"/>
      </span>
    </term>
  </terms>
  <entities>
    <entity type="PER" eid="e_1">
      <span>
        <target id="t_52"/>
      </span>
      <span>
        <target id="t_127"/>
      </span>
    </entity>
    <entity type="PER" eid="e_2">
      <span>
        <target id="t_5"/>
      </span>
    </entity>
    <entity type="ORG" eid="e_3">
      <span>
        <target id="t_13"/>
      </span>
    </entity>
  </entities>
  <properties>
    <property type="bathroom" pid="p_1">
      <span>
        <target id="t_40"/>
      </span>
      <span>
        <target id="t_43"/>
      </span>
    </property>
    <property type="room" pid="p_2">
      <span>
        <target id="t_8"/>
      </span>
      <span>
        <target id="t_13"/>
      </span>
    </property>
    <property type="swimming_pool" pid="p_3">
      <span>
        <target id="t_61"/>
      </span>
      <span>
        <target id="t_69"/>
      </span>
    </property>
    <property type="cleanliness" pid="p_4">
      <span>
        <target id="t_83"/>
      </span>
    </property>
    <property type="restaurant" pid="p_5">
      <span>
        <target id="t_89"/>
      </span>
      <span>
        <target id="t_107"/>
      </span>
    </property>
    <property type="sleeping_comfort" pid="p_6">
      <span>
        <target id="t_17"/>
      </span>
    </property>
    <property type="facilities" pid="p_7">
      <span>
        <target id="t_58"/>
      </span>
      <span>
        <target id="t_76"/>
      </span>
    </property>
    <property type="staff" pid="p_8">
      <span>
        <target id="t_115"/>
      </span>
      <span>
        <target id="t_118"/>
      </span>
    </property>
  </properties>
  <opinions>
    <opinion oid="o_1">
      <opinion_target>
        <span>
          <target id="t_6"/>
        </span>
      </opinion_target>
      <opinion_expression polarity="positive" strength="1">
        <span>
          <target id="t_5"/>
        </span>
      </opinion_expression>
    </opinion>
    <opinion oid="o_2">
      <opinion_target>
        <span>
          <target id="t_17"/>
        </span>
      </opinion_target>
      <opinion_expression polarity="positive" strength="1">
        <span>
          <target id="t_16"/>
        </span>
      </opinion_expression>
    </opinion>
    <opinion oid="o_3">
      <opinion_target>
        <span>
          <target id="t_30"/>
        </span>
      </opinion_target>
      <opinion_expression polarity="positive" strength="1">
        <span>
          <target id="t_27"/>
        </span>
      </opinion_expression>
    </opinion>
    <opinion oid="o_4">
      <opinion_target>
        <span>
          <target id="t_37"/>
        </span>
      </opinion_target>
      <opinion_expression polarity="negative" strength="-1">
        <span>
          <target id="t_34"/>
        </span>
      </opinion_expression>
    </opinion>
    <opinion oid="o_5">
      <opinion_target>
        <span>
          <target id="t_47"/>
        </span>
      </opinion_target>
      <opinion_expression polarity="negative" strength="-1">
        <span>
          <target id="t_50"/>
        </span>
      </opinion_expression>
    </opinion>
    <opinion oid="o_6">
      <opinion_target>
        <span>
          <target id="t_85"/>
        </span>
      </opinion_target>
      <opinion_expression polarity="positive" strength="2">
        <span>
          <target id="t_82"/>
          <target id="t_83"/>
        </span>
      </opinion_expression>
    </opinion>
    <opinion oid="o_7">
      <opinion_target>
        <span>
          <target id="t_89"/>
        </span>
      </opinion_target>
      <opinion_expression polarity="positive" strength="1">
        <span>
          <target id="t_91"/>
        </span>
      </opinion_expression>
    </opinion>
    <opinion oid="o_8">
      <opinion_target>
        <span>
          <target id="t_99"/>
        </span>
      </opinion_target>
      <opinion_expression polarity="positive" strength="1">
        <span>
          <target id="t_101"/>
        </span>
      </opinion_expression>
    </opinion>
    <opinion oid="o_9">
      <opinion_target>
        <span>
          <target id="t_108"/>
        </span>
      </opinion_target>
      <opinion_expression polarity="positive" strength="1">
        <span>
          <target id="t_112"/>
        </span>
      </opinion_expression>
    </opinion>
    <opinion oid="o_10">
      <opinion_target>
        <span>
          <target id="t_115"/>
        </span>
      </opinion_target>
      <opinion_expression polarity="positive" strength="2">
        <span>
          <target id="t_118"/>
          <target id="t_117"/>
        </span>
      </opinion_expression>
    </opinion>
  </opinions>
</KAF>
