<?xml version='1.0' encoding='UTF-8'?>
<KAF xml:lang="nl">
  <linguisticProcessors layer="text">
    <lp timestamp="2013-01-06T18:44:01CET" version="2.0" name="SentenceTokenizer"/>
  </linguisticProcessors>
  <linguisticProcessors layer="terms">
    <lp timestamp="2013-01-06T18:44:01CET" version="2.0" name="SentenceTokenizer"/>
    <lp timestamp="2013-01-06T18:44:02CET" version="1.0" name="SimplePolarityTagger"/>
  </linguisticProcessors>
  <linguisticProcessor layer="opinions">
    <lp timestamp="2013-01-06T18:44:02CET" version="1.0" name="SimpleOpinionDetector"/>
  </linguisticProcessor>
  <linguisticProcessor layer="properties">
    <lp timestamp="2013-01-06T18:44:02CET" version="1.0" name="SimplePropRecognizer_lookup"/>
  </linguisticProcessor>
  <linguisticProcessor layer="entities">
    <lp timestamp="2013-01-06T18:44:02CET" version="1.0" name="SimpleNER_lookup"/>
  </linguisticProcessor>
  <text>
    <wf wid="w_1" para="1" sent="1">Zeer</wf>
    <wf wid="w_2" para="1" sent="1">neerbuigende</wf>
    <wf wid="w_3" para="1" sent="1">behandeling</wf>
    <wf wid="w_4" para="1" sent="1">.</wf>
    <wf wid="w_5" para="1" sent="2">Gewoon</wf>
    <wf wid="w_6" para="1" sent="2">niet</wf>
    <wf wid="w_7" para="1" sent="2">gastvriendelijk</wf>
    <wf wid="w_8" para="1" sent="2">.</wf>
    <wf wid="w_9" para="1" sent="3">Reeds</wf>
    <wf wid="w_10" para="1" sent="3">bij</wf>
    <wf wid="w_11" para="1" sent="3">binnenkomst</wf>
    <wf wid="w_12" para="1" sent="3">werden</wf>
    <wf wid="w_13" para="1" sent="3">we</wf>
    <wf wid="w_14" para="1" sent="3">behandeld</wf>
    <wf wid="w_15" para="1" sent="3">als</wf>
    <wf wid="w_16" para="1" sent="3">wanbetalers</wf>
    <wf wid="w_17" para="1" sent="3">.</wf>
    <wf wid="w_18" para="1" sent="4">Misschien</wf>
    <wf wid="w_19" para="1" sent="4">omdat</wf>
    <wf wid="w_20" para="1" sent="4">we</wf>
    <wf wid="w_21" para="1" sent="4">via</wf>
    <wf wid="w_22" para="1" sent="4">vakantieveilingen</wf>
    <wf wid="w_23" para="1" sent="4">hadden</wf>
    <wf wid="w_24" para="1" sent="4">geboekt</wf>
    <wf wid="w_25" para="1" sent="4">?</wf>
    <wf wid="w_26" para="1" sent="5">Alle</wf>
    <wf wid="w_27" para="1" sent="5">&amp;quot</wf>
    <wf wid="w_28" para="1" sent="5">.</wf>
    <wf wid="w_29" para="1" sent="6">overige</wf>
    <wf wid="w_30" para="1" sent="6">kosten</wf>
    <wf wid="w_31" para="1" sent="6">&amp;quot</wf>
    <wf wid="w_32" para="1" sent="6">;</wf>
    <wf wid="w_33" para="1" sent="6">moesten</wf>
    <wf wid="w_34" para="1" sent="6">vooruit</wf>
    <wf wid="w_35" para="1" sent="6">betaald</wf>
    <wf wid="w_36" para="1" sent="6">worden</wf>
    <wf wid="w_37" para="1" sent="6">.</wf>
    <wf wid="w_38" para="1" sent="7">Wij</wf>
    <wf wid="w_39" para="1" sent="7">hebben</wf>
    <wf wid="w_40" para="1" sent="7">daarom</wf>
    <wf wid="w_41" para="1" sent="7">besloten</wf>
    <wf wid="w_42" para="1" sent="7">behalve</wf>
    <wf wid="w_43" para="1" sent="7">het</wf>
    <wf wid="w_44" para="1" sent="7">ontbijt</wf>
    <wf wid="w_45" para="1" sent="7">niets</wf>
    <wf wid="w_46" para="1" sent="7">meer</wf>
    <wf wid="w_47" para="1" sent="7">in</wf>
    <wf wid="w_48" para="1" sent="7">het</wf>
    <wf wid="w_49" para="1" sent="7">hotel</wf>
    <wf wid="w_50" para="1" sent="7">te</wf>
    <wf wid="w_51" para="1" sent="7">gebruiken</wf>
    <wf wid="w_52" para="1" sent="7">.</wf>
    <wf wid="w_53" para="1" sent="8">Het</wf>
    <wf wid="w_54" para="1" sent="8">nachtregister</wf>
    <wf wid="w_55" para="1" sent="8">moest</wf>
    <wf wid="w_56" para="1" sent="8">uitgebreid</wf>
    <wf wid="w_57" para="1" sent="8">worden</wf>
    <wf wid="w_58" para="1" sent="8">ingevuld</wf>
    <wf wid="w_59" para="1" sent="8">,</wf>
    <wf wid="w_60" para="1" sent="8">inclusief</wf>
    <wf wid="w_61" para="1" sent="8">geboortedatum</wf>
    <wf wid="w_62" para="1" sent="8">en</wf>
    <wf wid="w_63" para="1" sent="8">geboorteplaats</wf>
    <wf wid="w_64" para="1" sent="8">,</wf>
    <wf wid="w_65" para="1" sent="8">identiteitsbewijs</wf>
    <wf wid="w_66" para="1" sent="8">etc</wf>
    <wf wid="w_67" para="1" sent="8">.</wf>
    <wf wid="w_68" para="1" sent="9">Dat</wf>
    <wf wid="w_69" para="1" sent="9">heb</wf>
    <wf wid="w_70" para="1" sent="9">ik</wf>
    <wf wid="w_71" para="1" sent="9">al</wf>
    <wf wid="w_72" para="1" sent="9">25</wf>
    <wf wid="w_73" para="1" sent="9">jaar</wf>
    <wf wid="w_74" para="1" sent="9">niet</wf>
    <wf wid="w_75" para="1" sent="9">meer</wf>
    <wf wid="w_76" para="1" sent="9">hoeven</wf>
    <wf wid="w_77" para="1" sent="9">doen</wf>
    <wf wid="w_78" para="1" sent="9">.</wf>
    <wf wid="w_79" para="1" sent="10">De</wf>
    <wf wid="w_80" para="1" sent="10">kamer</wf>
    <wf wid="w_81" para="1" sent="10">was</wf>
    <wf wid="w_82" para="1" sent="10">de</wf>
    <wf wid="w_83" para="1" sent="10">kleintje</wf>
    <wf wid="w_84" para="1" sent="10">die</wf>
    <wf wid="w_85" para="1" sent="10">er</wf>
    <wf wid="w_86" para="1" sent="10">was</wf>
    <wf wid="w_87" para="1" sent="10">en</wf>
    <wf wid="w_88" para="1" sent="10">stonk</wf>
    <wf wid="w_89" para="1" sent="10">.</wf>
    <wf wid="w_90" para="1" sent="11">Diverse</wf>
    <wf wid="w_91" para="1" sent="11">gangen</wf>
    <wf wid="w_92" para="1" sent="11">hebben</wf>
    <wf wid="w_93" para="1" sent="11">op</wf>
    <wf wid="w_94" para="1" sent="11">en</wf>
    <wf wid="w_95" para="1" sent="11">afstapjes</wf>
    <wf wid="w_96" para="1" sent="11">die</wf>
    <wf wid="w_97" para="1" sent="11">niet</wf>
    <wf wid="w_98" para="1" sent="11">of</wf>
    <wf wid="w_99" para="1" sent="11">zeer</wf>
    <wf wid="w_100" para="1" sent="11">slecht</wf>
    <wf wid="w_101" para="1" sent="11">staan</wf>
    <wf wid="w_102" para="1" sent="11">aangegeven</wf>
    <wf wid="w_103" para="1" sent="11">.</wf>
    <wf wid="w_104" para="1" sent="12">Mijn</wf>
    <wf wid="w_105" para="1" sent="12">vrouw</wf>
    <wf wid="w_106" para="1" sent="12">is</wf>
    <wf wid="w_107" para="1" sent="12">meermalen</wf>
    <wf wid="w_108" para="1" sent="12">gestruikeld</wf>
    <wf wid="w_109" para="1" sent="12">.</wf>
    <wf wid="w_110" para="1" sent="13">Het</wf>
    <wf wid="w_111" para="1" sent="13">ontbijt</wf>
    <wf wid="w_112" para="1" sent="13">was</wf>
    <wf wid="w_113" para="1" sent="13">magertjes</wf>
    <wf wid="w_114" para="1" sent="13">in</wf>
    <wf wid="w_115" para="1" sent="13">verhouding</wf>
    <wf wid="w_116" para="1" sent="13">tot</wf>
    <wf wid="w_117" para="1" sent="13">de</wf>
    <wf wid="w_118" para="1" sent="13">kosten</wf>
    <wf wid="w_119" para="1" sent="13">.</wf>
    <wf wid="w_120" para="1" sent="14">Parkeren</wf>
    <wf wid="w_121" para="1" sent="14">op</wf>
    <wf wid="w_122" para="1" sent="14">het</wf>
    <wf wid="w_123" para="1" sent="14">afgesloten</wf>
    <wf wid="w_124" para="1" sent="14">terrein</wf>
    <wf wid="w_125" para="1" sent="14">kost</wf>
    <wf wid="w_126" para="1" sent="14">geld</wf>
    <wf wid="w_127" para="1" sent="14">.</wf>
    <wf wid="w_128" para="1" sent="15">Toen</wf>
    <wf wid="w_129" para="1" sent="15">ik</wf>
    <wf wid="w_130" para="1" sent="15">bij</wf>
    <wf wid="w_131" para="1" sent="15">afscheid</wf>
    <wf wid="w_132" para="1" sent="15">de</wf>
    <wf wid="w_133" para="1" sent="15">bediende</wf>
    <wf wid="w_134" para="1" sent="15">attendeerde</wf>
    <wf wid="w_135" para="1" sent="15">dat</wf>
    <wf wid="w_136" para="1" sent="15">wij</wf>
    <wf wid="w_137" para="1" sent="15">op</wf>
    <wf wid="w_138" para="1" sent="15">een</wf>
    <wf wid="w_139" para="1" sent="15">niet</wf>
    <wf wid="w_140" para="1" sent="15">beveiligd</wf>
    <wf wid="w_141" para="1" sent="15">deel</wf>
    <wf wid="w_142" para="1" sent="15">stonden</wf>
    <wf wid="w_143" para="1" sent="15">geparkeerd</wf>
    <wf wid="w_144" para="1" sent="15">,</wf>
    <wf wid="w_145" para="1" sent="15">waren</wf>
    <wf wid="w_146" para="1" sent="15">wij</wf>
    <wf wid="w_147" para="1" sent="15">zeurpieten</wf>
    <wf wid="w_148" para="1" sent="15">en</wf>
    <wf wid="w_149" para="1" sent="15">krijgen</wf>
    <wf wid="w_150" para="1" sent="15">wij</wf>
    <wf wid="w_151" para="1" sent="15">ons</wf>
    <wf wid="w_152" para="1" sent="15">parkeergeld</wf>
    <wf wid="w_153" para="1" sent="15">terug</wf>
    <wf wid="w_154" para="1" sent="15">.</wf>
    <wf wid="w_155" para="1" sent="16">Uittermate</wf>
    <wf wid="w_156" para="1" sent="16">klantvriendelijk</wf>
    <wf wid="w_157" para="1" sent="16">dus</wf>
    <wf wid="w_158" para="1" sent="16">(niet</wf>
    <wf wid="w_159" para="1" sent="16">)</wf>
    <wf wid="w_160" para="1" sent="16">.</wf>
    <wf wid="w_161" para="1" sent="17">Geen</wf>
    <wf wid="w_162" para="1" sent="17">aanrader</wf>
    <wf wid="w_163" para="1" sent="17">.</wf>
    <wf wid="w_164" para="1" sent="18">Hotel</wf>
    <wf wid="w_165" para="1" sent="18">Voncken</wf>
    <wf wid="w_166" para="1" sent="18">is</wf>
    <wf wid="w_167" para="1" sent="18">mooier</wf>
    <wf wid="w_168" para="1" sent="18">,</wf>
    <wf wid="w_169" para="1" sent="18">kleiner</wf>
    <wf wid="w_170" para="1" sent="18">maar</wf>
    <wf wid="w_171" para="1" sent="18">wel</wf>
    <wf wid="w_172" para="1" sent="18">een</wf>
    <wf wid="w_173" para="1" sent="18">stuk</wf>
    <wf wid="w_174" para="1" sent="18">beter</wf>
    <wf wid="w_175" para="1" sent="18">en</wf>
    <wf wid="w_176" para="1" sent="18">ook</wf>
    <wf wid="w_177" para="1" sent="18">tegen</wf>
    <wf wid="w_178" para="1" sent="18">vakantieveiligmensen</wf>
    <wf wid="w_179" para="1" sent="18">zijn</wf>
    <wf wid="w_180" para="1" sent="18">ze</wf>
    <wf wid="w_181" para="1" sent="18">hartelijk</wf>
    <wf wid="w_182" para="1" sent="18">en</wf>
    <wf wid="w_183" para="1" sent="18">behulpzaam</wf>
    <wf wid="w_184" para="1" sent="18">.</wf>
  </text>
  <terms>
    <term tid="t_1" lemma="zeer" type="open">
      <span>
        <target id="w_1"/>
      </span>
      <sentiment sentiment_modifier="intensifier" resource="VUA_olery_lexicon_nl_lmf"/>
    </term>
    <term tid="t_2" lemma="neerbuigende" type="open">
      <span>
        <target id="w_2"/>
      </span>
    </term>
    <term tid="t_3" lemma="behandeling" type="open">
      <span>
        <target id="w_3"/>
      </span>
    </term>
    <term tid="t_4" lemma="." type="open">
      <span>
        <target id="w_4"/>
      </span>
    </term>
    <term tid="t_5" lemma="gewoon" type="open">
      <span>
        <target id="w_5"/>
      </span>
    </term>
    <term tid="t_6" lemma="niet" type="open">
      <span>
        <target id="w_6"/>
      </span>
      <sentiment sentiment_modifier="shifter" resource="VUA_olery_lexicon_nl_lmf"/>
    </term>
    <term tid="t_7" lemma="gastvriendelijk" type="open" pos="G">
      <span>
        <target id="w_7"/>
      </span>
      <sentiment polarity="positive" resource="VUA_olery_lexicon_nl_lmf"/>
    </term>
    <term tid="t_8" lemma="." type="open">
      <span>
        <target id="w_8"/>
      </span>
    </term>
    <term tid="t_9" lemma="reeds" type="open">
      <span>
        <target id="w_9"/>
      </span>
    </term>
    <term tid="t_10" lemma="bij" type="open">
      <span>
        <target id="w_10"/>
      </span>
    </term>
    <term tid="t_11" lemma="binnenkomst" type="open">
      <span>
        <target id="w_11"/>
      </span>
    </term>
    <term tid="t_12" lemma="werden" type="open">
      <span>
        <target id="w_12"/>
      </span>
    </term>
    <term tid="t_13" lemma="we" type="open">
      <span>
        <target id="w_13"/>
      </span>
    </term>
    <term tid="t_14" lemma="behandeld" type="open">
      <span>
        <target id="w_14"/>
      </span>
    </term>
    <term tid="t_15" lemma="als" type="open">
      <span>
        <target id="w_15"/>
      </span>
    </term>
    <term tid="t_16" lemma="wanbetalers" type="open">
      <span>
        <target id="w_16"/>
      </span>
    </term>
    <term tid="t_17" lemma="." type="open">
      <span>
        <target id="w_17"/>
      </span>
    </term>
    <term tid="t_18" lemma="misschien" type="open">
      <span>
        <target id="w_18"/>
      </span>
    </term>
    <term tid="t_19" lemma="omdat" type="open">
      <span>
        <target id="w_19"/>
      </span>
    </term>
    <term tid="t_20" lemma="we" type="open">
      <span>
        <target id="w_20"/>
      </span>
    </term>
    <term tid="t_21" lemma="via" type="open">
      <span>
        <target id="w_21"/>
      </span>
    </term>
    <term tid="t_22" lemma="vakantieveilingen" type="open">
      <span>
        <target id="w_22"/>
      </span>
    </term>
    <term tid="t_23" lemma="hadden" type="open">
      <span>
        <target id="w_23"/>
      </span>
    </term>
    <term tid="t_24" lemma="geboekt" type="open">
      <span>
        <target id="w_24"/>
      </span>
    </term>
    <term tid="t_25" lemma="?" type="open">
      <span>
        <target id="w_25"/>
      </span>
    </term>
    <term tid="t_26" lemma="alle" type="open">
      <span>
        <target id="w_26"/>
      </span>
    </term>
    <term tid="t_27" lemma="&amp;quot" type="open">
      <span>
        <target id="w_27"/>
      </span>
    </term>
    <term tid="t_28" lemma="." type="open">
      <span>
        <target id="w_28"/>
      </span>
    </term>
    <term tid="t_29" lemma="overige" type="open">
      <span>
        <target id="w_29"/>
      </span>
    </term>
    <term tid="t_30" lemma="kosten" type="open">
      <span>
        <target id="w_30"/>
      </span>
    </term>
    <term tid="t_31" lemma="&amp;quot" type="open">
      <span>
        <target id="w_31"/>
      </span>
    </term>
    <term tid="t_32" lemma=";" type="open">
      <span>
        <target id="w_32"/>
      </span>
    </term>
    <term tid="t_33" lemma="moesten" type="open">
      <span>
        <target id="w_33"/>
      </span>
    </term>
    <term tid="t_34" lemma="vooruit" type="open">
      <span>
        <target id="w_34"/>
      </span>
    </term>
    <term tid="t_35" lemma="betaald" type="open">
      <span>
        <target id="w_35"/>
      </span>
    </term>
    <term tid="t_36" lemma="worden" type="open">
      <span>
        <target id="w_36"/>
      </span>
    </term>
    <term tid="t_37" lemma="." type="open">
      <span>
        <target id="w_37"/>
      </span>
    </term>
    <term tid="t_38" lemma="wij" type="open">
      <span>
        <target id="w_38"/>
      </span>
    </term>
    <term tid="t_39" lemma="hebben" type="open">
      <span>
        <target id="w_39"/>
      </span>
    </term>
    <term tid="t_40" lemma="daarom" type="open">
      <span>
        <target id="w_40"/>
      </span>
    </term>
    <term tid="t_41" lemma="besloten" type="open">
      <span>
        <target id="w_41"/>
      </span>
    </term>
    <term tid="t_42" lemma="behalve" type="open">
      <span>
        <target id="w_42"/>
      </span>
    </term>
    <term tid="t_43" lemma="het" type="open">
      <span>
        <target id="w_43"/>
      </span>
    </term>
    <term tid="t_44" lemma="ontbijt" type="open">
      <span>
        <target id="w_44"/>
      </span>
    </term>
    <term tid="t_45" lemma="niets" type="open">
      <span>
        <target id="w_45"/>
      </span>
      <sentiment sentiment_modifier="shifter" resource="VUA_olery_lexicon_nl_lmf"/>
    </term>
    <term tid="t_46" lemma="meer" type="open">
      <span>
        <target id="w_46"/>
      </span>
    </term>
    <term tid="t_47" lemma="in" type="open">
      <span>
        <target id="w_47"/>
      </span>
    </term>
    <term tid="t_48" lemma="het" type="open">
      <span>
        <target id="w_48"/>
      </span>
    </term>
    <term tid="t_49" lemma="hotel" type="open">
      <span>
        <target id="w_49"/>
      </span>
    </term>
    <term tid="t_50" lemma="te" type="open">
      <span>
        <target id="w_50"/>
      </span>
    </term>
    <term tid="t_51" lemma="gebruiken" type="open">
      <span>
        <target id="w_51"/>
      </span>
    </term>
    <term tid="t_52" lemma="." type="open">
      <span>
        <target id="w_52"/>
      </span>
    </term>
    <term tid="t_53" lemma="het" type="open">
      <span>
        <target id="w_53"/>
      </span>
    </term>
    <term tid="t_54" lemma="nachtregister" type="open">
      <span>
        <target id="w_54"/>
      </span>
    </term>
    <term tid="t_55" lemma="moest" type="open">
      <span>
        <target id="w_55"/>
      </span>
    </term>
    <term tid="t_56" lemma="uitgebreid" type="open" pos="V">
      <span>
        <target id="w_56"/>
      </span>
      <sentiment polarity="positive" resource="VUA_olery_lexicon_nl_lmf"/>
    </term>
    <term tid="t_57" lemma="worden" type="open">
      <span>
        <target id="w_57"/>
      </span>
    </term>
    <term tid="t_58" lemma="ingevuld" type="open">
      <span>
        <target id="w_58"/>
      </span>
    </term>
    <term tid="t_59" lemma="," type="open">
      <span>
        <target id="w_59"/>
      </span>
    </term>
    <term tid="t_60" lemma="inclusief" type="open">
      <span>
        <target id="w_60"/>
      </span>
    </term>
    <term tid="t_61" lemma="geboortedatum" type="open">
      <span>
        <target id="w_61"/>
      </span>
    </term>
    <term tid="t_62" lemma="en" type="open">
      <span>
        <target id="w_62"/>
      </span>
    </term>
    <term tid="t_63" lemma="geboorteplaats" type="open">
      <span>
        <target id="w_63"/>
      </span>
    </term>
    <term tid="t_64" lemma="," type="open">
      <span>
        <target id="w_64"/>
      </span>
    </term>
    <term tid="t_65" lemma="identiteitsbewijs" type="open">
      <span>
        <target id="w_65"/>
      </span>
    </term>
    <term tid="t_66" lemma="etc" type="open">
      <span>
        <target id="w_66"/>
      </span>
    </term>
    <term tid="t_67" lemma="." type="open">
      <span>
        <target id="w_67"/>
      </span>
    </term>
    <term tid="t_68" lemma="dat" type="open">
      <span>
        <target id="w_68"/>
      </span>
    </term>
    <term tid="t_69" lemma="heb" type="open">
      <span>
        <target id="w_69"/>
      </span>
    </term>
    <term tid="t_70" lemma="ik" type="open">
      <span>
        <target id="w_70"/>
      </span>
    </term>
    <term tid="t_71" lemma="al" type="open">
      <span>
        <target id="w_71"/>
      </span>
    </term>
    <term tid="t_72" lemma="25" type="open">
      <span>
        <target id="w_72"/>
      </span>
    </term>
    <term tid="t_73" lemma="jaar" type="open">
      <span>
        <target id="w_73"/>
      </span>
    </term>
    <term tid="t_74" lemma="niet" type="open">
      <span>
        <target id="w_74"/>
      </span>
      <sentiment sentiment_modifier="shifter" resource="VUA_olery_lexicon_nl_lmf"/>
    </term>
    <term tid="t_75" lemma="meer" type="open">
      <span>
        <target id="w_75"/>
      </span>
    </term>
    <term tid="t_76" lemma="hoeven" type="open">
      <span>
        <target id="w_76"/>
      </span>
    </term>
    <term tid="t_77" lemma="doen" type="open">
      <span>
        <target id="w_77"/>
      </span>
    </term>
    <term tid="t_78" lemma="." type="open">
      <span>
        <target id="w_78"/>
      </span>
    </term>
    <term tid="t_79" lemma="de" type="open">
      <span>
        <target id="w_79"/>
      </span>
    </term>
    <term tid="t_80" lemma="kamer" type="open">
      <span>
        <target id="w_80"/>
      </span>
    </term>
    <term tid="t_81" lemma="was" type="open">
      <span>
        <target id="w_81"/>
      </span>
    </term>
    <term tid="t_82" lemma="de" type="open">
      <span>
        <target id="w_82"/>
      </span>
    </term>
    <term tid="t_83" lemma="kleintje" type="open">
      <span>
        <target id="w_83"/>
      </span>
    </term>
    <term tid="t_84" lemma="die" type="open">
      <span>
        <target id="w_84"/>
      </span>
    </term>
    <term tid="t_85" lemma="er" type="open">
      <span>
        <target id="w_85"/>
      </span>
    </term>
    <term tid="t_86" lemma="was" type="open">
      <span>
        <target id="w_86"/>
      </span>
    </term>
    <term tid="t_87" lemma="en" type="open">
      <span>
        <target id="w_87"/>
      </span>
    </term>
    <term tid="t_88" lemma="stonk" type="open">
      <span>
        <target id="w_88"/>
      </span>
    </term>
    <term tid="t_89" lemma="." type="open">
      <span>
        <target id="w_89"/>
      </span>
    </term>
    <term tid="t_90" lemma="diverse" type="open">
      <span>
        <target id="w_90"/>
      </span>
    </term>
    <term tid="t_91" lemma="gangen" type="open">
      <span>
        <target id="w_91"/>
      </span>
    </term>
    <term tid="t_92" lemma="hebben" type="open">
      <span>
        <target id="w_92"/>
      </span>
    </term>
    <term tid="t_93" lemma="op" type="open">
      <span>
        <target id="w_93"/>
      </span>
    </term>
    <term tid="t_94" lemma="en" type="open">
      <span>
        <target id="w_94"/>
      </span>
    </term>
    <term tid="t_95" lemma="afstapjes" type="open">
      <span>
        <target id="w_95"/>
      </span>
    </term>
    <term tid="t_96" lemma="die" type="open">
      <span>
        <target id="w_96"/>
      </span>
    </term>
    <term tid="t_97" lemma="niet" type="open">
      <span>
        <target id="w_97"/>
      </span>
      <sentiment sentiment_modifier="shifter" resource="VUA_olery_lexicon_nl_lmf"/>
    </term>
    <term tid="t_98" lemma="of" type="open">
      <span>
        <target id="w_98"/>
      </span>
    </term>
    <term tid="t_99" lemma="zeer" type="open">
      <span>
        <target id="w_99"/>
      </span>
      <sentiment sentiment_modifier="intensifier" resource="VUA_olery_lexicon_nl_lmf"/>
    </term>
    <term tid="t_100" lemma="slecht" type="open" pos="G">
      <span>
        <target id="w_100"/>
      </span>
      <sentiment polarity="negative" resource="VUA_olery_lexicon_nl_lmf"/>
    </term>
    <term tid="t_101" lemma="staan" type="open">
      <span>
        <target id="w_101"/>
      </span>
    </term>
    <term tid="t_102" lemma="aangegeven" type="open">
      <span>
        <target id="w_102"/>
      </span>
    </term>
    <term tid="t_103" lemma="." type="open">
      <span>
        <target id="w_103"/>
      </span>
    </term>
    <term tid="t_104" lemma="mijn" type="open">
      <span>
        <target id="w_104"/>
      </span>
    </term>
    <term tid="t_105" lemma="vrouw" type="open">
      <span>
        <target id="w_105"/>
      </span>
    </term>
    <term tid="t_106" lemma="is" type="open">
      <span>
        <target id="w_106"/>
      </span>
    </term>
    <term tid="t_107" lemma="meermalen" type="open">
      <span>
        <target id="w_107"/>
      </span>
    </term>
    <term tid="t_108" lemma="gestruikeld" type="open">
      <span>
        <target id="w_108"/>
      </span>
    </term>
    <term tid="t_109" lemma="." type="open">
      <span>
        <target id="w_109"/>
      </span>
    </term>
    <term tid="t_110" lemma="het" type="open">
      <span>
        <target id="w_110"/>
      </span>
    </term>
    <term tid="t_111" lemma="ontbijt" type="open">
      <span>
        <target id="w_111"/>
      </span>
    </term>
    <term tid="t_112" lemma="was" type="open">
      <span>
        <target id="w_112"/>
      </span>
    </term>
    <term tid="t_113" lemma="magertjes" type="open">
      <span>
        <target id="w_113"/>
      </span>
    </term>
    <term tid="t_114" lemma="in" type="open">
      <span>
        <target id="w_114"/>
      </span>
    </term>
    <term tid="t_115" lemma="verhouding" type="open">
      <span>
        <target id="w_115"/>
      </span>
    </term>
    <term tid="t_116" lemma="tot" type="open">
      <span>
        <target id="w_116"/>
      </span>
    </term>
    <term tid="t_117" lemma="de" type="open">
      <span>
        <target id="w_117"/>
      </span>
    </term>
    <term tid="t_118" lemma="kosten" type="open">
      <span>
        <target id="w_118"/>
      </span>
    </term>
    <term tid="t_119" lemma="." type="open">
      <span>
        <target id="w_119"/>
      </span>
    </term>
    <term tid="t_120" lemma="parkeren" type="open">
      <span>
        <target id="w_120"/>
      </span>
    </term>
    <term tid="t_121" lemma="op" type="open">
      <span>
        <target id="w_121"/>
      </span>
    </term>
    <term tid="t_122" lemma="het" type="open">
      <span>
        <target id="w_122"/>
      </span>
    </term>
    <term tid="t_123" lemma="afgesloten" type="open">
      <span>
        <target id="w_123"/>
      </span>
    </term>
    <term tid="t_124" lemma="terrein" type="open">
      <span>
        <target id="w_124"/>
      </span>
    </term>
    <term tid="t_125" lemma="kost" type="open">
      <span>
        <target id="w_125"/>
      </span>
    </term>
    <term tid="t_126" lemma="geld" type="open">
      <span>
        <target id="w_126"/>
      </span>
    </term>
    <term tid="t_127" lemma="." type="open">
      <span>
        <target id="w_127"/>
      </span>
    </term>
    <term tid="t_128" lemma="toen" type="open">
      <span>
        <target id="w_128"/>
      </span>
    </term>
    <term tid="t_129" lemma="ik" type="open">
      <span>
        <target id="w_129"/>
      </span>
    </term>
    <term tid="t_130" lemma="bij" type="open">
      <span>
        <target id="w_130"/>
      </span>
    </term>
    <term tid="t_131" lemma="afscheid" type="open">
      <span>
        <target id="w_131"/>
      </span>
    </term>
    <term tid="t_132" lemma="de" type="open">
      <span>
        <target id="w_132"/>
      </span>
    </term>
    <term tid="t_133" lemma="bediende" type="open">
      <span>
        <target id="w_133"/>
      </span>
    </term>
    <term tid="t_134" lemma="attendeerde" type="open">
      <span>
        <target id="w_134"/>
      </span>
    </term>
    <term tid="t_135" lemma="dat" type="open">
      <span>
        <target id="w_135"/>
      </span>
    </term>
    <term tid="t_136" lemma="wij" type="open">
      <span>
        <target id="w_136"/>
      </span>
    </term>
    <term tid="t_137" lemma="op" type="open">
      <span>
        <target id="w_137"/>
      </span>
    </term>
    <term tid="t_138" lemma="een" type="open">
      <span>
        <target id="w_138"/>
      </span>
    </term>
    <term tid="t_139" lemma="niet" type="open">
      <span>
        <target id="w_139"/>
      </span>
      <sentiment sentiment_modifier="shifter" resource="VUA_olery_lexicon_nl_lmf"/>
    </term>
    <term tid="t_140" lemma="beveiligd" type="open">
      <span>
        <target id="w_140"/>
      </span>
    </term>
    <term tid="t_141" lemma="deel" type="open">
      <span>
        <target id="w_141"/>
      </span>
    </term>
    <term tid="t_142" lemma="stonden" type="open">
      <span>
        <target id="w_142"/>
      </span>
    </term>
    <term tid="t_143" lemma="geparkeerd" type="open">
      <span>
        <target id="w_143"/>
      </span>
    </term>
    <term tid="t_144" lemma="," type="open">
      <span>
        <target id="w_144"/>
      </span>
    </term>
    <term tid="t_145" lemma="waren" type="open">
      <span>
        <target id="w_145"/>
      </span>
    </term>
    <term tid="t_146" lemma="wij" type="open">
      <span>
        <target id="w_146"/>
      </span>
    </term>
    <term tid="t_147" lemma="zeurpieten" type="open">
      <span>
        <target id="w_147"/>
      </span>
    </term>
    <term tid="t_148" lemma="en" type="open">
      <span>
        <target id="w_148"/>
      </span>
    </term>
    <term tid="t_149" lemma="krijgen" type="open">
      <span>
        <target id="w_149"/>
      </span>
    </term>
    <term tid="t_150" lemma="wij" type="open">
      <span>
        <target id="w_150"/>
      </span>
    </term>
    <term tid="t_151" lemma="ons" type="open">
      <span>
        <target id="w_151"/>
      </span>
    </term>
    <term tid="t_152" lemma="parkeergeld" type="open">
      <span>
        <target id="w_152"/>
      </span>
    </term>
    <term tid="t_153" lemma="terug" type="open">
      <span>
        <target id="w_153"/>
      </span>
    </term>
    <term tid="t_154" lemma="." type="open">
      <span>
        <target id="w_154"/>
      </span>
    </term>
    <term tid="t_155" lemma="uittermate" type="open">
      <span>
        <target id="w_155"/>
      </span>
    </term>
    <term tid="t_156" lemma="klantvriendelijk" type="open" pos="G">
      <span>
        <target id="w_156"/>
      </span>
      <sentiment polarity="positive" resource="VUA_olery_lexicon_nl_lmf"/>
    </term>
    <term tid="t_157" lemma="dus" type="open">
      <span>
        <target id="w_157"/>
      </span>
    </term>
    <term tid="t_158" lemma="(niet" type="open">
      <span>
        <target id="w_158"/>
      </span>
    </term>
    <term tid="t_159" lemma=")" type="open">
      <span>
        <target id="w_159"/>
      </span>
    </term>
    <term tid="t_160" lemma="." type="open">
      <span>
        <target id="w_160"/>
      </span>
    </term>
    <term tid="t_161" lemma="geen" type="open">
      <span>
        <target id="w_161"/>
      </span>
      <sentiment sentiment_modifier="shifter" resource="VUA_olery_lexicon_nl_lmf"/>
    </term>
    <term tid="t_162" lemma="aanrader" type="open" pos="N">
      <span>
        <target id="w_162"/>
      </span>
      <sentiment polarity="positive" resource="VUA_olery_lexicon_nl_lmf"/>
    </term>
    <term tid="t_163" lemma="." type="open">
      <span>
        <target id="w_163"/>
      </span>
    </term>
    <term tid="t_164" lemma="hotel" type="open">
      <span>
        <target id="w_164"/>
      </span>
    </term>
    <term tid="t_165" lemma="voncken" type="open">
      <span>
        <target id="w_165"/>
      </span>
    </term>
    <term tid="t_166" lemma="is" type="open">
      <span>
        <target id="w_166"/>
      </span>
    </term>
    <term tid="t_167" lemma="mooier" type="open">
      <span>
        <target id="w_167"/>
      </span>
    </term>
    <term tid="t_168" lemma="," type="open">
      <span>
        <target id="w_168"/>
      </span>
    </term>
    <term tid="t_169" lemma="kleiner" type="open">
      <span>
        <target id="w_169"/>
      </span>
    </term>
    <term tid="t_170" lemma="maar" type="open">
      <span>
        <target id="w_170"/>
      </span>
    </term>
    <term tid="t_171" lemma="wel" type="open">
      <span>
        <target id="w_171"/>
      </span>
    </term>
    <term tid="t_172" lemma="een" type="open">
      <span>
        <target id="w_172"/>
      </span>
    </term>
    <term tid="t_173" lemma="stuk" type="open">
      <span>
        <target id="w_173"/>
      </span>
    </term>
    <term tid="t_174" lemma="beter" type="open">
      <span>
        <target id="w_174"/>
      </span>
    </term>
    <term tid="t_175" lemma="en" type="open">
      <span>
        <target id="w_175"/>
      </span>
    </term>
    <term tid="t_176" lemma="ook" type="open">
      <span>
        <target id="w_176"/>
      </span>
    </term>
    <term tid="t_177" lemma="tegen" type="open">
      <span>
        <target id="w_177"/>
      </span>
    </term>
    <term tid="t_178" lemma="vakantieveiligmensen" type="open">
      <span>
        <target id="w_178"/>
      </span>
    </term>
    <term tid="t_179" lemma="zijn" type="open">
      <span>
        <target id="w_179"/>
      </span>
    </term>
    <term tid="t_180" lemma="ze" type="open">
      <span>
        <target id="w_180"/>
      </span>
    </term>
    <term tid="t_181" lemma="hartelijk" type="open" pos="G">
      <span>
        <target id="w_181"/>
      </span>
      <sentiment polarity="positive" resource="VUA_olery_lexicon_nl_lmf"/>
    </term>
    <term tid="t_182" lemma="en" type="open">
      <span>
        <target id="w_182"/>
      </span>
    </term>
    <term tid="t_183" lemma="behulpzaam" type="open" pos="G">
      <span>
        <target id="w_183"/>
      </span>
      <sentiment polarity="positive" resource="VUA_olery_lexicon_nl_lmf"/>
    </term>
    <term tid="t_184" lemma="." type="open">
      <span>
        <target id="w_184"/>
      </span>
    </term>
  </terms>
  <entities>
    <entity type="MISC" eid="e_1">
      <span>
        <target id="t_179"/>
      </span>
    </entity>
    <entity type="LOC" eid="e_2">
      <span>
        <target id="t_34"/>
      </span>
    </entity>
    <entity type="PER" eid="e_3">
      <span>
        <target id="t_13"/>
      </span>
      <span>
        <target id="t_20"/>
      </span>
    </entity>
    <entity type="ORG" eid="e_4">
      <span>
        <target id="t_80"/>
      </span>
    </entity>
  </entities>
  <properties>
    <property type="value_for_money" pid="p_1">
      <span>
        <target id="t_30"/>
      </span>
      <span>
        <target id="t_118"/>
      </span>
      <span>
        <target id="t_125"/>
      </span>
      <span>
        <target id="t_126"/>
      </span>
    </property>
    <property type="restaurant" pid="p_2">
      <span>
        <target id="t_44"/>
      </span>
      <span>
        <target id="t_56"/>
      </span>
      <span>
        <target id="t_111"/>
      </span>
    </property>
    <property type="parking" pid="p_3">
      <span>
        <target id="t_120"/>
      </span>
      <span>
        <target id="t_152"/>
      </span>
    </property>
    <property type="room" pid="p_4">
      <span>
        <target id="t_80"/>
      </span>
    </property>
    <property type="staff" pid="p_5">
      <span>
        <target id="t_7"/>
      </span>
      <span>
        <target id="t_11"/>
      </span>
      <span>
        <target id="t_133"/>
      </span>
      <span>
        <target id="t_156"/>
      </span>
      <span>
        <target id="t_181"/>
      </span>
      <span>
        <target id="t_183"/>
      </span>
    </property>
  </properties>
  <opinions>
    <opinion oid="o_1">
      <opinion_target>
        <span>
          <target id="t_5"/>
        </span>
      </opinion_target>
      <opinion_expression polarity="negative" strength="-1">
        <span>
          <target id="t_7"/>
          <target id="t_6"/>
        </span>
      </opinion_expression>
    </opinion>
    <opinion oid="o_2">
      <opinion_target>
        <span>
          <target id="t_58"/>
        </span>
      </opinion_target>
      <opinion_expression polarity="positive" strength="1">
        <span>
          <target id="t_56"/>
        </span>
      </opinion_expression>
    </opinion>
    <opinion oid="o_3">
      <opinion_target>
        <span>
          <target id="t_101"/>
        </span>
      </opinion_target>
      <opinion_expression polarity="negative" strength="-2">
        <span>
          <target id="t_100"/>
          <target id="t_99"/>
        </span>
      </opinion_expression>
    </opinion>
    <opinion oid="o_4">
      <opinion_target>
        <span>
          <target id="t_158"/>
        </span>
      </opinion_target>
      <opinion_expression polarity="positive" strength="1">
        <span>
          <target id="t_156"/>
        </span>
      </opinion_expression>
    </opinion>
    <opinion oid="o_5">
      <opinion_target>
        <span>
          <target id="t_178"/>
        </span>
      </opinion_target>
      <opinion_expression polarity="positive" strength="2">
        <span>
          <target id="t_181"/>
          <target id="t_183"/>
        </span>
      </opinion_expression>
    </opinion>
  </opinions>
</KAF>
