<?xml version='1.0' encoding='UTF-8'?>
<KAF xml:lang="nl">
  <linguisticProcessors layer="text">
    <lp timestamp="2013-01-06T18:32:00CET" version="2.0" name="SentenceTokenizer"/>
  </linguisticProcessors>
  <linguisticProcessors layer="terms">
    <lp timestamp="2013-01-06T18:32:00CET" version="2.0" name="SentenceTokenizer"/>
    <lp timestamp="2013-01-06T18:32:01CET" version="1.0" name="SimplePolarityTagger"/>
  </linguisticProcessors>
  <linguisticProcessor layer="opinions">
    <lp timestamp="2013-01-06T18:32:01CET" version="1.0" name="SimpleOpinionDetector"/>
  </linguisticProcessor>
  <linguisticProcessor layer="properties">
    <lp timestamp="2013-01-06T18:32:01CET" version="1.0" name="SimplePropRecognizer_lookup"/>
  </linguisticProcessor>
  <linguisticProcessor layer="entities">
    <lp timestamp="2013-01-06T18:32:01CET" version="1.0" name="SimpleNER_lookup"/>
  </linguisticProcessor>
  <text>
    <wf wid="w_1" para="1" sent="1">Dit</wf>
    <wf wid="w_2" para="1" sent="1">hotel</wf>
    <wf wid="w_3" para="1" sent="1">via</wf>
    <wf wid="w_4" para="1" sent="1">veiling</wf>
    <wf wid="w_5" para="1" sent="1">geboekt</wf>
    <wf wid="w_6" para="1" sent="1">.</wf>
    <wf wid="w_7" para="1" sent="2">Erg</wf>
    <wf wid="w_8" para="1" sent="2">mooi</wf>
    <wf wid="w_9" para="1" sent="2">en</wf>
    <wf wid="w_10" para="1" sent="2">schoon</wf>
    <wf wid="w_11" para="1" sent="2">hotel</wf>
    <wf wid="w_12" para="1" sent="2">,</wf>
    <wf wid="w_13" para="1" sent="2">vooral</wf>
    <wf wid="w_14" para="1" sent="2">de</wf>
    <wf wid="w_15" para="1" sent="2">kamer</wf>
    <wf wid="w_16" para="1" sent="2">!</wf>
    <wf wid="w_17" para="1" sent="3">De</wf>
    <wf wid="w_18" para="1" sent="3">sauna</wf>
    <wf wid="w_19" para="1" sent="3">'s</wf>
    <wf wid="w_20" para="1" sent="3">waren</wf>
    <wf wid="w_21" para="1" sent="3">prima</wf>
    <wf wid="w_22" para="1" sent="3">,</wf>
    <wf wid="w_23" para="1" sent="3">wel</wf>
    <wf wid="w_24" para="1" sent="3">een</wf>
    <wf wid="w_25" para="1" sent="3">redelijk</wf>
    <wf wid="w_26" para="1" sent="3">klein</wf>
    <wf wid="w_27" para="1" sent="3">zwembad</wf>
    <wf wid="w_28" para="1" sent="3">maar</wf>
    <wf wid="w_29" para="1" sent="3">daar</wf>
    <wf wid="w_30" para="1" sent="3">kom</wf>
    <wf wid="w_31" para="1" sent="3">je</wf>
    <wf wid="w_32" para="1" sent="3">ook</wf>
    <wf wid="w_33" para="1" sent="3">niet</wf>
    <wf wid="w_34" para="1" sent="3">voor</wf>
    <wf wid="w_35" para="1" sent="3">.</wf>
    <wf wid="w_36" para="1" sent="4">Via</wf>
    <wf wid="w_37" para="1" sent="4">een</wf>
    <wf wid="w_38" para="1" sent="4">busje</wf>
    <wf wid="w_39" para="1" sent="4">ben</wf>
    <wf wid="w_40" para="1" sent="4">je</wf>
    <wf wid="w_41" para="1" sent="4">in</wf>
    <wf wid="w_42" para="1" sent="4">een</wf>
    <wf wid="w_43" para="1" sent="4">kwartier</wf>
    <wf wid="w_44" para="1" sent="4">,</wf>
    <wf wid="w_45" para="1" sent="4">gratis</wf>
    <wf wid="w_46" para="1" sent="4">,</wf>
    <wf wid="w_47" para="1" sent="4">op</wf>
    <wf wid="w_48" para="1" sent="4">het</wf>
    <wf wid="w_49" para="1" sent="4">station</wf>
    <wf wid="w_50" para="1" sent="4">van</wf>
    <wf wid="w_51" para="1" sent="4">schiphol</wf>
    <wf wid="w_52" para="1" sent="4">.</wf>
    <wf wid="w_53" para="1" sent="5">Nog</wf>
    <wf wid="w_54" para="1" sent="5">een</wf>
    <wf wid="w_55" para="1" sent="5">kwartier</wf>
    <wf wid="w_56" para="1" sent="5">in</wf>
    <wf wid="w_57" para="1" sent="5">de</wf>
    <wf wid="w_58" para="1" sent="5">trein</wf>
    <wf wid="w_59" para="1" sent="5">en</wf>
    <wf wid="w_60" para="1" sent="5">je</wf>
    <wf wid="w_61" para="1" sent="5">staat</wf>
    <wf wid="w_62" para="1" sent="5">op</wf>
    <wf wid="w_63" para="1" sent="5">Amsterdam</wf>
    <wf wid="w_64" para="1" sent="5">centraal</wf>
    <wf wid="w_65" para="1" sent="5">.</wf>
    <wf wid="w_66" para="1" sent="6">Het</wf>
    <wf wid="w_67" para="1" sent="6">ontbijt</wf>
    <wf wid="w_68" para="1" sent="6">was</wf>
    <wf wid="w_69" para="1" sent="6">ook</wf>
    <wf wid="w_70" para="1" sent="6">zeer</wf>
    <wf wid="w_71" para="1" sent="6">voldoende</wf>
    <wf wid="w_72" para="1" sent="6">.</wf>
    <wf wid="w_73" para="1" sent="7">Kortom</wf>
    <wf wid="w_74" para="1" sent="7">,</wf>
    <wf wid="w_75" para="1" sent="7">super</wf>
    <wf wid="w_76" para="1" sent="7">hotel</wf>
    <wf wid="w_77" para="1" sent="7">en</wf>
    <wf wid="w_78" para="1" sent="7">ik</wf>
    <wf wid="w_79" para="1" sent="7">zal</wf>
    <wf wid="w_80" para="1" sent="7">er</wf>
    <wf wid="w_81" para="1" sent="7">wel</wf>
    <wf wid="w_82" para="1" sent="7">voor</wf>
    <wf wid="w_83" para="1" sent="7">terug</wf>
    <wf wid="w_84" para="1" sent="7">komen</wf>
    <wf wid="w_85" para="1" sent="7">.</wf>
  </text>
  <terms>
    <term tid="t_1" lemma="dit" type="open">
      <span>
        <target id="w_1"/>
      </span>
    </term>
    <term tid="t_2" lemma="hotel" type="open">
      <span>
        <target id="w_2"/>
      </span>
    </term>
    <term tid="t_3" lemma="via" type="open">
      <span>
        <target id="w_3"/>
      </span>
    </term>
    <term tid="t_4" lemma="veiling" type="open">
      <span>
        <target id="w_4"/>
      </span>
    </term>
    <term tid="t_5" lemma="geboekt" type="open">
      <span>
        <target id="w_5"/>
      </span>
    </term>
    <term tid="t_6" lemma="." type="open">
      <span>
        <target id="w_6"/>
      </span>
    </term>
    <term tid="t_7" lemma="erg" type="open">
      <span>
        <target id="w_7"/>
      </span>
      <sentiment sentiment_modifier="intensifier" resource="VUA_olery_lexicon_nl_lmf"/>
    </term>
    <term tid="t_8" lemma="mooi" type="open" pos="G">
      <span>
        <target id="w_8"/>
      </span>
      <sentiment polarity="positive" resource="VUA_olery_lexicon_nl_lmf"/>
    </term>
    <term tid="t_9" lemma="en" type="open">
      <span>
        <target id="w_9"/>
      </span>
    </term>
    <term tid="t_10" lemma="schoon" type="open" pos="G">
      <span>
        <target id="w_10"/>
      </span>
      <sentiment polarity="positive" resource="VUA_olery_lexicon_nl_lmf"/>
    </term>
    <term tid="t_11" lemma="hotel" type="open">
      <span>
        <target id="w_11"/>
      </span>
    </term>
    <term tid="t_12" lemma="," type="open">
      <span>
        <target id="w_12"/>
      </span>
    </term>
    <term tid="t_13" lemma="vooral" type="open">
      <span>
        <target id="w_13"/>
      </span>
    </term>
    <term tid="t_14" lemma="de" type="open">
      <span>
        <target id="w_14"/>
      </span>
    </term>
    <term tid="t_15" lemma="kamer" type="open">
      <span>
        <target id="w_15"/>
      </span>
    </term>
    <term tid="t_16" lemma="!" type="open">
      <span>
        <target id="w_16"/>
      </span>
      <sentiment sentiment_modifier="intensifier" resource="VUA_olery_lexicon_nl_lmf"/>
    </term>
    <term tid="t_17" lemma="de" type="open">
      <span>
        <target id="w_17"/>
      </span>
    </term>
    <term tid="t_18" lemma="sauna" type="open">
      <span>
        <target id="w_18"/>
      </span>
    </term>
    <term tid="t_19" lemma="'s" type="open">
      <span>
        <target id="w_19"/>
      </span>
    </term>
    <term tid="t_20" lemma="waren" type="open">
      <span>
        <target id="w_20"/>
      </span>
    </term>
    <term tid="t_21" lemma="prima" type="open" pos="G">
      <span>
        <target id="w_21"/>
      </span>
      <sentiment polarity="positive" resource="VUA_olery_lexicon_nl_lmf"/>
    </term>
    <term tid="t_22" lemma="," type="open">
      <span>
        <target id="w_22"/>
      </span>
    </term>
    <term tid="t_23" lemma="wel" type="open">
      <span>
        <target id="w_23"/>
      </span>
    </term>
    <term tid="t_24" lemma="een" type="open">
      <span>
        <target id="w_24"/>
      </span>
    </term>
    <term tid="t_25" lemma="redelijk" type="open">
      <span>
        <target id="w_25"/>
      </span>
    </term>
    <term tid="t_26" lemma="klein" type="open">
      <span>
        <target id="w_26"/>
      </span>
    </term>
    <term tid="t_27" lemma="zwembad" type="open">
      <span>
        <target id="w_27"/>
      </span>
    </term>
    <term tid="t_28" lemma="maar" type="open">
      <span>
        <target id="w_28"/>
      </span>
    </term>
    <term tid="t_29" lemma="daar" type="open">
      <span>
        <target id="w_29"/>
      </span>
    </term>
    <term tid="t_30" lemma="kom" type="open">
      <span>
        <target id="w_30"/>
      </span>
    </term>
    <term tid="t_31" lemma="je" type="open">
      <span>
        <target id="w_31"/>
      </span>
    </term>
    <term tid="t_32" lemma="ook" type="open">
      <span>
        <target id="w_32"/>
      </span>
    </term>
    <term tid="t_33" lemma="niet" type="open">
      <span>
        <target id="w_33"/>
      </span>
      <sentiment sentiment_modifier="shifter" resource="VUA_olery_lexicon_nl_lmf"/>
    </term>
    <term tid="t_34" lemma="voor" type="open">
      <span>
        <target id="w_34"/>
      </span>
    </term>
    <term tid="t_35" lemma="." type="open">
      <span>
        <target id="w_35"/>
      </span>
    </term>
    <term tid="t_36" lemma="via" type="open">
      <span>
        <target id="w_36"/>
      </span>
    </term>
    <term tid="t_37" lemma="een" type="open">
      <span>
        <target id="w_37"/>
      </span>
    </term>
    <term tid="t_38" lemma="busje" type="open">
      <span>
        <target id="w_38"/>
      </span>
    </term>
    <term tid="t_39" lemma="ben" type="open">
      <span>
        <target id="w_39"/>
      </span>
    </term>
    <term tid="t_40" lemma="je" type="open">
      <span>
        <target id="w_40"/>
      </span>
    </term>
    <term tid="t_41" lemma="in" type="open">
      <span>
        <target id="w_41"/>
      </span>
    </term>
    <term tid="t_42" lemma="een" type="open">
      <span>
        <target id="w_42"/>
      </span>
    </term>
    <term tid="t_43" lemma="kwartier" type="open">
      <span>
        <target id="w_43"/>
      </span>
    </term>
    <term tid="t_44" lemma="," type="open">
      <span>
        <target id="w_44"/>
      </span>
    </term>
    <term tid="t_45" lemma="gratis" type="open" pos="G">
      <span>
        <target id="w_45"/>
      </span>
      <sentiment polarity="positive" resource="VUA_olery_lexicon_nl_lmf"/>
    </term>
    <term tid="t_46" lemma="," type="open">
      <span>
        <target id="w_46"/>
      </span>
    </term>
    <term tid="t_47" lemma="op" type="open">
      <span>
        <target id="w_47"/>
      </span>
    </term>
    <term tid="t_48" lemma="het" type="open">
      <span>
        <target id="w_48"/>
      </span>
    </term>
    <term tid="t_49" lemma="station" type="open">
      <span>
        <target id="w_49"/>
      </span>
    </term>
    <term tid="t_50" lemma="van" type="open">
      <span>
        <target id="w_50"/>
      </span>
    </term>
    <term tid="t_51" lemma="schiphol" type="open">
      <span>
        <target id="w_51"/>
      </span>
    </term>
    <term tid="t_52" lemma="." type="open">
      <span>
        <target id="w_52"/>
      </span>
    </term>
    <term tid="t_53" lemma="nog" type="open">
      <span>
        <target id="w_53"/>
      </span>
    </term>
    <term tid="t_54" lemma="een" type="open">
      <span>
        <target id="w_54"/>
      </span>
    </term>
    <term tid="t_55" lemma="kwartier" type="open">
      <span>
        <target id="w_55"/>
      </span>
    </term>
    <term tid="t_56" lemma="in" type="open">
      <span>
        <target id="w_56"/>
      </span>
    </term>
    <term tid="t_57" lemma="de" type="open">
      <span>
        <target id="w_57"/>
      </span>
    </term>
    <term tid="t_58" lemma="trein" type="open">
      <span>
        <target id="w_58"/>
      </span>
    </term>
    <term tid="t_59" lemma="en" type="open">
      <span>
        <target id="w_59"/>
      </span>
    </term>
    <term tid="t_60" lemma="je" type="open">
      <span>
        <target id="w_60"/>
      </span>
    </term>
    <term tid="t_61" lemma="staat" type="open">
      <span>
        <target id="w_61"/>
      </span>
    </term>
    <term tid="t_62" lemma="op" type="open">
      <span>
        <target id="w_62"/>
      </span>
    </term>
    <term tid="t_63" lemma="amsterdam" type="open">
      <span>
        <target id="w_63"/>
      </span>
    </term>
    <term tid="t_64" lemma="centraal" type="open" pos="G">
      <span>
        <target id="w_64"/>
      </span>
      <sentiment polarity="positive" resource="VUA_olery_lexicon_nl_lmf"/>
    </term>
    <term tid="t_65" lemma="." type="open">
      <span>
        <target id="w_65"/>
      </span>
    </term>
    <term tid="t_66" lemma="het" type="open">
      <span>
        <target id="w_66"/>
      </span>
    </term>
    <term tid="t_67" lemma="ontbijt" type="open">
      <span>
        <target id="w_67"/>
      </span>
    </term>
    <term tid="t_68" lemma="was" type="open">
      <span>
        <target id="w_68"/>
      </span>
    </term>
    <term tid="t_69" lemma="ook" type="open">
      <span>
        <target id="w_69"/>
      </span>
    </term>
    <term tid="t_70" lemma="zeer" type="open">
      <span>
        <target id="w_70"/>
      </span>
      <sentiment sentiment_modifier="intensifier" resource="VUA_olery_lexicon_nl_lmf"/>
    </term>
    <term tid="t_71" lemma="voldoende" type="open" pos="G">
      <span>
        <target id="w_71"/>
      </span>
      <sentiment polarity="positive" resource="VUA_olery_lexicon_nl_lmf"/>
    </term>
    <term tid="t_72" lemma="." type="open">
      <span>
        <target id="w_72"/>
      </span>
    </term>
    <term tid="t_73" lemma="kortom" type="open">
      <span>
        <target id="w_73"/>
      </span>
    </term>
    <term tid="t_74" lemma="," type="open">
      <span>
        <target id="w_74"/>
      </span>
    </term>
    <term tid="t_75" lemma="super" type="open" pos="N">
      <span>
        <target id="w_75"/>
      </span>
      <sentiment polarity="positive" resource="VUA_olery_lexicon_nl_lmf"/>
    </term>
    <term tid="t_76" lemma="hotel" type="open">
      <span>
        <target id="w_76"/>
      </span>
    </term>
    <term tid="t_77" lemma="en" type="open">
      <span>
        <target id="w_77"/>
      </span>
    </term>
    <term tid="t_78" lemma="ik" type="open">
      <span>
        <target id="w_78"/>
      </span>
    </term>
    <term tid="t_79" lemma="zal" type="open">
      <span>
        <target id="w_79"/>
      </span>
    </term>
    <term tid="t_80" lemma="er" type="open">
      <span>
        <target id="w_80"/>
      </span>
    </term>
    <term tid="t_81" lemma="wel" type="open">
      <span>
        <target id="w_81"/>
      </span>
    </term>
    <term tid="t_82" lemma="voor" type="open">
      <span>
        <target id="w_82"/>
      </span>
    </term>
    <term tid="t_83" lemma="terug" type="open">
      <span>
        <target id="w_83"/>
      </span>
    </term>
    <term tid="t_84" lemma="komen" type="open">
      <span>
        <target id="w_84"/>
      </span>
    </term>
    <term tid="t_85" lemma="." type="open">
      <span>
        <target id="w_85"/>
      </span>
    </term>
  </terms>
  <entities>
    <entity type="LOC" eid="e_1">
      <span>
        <target id="t_63"/>
      </span>
    </entity>
    <entity type="LOC" eid="e_2">
      <span>
        <target id="t_64"/>
      </span>
    </entity>
    <entity type="ORG" eid="e_3">
      <span>
        <target id="t_15"/>
      </span>
    </entity>
    <entity type="PER" eid="e_4">
      <span>
        <target id="t_21"/>
      </span>
    </entity>
  </entities>
  <properties>
    <property type="value_for_money" pid="p_1">
      <span>
        <target id="t_45"/>
      </span>
    </property>
    <property type="room" pid="p_2">
      <span>
        <target id="t_15"/>
      </span>
    </property>
    <property type="swimming_pool" pid="p_3">
      <span>
        <target id="t_27"/>
      </span>
    </property>
    <property type="cleanliness" pid="p_4">
      <span>
        <target id="t_10"/>
      </span>
    </property>
    <property type="restaurant" pid="p_5">
      <span>
        <target id="t_67"/>
      </span>
    </property>
    <property type="facilities" pid="p_6">
      <span>
        <target id="t_18"/>
      </span>
    </property>
    <property type="location" pid="p_7">
      <span>
        <target id="t_49"/>
      </span>
      <span>
        <target id="t_51"/>
      </span>
      <span>
        <target id="t_58"/>
      </span>
      <span>
        <target id="t_64"/>
      </span>
    </property>
  </properties>
  <opinions>
    <opinion oid="o_1">
      <opinion_target>
        <span>
          <target id="t_11"/>
        </span>
      </opinion_target>
      <opinion_expression polarity="positive" strength="3">
        <span>
          <target id="t_8"/>
          <target id="t_7"/>
          <target id="t_10"/>
        </span>
      </opinion_expression>
    </opinion>
    <opinion oid="o_2">
      <opinion_target>
        <span>
          <target id="t_23"/>
        </span>
      </opinion_target>
      <opinion_expression polarity="positive" strength="1">
        <span>
          <target id="t_21"/>
        </span>
      </opinion_expression>
    </opinion>
    <opinion oid="o_3">
      <opinion_target>
        <span>
          <target id="t_43"/>
        </span>
      </opinion_target>
      <opinion_expression polarity="positive" strength="1">
        <span>
          <target id="t_45"/>
        </span>
      </opinion_expression>
    </opinion>
    <opinion oid="o_4">
      <opinion_target>
        <span>
          <target id="t_63"/>
        </span>
      </opinion_target>
      <opinion_expression polarity="positive" strength="1">
        <span>
          <target id="t_64"/>
        </span>
      </opinion_expression>
    </opinion>
    <opinion oid="o_5">
      <opinion_target>
        <span>
          <target id="t_67"/>
        </span>
      </opinion_target>
      <opinion_expression polarity="positive" strength="2">
        <span>
          <target id="t_71"/>
          <target id="t_70"/>
        </span>
      </opinion_expression>
    </opinion>
    <opinion oid="o_6">
      <opinion_holder>
        <span>
          <target id="t_78"/>
        </span>
      </opinion_holder>
      <opinion_target>
        <span>
          <target id="t_76"/>
        </span>
      </opinion_target>
      <opinion_expression polarity="positive" strength="1">
        <span>
          <target id="t_75"/>
        </span>
      </opinion_expression>
    </opinion>
  </opinions>
</KAF>
