<?xml version='1.0' encoding='UTF-8'?>
<KAF xml:lang="nl">
  <linguisticProcessors layer="text">
    <lp timestamp="2013-01-06T18:41:54CET" version="2.0" name="SentenceTokenizer"/>
  </linguisticProcessors>
  <linguisticProcessors layer="terms">
    <lp timestamp="2013-01-06T18:41:54CET" version="2.0" name="SentenceTokenizer"/>
    <lp timestamp="2013-01-06T18:41:54CET" version="1.0" name="SimplePolarityTagger"/>
  </linguisticProcessors>
  <linguisticProcessor layer="opinions">
    <lp timestamp="2013-01-06T18:41:54CET" version="1.0" name="SimpleOpinionDetector"/>
  </linguisticProcessor>
  <linguisticProcessor layer="properties">
    <lp timestamp="2013-01-06T18:41:54CET" version="1.0" name="SimplePropRecognizer_lookup"/>
  </linguisticProcessor>
  <linguisticProcessor layer="entities">
    <lp timestamp="2013-01-06T18:41:54CET" version="1.0" name="SimpleNER_lookup"/>
  </linguisticProcessor>
  <text>
    <wf wid="w_1" para="1" sent="1">Het</wf>
    <wf wid="w_2" para="1" sent="1">leek</wf>
    <wf wid="w_3" para="1" sent="1">zo</wf>
    <wf wid="w_4" para="1" sent="1">mooi</wf>
    <wf wid="w_5" para="1" sent="1">..</wf>
    <wf wid="w_6" para="1" sent="2">Het</wf>
    <wf wid="w_7" para="1" sent="2">begon</wf>
    <wf wid="w_8" para="1" sent="2">al</wf>
    <wf wid="w_9" para="1" sent="2">met</wf>
    <wf wid="w_10" para="1" sent="2">het</wf>
    <wf wid="w_11" para="1" sent="2">ontbreken</wf>
    <wf wid="w_12" para="1" sent="2">van</wf>
    <wf wid="w_13" para="1" sent="2">een</wf>
    <wf wid="w_14" para="1" sent="2">duidelijke</wf>
    <wf wid="w_15" para="1" sent="2">parkeerplaats</wf>
    <wf wid="w_16" para="1" sent="2">.</wf>
    <wf wid="w_17" para="1" sent="3">Dit</wf>
    <wf wid="w_18" para="1" sent="3">was</wf>
    <wf wid="w_19" para="1" sent="3">niet</wf>
    <wf wid="w_20" para="1" sent="3">goed</wf>
    <wf wid="w_21" para="1" sent="3">aangegeven</wf>
    <wf wid="w_22" para="1" sent="3">,</wf>
    <wf wid="w_23" para="1" sent="3">wij</wf>
    <wf wid="w_24" para="1" sent="3">het</wf>
    <wf wid="w_25" para="1" sent="3">hotel</wf>
    <wf wid="w_26" para="1" sent="3">gebeld</wf>
    <wf wid="w_27" para="1" sent="3">om</wf>
    <wf wid="w_28" para="1" sent="3">toch</wf>
    <wf wid="w_29" para="1" sent="3">iets</wf>
    <wf wid="w_30" para="1" sent="3">te</wf>
    <wf wid="w_31" para="1" sent="3">vinden</wf>
    <wf wid="w_32" para="1" sent="3">.</wf>
    <wf wid="w_33" para="1" sent="4">2x</wf>
    <wf wid="w_34" para="1" sent="4">een</wf>
    <wf wid="w_35" para="1" sent="4">rondje</wf>
    <wf wid="w_36" para="1" sent="4">gereden</wf>
    <wf wid="w_37" para="1" sent="4">in</wf>
    <wf wid="w_38" para="1" sent="4">de</wf>
    <wf wid="w_39" para="1" sent="4">spits</wf>
    <wf wid="w_40" para="1" sent="4">en</wf>
    <wf wid="w_41" para="1" sent="4">uiteindelijk</wf>
    <wf wid="w_42" para="1" sent="4">op</wf>
    <wf wid="w_43" para="1" sent="4">een</wf>
    <wf wid="w_44" para="1" sent="4">p</wf>
    <wf wid="w_45" para="1" sent="4">geparkeerd</wf>
    <wf wid="w_46" para="1" sent="4">.</wf>
    <wf wid="w_47" para="1" sent="5">Niet</wf>
    <wf wid="w_48" para="1" sent="5">de</wf>
    <wf wid="w_49" para="1" sent="5">parkeerplaats</wf>
    <wf wid="w_50" para="1" sent="5">van</wf>
    <wf wid="w_51" para="1" sent="5">het</wf>
    <wf wid="w_52" para="1" sent="5">hotel</wf>
    <wf wid="w_53" para="1" sent="5">kunnen</wf>
    <wf wid="w_54" para="1" sent="5">vinden</wf>
    <wf wid="w_55" para="1" sent="5">(voorbij</wf>
    <wf wid="w_56" para="1" sent="5">gereden</wf>
    <wf wid="w_57" para="1" sent="5">,</wf>
    <wf wid="w_58" para="1" sent="5">niet</wf>
    <wf wid="w_59" para="1" sent="5">goed</wf>
    <wf wid="w_60" para="1" sent="5">aangegeven</wf>
    <wf wid="w_61" para="1" sent="5">)</wf>
    <wf wid="w_62" para="1" sent="5">.</wf>
    <wf wid="w_63" para="1" sent="6">Bj</wf>
    <wf wid="w_64" para="1" sent="6">het</wf>
    <wf wid="w_65" para="1" sent="6">inchecken</wf>
    <wf wid="w_66" para="1" sent="6">werd</wf>
    <wf wid="w_67" para="1" sent="6">gelijk</wf>
    <wf wid="w_68" para="1" sent="6">verzocht</wf>
    <wf wid="w_69" para="1" sent="6">om</wf>
    <wf wid="w_70" para="1" sent="6">de</wf>
    <wf wid="w_71" para="1" sent="6">creditcard</wf>
    <wf wid="w_72" para="1" sent="6">en</wf>
    <wf wid="w_73" para="1" sent="6">we</wf>
    <wf wid="w_74" para="1" sent="6">moesten</wf>
    <wf wid="w_75" para="1" sent="6">tekenen</wf>
    <wf wid="w_76" para="1" sent="6">dat</wf>
    <wf wid="w_77" para="1" sent="6">wij</wf>
    <wf wid="w_78" para="1" sent="6">beloofden</wf>
    <wf wid="w_79" para="1" sent="6">om</wf>
    <wf wid="w_80" para="1" sent="6">niet</wf>
    <wf wid="w_81" para="1" sent="6">te</wf>
    <wf wid="w_82" para="1" sent="6">roken</wf>
    <wf wid="w_83" para="1" sent="6">op</wf>
    <wf wid="w_84" para="1" sent="6">de</wf>
    <wf wid="w_85" para="1" sent="6">kamer</wf>
    <wf wid="w_86" para="1" sent="6">,</wf>
    <wf wid="w_87" para="1" sent="6">staat</wf>
    <wf wid="w_88" para="1" sent="6">75</wf>
    <wf wid="w_89" para="1" sent="6">euro</wf>
    <wf wid="w_90" para="1" sent="6">boete</wf>
    <wf wid="w_91" para="1" sent="6">op</wf>
    <wf wid="w_92" para="1" sent="6">als</wf>
    <wf wid="w_93" para="1" sent="6">er</wf>
    <wf wid="w_94" para="1" sent="6">toch</wf>
    <wf wid="w_95" para="1" sent="6">wordt</wf>
    <wf wid="w_96" para="1" sent="6">gerookt</wf>
    <wf wid="w_97" para="1" sent="6">!</wf>
    <wf wid="w_98" para="1" sent="7">Geen</wf>
    <wf wid="w_99" para="1" sent="7">hartelijk</wf>
    <wf wid="w_100" para="1" sent="7">welkom</wf>
    <wf wid="w_101" para="1" sent="7">dus</wf>
    <wf wid="w_102" para="1" sent="7">.</wf>
    <wf wid="w_103" para="1" sent="8">Eenmaal</wf>
    <wf wid="w_104" para="1" sent="8">op</wf>
    <wf wid="w_105" para="1" sent="8">de</wf>
    <wf wid="w_106" para="1" sent="8">kamer</wf>
    <wf wid="w_107" para="1" sent="8">schieten</wf>
    <wf wid="w_108" para="1" sent="8">echt</wf>
    <wf wid="w_109" para="1" sent="8">de</wf>
    <wf wid="w_110" para="1" sent="8">tranen</wf>
    <wf wid="w_111" para="1" sent="8">in</wf>
    <wf wid="w_112" para="1" sent="8">je</wf>
    <wf wid="w_113" para="1" sent="8">ogen</wf>
    <wf wid="w_114" para="1" sent="8">.</wf>
    <wf wid="w_115" para="1" sent="9">Een</wf>
    <wf wid="w_116" para="1" sent="9">toilet</wf>
    <wf wid="w_117" para="1" sent="9">waar</wf>
    <wf wid="w_118" para="1" sent="9">je</wf>
    <wf wid="w_119" para="1" sent="9">niet</wf>
    <wf wid="w_120" para="1" sent="9">de</wf>
    <wf wid="w_121" para="1" sent="9">doorspoelknop</wf>
    <wf wid="w_122" para="1" sent="9">kunt</wf>
    <wf wid="w_123" para="1" sent="9">vinden</wf>
    <wf wid="w_124" para="1" sent="9">,</wf>
    <wf wid="w_125" para="1" sent="9">uiteindelijk</wf>
    <wf wid="w_126" para="1" sent="9">wel</wf>
    <wf wid="w_127" para="1" sent="9">gevonden</wf>
    <wf wid="w_128" para="1" sent="9">,</wf>
    <wf wid="w_129" para="1" sent="9">verstopt</wf>
    <wf wid="w_130" para="1" sent="9">achter</wf>
    <wf wid="w_131" para="1" sent="9">een</wf>
    <wf wid="w_132" para="1" sent="9">plank</wf>
    <wf wid="w_133" para="1" sent="9">.</wf>
    <wf wid="w_134" para="1" sent="10">Je</wf>
    <wf wid="w_135" para="1" sent="10">moest</wf>
    <wf wid="w_136" para="1" sent="10">dus</wf>
    <wf wid="w_137" para="1" sent="10">met</wf>
    <wf wid="w_138" para="1" sent="10">je</wf>
    <wf wid="w_139" para="1" sent="10">neus</wf>
    <wf wid="w_140" para="1" sent="10">boven</wf>
    <wf wid="w_141" para="1" sent="10">de</wf>
    <wf wid="w_142" para="1" sent="10">toiletpot</wf>
    <wf wid="w_143" para="1" sent="10">doorspoelen</wf>
    <wf wid="w_144" para="1" sent="10">,</wf>
    <wf wid="w_145" para="1" sent="10">gatsie</wf>
    <wf wid="w_146" para="1" sent="10">!</wf>
    <wf wid="w_147" para="1" sent="11">2</wf>
    <wf wid="w_148" para="1" sent="11">plastic</wf>
    <wf wid="w_149" para="1" sent="11">bekertjes</wf>
    <wf wid="w_150" para="1" sent="11">,</wf>
    <wf wid="w_151" para="1" sent="11">waar</wf>
    <wf wid="w_152" para="1" sent="11">je</wf>
    <wf wid="w_153" para="1" sent="11">tandenborstels</wf>
    <wf wid="w_154" para="1" sent="11">niet</wf>
    <wf wid="w_155" para="1" sent="11">goed</wf>
    <wf wid="w_156" para="1" sent="11">in</wf>
    <wf wid="w_157" para="1" sent="11">blijven</wf>
    <wf wid="w_158" para="1" sent="11">staan</wf>
    <wf wid="w_159" para="1" sent="11">.</wf>
    <wf wid="w_160" para="1" sent="12">Een</wf>
    <wf wid="w_161" para="1" sent="12">veel</wf>
    <wf wid="w_162" para="1" sent="12">te</wf>
    <wf wid="w_163" para="1" sent="12">hoge</wf>
    <wf wid="w_164" para="1" sent="12">instap</wf>
    <wf wid="w_165" para="1" sent="12">in</wf>
    <wf wid="w_166" para="1" sent="12">het</wf>
    <wf wid="w_167" para="1" sent="12">bad</wf>
    <wf wid="w_168" para="1" sent="12">om</wf>
    <wf wid="w_169" para="1" sent="12">te</wf>
    <wf wid="w_170" para="1" sent="12">douchen</wf>
    <wf wid="w_171" para="1" sent="12">.</wf>
    <wf wid="w_172" para="1" sent="13">Een</wf>
    <wf wid="w_173" para="1" sent="13">stoeltje</wf>
    <wf wid="w_174" para="1" sent="13">wat</wf>
    <wf wid="w_175" para="1" sent="13">nog</wf>
    <wf wid="w_176" para="1" sent="13">te</wf>
    <wf wid="w_177" para="1" sent="13">vies</wf>
    <wf wid="w_178" para="1" sent="13">was</wf>
    <wf wid="w_179" para="1" sent="13">om</wf>
    <wf wid="w_180" para="1" sent="13">je</wf>
    <wf wid="w_181" para="1" sent="13">kleding</wf>
    <wf wid="w_182" para="1" sent="13">op</wf>
    <wf wid="w_183" para="1" sent="13">te</wf>
    <wf wid="w_184" para="1" sent="13">leggen</wf>
    <wf wid="w_185" para="1" sent="13">.</wf>
    <wf wid="w_186" para="1" sent="14">Geen</wf>
    <wf wid="w_187" para="1" sent="14">raam</wf>
    <wf wid="w_188" para="1" sent="14">kan</wf>
    <wf wid="w_189" para="1" sent="14">open</wf>
    <wf wid="w_190" para="1" sent="14">voor</wf>
    <wf wid="w_191" para="1" sent="14">een</wf>
    <wf wid="w_192" para="1" sent="14">beetje</wf>
    <wf wid="w_193" para="1" sent="14">frisse</wf>
    <wf wid="w_194" para="1" sent="14">lucht</wf>
    <wf wid="w_195" para="1" sent="14">en</wf>
    <wf wid="w_196" para="1" sent="14">last</wf>
    <wf wid="w_197" para="1" sent="14">but</wf>
    <wf wid="w_198" para="1" sent="14">not</wf>
    <wf wid="w_199" para="1" sent="14">least</wf>
    <wf wid="w_200" para="1" sent="14">,</wf>
    <wf wid="w_201" para="1" sent="14">in</wf>
    <wf wid="w_202" para="1" sent="14">de</wf>
    <wf wid="w_203" para="1" sent="14">vieze</wf>
    <wf wid="w_204" para="1" sent="14">vloerbedekking</wf>
    <wf wid="w_205" para="1" sent="14">zagen</wf>
    <wf wid="w_206" para="1" sent="14">we</wf>
    <wf wid="w_207" para="1" sent="14">de</wf>
    <wf wid="w_208" para="1" sent="14">afdruk</wf>
    <wf wid="w_209" para="1" sent="14">van</wf>
    <wf wid="w_210" para="1" sent="14">een</wf>
    <wf wid="w_211" para="1" sent="14">peuk</wf>
    <wf wid="w_212" para="1" sent="14">.</wf>
    <wf wid="w_213" para="1" sent="15">Echt</wf>
    <wf wid="w_214" para="1" sent="15">te</wf>
    <wf wid="w_215" para="1" sent="15">vies</wf>
    <wf wid="w_216" para="1" sent="15">om</wf>
    <wf wid="w_217" para="1" sent="15">op</wf>
    <wf wid="w_218" para="1" sent="15">je</wf>
    <wf wid="w_219" para="1" sent="15">blote</wf>
    <wf wid="w_220" para="1" sent="15">voeten</wf>
    <wf wid="w_221" para="1" sent="15">te</wf>
    <wf wid="w_222" para="1" sent="15">lopen</wf>
    <wf wid="w_223" para="1" sent="15">.</wf>
    <wf wid="w_224" para="1" sent="16">Dit</wf>
    <wf wid="w_225" para="1" sent="16">hotel</wf>
    <wf wid="w_226" para="1" sent="16">is</wf>
    <wf wid="w_227" para="1" sent="16">voor</wf>
    <wf wid="w_228" para="1" sent="16">ons</wf>
    <wf wid="w_229" para="1" sent="16">geen</wf>
    <wf wid="w_230" para="1" sent="16">4</wf>
    <wf wid="w_231" para="1" sent="16">sterren</wf>
    <wf wid="w_232" para="1" sent="16">waard</wf>
    <wf wid="w_233" para="1" sent="16">.</wf>
    <wf wid="w_234" para="1" sent="17">Wel</wf>
    <wf wid="w_235" para="1" sent="17">een</wf>
    <wf wid="w_236" para="1" sent="17">pluspunt</wf>
    <wf wid="w_237" para="1" sent="17">,</wf>
    <wf wid="w_238" para="1" sent="17">inderdaad</wf>
    <wf wid="w_239" para="1" sent="17">heel</wf>
    <wf wid="w_240" para="1" sent="17">centraal</wf>
    <wf wid="w_241" para="1" sent="17">gelegen</wf>
    <wf wid="w_242" para="1" sent="17">.</wf>
    <wf wid="w_243" para="1" sent="18">Misschien</wf>
    <wf wid="w_244" para="1" sent="18">zijn</wf>
    <wf wid="w_245" para="1" sent="18">er</wf>
    <wf wid="w_246" para="1" sent="18">mooiere</wf>
    <wf wid="w_247" para="1" sent="18">kamers</wf>
    <wf wid="w_248" para="1" sent="18">,</wf>
    <wf wid="w_249" para="1" sent="18">jammer</wf>
    <wf wid="w_250" para="1" sent="18">dat</wf>
    <wf wid="w_251" para="1" sent="18">wij</wf>
    <wf wid="w_252" para="1" sent="18">die</wf>
    <wf wid="w_253" para="1" sent="18">niet</wf>
    <wf wid="w_254" para="1" sent="18">hebben</wf>
    <wf wid="w_255" para="1" sent="18">gehad</wf>
    <wf wid="w_256" para="1" sent="18">.</wf>
  </text>
  <terms>
    <term tid="t_1" lemma="het" type="open">
      <span>
        <target id="w_1"/>
      </span>
    </term>
    <term tid="t_2" lemma="leek" type="open">
      <span>
        <target id="w_2"/>
      </span>
    </term>
    <term tid="t_3" lemma="zo" type="open">
      <span>
        <target id="w_3"/>
      </span>
    </term>
    <term tid="t_4" lemma="mooi" type="open" pos="G">
      <span>
        <target id="w_4"/>
      </span>
      <sentiment polarity="positive" resource="VUA_olery_lexicon_nl_lmf"/>
    </term>
    <term tid="t_5" lemma=".." type="open">
      <span>
        <target id="w_5"/>
      </span>
    </term>
    <term tid="t_6" lemma="het" type="open">
      <span>
        <target id="w_6"/>
      </span>
    </term>
    <term tid="t_7" lemma="begon" type="open">
      <span>
        <target id="w_7"/>
      </span>
    </term>
    <term tid="t_8" lemma="al" type="open">
      <span>
        <target id="w_8"/>
      </span>
    </term>
    <term tid="t_9" lemma="met" type="open">
      <span>
        <target id="w_9"/>
      </span>
    </term>
    <term tid="t_10" lemma="het" type="open">
      <span>
        <target id="w_10"/>
      </span>
    </term>
    <term tid="t_11" lemma="ontbreken" type="open" pos="V">
      <span>
        <target id="w_11"/>
      </span>
      <sentiment polarity="negative" resource="VUA_olery_lexicon_nl_lmf"/>
    </term>
    <term tid="t_12" lemma="van" type="open">
      <span>
        <target id="w_12"/>
      </span>
    </term>
    <term tid="t_13" lemma="een" type="open">
      <span>
        <target id="w_13"/>
      </span>
    </term>
    <term tid="t_14" lemma="duidelijke" type="open">
      <span>
        <target id="w_14"/>
      </span>
    </term>
    <term tid="t_15" lemma="parkeerplaats" type="open">
      <span>
        <target id="w_15"/>
      </span>
    </term>
    <term tid="t_16" lemma="." type="open">
      <span>
        <target id="w_16"/>
      </span>
    </term>
    <term tid="t_17" lemma="dit" type="open">
      <span>
        <target id="w_17"/>
      </span>
    </term>
    <term tid="t_18" lemma="was" type="open">
      <span>
        <target id="w_18"/>
      </span>
    </term>
    <term tid="t_19" lemma="niet" type="open">
      <span>
        <target id="w_19"/>
      </span>
      <sentiment sentiment_modifier="shifter" resource="VUA_olery_lexicon_nl_lmf"/>
    </term>
    <term tid="t_20" lemma="goed" type="open" pos="G">
      <span>
        <target id="w_20"/>
      </span>
      <sentiment polarity="positive" resource="VUA_olery_lexicon_nl_lmf"/>
    </term>
    <term tid="t_21" lemma="aangegeven" type="open">
      <span>
        <target id="w_21"/>
      </span>
    </term>
    <term tid="t_22" lemma="," type="open">
      <span>
        <target id="w_22"/>
      </span>
    </term>
    <term tid="t_23" lemma="wij" type="open">
      <span>
        <target id="w_23"/>
      </span>
    </term>
    <term tid="t_24" lemma="het" type="open">
      <span>
        <target id="w_24"/>
      </span>
    </term>
    <term tid="t_25" lemma="hotel" type="open">
      <span>
        <target id="w_25"/>
      </span>
    </term>
    <term tid="t_26" lemma="gebeld" type="open">
      <span>
        <target id="w_26"/>
      </span>
    </term>
    <term tid="t_27" lemma="om" type="open">
      <span>
        <target id="w_27"/>
      </span>
    </term>
    <term tid="t_28" lemma="toch" type="open">
      <span>
        <target id="w_28"/>
      </span>
    </term>
    <term tid="t_29" lemma="iets" type="open">
      <span>
        <target id="w_29"/>
      </span>
    </term>
    <term tid="t_30" lemma="te" type="open">
      <span>
        <target id="w_30"/>
      </span>
    </term>
    <term tid="t_31" lemma="vinden" type="open">
      <span>
        <target id="w_31"/>
      </span>
    </term>
    <term tid="t_32" lemma="." type="open">
      <span>
        <target id="w_32"/>
      </span>
    </term>
    <term tid="t_33" lemma="2x" type="open">
      <span>
        <target id="w_33"/>
      </span>
    </term>
    <term tid="t_34" lemma="een" type="open">
      <span>
        <target id="w_34"/>
      </span>
    </term>
    <term tid="t_35" lemma="rondje" type="open">
      <span>
        <target id="w_35"/>
      </span>
    </term>
    <term tid="t_36" lemma="gereden" type="open">
      <span>
        <target id="w_36"/>
      </span>
    </term>
    <term tid="t_37" lemma="in" type="open">
      <span>
        <target id="w_37"/>
      </span>
    </term>
    <term tid="t_38" lemma="de" type="open">
      <span>
        <target id="w_38"/>
      </span>
    </term>
    <term tid="t_39" lemma="spits" type="open">
      <span>
        <target id="w_39"/>
      </span>
    </term>
    <term tid="t_40" lemma="en" type="open">
      <span>
        <target id="w_40"/>
      </span>
    </term>
    <term tid="t_41" lemma="uiteindelijk" type="open">
      <span>
        <target id="w_41"/>
      </span>
    </term>
    <term tid="t_42" lemma="op" type="open">
      <span>
        <target id="w_42"/>
      </span>
    </term>
    <term tid="t_43" lemma="een" type="open">
      <span>
        <target id="w_43"/>
      </span>
    </term>
    <term tid="t_44" lemma="p" type="open">
      <span>
        <target id="w_44"/>
      </span>
    </term>
    <term tid="t_45" lemma="geparkeerd" type="open">
      <span>
        <target id="w_45"/>
      </span>
    </term>
    <term tid="t_46" lemma="." type="open">
      <span>
        <target id="w_46"/>
      </span>
    </term>
    <term tid="t_47" lemma="niet" type="open">
      <span>
        <target id="w_47"/>
      </span>
      <sentiment sentiment_modifier="shifter" resource="VUA_olery_lexicon_nl_lmf"/>
    </term>
    <term tid="t_48" lemma="de" type="open">
      <span>
        <target id="w_48"/>
      </span>
    </term>
    <term tid="t_49" lemma="parkeerplaats" type="open">
      <span>
        <target id="w_49"/>
      </span>
    </term>
    <term tid="t_50" lemma="van" type="open">
      <span>
        <target id="w_50"/>
      </span>
    </term>
    <term tid="t_51" lemma="het" type="open">
      <span>
        <target id="w_51"/>
      </span>
    </term>
    <term tid="t_52" lemma="hotel" type="open">
      <span>
        <target id="w_52"/>
      </span>
    </term>
    <term tid="t_53" lemma="kunnen" type="open">
      <span>
        <target id="w_53"/>
      </span>
    </term>
    <term tid="t_54" lemma="vinden" type="open">
      <span>
        <target id="w_54"/>
      </span>
    </term>
    <term tid="t_55" lemma="(voorbij" type="open">
      <span>
        <target id="w_55"/>
      </span>
    </term>
    <term tid="t_56" lemma="gereden" type="open">
      <span>
        <target id="w_56"/>
      </span>
    </term>
    <term tid="t_57" lemma="," type="open">
      <span>
        <target id="w_57"/>
      </span>
    </term>
    <term tid="t_58" lemma="niet" type="open">
      <span>
        <target id="w_58"/>
      </span>
      <sentiment sentiment_modifier="shifter" resource="VUA_olery_lexicon_nl_lmf"/>
    </term>
    <term tid="t_59" lemma="goed" type="open" pos="G">
      <span>
        <target id="w_59"/>
      </span>
      <sentiment polarity="positive" resource="VUA_olery_lexicon_nl_lmf"/>
    </term>
    <term tid="t_60" lemma="aangegeven" type="open">
      <span>
        <target id="w_60"/>
      </span>
    </term>
    <term tid="t_61" lemma=")" type="open">
      <span>
        <target id="w_61"/>
      </span>
    </term>
    <term tid="t_62" lemma="." type="open">
      <span>
        <target id="w_62"/>
      </span>
    </term>
    <term tid="t_63" lemma="bj" type="open">
      <span>
        <target id="w_63"/>
      </span>
    </term>
    <term tid="t_64" lemma="het" type="open">
      <span>
        <target id="w_64"/>
      </span>
    </term>
    <term tid="t_65" lemma="inchecken" type="open">
      <span>
        <target id="w_65"/>
      </span>
    </term>
    <term tid="t_66" lemma="werd" type="open">
      <span>
        <target id="w_66"/>
      </span>
    </term>
    <term tid="t_67" lemma="gelijk" type="open">
      <span>
        <target id="w_67"/>
      </span>
    </term>
    <term tid="t_68" lemma="verzocht" type="open">
      <span>
        <target id="w_68"/>
      </span>
    </term>
    <term tid="t_69" lemma="om" type="open">
      <span>
        <target id="w_69"/>
      </span>
    </term>
    <term tid="t_70" lemma="de" type="open">
      <span>
        <target id="w_70"/>
      </span>
    </term>
    <term tid="t_71" lemma="creditcard" type="open">
      <span>
        <target id="w_71"/>
      </span>
    </term>
    <term tid="t_72" lemma="en" type="open">
      <span>
        <target id="w_72"/>
      </span>
    </term>
    <term tid="t_73" lemma="we" type="open">
      <span>
        <target id="w_73"/>
      </span>
    </term>
    <term tid="t_74" lemma="moesten" type="open">
      <span>
        <target id="w_74"/>
      </span>
    </term>
    <term tid="t_75" lemma="tekenen" type="open">
      <span>
        <target id="w_75"/>
      </span>
    </term>
    <term tid="t_76" lemma="dat" type="open">
      <span>
        <target id="w_76"/>
      </span>
    </term>
    <term tid="t_77" lemma="wij" type="open">
      <span>
        <target id="w_77"/>
      </span>
    </term>
    <term tid="t_78" lemma="beloofden" type="open">
      <span>
        <target id="w_78"/>
      </span>
    </term>
    <term tid="t_79" lemma="om" type="open">
      <span>
        <target id="w_79"/>
      </span>
    </term>
    <term tid="t_80" lemma="niet" type="open">
      <span>
        <target id="w_80"/>
      </span>
      <sentiment sentiment_modifier="shifter" resource="VUA_olery_lexicon_nl_lmf"/>
    </term>
    <term tid="t_81" lemma="te" type="open">
      <span>
        <target id="w_81"/>
      </span>
    </term>
    <term tid="t_82" lemma="roken" type="open">
      <span>
        <target id="w_82"/>
      </span>
    </term>
    <term tid="t_83" lemma="op" type="open">
      <span>
        <target id="w_83"/>
      </span>
    </term>
    <term tid="t_84" lemma="de" type="open">
      <span>
        <target id="w_84"/>
      </span>
    </term>
    <term tid="t_85" lemma="kamer" type="open">
      <span>
        <target id="w_85"/>
      </span>
    </term>
    <term tid="t_86" lemma="," type="open">
      <span>
        <target id="w_86"/>
      </span>
    </term>
    <term tid="t_87" lemma="staat" type="open">
      <span>
        <target id="w_87"/>
      </span>
    </term>
    <term tid="t_88" lemma="75" type="open">
      <span>
        <target id="w_88"/>
      </span>
    </term>
    <term tid="t_89" lemma="euro" type="open">
      <span>
        <target id="w_89"/>
      </span>
    </term>
    <term tid="t_90" lemma="boete" type="open">
      <span>
        <target id="w_90"/>
      </span>
    </term>
    <term tid="t_91" lemma="op" type="open">
      <span>
        <target id="w_91"/>
      </span>
    </term>
    <term tid="t_92" lemma="als" type="open">
      <span>
        <target id="w_92"/>
      </span>
    </term>
    <term tid="t_93" lemma="er" type="open">
      <span>
        <target id="w_93"/>
      </span>
    </term>
    <term tid="t_94" lemma="toch" type="open">
      <span>
        <target id="w_94"/>
      </span>
    </term>
    <term tid="t_95" lemma="wordt" type="open">
      <span>
        <target id="w_95"/>
      </span>
    </term>
    <term tid="t_96" lemma="gerookt" type="open">
      <span>
        <target id="w_96"/>
      </span>
    </term>
    <term tid="t_97" lemma="!" type="open">
      <span>
        <target id="w_97"/>
      </span>
      <sentiment sentiment_modifier="intensifier" resource="VUA_olery_lexicon_nl_lmf"/>
    </term>
    <term tid="t_98" lemma="geen" type="open">
      <span>
        <target id="w_98"/>
      </span>
      <sentiment sentiment_modifier="shifter" resource="VUA_olery_lexicon_nl_lmf"/>
    </term>
    <term tid="t_99" lemma="hartelijk" type="open" pos="G">
      <span>
        <target id="w_99"/>
      </span>
      <sentiment polarity="positive" resource="VUA_olery_lexicon_nl_lmf"/>
    </term>
    <term tid="t_100" lemma="welkom" type="open" pos="G">
      <span>
        <target id="w_100"/>
      </span>
      <sentiment polarity="positive" resource="VUA_olery_lexicon_nl_lmf"/>
    </term>
    <term tid="t_101" lemma="dus" type="open">
      <span>
        <target id="w_101"/>
      </span>
    </term>
    <term tid="t_102" lemma="." type="open">
      <span>
        <target id="w_102"/>
      </span>
    </term>
    <term tid="t_103" lemma="eenmaal" type="open">
      <span>
        <target id="w_103"/>
      </span>
    </term>
    <term tid="t_104" lemma="op" type="open">
      <span>
        <target id="w_104"/>
      </span>
    </term>
    <term tid="t_105" lemma="de" type="open">
      <span>
        <target id="w_105"/>
      </span>
    </term>
    <term tid="t_106" lemma="kamer" type="open">
      <span>
        <target id="w_106"/>
      </span>
    </term>
    <term tid="t_107" lemma="schieten" type="open">
      <span>
        <target id="w_107"/>
      </span>
    </term>
    <term tid="t_108" lemma="echt" type="open">
      <span>
        <target id="w_108"/>
      </span>
      <sentiment sentiment_modifier="intensifier" resource="VUA_olery_lexicon_nl_lmf"/>
    </term>
    <term tid="t_109" lemma="de" type="open">
      <span>
        <target id="w_109"/>
      </span>
    </term>
    <term tid="t_110" lemma="tranen" type="open">
      <span>
        <target id="w_110"/>
      </span>
    </term>
    <term tid="t_111" lemma="in" type="open">
      <span>
        <target id="w_111"/>
      </span>
    </term>
    <term tid="t_112" lemma="je" type="open">
      <span>
        <target id="w_112"/>
      </span>
    </term>
    <term tid="t_113" lemma="ogen" type="open">
      <span>
        <target id="w_113"/>
      </span>
    </term>
    <term tid="t_114" lemma="." type="open">
      <span>
        <target id="w_114"/>
      </span>
    </term>
    <term tid="t_115" lemma="een" type="open">
      <span>
        <target id="w_115"/>
      </span>
    </term>
    <term tid="t_116" lemma="toilet" type="open">
      <span>
        <target id="w_116"/>
      </span>
    </term>
    <term tid="t_117" lemma="waar" type="open">
      <span>
        <target id="w_117"/>
      </span>
    </term>
    <term tid="t_118" lemma="je" type="open">
      <span>
        <target id="w_118"/>
      </span>
    </term>
    <term tid="t_119" lemma="niet" type="open">
      <span>
        <target id="w_119"/>
      </span>
      <sentiment sentiment_modifier="shifter" resource="VUA_olery_lexicon_nl_lmf"/>
    </term>
    <term tid="t_120" lemma="de" type="open">
      <span>
        <target id="w_120"/>
      </span>
    </term>
    <term tid="t_121" lemma="doorspoelknop" type="open">
      <span>
        <target id="w_121"/>
      </span>
    </term>
    <term tid="t_122" lemma="kunt" type="open">
      <span>
        <target id="w_122"/>
      </span>
    </term>
    <term tid="t_123" lemma="vinden" type="open">
      <span>
        <target id="w_123"/>
      </span>
    </term>
    <term tid="t_124" lemma="," type="open">
      <span>
        <target id="w_124"/>
      </span>
    </term>
    <term tid="t_125" lemma="uiteindelijk" type="open">
      <span>
        <target id="w_125"/>
      </span>
    </term>
    <term tid="t_126" lemma="wel" type="open">
      <span>
        <target id="w_126"/>
      </span>
    </term>
    <term tid="t_127" lemma="gevonden" type="open">
      <span>
        <target id="w_127"/>
      </span>
    </term>
    <term tid="t_128" lemma="," type="open">
      <span>
        <target id="w_128"/>
      </span>
    </term>
    <term tid="t_129" lemma="verstopt" type="open">
      <span>
        <target id="w_129"/>
      </span>
    </term>
    <term tid="t_130" lemma="achter" type="open">
      <span>
        <target id="w_130"/>
      </span>
    </term>
    <term tid="t_131" lemma="een" type="open">
      <span>
        <target id="w_131"/>
      </span>
    </term>
    <term tid="t_132" lemma="plank" type="open">
      <span>
        <target id="w_132"/>
      </span>
    </term>
    <term tid="t_133" lemma="." type="open">
      <span>
        <target id="w_133"/>
      </span>
    </term>
    <term tid="t_134" lemma="je" type="open">
      <span>
        <target id="w_134"/>
      </span>
    </term>
    <term tid="t_135" lemma="moest" type="open">
      <span>
        <target id="w_135"/>
      </span>
    </term>
    <term tid="t_136" lemma="dus" type="open">
      <span>
        <target id="w_136"/>
      </span>
    </term>
    <term tid="t_137" lemma="met" type="open">
      <span>
        <target id="w_137"/>
      </span>
    </term>
    <term tid="t_138" lemma="je" type="open">
      <span>
        <target id="w_138"/>
      </span>
    </term>
    <term tid="t_139" lemma="neus" type="open">
      <span>
        <target id="w_139"/>
      </span>
    </term>
    <term tid="t_140" lemma="boven" type="open">
      <span>
        <target id="w_140"/>
      </span>
    </term>
    <term tid="t_141" lemma="de" type="open">
      <span>
        <target id="w_141"/>
      </span>
    </term>
    <term tid="t_142" lemma="toiletpot" type="open">
      <span>
        <target id="w_142"/>
      </span>
    </term>
    <term tid="t_143" lemma="doorspoelen" type="open">
      <span>
        <target id="w_143"/>
      </span>
    </term>
    <term tid="t_144" lemma="," type="open">
      <span>
        <target id="w_144"/>
      </span>
    </term>
    <term tid="t_145" lemma="gatsie" type="open">
      <span>
        <target id="w_145"/>
      </span>
    </term>
    <term tid="t_146" lemma="!" type="open">
      <span>
        <target id="w_146"/>
      </span>
      <sentiment sentiment_modifier="intensifier" resource="VUA_olery_lexicon_nl_lmf"/>
    </term>
    <term tid="t_147" lemma="2" type="open">
      <span>
        <target id="w_147"/>
      </span>
    </term>
    <term tid="t_148" lemma="plastic" type="open">
      <span>
        <target id="w_148"/>
      </span>
    </term>
    <term tid="t_149" lemma="bekertjes" type="open">
      <span>
        <target id="w_149"/>
      </span>
    </term>
    <term tid="t_150" lemma="," type="open">
      <span>
        <target id="w_150"/>
      </span>
    </term>
    <term tid="t_151" lemma="waar" type="open">
      <span>
        <target id="w_151"/>
      </span>
    </term>
    <term tid="t_152" lemma="je" type="open">
      <span>
        <target id="w_152"/>
      </span>
    </term>
    <term tid="t_153" lemma="tandenborstels" type="open">
      <span>
        <target id="w_153"/>
      </span>
    </term>
    <term tid="t_154" lemma="niet" type="open">
      <span>
        <target id="w_154"/>
      </span>
      <sentiment sentiment_modifier="shifter" resource="VUA_olery_lexicon_nl_lmf"/>
    </term>
    <term tid="t_155" lemma="goed" type="open" pos="G">
      <span>
        <target id="w_155"/>
      </span>
      <sentiment polarity="positive" resource="VUA_olery_lexicon_nl_lmf"/>
    </term>
    <term tid="t_156" lemma="in" type="open">
      <span>
        <target id="w_156"/>
      </span>
    </term>
    <term tid="t_157" lemma="blijven" type="open">
      <span>
        <target id="w_157"/>
      </span>
    </term>
    <term tid="t_158" lemma="staan" type="open">
      <span>
        <target id="w_158"/>
      </span>
    </term>
    <term tid="t_159" lemma="." type="open">
      <span>
        <target id="w_159"/>
      </span>
    </term>
    <term tid="t_160" lemma="een" type="open">
      <span>
        <target id="w_160"/>
      </span>
    </term>
    <term tid="t_161" lemma="veel" type="open">
      <span>
        <target id="w_161"/>
      </span>
    </term>
    <term tid="t_162" lemma="te" type="open">
      <span>
        <target id="w_162"/>
      </span>
    </term>
    <term tid="t_163" lemma="hoge" type="open">
      <span>
        <target id="w_163"/>
      </span>
    </term>
    <term tid="t_164" lemma="instap" type="open">
      <span>
        <target id="w_164"/>
      </span>
    </term>
    <term tid="t_165" lemma="in" type="open">
      <span>
        <target id="w_165"/>
      </span>
    </term>
    <term tid="t_166" lemma="het" type="open">
      <span>
        <target id="w_166"/>
      </span>
    </term>
    <term tid="t_167" lemma="bad" type="open">
      <span>
        <target id="w_167"/>
      </span>
    </term>
    <term tid="t_168" lemma="om" type="open">
      <span>
        <target id="w_168"/>
      </span>
    </term>
    <term tid="t_169" lemma="te" type="open">
      <span>
        <target id="w_169"/>
      </span>
    </term>
    <term tid="t_170" lemma="douchen" type="open">
      <span>
        <target id="w_170"/>
      </span>
    </term>
    <term tid="t_171" lemma="." type="open">
      <span>
        <target id="w_171"/>
      </span>
    </term>
    <term tid="t_172" lemma="een" type="open">
      <span>
        <target id="w_172"/>
      </span>
    </term>
    <term tid="t_173" lemma="stoeltje" type="open">
      <span>
        <target id="w_173"/>
      </span>
    </term>
    <term tid="t_174" lemma="wat" type="open">
      <span>
        <target id="w_174"/>
      </span>
    </term>
    <term tid="t_175" lemma="nog" type="open">
      <span>
        <target id="w_175"/>
      </span>
    </term>
    <term tid="t_176" lemma="te" type="open">
      <span>
        <target id="w_176"/>
      </span>
    </term>
    <term tid="t_177" lemma="vies" type="open" pos="G">
      <span>
        <target id="w_177"/>
      </span>
      <sentiment polarity="negative" resource="VUA_olery_lexicon_nl_lmf"/>
    </term>
    <term tid="t_178" lemma="was" type="open">
      <span>
        <target id="w_178"/>
      </span>
    </term>
    <term tid="t_179" lemma="om" type="open">
      <span>
        <target id="w_179"/>
      </span>
    </term>
    <term tid="t_180" lemma="je" type="open">
      <span>
        <target id="w_180"/>
      </span>
    </term>
    <term tid="t_181" lemma="kleding" type="open">
      <span>
        <target id="w_181"/>
      </span>
    </term>
    <term tid="t_182" lemma="op" type="open">
      <span>
        <target id="w_182"/>
      </span>
    </term>
    <term tid="t_183" lemma="te" type="open">
      <span>
        <target id="w_183"/>
      </span>
    </term>
    <term tid="t_184" lemma="leggen" type="open">
      <span>
        <target id="w_184"/>
      </span>
    </term>
    <term tid="t_185" lemma="." type="open">
      <span>
        <target id="w_185"/>
      </span>
    </term>
    <term tid="t_186" lemma="geen" type="open">
      <span>
        <target id="w_186"/>
      </span>
      <sentiment sentiment_modifier="shifter" resource="VUA_olery_lexicon_nl_lmf"/>
    </term>
    <term tid="t_187" lemma="raam" type="open">
      <span>
        <target id="w_187"/>
      </span>
    </term>
    <term tid="t_188" lemma="kan" type="open">
      <span>
        <target id="w_188"/>
      </span>
    </term>
    <term tid="t_189" lemma="open" type="open">
      <span>
        <target id="w_189"/>
      </span>
    </term>
    <term tid="t_190" lemma="voor" type="open">
      <span>
        <target id="w_190"/>
      </span>
    </term>
    <term tid="t_191" lemma="een" type="open">
      <span>
        <target id="w_191"/>
      </span>
    </term>
    <term tid="t_192" lemma="beetje" type="open">
      <span>
        <target id="w_192"/>
      </span>
    </term>
    <term tid="t_193" lemma="frisse" type="open">
      <span>
        <target id="w_193"/>
      </span>
    </term>
    <term tid="t_194" lemma="lucht" type="open">
      <span>
        <target id="w_194"/>
      </span>
    </term>
    <term tid="t_195" lemma="en" type="open">
      <span>
        <target id="w_195"/>
      </span>
    </term>
    <term tid="t_196" lemma="last" type="open" pos="N">
      <span>
        <target id="w_196"/>
      </span>
      <sentiment polarity="negative" resource="VUA_olery_lexicon_nl_lmf"/>
    </term>
    <term tid="t_197" lemma="but" type="open">
      <span>
        <target id="w_197"/>
      </span>
    </term>
    <term tid="t_198" lemma="not" type="open">
      <span>
        <target id="w_198"/>
      </span>
    </term>
    <term tid="t_199" lemma="least" type="open">
      <span>
        <target id="w_199"/>
      </span>
    </term>
    <term tid="t_200" lemma="," type="open">
      <span>
        <target id="w_200"/>
      </span>
    </term>
    <term tid="t_201" lemma="in" type="open">
      <span>
        <target id="w_201"/>
      </span>
    </term>
    <term tid="t_202" lemma="de" type="open">
      <span>
        <target id="w_202"/>
      </span>
    </term>
    <term tid="t_203" lemma="vieze" type="open">
      <span>
        <target id="w_203"/>
      </span>
    </term>
    <term tid="t_204" lemma="vloerbedekking" type="open">
      <span>
        <target id="w_204"/>
      </span>
    </term>
    <term tid="t_205" lemma="zagen" type="open">
      <span>
        <target id="w_205"/>
      </span>
    </term>
    <term tid="t_206" lemma="we" type="open">
      <span>
        <target id="w_206"/>
      </span>
    </term>
    <term tid="t_207" lemma="de" type="open">
      <span>
        <target id="w_207"/>
      </span>
    </term>
    <term tid="t_208" lemma="afdruk" type="open">
      <span>
        <target id="w_208"/>
      </span>
    </term>
    <term tid="t_209" lemma="van" type="open">
      <span>
        <target id="w_209"/>
      </span>
    </term>
    <term tid="t_210" lemma="een" type="open">
      <span>
        <target id="w_210"/>
      </span>
    </term>
    <term tid="t_211" lemma="peuk" type="open" pos="N">
      <span>
        <target id="w_211"/>
      </span>
      <sentiment polarity="negative" resource="VUA_olery_lexicon_nl_lmf"/>
    </term>
    <term tid="t_212" lemma="." type="open">
      <span>
        <target id="w_212"/>
      </span>
    </term>
    <term tid="t_213" lemma="echt" type="open">
      <span>
        <target id="w_213"/>
      </span>
      <sentiment sentiment_modifier="intensifier" resource="VUA_olery_lexicon_nl_lmf"/>
    </term>
    <term tid="t_214" lemma="te" type="open">
      <span>
        <target id="w_214"/>
      </span>
    </term>
    <term tid="t_215" lemma="vies" type="open" pos="G">
      <span>
        <target id="w_215"/>
      </span>
      <sentiment polarity="negative" resource="VUA_olery_lexicon_nl_lmf"/>
    </term>
    <term tid="t_216" lemma="om" type="open">
      <span>
        <target id="w_216"/>
      </span>
    </term>
    <term tid="t_217" lemma="op" type="open">
      <span>
        <target id="w_217"/>
      </span>
    </term>
    <term tid="t_218" lemma="je" type="open">
      <span>
        <target id="w_218"/>
      </span>
    </term>
    <term tid="t_219" lemma="blote" type="open">
      <span>
        <target id="w_219"/>
      </span>
    </term>
    <term tid="t_220" lemma="voeten" type="open">
      <span>
        <target id="w_220"/>
      </span>
    </term>
    <term tid="t_221" lemma="te" type="open">
      <span>
        <target id="w_221"/>
      </span>
    </term>
    <term tid="t_222" lemma="lopen" type="open">
      <span>
        <target id="w_222"/>
      </span>
    </term>
    <term tid="t_223" lemma="." type="open">
      <span>
        <target id="w_223"/>
      </span>
    </term>
    <term tid="t_224" lemma="dit" type="open">
      <span>
        <target id="w_224"/>
      </span>
    </term>
    <term tid="t_225" lemma="hotel" type="open">
      <span>
        <target id="w_225"/>
      </span>
    </term>
    <term tid="t_226" lemma="is" type="open">
      <span>
        <target id="w_226"/>
      </span>
    </term>
    <term tid="t_227" lemma="voor" type="open">
      <span>
        <target id="w_227"/>
      </span>
    </term>
    <term tid="t_228" lemma="ons" type="open">
      <span>
        <target id="w_228"/>
      </span>
    </term>
    <term tid="t_229" lemma="geen" type="open">
      <span>
        <target id="w_229"/>
      </span>
      <sentiment sentiment_modifier="shifter" resource="VUA_olery_lexicon_nl_lmf"/>
    </term>
    <term tid="t_230" lemma="4" type="open">
      <span>
        <target id="w_230"/>
      </span>
    </term>
    <term tid="t_231" lemma="sterren" type="open">
      <span>
        <target id="w_231"/>
      </span>
    </term>
    <term tid="t_232" lemma="waard" type="open">
      <span>
        <target id="w_232"/>
      </span>
    </term>
    <term tid="t_233" lemma="." type="open">
      <span>
        <target id="w_233"/>
      </span>
    </term>
    <term tid="t_234" lemma="wel" type="open">
      <span>
        <target id="w_234"/>
      </span>
    </term>
    <term tid="t_235" lemma="een" type="open">
      <span>
        <target id="w_235"/>
      </span>
    </term>
    <term tid="t_236" lemma="pluspunt" type="open" pos="N">
      <span>
        <target id="w_236"/>
      </span>
      <sentiment polarity="positive" resource="VUA_olery_lexicon_nl_lmf"/>
    </term>
    <term tid="t_237" lemma="," type="open">
      <span>
        <target id="w_237"/>
      </span>
    </term>
    <term tid="t_238" lemma="inderdaad" type="open">
      <span>
        <target id="w_238"/>
      </span>
    </term>
    <term tid="t_239" lemma="heel" type="open">
      <span>
        <target id="w_239"/>
      </span>
      <sentiment sentiment_modifier="intensifier" resource="VUA_olery_lexicon_nl_lmf"/>
    </term>
    <term tid="t_240" lemma="centraal" type="open" pos="G">
      <span>
        <target id="w_240"/>
      </span>
      <sentiment polarity="positive" resource="VUA_olery_lexicon_nl_lmf"/>
    </term>
    <term tid="t_241" lemma="gelegen" type="open">
      <span>
        <target id="w_241"/>
      </span>
    </term>
    <term tid="t_242" lemma="." type="open">
      <span>
        <target id="w_242"/>
      </span>
    </term>
    <term tid="t_243" lemma="misschien" type="open">
      <span>
        <target id="w_243"/>
      </span>
    </term>
    <term tid="t_244" lemma="zijn" type="open">
      <span>
        <target id="w_244"/>
      </span>
    </term>
    <term tid="t_245" lemma="er" type="open">
      <span>
        <target id="w_245"/>
      </span>
    </term>
    <term tid="t_246" lemma="mooiere" type="open">
      <span>
        <target id="w_246"/>
      </span>
    </term>
    <term tid="t_247" lemma="kamers" type="open">
      <span>
        <target id="w_247"/>
      </span>
    </term>
    <term tid="t_248" lemma="," type="open">
      <span>
        <target id="w_248"/>
      </span>
    </term>
    <term tid="t_249" lemma="jammer" type="open" pos="G">
      <span>
        <target id="w_249"/>
      </span>
      <sentiment polarity="negative" resource="VUA_olery_lexicon_nl_lmf"/>
    </term>
    <term tid="t_250" lemma="dat" type="open">
      <span>
        <target id="w_250"/>
      </span>
    </term>
    <term tid="t_251" lemma="wij" type="open">
      <span>
        <target id="w_251"/>
      </span>
    </term>
    <term tid="t_252" lemma="die" type="open">
      <span>
        <target id="w_252"/>
      </span>
    </term>
    <term tid="t_253" lemma="niet" type="open">
      <span>
        <target id="w_253"/>
      </span>
      <sentiment sentiment_modifier="shifter" resource="VUA_olery_lexicon_nl_lmf"/>
    </term>
    <term tid="t_254" lemma="hebben" type="open">
      <span>
        <target id="w_254"/>
      </span>
    </term>
    <term tid="t_255" lemma="gehad" type="open">
      <span>
        <target id="w_255"/>
      </span>
    </term>
    <term tid="t_256" lemma="." type="open">
      <span>
        <target id="w_256"/>
      </span>
    </term>
  </terms>
  <entities>
    <entity type="PER" eid="e_1">
      <span>
        <target id="t_73"/>
      </span>
      <span>
        <target id="t_206"/>
      </span>
    </entity>
    <entity type="PER" eid="e_2">
      <span>
        <target id="t_140"/>
      </span>
    </entity>
    <entity type="PER" eid="e_3">
      <span>
        <target id="t_147"/>
      </span>
    </entity>
    <entity type="MISC" eid="e_4">
      <span>
        <target id="t_244"/>
      </span>
    </entity>
    <entity type="LOC" eid="e_5">
      <span>
        <target id="t_240"/>
      </span>
    </entity>
    <entity type="ORG" eid="e_6">
      <span>
        <target id="t_85"/>
      </span>
      <span>
        <target id="t_106"/>
      </span>
    </entity>
    <entity type="ORG" eid="e_7">
      <span>
        <target id="t_39"/>
      </span>
    </entity>
    <entity type="MISC" eid="e_8">
      <span>
        <target id="t_189"/>
      </span>
    </entity>
  </entities>
  <properties>
    <property type="value_for_money" pid="p_1">
      <span>
        <target id="t_71"/>
      </span>
      <span>
        <target id="t_89"/>
      </span>
    </property>
    <property type="bathroom" pid="p_2">
      <span>
        <target id="t_116"/>
      </span>
      <span>
        <target id="t_167"/>
      </span>
      <span>
        <target id="t_170"/>
      </span>
    </property>
    <property type="room" pid="p_3">
      <span>
        <target id="t_85"/>
      </span>
      <span>
        <target id="t_106"/>
      </span>
      <span>
        <target id="t_204"/>
      </span>
    </property>
    <property type="cleanliness" pid="p_4">
      <span>
        <target id="t_177"/>
      </span>
      <span>
        <target id="t_211"/>
      </span>
      <span>
        <target id="t_215"/>
      </span>
    </property>
    <property type="facilities" pid="p_5">
      <span>
        <target id="t_82"/>
      </span>
    </property>
    <property type="location" pid="p_6">
      <span>
        <target id="t_240"/>
      </span>
    </property>
    <property type="parking" pid="p_7">
      <span>
        <target id="t_15"/>
      </span>
      <span>
        <target id="t_49"/>
      </span>
    </property>
    <property type="staff" pid="p_8">
      <span>
        <target id="t_65"/>
      </span>
      <span>
        <target id="t_99"/>
      </span>
      <span>
        <target id="t_100"/>
      </span>
    </property>
  </properties>
  <opinions>
    <opinion oid="o_1">
      <opinion_target>
        <span>
          <target id="t_2"/>
        </span>
      </opinion_target>
      <opinion_expression polarity="positive" strength="1">
        <span>
          <target id="t_4"/>
        </span>
      </opinion_expression>
    </opinion>
    <opinion oid="o_2">
      <opinion_target>
        <span>
          <target id="t_14"/>
        </span>
      </opinion_target>
      <opinion_expression polarity="negative" strength="-1">
        <span>
          <target id="t_11"/>
        </span>
      </opinion_expression>
    </opinion>
    <opinion oid="o_3">
      <opinion_target>
        <span>
          <target id="t_21"/>
        </span>
      </opinion_target>
      <opinion_expression polarity="negative" strength="-1">
        <span>
          <target id="t_20"/>
          <target id="t_19"/>
        </span>
      </opinion_expression>
    </opinion>
    <opinion oid="o_4">
      <opinion_target>
        <span>
          <target id="t_60"/>
        </span>
      </opinion_target>
      <opinion_expression polarity="negative" strength="-1">
        <span>
          <target id="t_59"/>
          <target id="t_58"/>
        </span>
      </opinion_expression>
    </opinion>
    <opinion oid="o_5">
      <opinion_target>
        <span>
          <target id="t_157"/>
        </span>
      </opinion_target>
      <opinion_expression polarity="negative" strength="-1">
        <span>
          <target id="t_155"/>
          <target id="t_154"/>
        </span>
      </opinion_expression>
    </opinion>
    <opinion oid="o_6">
      <opinion_target>
        <span>
          <target id="t_173"/>
        </span>
      </opinion_target>
      <opinion_expression polarity="negative" strength="-1">
        <span>
          <target id="t_177"/>
        </span>
      </opinion_expression>
    </opinion>
    <opinion oid="o_7">
      <opinion_holder>
        <span>
          <target id="t_206"/>
        </span>
      </opinion_holder>
      <opinion_target>
        <span>
          <target id="t_197"/>
        </span>
      </opinion_target>
      <opinion_expression polarity="negative" strength="-1">
        <span>
          <target id="t_196"/>
        </span>
      </opinion_expression>
    </opinion>
    <opinion oid="o_8">
      <opinion_holder>
        <span>
          <target id="t_206"/>
        </span>
      </opinion_holder>
      <opinion_target>
        <span>
          <target id="t_208"/>
        </span>
      </opinion_target>
      <opinion_expression polarity="negative" strength="-1">
        <span>
          <target id="t_211"/>
        </span>
      </opinion_expression>
    </opinion>
    <opinion oid="o_9">
      <opinion_target>
        <span>
          <target id="t_213"/>
        </span>
      </opinion_target>
      <opinion_expression polarity="negative" strength="-1">
        <span>
          <target id="t_215"/>
        </span>
      </opinion_expression>
    </opinion>
    <opinion oid="o_10">
      <opinion_target>
        <span>
          <target id="t_238"/>
        </span>
      </opinion_target>
      <opinion_expression polarity="positive" strength="1">
        <span>
          <target id="t_236"/>
        </span>
      </opinion_expression>
    </opinion>
    <opinion oid="o_11">
      <opinion_target>
        <span>
          <target id="t_241"/>
        </span>
      </opinion_target>
      <opinion_expression polarity="positive" strength="2">
        <span>
          <target id="t_240"/>
          <target id="t_239"/>
        </span>
      </opinion_expression>
    </opinion>
    <opinion oid="o_12">
      <opinion_target>
        <span>
          <target id="t_251"/>
        </span>
      </opinion_target>
      <opinion_expression polarity="negative" strength="-1">
        <span>
          <target id="t_249"/>
        </span>
      </opinion_expression>
    </opinion>
  </opinions>
</KAF>
