<?xml version='1.0' encoding='UTF-8'?>
<KAF xml:lang="nl">
  <linguisticProcessors layer="text">
    <lp timestamp="2013-01-06T18:32:05CET" version="2.0" name="SentenceTokenizer"/>
  </linguisticProcessors>
  <linguisticProcessors layer="terms">
    <lp timestamp="2013-01-06T18:32:05CET" version="2.0" name="SentenceTokenizer"/>
    <lp timestamp="2013-01-06T18:32:05CET" version="1.0" name="SimplePolarityTagger"/>
  </linguisticProcessors>
  <linguisticProcessor layer="opinions">
    <lp timestamp="2013-01-06T18:32:05CET" version="1.0" name="SimpleOpinionDetector"/>
  </linguisticProcessor>
  <linguisticProcessor layer="properties">
    <lp timestamp="2013-01-06T18:32:05CET" version="1.0" name="SimplePropRecognizer_lookup"/>
  </linguisticProcessor>
  <linguisticProcessor layer="entities">
    <lp timestamp="2013-01-06T18:32:05CET" version="1.0" name="SimpleNER_lookup"/>
  </linguisticProcessor>
  <text>
    <wf wid="w_1" para="1" sent="1">Wederom</wf>
    <wf wid="w_2" para="1" sent="1">een</wf>
    <wf wid="w_3" para="1" sent="1">nacht</wf>
    <wf wid="w_4" para="1" sent="1">in</wf>
    <wf wid="w_5" para="1" sent="1">dit</wf>
    <wf wid="w_6" para="1" sent="1">prachtige</wf>
    <wf wid="w_7" para="1" sent="1">hotel</wf>
    <wf wid="w_8" para="1" sent="1">doorgebracht</wf>
    <wf wid="w_9" para="1" sent="1">.</wf>
    <wf wid="w_10" para="1" sent="2">We</wf>
    <wf wid="w_11" para="1" sent="2">sliepen</wf>
    <wf wid="w_12" para="1" sent="2">in</wf>
    <wf wid="w_13" para="1" sent="2">het</wf>
    <wf wid="w_14" para="1" sent="2">oude</wf>
    <wf wid="w_15" para="1" sent="2">gedeelte</wf>
    <wf wid="w_16" para="1" sent="2">,</wf>
    <wf wid="w_17" para="1" sent="2">maar</wf>
    <wf wid="w_18" para="1" sent="2">de</wf>
    <wf wid="w_19" para="1" sent="2">kamers</wf>
    <wf wid="w_20" para="1" sent="2">daar</wf>
    <wf wid="w_21" para="1" sent="2">zijn</wf>
    <wf wid="w_22" para="1" sent="2">nog</wf>
    <wf wid="w_23" para="1" sent="2">steeds</wf>
    <wf wid="w_24" para="1" sent="2">uitstekend</wf>
    <wf wid="w_25" para="1" sent="2">!</wf>
    <wf wid="w_26" para="1" sent="3">Ontbijt</wf>
    <wf wid="w_27" para="1" sent="3">in</wf>
    <wf wid="w_28" para="1" sent="3">de</wf>
    <wf wid="w_29" para="1" sent="3">nieuwbouw</wf>
    <wf wid="w_30" para="1" sent="3">,</wf>
    <wf wid="w_31" para="1" sent="3">en</wf>
    <wf wid="w_32" para="1" sent="3">dat</wf>
    <wf wid="w_33" para="1" sent="3">was</wf>
    <wf wid="w_34" para="1" sent="3">ook</wf>
    <wf wid="w_35" para="1" sent="3">weer</wf>
    <wf wid="w_36" para="1" sent="3">perfect</wf>
    <wf wid="w_37" para="1" sent="3">,</wf>
    <wf wid="w_38" para="1" sent="3">alloes</wf>
    <wf wid="w_39" para="1" sent="3">wat</wf>
    <wf wid="w_40" para="1" sent="3">je</wf>
    <wf wid="w_41" para="1" sent="3">maar</wf>
    <wf wid="w_42" para="1" sent="3">wilt</wf>
    <wf wid="w_43" para="1" sent="3">kun</wf>
    <wf wid="w_44" para="1" sent="3">je</wf>
    <wf wid="w_45" para="1" sent="3">halen</wf>
    <wf wid="w_46" para="1" sent="3">bij</wf>
    <wf wid="w_47" para="1" sent="3">het</wf>
    <wf wid="w_48" para="1" sent="3">zelf</wf>
    <wf wid="w_49" para="1" sent="3">bedienings</wf>
    <wf wid="w_50" para="1" sent="3">buffet</wf>
    <wf wid="w_51" para="1" sent="3">.</wf>
    <wf wid="w_52" para="1" sent="4">Geboekt</wf>
    <wf wid="w_53" para="1" sent="4">bij</wf>
    <wf wid="w_54" para="1" sent="4">hotels</wf>
    <wf wid="w_55" para="1" sent="4">.</wf>
    <wf wid="w_56" para="1" sent="5">nl</wf>
    <wf wid="w_57" para="1" sent="5">,</wf>
    <wf wid="w_58" para="1" sent="5">een</wf>
    <wf wid="w_59" para="1" sent="5">nacht</wf>
    <wf wid="w_60" para="1" sent="5">voor</wf>
    <wf wid="w_61" para="1" sent="5">80</wf>
    <wf wid="w_62" para="1" sent="5">euro</wf>
    <wf wid="w_63" para="1" sent="5">incl</wf>
    <wf wid="w_64" para="1" sent="5">.</wf>
    <wf wid="w_65" para="1" sent="6">alles</wf>
    <wf wid="w_66" para="1" sent="6">,</wf>
    <wf wid="w_67" para="1" sent="6">met</wf>
    <wf wid="w_68" para="1" sent="6">z</wf>
    <wf wid="w_69" para="1" sent="6">'n</wf>
    <wf wid="w_70" para="1" sent="6">drieen</wf>
    <wf wid="w_71" para="1" sent="6">,</wf>
    <wf wid="w_72" para="1" sent="6">wat</wf>
    <wf wid="w_73" para="1" sent="6">wil</wf>
    <wf wid="w_74" para="1" sent="6">je</wf>
    <wf wid="w_75" para="1" sent="6">nog</wf>
    <wf wid="w_76" para="1" sent="6">meer</wf>
    <wf wid="w_77" para="1" sent="6">?</wf>
  </text>
  <terms>
    <term tid="t_1" lemma="wederom" type="open">
      <span>
        <target id="w_1"/>
      </span>
    </term>
    <term tid="t_2" lemma="een" type="open">
      <span>
        <target id="w_2"/>
      </span>
    </term>
    <term tid="t_3" lemma="nacht" type="open">
      <span>
        <target id="w_3"/>
      </span>
    </term>
    <term tid="t_4" lemma="in" type="open">
      <span>
        <target id="w_4"/>
      </span>
    </term>
    <term tid="t_5" lemma="dit" type="open">
      <span>
        <target id="w_5"/>
      </span>
    </term>
    <term tid="t_6" lemma="prachtige" type="open">
      <span>
        <target id="w_6"/>
      </span>
    </term>
    <term tid="t_7" lemma="hotel" type="open">
      <span>
        <target id="w_7"/>
      </span>
    </term>
    <term tid="t_8" lemma="doorgebracht" type="open">
      <span>
        <target id="w_8"/>
      </span>
    </term>
    <term tid="t_9" lemma="." type="open">
      <span>
        <target id="w_9"/>
      </span>
    </term>
    <term tid="t_10" lemma="we" type="open">
      <span>
        <target id="w_10"/>
      </span>
    </term>
    <term tid="t_11" lemma="sliepen" type="open">
      <span>
        <target id="w_11"/>
      </span>
    </term>
    <term tid="t_12" lemma="in" type="open">
      <span>
        <target id="w_12"/>
      </span>
    </term>
    <term tid="t_13" lemma="het" type="open">
      <span>
        <target id="w_13"/>
      </span>
    </term>
    <term tid="t_14" lemma="oude" type="open">
      <span>
        <target id="w_14"/>
      </span>
    </term>
    <term tid="t_15" lemma="gedeelte" type="open">
      <span>
        <target id="w_15"/>
      </span>
    </term>
    <term tid="t_16" lemma="," type="open">
      <span>
        <target id="w_16"/>
      </span>
    </term>
    <term tid="t_17" lemma="maar" type="open">
      <span>
        <target id="w_17"/>
      </span>
    </term>
    <term tid="t_18" lemma="de" type="open">
      <span>
        <target id="w_18"/>
      </span>
    </term>
    <term tid="t_19" lemma="kamers" type="open">
      <span>
        <target id="w_19"/>
      </span>
    </term>
    <term tid="t_20" lemma="daar" type="open">
      <span>
        <target id="w_20"/>
      </span>
    </term>
    <term tid="t_21" lemma="zijn" type="open">
      <span>
        <target id="w_21"/>
      </span>
    </term>
    <term tid="t_22" lemma="nog" type="open">
      <span>
        <target id="w_22"/>
      </span>
    </term>
    <term tid="t_23" lemma="steeds" type="open">
      <span>
        <target id="w_23"/>
      </span>
      <sentiment sentiment_modifier="intensifier" resource="VUA_olery_lexicon_nl_lmf"/>
    </term>
    <term tid="t_24" lemma="uitstekend" type="open" pos="G">
      <span>
        <target id="w_24"/>
      </span>
      <sentiment polarity="positive" resource="VUA_olery_lexicon_nl_lmf"/>
    </term>
    <term tid="t_25" lemma="!" type="open">
      <span>
        <target id="w_25"/>
      </span>
      <sentiment sentiment_modifier="intensifier" resource="VUA_olery_lexicon_nl_lmf"/>
    </term>
    <term tid="t_26" lemma="ontbijt" type="open">
      <span>
        <target id="w_26"/>
      </span>
    </term>
    <term tid="t_27" lemma="in" type="open">
      <span>
        <target id="w_27"/>
      </span>
    </term>
    <term tid="t_28" lemma="de" type="open">
      <span>
        <target id="w_28"/>
      </span>
    </term>
    <term tid="t_29" lemma="nieuwbouw" type="open">
      <span>
        <target id="w_29"/>
      </span>
    </term>
    <term tid="t_30" lemma="," type="open">
      <span>
        <target id="w_30"/>
      </span>
    </term>
    <term tid="t_31" lemma="en" type="open">
      <span>
        <target id="w_31"/>
      </span>
    </term>
    <term tid="t_32" lemma="dat" type="open">
      <span>
        <target id="w_32"/>
      </span>
    </term>
    <term tid="t_33" lemma="was" type="open">
      <span>
        <target id="w_33"/>
      </span>
    </term>
    <term tid="t_34" lemma="ook" type="open">
      <span>
        <target id="w_34"/>
      </span>
    </term>
    <term tid="t_35" lemma="weer" type="open">
      <span>
        <target id="w_35"/>
      </span>
    </term>
    <term tid="t_36" lemma="perfect" type="open" pos="G">
      <span>
        <target id="w_36"/>
      </span>
      <sentiment polarity="positive" resource="VUA_olery_lexicon_nl_lmf"/>
    </term>
    <term tid="t_37" lemma="," type="open">
      <span>
        <target id="w_37"/>
      </span>
    </term>
    <term tid="t_38" lemma="alloes" type="open">
      <span>
        <target id="w_38"/>
      </span>
    </term>
    <term tid="t_39" lemma="wat" type="open">
      <span>
        <target id="w_39"/>
      </span>
    </term>
    <term tid="t_40" lemma="je" type="open">
      <span>
        <target id="w_40"/>
      </span>
    </term>
    <term tid="t_41" lemma="maar" type="open">
      <span>
        <target id="w_41"/>
      </span>
    </term>
    <term tid="t_42" lemma="wilt" type="open">
      <span>
        <target id="w_42"/>
      </span>
    </term>
    <term tid="t_43" lemma="kun" type="open">
      <span>
        <target id="w_43"/>
      </span>
    </term>
    <term tid="t_44" lemma="je" type="open">
      <span>
        <target id="w_44"/>
      </span>
    </term>
    <term tid="t_45" lemma="halen" type="open">
      <span>
        <target id="w_45"/>
      </span>
    </term>
    <term tid="t_46" lemma="bij" type="open">
      <span>
        <target id="w_46"/>
      </span>
    </term>
    <term tid="t_47" lemma="het" type="open">
      <span>
        <target id="w_47"/>
      </span>
    </term>
    <term tid="t_48" lemma="zelf" type="open">
      <span>
        <target id="w_48"/>
      </span>
    </term>
    <term tid="t_49" lemma="bedienings" type="open">
      <span>
        <target id="w_49"/>
      </span>
    </term>
    <term tid="t_50" lemma="buffet" type="open">
      <span>
        <target id="w_50"/>
      </span>
    </term>
    <term tid="t_51" lemma="." type="open">
      <span>
        <target id="w_51"/>
      </span>
    </term>
    <term tid="t_52" lemma="geboekt" type="open">
      <span>
        <target id="w_52"/>
      </span>
    </term>
    <term tid="t_53" lemma="bij" type="open">
      <span>
        <target id="w_53"/>
      </span>
    </term>
    <term tid="t_54" lemma="hotels" type="open">
      <span>
        <target id="w_54"/>
      </span>
    </term>
    <term tid="t_55" lemma="." type="open">
      <span>
        <target id="w_55"/>
      </span>
    </term>
    <term tid="t_56" lemma="nl" type="open">
      <span>
        <target id="w_56"/>
      </span>
    </term>
    <term tid="t_57" lemma="," type="open">
      <span>
        <target id="w_57"/>
      </span>
    </term>
    <term tid="t_58" lemma="een" type="open">
      <span>
        <target id="w_58"/>
      </span>
    </term>
    <term tid="t_59" lemma="nacht" type="open">
      <span>
        <target id="w_59"/>
      </span>
    </term>
    <term tid="t_60" lemma="voor" type="open">
      <span>
        <target id="w_60"/>
      </span>
    </term>
    <term tid="t_61" lemma="80" type="open">
      <span>
        <target id="w_61"/>
      </span>
    </term>
    <term tid="t_62" lemma="euro" type="open">
      <span>
        <target id="w_62"/>
      </span>
    </term>
    <term tid="t_63" lemma="incl" type="open">
      <span>
        <target id="w_63"/>
      </span>
    </term>
    <term tid="t_64" lemma="." type="open">
      <span>
        <target id="w_64"/>
      </span>
    </term>
    <term tid="t_65" lemma="alles" type="open">
      <span>
        <target id="w_65"/>
      </span>
    </term>
    <term tid="t_66" lemma="," type="open">
      <span>
        <target id="w_66"/>
      </span>
    </term>
    <term tid="t_67" lemma="met" type="open">
      <span>
        <target id="w_67"/>
      </span>
    </term>
    <term tid="t_68" lemma="z" type="open">
      <span>
        <target id="w_68"/>
      </span>
    </term>
    <term tid="t_69" lemma="'n" type="open">
      <span>
        <target id="w_69"/>
      </span>
    </term>
    <term tid="t_70" lemma="drieen" type="open">
      <span>
        <target id="w_70"/>
      </span>
    </term>
    <term tid="t_71" lemma="," type="open">
      <span>
        <target id="w_71"/>
      </span>
    </term>
    <term tid="t_72" lemma="wat" type="open">
      <span>
        <target id="w_72"/>
      </span>
    </term>
    <term tid="t_73" lemma="wil" type="open">
      <span>
        <target id="w_73"/>
      </span>
    </term>
    <term tid="t_74" lemma="je" type="open">
      <span>
        <target id="w_74"/>
      </span>
    </term>
    <term tid="t_75" lemma="nog" type="open">
      <span>
        <target id="w_75"/>
      </span>
    </term>
    <term tid="t_76" lemma="meer" type="open">
      <span>
        <target id="w_76"/>
      </span>
    </term>
    <term tid="t_77" lemma="?" type="open">
      <span>
        <target id="w_77"/>
      </span>
    </term>
  </terms>
  <entities>
    <entity type="MISC" eid="e_1">
      <span>
        <target id="t_21"/>
      </span>
    </entity>
    <entity type="PER" eid="e_2">
      <span>
        <target id="t_10"/>
      </span>
    </entity>
    <entity type="PER" eid="e_3">
      <span>
        <target id="t_43"/>
      </span>
    </entity>
    <entity type="PER" eid="e_4">
      <span>
        <target id="t_73"/>
      </span>
    </entity>
  </entities>
  <properties>
    <property type="value_for_money" pid="p_1">
      <span>
        <target id="t_62"/>
      </span>
    </property>
    <property type="breakfast" pid="p_2">
      <span>
        <target id="t_50"/>
      </span>
    </property>
    <property type="restaurant" pid="p_3">
      <span>
        <target id="t_26"/>
      </span>
    </property>
  </properties>
  <opinions>
    <opinion oid="o_1">
      <opinion_holder>
        <span>
          <target id="t_10"/>
        </span>
      </opinion_holder>
      <opinion_target>
        <span>
          <target id="t_19"/>
        </span>
      </opinion_target>
      <opinion_expression polarity="positive" strength="2">
        <span>
          <target id="t_24"/>
          <target id="t_23"/>
        </span>
      </opinion_expression>
    </opinion>
    <opinion oid="o_2">
      <opinion_target>
        <span>
          <target id="t_38"/>
        </span>
      </opinion_target>
      <opinion_expression polarity="positive" strength="1">
        <span>
          <target id="t_36"/>
        </span>
      </opinion_expression>
    </opinion>
  </opinions>
</KAF>
