<?xml version='1.0' encoding='UTF-8'?>
<KAF xml:lang="nl">
  <linguisticProcessors layer="text">
    <lp timestamp="2013-01-06T18:31:45CET" version="2.0" name="SentenceTokenizer"/>
  </linguisticProcessors>
  <linguisticProcessors layer="terms">
    <lp timestamp="2013-01-06T18:31:45CET" version="2.0" name="SentenceTokenizer"/>
    <lp timestamp="2013-01-06T18:31:45CET" version="1.0" name="SimplePolarityTagger"/>
  </linguisticProcessors>
  <linguisticProcessor layer="opinions">
    <lp timestamp="2013-01-06T18:31:45CET" version="1.0" name="SimpleOpinionDetector"/>
  </linguisticProcessor>
  <linguisticProcessor layer="properties">
    <lp timestamp="2013-01-06T18:31:45CET" version="1.0" name="SimplePropRecognizer_lookup"/>
  </linguisticProcessor>
  <linguisticProcessor layer="entities">
    <lp timestamp="2013-01-06T18:31:45CET" version="1.0" name="SimpleNER_lookup"/>
  </linguisticProcessor>
  <text>
    <wf wid="w_1" para="1" sent="1">Service</wf>
    <wf wid="w_2" para="1" sent="1">is</wf>
    <wf wid="w_3" para="1" sent="1">bar</wf>
    <wf wid="w_4" para="1" sent="1">slecht</wf>
    <wf wid="w_5" para="1" sent="1">,</wf>
    <wf wid="w_6" para="1" sent="1">onaardig</wf>
    <wf wid="w_7" para="1" sent="1">personeel</wf>
    <wf wid="w_8" para="1" sent="1">.</wf>
    <wf wid="w_9" para="1" sent="2">Geen</wf>
    <wf wid="w_10" para="1" sent="2">badkamerjassen</wf>
    <wf wid="w_11" para="1" sent="2">aanwezig</wf>
    <wf wid="w_12" para="1" sent="2">op</wf>
    <wf wid="w_13" para="1" sent="2">de</wf>
    <wf wid="w_14" para="1" sent="2">kamer</wf>
    <wf wid="w_15" para="1" sent="2">.</wf>
    <wf wid="w_16" para="1" sent="3">Geen</wf>
    <wf wid="w_17" para="1" sent="3">internet</wf>
    <wf wid="w_18" para="1" sent="3">,</wf>
    <wf wid="w_19" para="1" sent="3">zeer</wf>
    <wf wid="w_20" para="1" sent="3">kleine</wf>
    <wf wid="w_21" para="1" sent="3">bedden</wf>
    <wf wid="w_22" para="1" sent="3">.</wf>
    <wf wid="w_23" para="1" sent="4">Het</wf>
    <wf wid="w_24" para="1" sent="4">betreft</wf>
    <wf wid="w_25" para="1" sent="4">de</wf>
    <wf wid="w_26" para="1" sent="4">Royal</wf>
    <wf wid="w_27" para="1" sent="4">Room</wf>
    <wf wid="w_28" para="1" sent="4">.</wf>
    <wf wid="w_29" para="1" sent="5">Ontbijt</wf>
    <wf wid="w_30" para="1" sent="5">veel</wf>
    <wf wid="w_31" para="1" sent="5">te</wf>
    <wf wid="w_32" para="1" sent="5">duur</wf>
    <wf wid="w_33" para="1" sent="5">voor</wf>
    <wf wid="w_34" para="1" sent="5">wat</wf>
    <wf wid="w_35" para="1" sent="5">je</wf>
    <wf wid="w_36" para="1" sent="5">krijgt</wf>
    <wf wid="w_37" para="1" sent="5">,</wf>
    <wf wid="w_38" para="1" sent="5">tafels</wf>
    <wf wid="w_39" para="1" sent="5">waren</wf>
    <wf wid="w_40" para="1" sent="5">niet</wf>
    <wf wid="w_41" para="1" sent="5">gedekt</wf>
    <wf wid="w_42" para="1" sent="5">en</wf>
    <wf wid="w_43" para="1" sent="5">personeel</wf>
    <wf wid="w_44" para="1" sent="5">was</wf>
    <wf wid="w_45" para="1" sent="5">ook</wf>
    <wf wid="w_46" para="1" sent="5">niet</wf>
    <wf wid="w_47" para="1" sent="5">te</wf>
    <wf wid="w_48" para="1" sent="5">vinden</wf>
    <wf wid="w_49" para="1" sent="5">.</wf>
    <wf wid="w_50" para="1" sent="6">Geen</wf>
    <wf wid="w_51" para="1" sent="6">vier</wf>
    <wf wid="w_52" para="1" sent="6">sterren</wf>
    <wf wid="w_53" para="1" sent="6">waardig</wf>
    <wf wid="w_54" para="1" sent="6">.</wf>
  </text>
  <terms>
    <term tid="t_1" lemma="service" type="open">
      <span>
        <target id="w_1"/>
      </span>
    </term>
    <term tid="t_2" lemma="is" type="open">
      <span>
        <target id="w_2"/>
      </span>
    </term>
    <term tid="t_3" lemma="bar" type="open">
      <span>
        <target id="w_3"/>
      </span>
    </term>
    <term tid="t_4" lemma="slecht" type="open" pos="G">
      <span>
        <target id="w_4"/>
      </span>
      <sentiment polarity="negative" resource="VUA_olery_lexicon_nl_lmf"/>
    </term>
    <term tid="t_5" lemma="," type="open">
      <span>
        <target id="w_5"/>
      </span>
    </term>
    <term tid="t_6" lemma="onaardig" type="open" pos="G">
      <span>
        <target id="w_6"/>
      </span>
      <sentiment polarity="negative" resource="VUA_olery_lexicon_nl_lmf"/>
    </term>
    <term tid="t_7" lemma="personeel" type="open">
      <span>
        <target id="w_7"/>
      </span>
    </term>
    <term tid="t_8" lemma="." type="open">
      <span>
        <target id="w_8"/>
      </span>
    </term>
    <term tid="t_9" lemma="geen" type="open">
      <span>
        <target id="w_9"/>
      </span>
      <sentiment sentiment_modifier="shifter" resource="VUA_olery_lexicon_nl_lmf"/>
    </term>
    <term tid="t_10" lemma="badkamerjassen" type="open">
      <span>
        <target id="w_10"/>
      </span>
    </term>
    <term tid="t_11" lemma="aanwezig" type="open">
      <span>
        <target id="w_11"/>
      </span>
    </term>
    <term tid="t_12" lemma="op" type="open">
      <span>
        <target id="w_12"/>
      </span>
    </term>
    <term tid="t_13" lemma="de" type="open">
      <span>
        <target id="w_13"/>
      </span>
    </term>
    <term tid="t_14" lemma="kamer" type="open">
      <span>
        <target id="w_14"/>
      </span>
    </term>
    <term tid="t_15" lemma="." type="open">
      <span>
        <target id="w_15"/>
      </span>
    </term>
    <term tid="t_16" lemma="geen" type="open">
      <span>
        <target id="w_16"/>
      </span>
      <sentiment sentiment_modifier="shifter" resource="VUA_olery_lexicon_nl_lmf"/>
    </term>
    <term tid="t_17" lemma="internet" type="open">
      <span>
        <target id="w_17"/>
      </span>
    </term>
    <term tid="t_18" lemma="," type="open">
      <span>
        <target id="w_18"/>
      </span>
    </term>
    <term tid="t_19" lemma="zeer" type="open">
      <span>
        <target id="w_19"/>
      </span>
      <sentiment sentiment_modifier="intensifier" resource="VUA_olery_lexicon_nl_lmf"/>
    </term>
    <term tid="t_20" lemma="kleine" type="open">
      <span>
        <target id="w_20"/>
      </span>
    </term>
    <term tid="t_21" lemma="bedden" type="open">
      <span>
        <target id="w_21"/>
      </span>
    </term>
    <term tid="t_22" lemma="." type="open">
      <span>
        <target id="w_22"/>
      </span>
    </term>
    <term tid="t_23" lemma="het" type="open">
      <span>
        <target id="w_23"/>
      </span>
    </term>
    <term tid="t_24" lemma="betreft" type="open">
      <span>
        <target id="w_24"/>
      </span>
    </term>
    <term tid="t_25" lemma="de" type="open">
      <span>
        <target id="w_25"/>
      </span>
    </term>
    <term tid="t_26" lemma="royal" type="open">
      <span>
        <target id="w_26"/>
      </span>
    </term>
    <term tid="t_27" lemma="room" type="open">
      <span>
        <target id="w_27"/>
      </span>
    </term>
    <term tid="t_28" lemma="." type="open">
      <span>
        <target id="w_28"/>
      </span>
    </term>
    <term tid="t_29" lemma="ontbijt" type="open">
      <span>
        <target id="w_29"/>
      </span>
    </term>
    <term tid="t_30" lemma="veel" type="open">
      <span>
        <target id="w_30"/>
      </span>
    </term>
    <term tid="t_31" lemma="te" type="open">
      <span>
        <target id="w_31"/>
      </span>
    </term>
    <term tid="t_32" lemma="duur" type="open" pos="G">
      <span>
        <target id="w_32"/>
      </span>
      <sentiment polarity="negative" resource="VUA_olery_lexicon_nl_lmf"/>
    </term>
    <term tid="t_33" lemma="voor" type="open">
      <span>
        <target id="w_33"/>
      </span>
    </term>
    <term tid="t_34" lemma="wat" type="open">
      <span>
        <target id="w_34"/>
      </span>
    </term>
    <term tid="t_35" lemma="je" type="open">
      <span>
        <target id="w_35"/>
      </span>
    </term>
    <term tid="t_36" lemma="krijgt" type="open">
      <span>
        <target id="w_36"/>
      </span>
    </term>
    <term tid="t_37" lemma="," type="open">
      <span>
        <target id="w_37"/>
      </span>
    </term>
    <term tid="t_38" lemma="tafels" type="open">
      <span>
        <target id="w_38"/>
      </span>
    </term>
    <term tid="t_39" lemma="waren" type="open">
      <span>
        <target id="w_39"/>
      </span>
    </term>
    <term tid="t_40" lemma="niet" type="open">
      <span>
        <target id="w_40"/>
      </span>
      <sentiment sentiment_modifier="shifter" resource="VUA_olery_lexicon_nl_lmf"/>
    </term>
    <term tid="t_41" lemma="gedekt" type="open">
      <span>
        <target id="w_41"/>
      </span>
    </term>
    <term tid="t_42" lemma="en" type="open">
      <span>
        <target id="w_42"/>
      </span>
    </term>
    <term tid="t_43" lemma="personeel" type="open">
      <span>
        <target id="w_43"/>
      </span>
    </term>
    <term tid="t_44" lemma="was" type="open">
      <span>
        <target id="w_44"/>
      </span>
    </term>
    <term tid="t_45" lemma="ook" type="open">
      <span>
        <target id="w_45"/>
      </span>
    </term>
    <term tid="t_46" lemma="niet" type="open">
      <span>
        <target id="w_46"/>
      </span>
      <sentiment sentiment_modifier="shifter" resource="VUA_olery_lexicon_nl_lmf"/>
    </term>
    <term tid="t_47" lemma="te" type="open">
      <span>
        <target id="w_47"/>
      </span>
    </term>
    <term tid="t_48" lemma="vinden" type="open">
      <span>
        <target id="w_48"/>
      </span>
    </term>
    <term tid="t_49" lemma="." type="open">
      <span>
        <target id="w_49"/>
      </span>
    </term>
    <term tid="t_50" lemma="geen" type="open">
      <span>
        <target id="w_50"/>
      </span>
      <sentiment sentiment_modifier="shifter" resource="VUA_olery_lexicon_nl_lmf"/>
    </term>
    <term tid="t_51" lemma="vier" type="open">
      <span>
        <target id="w_51"/>
      </span>
    </term>
    <term tid="t_52" lemma="sterren" type="open">
      <span>
        <target id="w_52"/>
      </span>
    </term>
    <term tid="t_53" lemma="waardig" type="open" pos="G">
      <span>
        <target id="w_53"/>
      </span>
      <sentiment polarity="positive" resource="VUA_olery_lexicon_nl_lmf"/>
    </term>
    <term tid="t_54" lemma="." type="open">
      <span>
        <target id="w_54"/>
      </span>
    </term>
  </terms>
  <entities>
    <entity type="MISC" eid="e_1">
      <span>
        <target id="t_17"/>
      </span>
    </entity>
    <entity type="MISC" eid="e_2">
      <span>
        <target id="t_1"/>
      </span>
    </entity>
    <entity type="ORG" eid="e_3">
      <span>
        <target id="t_3"/>
      </span>
    </entity>
    <entity type="ORG" eid="e_4">
      <span>
        <target id="t_14"/>
      </span>
    </entity>
  </entities>
  <properties>
    <property type="value_for_money" pid="p_1">
      <span>
        <target id="t_32"/>
      </span>
    </property>
    <property type="room" pid="p_2">
      <span>
        <target id="t_14"/>
      </span>
    </property>
    <property type="restaurant" pid="p_3">
      <span>
        <target id="t_29"/>
      </span>
    </property>
    <property type="facilities" pid="p_4">
      <span>
        <target id="t_3"/>
      </span>
      <span>
        <target id="t_26"/>
      </span>
    </property>
    <property type="internet" pid="p_5">
      <span>
        <target id="t_17"/>
      </span>
    </property>
    <property type="staff" pid="p_6">
      <span>
        <target id="t_1"/>
      </span>
      <span>
        <target id="t_7"/>
      </span>
      <span>
        <target id="t_43"/>
      </span>
    </property>
  </properties>
  <opinions>
    <opinion oid="o_1">
      <opinion_target>
        <span>
          <target id="t_7"/>
        </span>
      </opinion_target>
      <opinion_expression polarity="negative" strength="-2">
        <span>
          <target id="t_4"/>
          <target id="t_6"/>
        </span>
      </opinion_expression>
    </opinion>
    <opinion oid="o_2">
      <opinion_target>
        <span>
          <target id="t_29"/>
        </span>
      </opinion_target>
      <opinion_expression polarity="negative" strength="-1">
        <span>
          <target id="t_32"/>
        </span>
      </opinion_expression>
    </opinion>
    <opinion oid="o_3">
      <opinion_target>
        <span>
          <target id="t_52"/>
        </span>
      </opinion_target>
      <opinion_expression polarity="positive" strength="1">
        <span>
          <target id="t_53"/>
        </span>
      </opinion_expression>
    </opinion>
  </opinions>
</KAF>
