<?xml version='1.0' encoding='UTF-8'?>
<KAF xml:lang="nl">
  <linguisticProcessors layer="text">
    <lp timestamp="2013-01-06T18:36:17CET" version="2.0" name="SentenceTokenizer"/>
  </linguisticProcessors>
  <linguisticProcessors layer="terms">
    <lp timestamp="2013-01-06T18:36:17CET" version="2.0" name="SentenceTokenizer"/>
    <lp timestamp="2013-01-06T18:36:18CET" version="1.0" name="SimplePolarityTagger"/>
  </linguisticProcessors>
  <linguisticProcessor layer="opinions">
    <lp timestamp="2013-01-06T18:36:18CET" version="1.0" name="SimpleOpinionDetector"/>
  </linguisticProcessor>
  <linguisticProcessor layer="properties">
    <lp timestamp="2013-01-06T18:36:18CET" version="1.0" name="SimplePropRecognizer_lookup"/>
  </linguisticProcessor>
  <linguisticProcessor layer="entities">
    <lp timestamp="2013-01-06T18:36:18CET" version="1.0" name="SimpleNER_lookup"/>
  </linguisticProcessor>
  <text>
    <wf wid="w_1" para="1" sent="1">Wordt</wf>
    <wf wid="w_2" para="1" sent="1">weer</wf>
    <wf wid="w_3" para="1" sent="1">eens</wf>
    <wf wid="w_4" para="1" sent="1">enthousiast</wf>
    <wf wid="w_5" para="1" sent="1">in</wf>
    <wf wid="w_6" para="1" sent="1">jullie</wf>
    <wf wid="w_7" para="1" sent="1">vak</wf>
    <wf wid="w_8" para="1" sent="1">.</wf>
    <wf wid="w_9" para="1" sent="2">Wij</wf>
    <wf wid="w_10" para="1" sent="2">hadden</wf>
    <wf wid="w_11" para="1" sent="2">niet</wf>
    <wf wid="w_12" para="1" sent="2">het</wf>
    <wf wid="w_13" para="1" sent="2">gevoel</wf>
    <wf wid="w_14" para="1" sent="2">van</wf>
    <wf wid="w_15" para="1" sent="2">harte</wf>
    <wf wid="w_16" para="1" sent="2">welkom</wf>
    <wf wid="w_17" para="1" sent="2">te</wf>
    <wf wid="w_18" para="1" sent="2">zijn</wf>
    <wf wid="w_19" para="1" sent="2">.Bij</wf>
    <wf wid="w_20" para="1" sent="2">aankomst</wf>
    <wf wid="w_21" para="1" sent="2">gereserveerd</wf>
    <wf wid="w_22" para="1" sent="2">voor</wf>
    <wf wid="w_23" para="1" sent="2">het</wf>
    <wf wid="w_24" para="1" sent="2">restaurant</wf>
    <wf wid="w_25" para="1" sent="2">de</wf>
    <wf wid="w_26" para="1" sent="2">volgende</wf>
    <wf wid="w_27" para="1" sent="2">dag</wf>
    <wf wid="w_28" para="1" sent="2">,</wf>
    <wf wid="w_29" para="1" sent="2">dit</wf>
    <wf wid="w_30" para="1" sent="2">was</wf>
    <wf wid="w_31" para="1" sent="2">akkoord</wf>
    <wf wid="w_32" para="1" sent="2">,</wf>
    <wf wid="w_33" para="1" sent="2">maar</wf>
    <wf wid="w_34" para="1" sent="2">de</wf>
    <wf wid="w_35" para="1" sent="2">volgende</wf>
    <wf wid="w_36" para="1" sent="2">dag</wf>
    <wf wid="w_37" para="1" sent="2">werd</wf>
    <wf wid="w_38" para="1" sent="2">dit</wf>
    <wf wid="w_39" para="1" sent="2">geannuleerd</wf>
    <wf wid="w_40" para="1" sent="2">.</wf>
    <wf wid="w_41" para="1" sent="3">De</wf>
    <wf wid="w_42" para="1" sent="3">bistro</wf>
    <wf wid="w_43" para="1" sent="3">gekozen</wf>
    <wf wid="w_44" para="1" sent="3">als</wf>
    <wf wid="w_45" para="1" sent="3">alternatief</wf>
    <wf wid="w_46" para="1" sent="3">,</wf>
    <wf wid="w_47" para="1" sent="3">maar</wf>
    <wf wid="w_48" para="1" sent="3">hier</wf>
    <wf wid="w_49" para="1" sent="3">was</wf>
    <wf wid="w_50" para="1" sent="3">het</wf>
    <wf wid="w_51" para="1" sent="3">bomvol</wf>
    <wf wid="w_52" para="1" sent="3">en</wf>
    <wf wid="w_53" para="1" sent="3">rumoerig</wf>
    <wf wid="w_54" para="1" sent="3">.</wf>
    <wf wid="w_55" para="1" sent="4">De</wf>
    <wf wid="w_56" para="1" sent="4">open</wf>
    <wf wid="w_57" para="1" sent="4">haard</wf>
    <wf wid="w_58" para="1" sent="4">werd</wf>
    <wf wid="w_59" para="1" sent="4">op</wf>
    <wf wid="w_60" para="1" sent="4">zaterdagavond</wf>
    <wf wid="w_61" para="1" sent="4">niet</wf>
    <wf wid="w_62" para="1" sent="4">aangestoken</wf>
    <wf wid="w_63" para="1" sent="4">.Bij</wf>
    <wf wid="w_64" para="1" sent="4">het</wf>
    <wf wid="w_65" para="1" sent="4">ontbijt</wf>
    <wf wid="w_66" para="1" sent="4">werd</wf>
    <wf wid="w_67" para="1" sent="4">veel</wf>
    <wf wid="w_68" para="1" sent="4">te</wf>
    <wf wid="w_69" para="1" sent="4">laat</wf>
    <wf wid="w_70" para="1" sent="4">alles</wf>
    <wf wid="w_71" para="1" sent="4">bijgevuld</wf>
    <wf wid="w_72" para="1" sent="4">,</wf>
    <wf wid="w_73" para="1" sent="4">ondanks</wf>
    <wf wid="w_74" para="1" sent="4">voldoende</wf>
    <wf wid="w_75" para="1" sent="4">personeel</wf>
    <wf wid="w_76" para="1" sent="4">.</wf>
    <wf wid="w_77" para="1" sent="5">Op</wf>
    <wf wid="w_78" para="1" sent="5">de</wf>
    <wf wid="w_79" para="1" sent="5">kamer</wf>
    <wf wid="w_80" para="1" sent="5">werd</wf>
    <wf wid="w_81" para="1" sent="5">ook</wf>
    <wf wid="w_82" para="1" sent="5">de</wf>
    <wf wid="w_83" para="1" sent="5">volgende</wf>
    <wf wid="w_84" para="1" sent="5">dag</wf>
    <wf wid="w_85" para="1" sent="5">niets</wf>
    <wf wid="w_86" para="1" sent="5">bijgevuld</wf>
    <wf wid="w_87" para="1" sent="5">van</wf>
    <wf wid="w_88" para="1" sent="5">koffie</wf>
    <wf wid="w_89" para="1" sent="5">of</wf>
    <wf wid="w_90" para="1" sent="5">thee</wf>
    <wf wid="w_91" para="1" sent="5">.</wf>
    <wf wid="w_92" para="1" sent="6">Geen</wf>
    <wf wid="w_93" para="1" sent="6">kopen</wf>
    <wf wid="w_94" para="1" sent="6">schotels</wf>
    <wf wid="w_95" para="1" sent="6">op</wf>
    <wf wid="w_96" para="1" sent="6">de</wf>
    <wf wid="w_97" para="1" sent="6">ontbijttafel</wf>
    <wf wid="w_98" para="1" sent="6">,</wf>
    <wf wid="w_99" para="1" sent="6">gen</wf>
    <wf wid="w_100" para="1" sent="6">koffieroom</wf>
    <wf wid="w_101" para="1" sent="6">in</wf>
    <wf wid="w_102" para="1" sent="6">het</wf>
    <wf wid="w_103" para="1" sent="6">kannetje</wf>
    <wf wid="w_104" para="1" sent="6">.</wf>
    <wf wid="w_105" para="1" sent="7">Kortom</wf>
    <wf wid="w_106" para="1" sent="7">hebben</wf>
    <wf wid="w_107" para="1" sent="7">ze</wf>
    <wf wid="w_108" para="1" sent="7">er</wf>
    <wf wid="w_109" para="1" sent="7">nog</wf>
    <wf wid="w_110" para="1" sent="7">wel</wf>
    <wf wid="w_111" para="1" sent="7">zin</wf>
    <wf wid="w_112" para="1" sent="7">in</wf>
    <wf wid="w_113" para="1" sent="7">,</wf>
    <wf wid="w_114" para="1" sent="7">bij</wf>
    <wf wid="w_115" para="1" sent="7">de</wf>
    <wf wid="w_116" para="1" sent="7">Klepperman</wf>
    <wf wid="w_117" para="1" sent="7">?</wf>
  </text>
  <terms>
    <term tid="t_1" lemma="wordt" type="open">
      <span>
        <target id="w_1"/>
      </span>
    </term>
    <term tid="t_2" lemma="weer" type="open">
      <span>
        <target id="w_2"/>
      </span>
    </term>
    <term tid="t_3" lemma="eens" type="open">
      <span>
        <target id="w_3"/>
      </span>
    </term>
    <term tid="t_4" lemma="enthousiast" type="open" pos="G">
      <span>
        <target id="w_4"/>
      </span>
      <sentiment polarity="positive" resource="VUA_olery_lexicon_nl_lmf"/>
    </term>
    <term tid="t_5" lemma="in" type="open">
      <span>
        <target id="w_5"/>
      </span>
    </term>
    <term tid="t_6" lemma="jullie" type="open">
      <span>
        <target id="w_6"/>
      </span>
    </term>
    <term tid="t_7" lemma="vak" type="open">
      <span>
        <target id="w_7"/>
      </span>
    </term>
    <term tid="t_8" lemma="." type="open">
      <span>
        <target id="w_8"/>
      </span>
    </term>
    <term tid="t_9" lemma="wij" type="open">
      <span>
        <target id="w_9"/>
      </span>
    </term>
    <term tid="t_10" lemma="hadden" type="open">
      <span>
        <target id="w_10"/>
      </span>
    </term>
    <term tid="t_11" lemma="niet" type="open">
      <span>
        <target id="w_11"/>
      </span>
      <sentiment sentiment_modifier="shifter" resource="VUA_olery_lexicon_nl_lmf"/>
    </term>
    <term tid="t_12" lemma="het" type="open">
      <span>
        <target id="w_12"/>
      </span>
    </term>
    <term tid="t_13" lemma="gevoel" type="open">
      <span>
        <target id="w_13"/>
      </span>
    </term>
    <term tid="t_14" lemma="van" type="open">
      <span>
        <target id="w_14"/>
      </span>
    </term>
    <term tid="t_15" lemma="harte" type="open">
      <span>
        <target id="w_15"/>
      </span>
    </term>
    <term tid="t_16" lemma="welkom" type="open" pos="G">
      <span>
        <target id="w_16"/>
      </span>
      <sentiment polarity="positive" resource="VUA_olery_lexicon_nl_lmf"/>
    </term>
    <term tid="t_17" lemma="te" type="open">
      <span>
        <target id="w_17"/>
      </span>
    </term>
    <term tid="t_18" lemma="zijn" type="open">
      <span>
        <target id="w_18"/>
      </span>
    </term>
    <term tid="t_19" lemma=".bij" type="open">
      <span>
        <target id="w_19"/>
      </span>
    </term>
    <term tid="t_20" lemma="aankomst" type="open">
      <span>
        <target id="w_20"/>
      </span>
    </term>
    <term tid="t_21" lemma="gereserveerd" type="open">
      <span>
        <target id="w_21"/>
      </span>
    </term>
    <term tid="t_22" lemma="voor" type="open">
      <span>
        <target id="w_22"/>
      </span>
    </term>
    <term tid="t_23" lemma="het" type="open">
      <span>
        <target id="w_23"/>
      </span>
    </term>
    <term tid="t_24" lemma="restaurant" type="open">
      <span>
        <target id="w_24"/>
      </span>
    </term>
    <term tid="t_25" lemma="de" type="open">
      <span>
        <target id="w_25"/>
      </span>
    </term>
    <term tid="t_26" lemma="volgende" type="open">
      <span>
        <target id="w_26"/>
      </span>
    </term>
    <term tid="t_27" lemma="dag" type="open">
      <span>
        <target id="w_27"/>
      </span>
    </term>
    <term tid="t_28" lemma="," type="open">
      <span>
        <target id="w_28"/>
      </span>
    </term>
    <term tid="t_29" lemma="dit" type="open">
      <span>
        <target id="w_29"/>
      </span>
    </term>
    <term tid="t_30" lemma="was" type="open">
      <span>
        <target id="w_30"/>
      </span>
    </term>
    <term tid="t_31" lemma="akkoord" type="open">
      <span>
        <target id="w_31"/>
      </span>
    </term>
    <term tid="t_32" lemma="," type="open">
      <span>
        <target id="w_32"/>
      </span>
    </term>
    <term tid="t_33" lemma="maar" type="open">
      <span>
        <target id="w_33"/>
      </span>
    </term>
    <term tid="t_34" lemma="de" type="open">
      <span>
        <target id="w_34"/>
      </span>
    </term>
    <term tid="t_35" lemma="volgende" type="open">
      <span>
        <target id="w_35"/>
      </span>
    </term>
    <term tid="t_36" lemma="dag" type="open">
      <span>
        <target id="w_36"/>
      </span>
    </term>
    <term tid="t_37" lemma="werd" type="open">
      <span>
        <target id="w_37"/>
      </span>
    </term>
    <term tid="t_38" lemma="dit" type="open">
      <span>
        <target id="w_38"/>
      </span>
    </term>
    <term tid="t_39" lemma="geannuleerd" type="open">
      <span>
        <target id="w_39"/>
      </span>
    </term>
    <term tid="t_40" lemma="." type="open">
      <span>
        <target id="w_40"/>
      </span>
    </term>
    <term tid="t_41" lemma="de" type="open">
      <span>
        <target id="w_41"/>
      </span>
    </term>
    <term tid="t_42" lemma="bistro" type="open">
      <span>
        <target id="w_42"/>
      </span>
    </term>
    <term tid="t_43" lemma="gekozen" type="open">
      <span>
        <target id="w_43"/>
      </span>
    </term>
    <term tid="t_44" lemma="als" type="open">
      <span>
        <target id="w_44"/>
      </span>
    </term>
    <term tid="t_45" lemma="alternatief" type="open">
      <span>
        <target id="w_45"/>
      </span>
    </term>
    <term tid="t_46" lemma="," type="open">
      <span>
        <target id="w_46"/>
      </span>
    </term>
    <term tid="t_47" lemma="maar" type="open">
      <span>
        <target id="w_47"/>
      </span>
    </term>
    <term tid="t_48" lemma="hier" type="open">
      <span>
        <target id="w_48"/>
      </span>
    </term>
    <term tid="t_49" lemma="was" type="open">
      <span>
        <target id="w_49"/>
      </span>
    </term>
    <term tid="t_50" lemma="het" type="open">
      <span>
        <target id="w_50"/>
      </span>
    </term>
    <term tid="t_51" lemma="bomvol" type="open">
      <span>
        <target id="w_51"/>
      </span>
    </term>
    <term tid="t_52" lemma="en" type="open">
      <span>
        <target id="w_52"/>
      </span>
    </term>
    <term tid="t_53" lemma="rumoerig" type="open" pos="G">
      <span>
        <target id="w_53"/>
      </span>
      <sentiment polarity="negative" resource="VUA_olery_lexicon_nl_lmf"/>
    </term>
    <term tid="t_54" lemma="." type="open">
      <span>
        <target id="w_54"/>
      </span>
    </term>
    <term tid="t_55" lemma="de" type="open">
      <span>
        <target id="w_55"/>
      </span>
    </term>
    <term tid="t_56" lemma="open" type="open">
      <span>
        <target id="w_56"/>
      </span>
    </term>
    <term tid="t_57" lemma="haard" type="open">
      <span>
        <target id="w_57"/>
      </span>
    </term>
    <term tid="t_58" lemma="werd" type="open">
      <span>
        <target id="w_58"/>
      </span>
    </term>
    <term tid="t_59" lemma="op" type="open">
      <span>
        <target id="w_59"/>
      </span>
    </term>
    <term tid="t_60" lemma="zaterdagavond" type="open">
      <span>
        <target id="w_60"/>
      </span>
    </term>
    <term tid="t_61" lemma="niet" type="open">
      <span>
        <target id="w_61"/>
      </span>
      <sentiment sentiment_modifier="shifter" resource="VUA_olery_lexicon_nl_lmf"/>
    </term>
    <term tid="t_62" lemma="aangestoken" type="open">
      <span>
        <target id="w_62"/>
      </span>
    </term>
    <term tid="t_63" lemma=".bij" type="open">
      <span>
        <target id="w_63"/>
      </span>
    </term>
    <term tid="t_64" lemma="het" type="open">
      <span>
        <target id="w_64"/>
      </span>
    </term>
    <term tid="t_65" lemma="ontbijt" type="open">
      <span>
        <target id="w_65"/>
      </span>
    </term>
    <term tid="t_66" lemma="werd" type="open">
      <span>
        <target id="w_66"/>
      </span>
    </term>
    <term tid="t_67" lemma="veel" type="open">
      <span>
        <target id="w_67"/>
      </span>
    </term>
    <term tid="t_68" lemma="te" type="open">
      <span>
        <target id="w_68"/>
      </span>
    </term>
    <term tid="t_69" lemma="laat" type="open">
      <span>
        <target id="w_69"/>
      </span>
    </term>
    <term tid="t_70" lemma="alles" type="open">
      <span>
        <target id="w_70"/>
      </span>
    </term>
    <term tid="t_71" lemma="bijgevuld" type="open">
      <span>
        <target id="w_71"/>
      </span>
    </term>
    <term tid="t_72" lemma="," type="open">
      <span>
        <target id="w_72"/>
      </span>
    </term>
    <term tid="t_73" lemma="ondanks" type="open">
      <span>
        <target id="w_73"/>
      </span>
    </term>
    <term tid="t_74" lemma="voldoende" type="open" pos="G">
      <span>
        <target id="w_74"/>
      </span>
      <sentiment polarity="positive" resource="VUA_olery_lexicon_nl_lmf"/>
    </term>
    <term tid="t_75" lemma="personeel" type="open">
      <span>
        <target id="w_75"/>
      </span>
    </term>
    <term tid="t_76" lemma="." type="open">
      <span>
        <target id="w_76"/>
      </span>
    </term>
    <term tid="t_77" lemma="op" type="open">
      <span>
        <target id="w_77"/>
      </span>
    </term>
    <term tid="t_78" lemma="de" type="open">
      <span>
        <target id="w_78"/>
      </span>
    </term>
    <term tid="t_79" lemma="kamer" type="open">
      <span>
        <target id="w_79"/>
      </span>
    </term>
    <term tid="t_80" lemma="werd" type="open">
      <span>
        <target id="w_80"/>
      </span>
    </term>
    <term tid="t_81" lemma="ook" type="open">
      <span>
        <target id="w_81"/>
      </span>
    </term>
    <term tid="t_82" lemma="de" type="open">
      <span>
        <target id="w_82"/>
      </span>
    </term>
    <term tid="t_83" lemma="volgende" type="open">
      <span>
        <target id="w_83"/>
      </span>
    </term>
    <term tid="t_84" lemma="dag" type="open">
      <span>
        <target id="w_84"/>
      </span>
    </term>
    <term tid="t_85" lemma="niets" type="open">
      <span>
        <target id="w_85"/>
      </span>
      <sentiment sentiment_modifier="shifter" resource="VUA_olery_lexicon_nl_lmf"/>
    </term>
    <term tid="t_86" lemma="bijgevuld" type="open">
      <span>
        <target id="w_86"/>
      </span>
    </term>
    <term tid="t_87" lemma="van" type="open">
      <span>
        <target id="w_87"/>
      </span>
    </term>
    <term tid="t_88" lemma="koffie" type="open">
      <span>
        <target id="w_88"/>
      </span>
    </term>
    <term tid="t_89" lemma="of" type="open">
      <span>
        <target id="w_89"/>
      </span>
    </term>
    <term tid="t_90" lemma="thee" type="open">
      <span>
        <target id="w_90"/>
      </span>
    </term>
    <term tid="t_91" lemma="." type="open">
      <span>
        <target id="w_91"/>
      </span>
    </term>
    <term tid="t_92" lemma="geen" type="open">
      <span>
        <target id="w_92"/>
      </span>
      <sentiment sentiment_modifier="shifter" resource="VUA_olery_lexicon_nl_lmf"/>
    </term>
    <term tid="t_93" lemma="kopen" type="open">
      <span>
        <target id="w_93"/>
      </span>
    </term>
    <term tid="t_94" lemma="schotels" type="open">
      <span>
        <target id="w_94"/>
      </span>
    </term>
    <term tid="t_95" lemma="op" type="open">
      <span>
        <target id="w_95"/>
      </span>
    </term>
    <term tid="t_96" lemma="de" type="open">
      <span>
        <target id="w_96"/>
      </span>
    </term>
    <term tid="t_97" lemma="ontbijttafel" type="open">
      <span>
        <target id="w_97"/>
      </span>
    </term>
    <term tid="t_98" lemma="," type="open">
      <span>
        <target id="w_98"/>
      </span>
    </term>
    <term tid="t_99" lemma="gen" type="open">
      <span>
        <target id="w_99"/>
      </span>
    </term>
    <term tid="t_100" lemma="koffieroom" type="open">
      <span>
        <target id="w_100"/>
      </span>
    </term>
    <term tid="t_101" lemma="in" type="open">
      <span>
        <target id="w_101"/>
      </span>
    </term>
    <term tid="t_102" lemma="het" type="open">
      <span>
        <target id="w_102"/>
      </span>
    </term>
    <term tid="t_103" lemma="kannetje" type="open">
      <span>
        <target id="w_103"/>
      </span>
    </term>
    <term tid="t_104" lemma="." type="open">
      <span>
        <target id="w_104"/>
      </span>
    </term>
    <term tid="t_105" lemma="kortom" type="open">
      <span>
        <target id="w_105"/>
      </span>
    </term>
    <term tid="t_106" lemma="hebben" type="open">
      <span>
        <target id="w_106"/>
      </span>
    </term>
    <term tid="t_107" lemma="ze" type="open">
      <span>
        <target id="w_107"/>
      </span>
    </term>
    <term tid="t_108" lemma="er" type="open">
      <span>
        <target id="w_108"/>
      </span>
    </term>
    <term tid="t_109" lemma="nog" type="open">
      <span>
        <target id="w_109"/>
      </span>
    </term>
    <term tid="t_110" lemma="wel" type="open">
      <span>
        <target id="w_110"/>
      </span>
    </term>
    <term tid="t_111" lemma="zin" type="open">
      <span>
        <target id="w_111"/>
      </span>
    </term>
    <term tid="t_112" lemma="in" type="open">
      <span>
        <target id="w_112"/>
      </span>
    </term>
    <term tid="t_113" lemma="," type="open">
      <span>
        <target id="w_113"/>
      </span>
    </term>
    <term tid="t_114" lemma="bij" type="open">
      <span>
        <target id="w_114"/>
      </span>
    </term>
    <term tid="t_115" lemma="de" type="open">
      <span>
        <target id="w_115"/>
      </span>
    </term>
    <term tid="t_116" lemma="klepperman" type="open">
      <span>
        <target id="w_116"/>
      </span>
    </term>
    <term tid="t_117" lemma="?" type="open">
      <span>
        <target id="w_117"/>
      </span>
    </term>
  </terms>
  <entities>
    <entity type="MISC" eid="e_1">
      <span>
        <target id="t_18"/>
      </span>
    </entity>
    <entity type="MISC" eid="e_2">
      <span>
        <target id="t_99"/>
      </span>
    </entity>
    <entity type="MISC" eid="e_3">
      <span>
        <target id="t_56"/>
      </span>
    </entity>
    <entity type="ORG" eid="e_4">
      <span>
        <target id="t_79"/>
      </span>
    </entity>
  </entities>
  <properties>
    <property type="noise" pid="p_1">
      <span>
        <target id="t_53"/>
      </span>
    </property>
    <property type="room" pid="p_2">
      <span>
        <target id="t_79"/>
      </span>
    </property>
    <property type="restaurant" pid="p_3">
      <span>
        <target id="t_24"/>
      </span>
      <span>
        <target id="t_65"/>
      </span>
      <span>
        <target id="t_88"/>
      </span>
      <span>
        <target id="t_90"/>
      </span>
    </property>
    <property type="facilities" pid="p_4">
      <span>
        <target id="t_42"/>
      </span>
    </property>
    <property type="breakfast" pid="p_5">
      <span>
        <target id="t_97"/>
      </span>
    </property>
    <property type="staff" pid="p_6">
      <span>
        <target id="t_16"/>
      </span>
      <span>
        <target id="t_75"/>
      </span>
    </property>
  </properties>
  <opinions>
    <opinion oid="o_1">
      <opinion_target>
        <span>
          <target id="t_6"/>
        </span>
      </opinion_target>
      <opinion_expression polarity="positive" strength="1">
        <span>
          <target id="t_4"/>
        </span>
      </opinion_expression>
    </opinion>
    <opinion oid="o_2">
      <opinion_target>
        <span>
          <target id="t_19"/>
        </span>
      </opinion_target>
      <opinion_expression polarity="positive" strength="1">
        <span>
          <target id="t_16"/>
        </span>
      </opinion_expression>
    </opinion>
    <opinion oid="o_3">
      <opinion_target>
        <span>
          <target id="t_51"/>
        </span>
      </opinion_target>
      <opinion_expression polarity="negative" strength="-1">
        <span>
          <target id="t_53"/>
        </span>
      </opinion_expression>
    </opinion>
    <opinion oid="o_4">
      <opinion_target>
        <span>
          <target id="t_75"/>
        </span>
      </opinion_target>
      <opinion_expression polarity="positive" strength="1">
        <span>
          <target id="t_74"/>
        </span>
      </opinion_expression>
    </opinion>
  </opinions>
</KAF>
