<?xml version='1.0' encoding='UTF-8'?>
<KAF xml:lang="nl">
  <linguisticProcessors layer="text">
    <lp timestamp="2013-01-06T18:31:12CET" version="2.0" name="SentenceTokenizer"/>
  </linguisticProcessors>
  <linguisticProcessors layer="terms">
    <lp timestamp="2013-01-06T18:31:12CET" version="2.0" name="SentenceTokenizer"/>
    <lp timestamp="2013-01-06T18:31:12CET" version="1.0" name="SimplePolarityTagger"/>
  </linguisticProcessors>
  <linguisticProcessor layer="opinions">
    <lp timestamp="2013-01-06T18:31:12CET" version="1.0" name="SimpleOpinionDetector"/>
  </linguisticProcessor>
  <linguisticProcessor layer="properties">
    <lp timestamp="2013-01-06T18:31:12CET" version="1.0" name="SimplePropRecognizer_lookup"/>
  </linguisticProcessor>
  <linguisticProcessor layer="entities">
    <lp timestamp="2013-01-06T18:31:12CET" version="1.0" name="SimpleNER_lookup"/>
  </linguisticProcessor>
  <text>
    <wf wid="w_1" para="1" sent="1">Transport</wf>
    <wf wid="w_2" para="1" sent="1">naar</wf>
    <wf wid="w_3" para="1" sent="1">Schiphol</wf>
    <wf wid="w_4" para="1" sent="1">werkt</wf>
    <wf wid="w_5" para="1" sent="1">prima</wf>
    <wf wid="w_6" para="1" sent="1">(</wf>
    <wf wid="w_7" para="1" sent="1">in</wf>
    <wf wid="w_8" para="1" sent="1">beide</wf>
    <wf wid="w_9" para="1" sent="1">rictingen</wf>
    <wf wid="w_10" para="1" sent="1">)</wf>
    <wf wid="w_11" para="1" sent="1">Het</wf>
    <wf wid="w_12" para="1" sent="1">ontbijt</wf>
    <wf wid="w_13" para="1" sent="1">was</wf>
    <wf wid="w_14" para="1" sent="1">van</wf>
    <wf wid="w_15" para="1" sent="1">uitstekende</wf>
    <wf wid="w_16" para="1" sent="1">kwaliteit</wf>
    <wf wid="w_17" para="1" sent="1">met</wf>
    <wf wid="w_18" para="1" sent="1">verse</wf>
    <wf wid="w_19" para="1" sent="1">broodjes</wf>
    <wf wid="w_20" para="1" sent="1">en</wf>
    <wf wid="w_21" para="1" sent="1">met</wf>
    <wf wid="w_22" para="1" sent="1">een</wf>
    <wf wid="w_23" para="1" sent="1">zeer</wf>
    <wf wid="w_24" para="1" sent="1">goede</wf>
    <wf wid="w_25" para="1" sent="1">bediening</wf>
    <wf wid="w_26" para="1" sent="1">.</wf>
    <wf wid="w_27" para="1" sent="2">Mijn</wf>
    <wf wid="w_28" para="1" sent="2">auto</wf>
    <wf wid="w_29" para="1" sent="2">stond</wf>
    <wf wid="w_30" para="1" sent="2">op</wf>
    <wf wid="w_31" para="1" sent="2">hun</wf>
    <wf wid="w_32" para="1" sent="2">parkeerplaats</wf>
    <wf wid="w_33" para="1" sent="2">voor</wf>
    <wf wid="w_34" para="1" sent="2">een</wf>
    <wf wid="w_35" para="1" sent="2">week</wf>
    <wf wid="w_36" para="1" sent="2">zonder</wf>
    <wf wid="w_37" para="1" sent="2">ellende</wf>
    <wf wid="w_38" para="1" sent="2">.</wf>
  </text>
  <terms>
    <term tid="t_1" lemma="transport" type="open">
      <span>
        <target id="w_1"/>
      </span>
    </term>
    <term tid="t_2" lemma="naar" type="open" pos="G">
      <span>
        <target id="w_2"/>
      </span>
      <sentiment polarity="negative" resource="VUA_olery_lexicon_nl_lmf"/>
    </term>
    <term tid="t_3" lemma="schiphol" type="open">
      <span>
        <target id="w_3"/>
      </span>
    </term>
    <term tid="t_4" lemma="werkt" type="open">
      <span>
        <target id="w_4"/>
      </span>
    </term>
    <term tid="t_5" lemma="prima" type="open" pos="G">
      <span>
        <target id="w_5"/>
      </span>
      <sentiment polarity="positive" resource="VUA_olery_lexicon_nl_lmf"/>
    </term>
    <term tid="t_6" lemma="(" type="open">
      <span>
        <target id="w_6"/>
      </span>
    </term>
    <term tid="t_7" lemma="in" type="open">
      <span>
        <target id="w_7"/>
      </span>
    </term>
    <term tid="t_8" lemma="beide" type="open">
      <span>
        <target id="w_8"/>
      </span>
    </term>
    <term tid="t_9" lemma="rictingen" type="open">
      <span>
        <target id="w_9"/>
      </span>
    </term>
    <term tid="t_10" lemma=")" type="open">
      <span>
        <target id="w_10"/>
      </span>
    </term>
    <term tid="t_11" lemma="het" type="open">
      <span>
        <target id="w_11"/>
      </span>
    </term>
    <term tid="t_12" lemma="ontbijt" type="open">
      <span>
        <target id="w_12"/>
      </span>
    </term>
    <term tid="t_13" lemma="was" type="open">
      <span>
        <target id="w_13"/>
      </span>
    </term>
    <term tid="t_14" lemma="van" type="open">
      <span>
        <target id="w_14"/>
      </span>
    </term>
    <term tid="t_15" lemma="uitstekende" type="open">
      <span>
        <target id="w_15"/>
      </span>
    </term>
    <term tid="t_16" lemma="kwaliteit" type="open">
      <span>
        <target id="w_16"/>
      </span>
    </term>
    <term tid="t_17" lemma="met" type="open">
      <span>
        <target id="w_17"/>
      </span>
    </term>
    <term tid="t_18" lemma="verse" type="open">
      <span>
        <target id="w_18"/>
      </span>
    </term>
    <term tid="t_19" lemma="broodjes" type="open">
      <span>
        <target id="w_19"/>
      </span>
    </term>
    <term tid="t_20" lemma="en" type="open">
      <span>
        <target id="w_20"/>
      </span>
    </term>
    <term tid="t_21" lemma="met" type="open">
      <span>
        <target id="w_21"/>
      </span>
    </term>
    <term tid="t_22" lemma="een" type="open">
      <span>
        <target id="w_22"/>
      </span>
    </term>
    <term tid="t_23" lemma="zeer" type="open">
      <span>
        <target id="w_23"/>
      </span>
      <sentiment sentiment_modifier="intensifier" resource="VUA_olery_lexicon_nl_lmf"/>
    </term>
    <term tid="t_24" lemma="goede" type="open" pos="G">
      <span>
        <target id="w_24"/>
      </span>
      <sentiment polarity="positive" resource="VUA_olery_lexicon_nl_lmf"/>
    </term>
    <term tid="t_25" lemma="bediening" type="open">
      <span>
        <target id="w_25"/>
      </span>
    </term>
    <term tid="t_26" lemma="." type="open">
      <span>
        <target id="w_26"/>
      </span>
    </term>
    <term tid="t_27" lemma="mijn" type="open">
      <span>
        <target id="w_27"/>
      </span>
    </term>
    <term tid="t_28" lemma="auto" type="open">
      <span>
        <target id="w_28"/>
      </span>
    </term>
    <term tid="t_29" lemma="stond" type="open">
      <span>
        <target id="w_29"/>
      </span>
    </term>
    <term tid="t_30" lemma="op" type="open">
      <span>
        <target id="w_30"/>
      </span>
    </term>
    <term tid="t_31" lemma="hun" type="open">
      <span>
        <target id="w_31"/>
      </span>
    </term>
    <term tid="t_32" lemma="parkeerplaats" type="open">
      <span>
        <target id="w_32"/>
      </span>
    </term>
    <term tid="t_33" lemma="voor" type="open">
      <span>
        <target id="w_33"/>
      </span>
    </term>
    <term tid="t_34" lemma="een" type="open">
      <span>
        <target id="w_34"/>
      </span>
    </term>
    <term tid="t_35" lemma="week" type="open">
      <span>
        <target id="w_35"/>
      </span>
    </term>
    <term tid="t_36" lemma="zonder" type="open">
      <span>
        <target id="w_36"/>
      </span>
      <sentiment sentiment_modifier="shifter" resource="VUA_olery_lexicon_nl_lmf"/>
    </term>
    <term tid="t_37" lemma="ellende" type="open" pos="N">
      <span>
        <target id="w_37"/>
      </span>
      <sentiment polarity="negative" resource="VUA_olery_lexicon_nl_lmf"/>
    </term>
    <term tid="t_38" lemma="." type="open">
      <span>
        <target id="w_38"/>
      </span>
    </term>
  </terms>
  <entities>
    <entity type="ORG" eid="e_1">
      <span>
        <target id="t_1"/>
      </span>
    </entity>
    <entity type="PER" eid="e_2">
      <span>
        <target id="t_5"/>
      </span>
    </entity>
  </entities>
  <properties>
    <property type="staff" pid="p_1">
      <span>
        <target id="t_25"/>
      </span>
    </property>
    <property type="parking" pid="p_2">
      <span>
        <target id="t_32"/>
      </span>
    </property>
    <property type="location" pid="p_3">
      <span>
        <target id="t_3"/>
      </span>
    </property>
    <property type="restaurant" pid="p_4">
      <span>
        <target id="t_12"/>
      </span>
    </property>
  </properties>
  <opinions>
    <opinion oid="o_1">
      <opinion_target>
        <span>
          <target id="t_3"/>
        </span>
      </opinion_target>
      <opinion_expression polarity="negative" strength="-1">
        <span>
          <target id="t_2"/>
        </span>
      </opinion_expression>
    </opinion>
    <opinion oid="o_2">
      <opinion_target>
        <span>
          <target id="t_8"/>
        </span>
      </opinion_target>
      <opinion_expression polarity="positive" strength="1">
        <span>
          <target id="t_5"/>
        </span>
      </opinion_expression>
    </opinion>
    <opinion oid="o_3">
      <opinion_target>
        <span>
          <target id="t_25"/>
        </span>
      </opinion_target>
      <opinion_expression polarity="positive" strength="2">
        <span>
          <target id="t_24"/>
          <target id="t_23"/>
        </span>
      </opinion_expression>
    </opinion>
    <opinion oid="o_4">
      <opinion_target>
        <span>
          <target id="t_35"/>
        </span>
      </opinion_target>
      <opinion_expression polarity="positive" strength="1">
        <span>
          <target id="t_37"/>
          <target id="t_36"/>
        </span>
      </opinion_expression>
    </opinion>
  </opinions>
</KAF>
