<?xml version='1.0' encoding='UTF-8'?>
<KAF xml:lang="nl">
  <linguisticProcessors layer="text">
    <lp timestamp="2013-01-06T18:42:10CET" version="2.0" name="SentenceTokenizer"/>
  </linguisticProcessors>
  <linguisticProcessors layer="terms">
    <lp timestamp="2013-01-06T18:42:10CET" version="2.0" name="SentenceTokenizer"/>
    <lp timestamp="2013-01-06T18:42:10CET" version="1.0" name="SimplePolarityTagger"/>
  </linguisticProcessors>
  <linguisticProcessor layer="opinions">
    <lp timestamp="2013-01-06T18:42:10CET" version="1.0" name="SimpleOpinionDetector"/>
  </linguisticProcessor>
  <linguisticProcessor layer="properties">
    <lp timestamp="2013-01-06T18:42:10CET" version="1.0" name="SimplePropRecognizer_lookup"/>
  </linguisticProcessor>
  <linguisticProcessor layer="entities">
    <lp timestamp="2013-01-06T18:42:10CET" version="1.0" name="SimpleNER_lookup"/>
  </linguisticProcessor>
  <text>
    <wf wid="w_1" para="1" sent="1">Ongekend</wf>
    <wf wid="w_2" para="1" sent="1">ranzig</wf>
    <wf wid="w_3" para="1" sent="1">en</wf>
    <wf wid="w_4" para="1" sent="1">veel</wf>
    <wf wid="w_5" para="1" sent="1">te</wf>
    <wf wid="w_6" para="1" sent="1">duur</wf>
    <wf wid="w_7" para="1" sent="1">hotel</wf>
    <wf wid="w_8" para="1" sent="1">.</wf>
    <wf wid="w_9" para="1" sent="2">Het</wf>
    <wf wid="w_10" para="1" sent="2">hotel</wf>
    <wf wid="w_11" para="1" sent="2">was</wf>
    <wf wid="w_12" para="1" sent="2">verschrikkelijk</wf>
    <wf wid="w_13" para="1" sent="2">:</wf>
    <wf wid="w_14" para="1" sent="2">smerig</wf>
    <wf wid="w_15" para="1" sent="2">(haren</wf>
    <wf wid="w_16" para="1" sent="2">in</wf>
    <wf wid="w_17" para="1" sent="2">douche</wf>
    <wf wid="w_18" para="1" sent="2">-putje</wf>
    <wf wid="w_19" para="1" sent="2">,</wf>
    <wf wid="w_20" para="1" sent="2">urinevlekken</wf>
    <wf wid="w_21" para="1" sent="2">op</wf>
    <wf wid="w_22" para="1" sent="2">wc</wf>
    <wf wid="w_23" para="1" sent="2">-bril</wf>
    <wf wid="w_24" para="1" sent="2">,</wf>
    <wf wid="w_25" para="1" sent="2">ranzinge</wf>
    <wf wid="w_26" para="1" sent="2">kozijnen</wf>
    <wf wid="w_27" para="1" sent="2">,</wf>
    <wf wid="w_28" para="1" sent="2">dekens</wf>
    <wf wid="w_29" para="1" sent="2">en</wf>
    <wf wid="w_30" para="1" sent="2">gordijnen</wf>
    <wf wid="w_31" para="1" sent="2">,</wf>
    <wf wid="w_32" para="1" sent="2">etc</wf>
    <wf wid="w_33" para="1" sent="2">)</wf>
    <wf wid="w_34" para="1" sent="2">,</wf>
    <wf wid="w_35" para="1" sent="2">enorm</wf>
    <wf wid="w_36" para="1" sent="2">warm</wf>
    <wf wid="w_37" para="1" sent="2">,</wf>
    <wf wid="w_38" para="1" sent="2">kleine</wf>
    <wf wid="w_39" para="1" sent="2">oude</wf>
    <wf wid="w_40" para="1" sent="2">TV</wf>
    <wf wid="w_41" para="1" sent="2">zonder</wf>
    <wf wid="w_42" para="1" sent="2">antenne</wf>
    <wf wid="w_43" para="1" sent="2">-aansluiting</wf>
    <wf wid="w_44" para="1" sent="2">,</wf>
    <wf wid="w_45" para="1" sent="2">onvriendelijke</wf>
    <wf wid="w_46" para="1" sent="2">service</wf>
    <wf wid="w_47" para="1" sent="2">en</wf>
    <wf wid="w_48" para="1" sent="2">tegelijkertijd</wf>
    <wf wid="w_49" para="1" sent="2">peperduur</wf>
    <wf wid="w_50" para="1" sent="2">.</wf>
    <wf wid="w_51" para="1" sent="3">Volgens</wf>
    <wf wid="w_52" para="1" sent="3">personeel</wf>
    <wf wid="w_53" para="1" sent="3">was</wf>
    <wf wid="w_54" para="1" sent="3">de</wf>
    <wf wid="w_55" para="1" sent="3">prijs</wf>
    <wf wid="w_56" para="1" sent="3">in</wf>
    <wf wid="w_57" para="1" sent="3">een</wf>
    <wf wid="w_58" para="1" sent="3">paar</wf>
    <wf wid="w_59" para="1" sent="3">maanden</wf>
    <wf wid="w_60" para="1" sent="3">van</wf>
    <wf wid="w_61" para="1" sent="3">E</wf>
    <wf wid="w_62" para="1" sent="3">50</wf>
    <wf wid="w_63" para="1" sent="3">,</wf>
    <wf wid="w_64" para="1" sent="3">-</wf>
    <wf wid="w_65" para="1" sent="3">naar</wf>
    <wf wid="w_66" para="1" sent="3">E</wf>
    <wf wid="w_67" para="1" sent="3">135</wf>
    <wf wid="w_68" para="1" sent="3">,</wf>
    <wf wid="w_69" para="1" sent="3">-</wf>
    <wf wid="w_70" para="1" sent="3">gestegen</wf>
    <wf wid="w_71" para="1" sent="3">.</wf>
    <wf wid="w_72" para="1" sent="4">De</wf>
    <wf wid="w_73" para="1" sent="4">locatie</wf>
    <wf wid="w_74" para="1" sent="4">is</wf>
    <wf wid="w_75" para="1" sent="4">perfect</wf>
    <wf wid="w_76" para="1" sent="4">,</wf>
    <wf wid="w_77" para="1" sent="4">maar</wf>
    <wf wid="w_78" para="1" sent="4">het</wf>
    <wf wid="w_79" para="1" sent="4">hotel</wf>
    <wf wid="w_80" para="1" sent="4">verkeerd</wf>
    <wf wid="w_81" para="1" sent="4">in</wf>
    <wf wid="w_82" para="1" sent="4">een</wf>
    <wf wid="w_83" para="1" sent="4">staat</wf>
    <wf wid="w_84" para="1" sent="4">die</wf>
    <wf wid="w_85" para="1" sent="4">niet</wf>
    <wf wid="w_86" para="1" sent="4">getolereerd</wf>
    <wf wid="w_87" para="1" sent="4">zou</wf>
    <wf wid="w_88" para="1" sent="4">mogen</wf>
    <wf wid="w_89" para="1" sent="4">worden</wf>
    <wf wid="w_90" para="1" sent="4">in</wf>
    <wf wid="w_91" para="1" sent="4">een</wf>
    <wf wid="w_92" para="1" sent="4">land</wf>
    <wf wid="w_93" para="1" sent="4">als</wf>
    <wf wid="w_94" para="1" sent="4">Nederland</wf>
    <wf wid="w_95" para="1" sent="4">.</wf>
  </text>
  <terms>
    <term tid="t_1" lemma="ongekend" type="open">
      <span>
        <target id="w_1"/>
      </span>
    </term>
    <term tid="t_2" lemma="ranzig" type="open" pos="G">
      <span>
        <target id="w_2"/>
      </span>
      <sentiment polarity="negative" resource="VUA_olery_lexicon_nl_lmf"/>
    </term>
    <term tid="t_3" lemma="en" type="open">
      <span>
        <target id="w_3"/>
      </span>
    </term>
    <term tid="t_4" lemma="veel" type="open">
      <span>
        <target id="w_4"/>
      </span>
    </term>
    <term tid="t_5" lemma="te" type="open">
      <span>
        <target id="w_5"/>
      </span>
    </term>
    <term tid="t_6" lemma="duur" type="open" pos="G">
      <span>
        <target id="w_6"/>
      </span>
      <sentiment polarity="negative" resource="VUA_olery_lexicon_nl_lmf"/>
    </term>
    <term tid="t_7" lemma="hotel" type="open">
      <span>
        <target id="w_7"/>
      </span>
    </term>
    <term tid="t_8" lemma="." type="open">
      <span>
        <target id="w_8"/>
      </span>
    </term>
    <term tid="t_9" lemma="het" type="open">
      <span>
        <target id="w_9"/>
      </span>
    </term>
    <term tid="t_10" lemma="hotel" type="open">
      <span>
        <target id="w_10"/>
      </span>
    </term>
    <term tid="t_11" lemma="was" type="open">
      <span>
        <target id="w_11"/>
      </span>
    </term>
    <term tid="t_12" lemma="verschrikkelijk" type="open">
      <span>
        <target id="w_12"/>
      </span>
      <sentiment sentiment_modifier="intensifier" resource="VUA_olery_lexicon_nl_lmf"/>
    </term>
    <term tid="t_13" lemma=":" type="open">
      <span>
        <target id="w_13"/>
      </span>
    </term>
    <term tid="t_14" lemma="smerig" type="open" pos="G">
      <span>
        <target id="w_14"/>
      </span>
      <sentiment polarity="negative" resource="VUA_olery_lexicon_nl_lmf"/>
    </term>
    <term tid="t_15" lemma="(haren" type="open">
      <span>
        <target id="w_15"/>
      </span>
    </term>
    <term tid="t_16" lemma="in" type="open">
      <span>
        <target id="w_16"/>
      </span>
    </term>
    <term tid="t_17" lemma="douche" type="open">
      <span>
        <target id="w_17"/>
      </span>
    </term>
    <term tid="t_18" lemma="-putje" type="open">
      <span>
        <target id="w_18"/>
      </span>
    </term>
    <term tid="t_19" lemma="," type="open">
      <span>
        <target id="w_19"/>
      </span>
    </term>
    <term tid="t_20" lemma="urinevlekken" type="open">
      <span>
        <target id="w_20"/>
      </span>
    </term>
    <term tid="t_21" lemma="op" type="open">
      <span>
        <target id="w_21"/>
      </span>
    </term>
    <term tid="t_22" lemma="wc" type="open">
      <span>
        <target id="w_22"/>
      </span>
    </term>
    <term tid="t_23" lemma="-bril" type="open">
      <span>
        <target id="w_23"/>
      </span>
    </term>
    <term tid="t_24" lemma="," type="open">
      <span>
        <target id="w_24"/>
      </span>
    </term>
    <term tid="t_25" lemma="ranzinge" type="open">
      <span>
        <target id="w_25"/>
      </span>
    </term>
    <term tid="t_26" lemma="kozijnen" type="open">
      <span>
        <target id="w_26"/>
      </span>
    </term>
    <term tid="t_27" lemma="," type="open">
      <span>
        <target id="w_27"/>
      </span>
    </term>
    <term tid="t_28" lemma="dekens" type="open">
      <span>
        <target id="w_28"/>
      </span>
    </term>
    <term tid="t_29" lemma="en" type="open">
      <span>
        <target id="w_29"/>
      </span>
    </term>
    <term tid="t_30" lemma="gordijnen" type="open">
      <span>
        <target id="w_30"/>
      </span>
    </term>
    <term tid="t_31" lemma="," type="open">
      <span>
        <target id="w_31"/>
      </span>
    </term>
    <term tid="t_32" lemma="etc" type="open">
      <span>
        <target id="w_32"/>
      </span>
    </term>
    <term tid="t_33" lemma=")" type="open">
      <span>
        <target id="w_33"/>
      </span>
    </term>
    <term tid="t_34" lemma="," type="open">
      <span>
        <target id="w_34"/>
      </span>
    </term>
    <term tid="t_35" lemma="enorm" type="open">
      <span>
        <target id="w_35"/>
      </span>
      <sentiment sentiment_modifier="intensifier" resource="VUA_olery_lexicon_nl_lmf"/>
    </term>
    <term tid="t_36" lemma="warm" type="open">
      <span>
        <target id="w_36"/>
      </span>
    </term>
    <term tid="t_37" lemma="," type="open">
      <span>
        <target id="w_37"/>
      </span>
    </term>
    <term tid="t_38" lemma="kleine" type="open">
      <span>
        <target id="w_38"/>
      </span>
    </term>
    <term tid="t_39" lemma="oude" type="open">
      <span>
        <target id="w_39"/>
      </span>
    </term>
    <term tid="t_40" lemma="tv" type="open">
      <span>
        <target id="w_40"/>
      </span>
    </term>
    <term tid="t_41" lemma="zonder" type="open">
      <span>
        <target id="w_41"/>
      </span>
      <sentiment sentiment_modifier="shifter" resource="VUA_olery_lexicon_nl_lmf"/>
    </term>
    <term tid="t_42" lemma="antenne" type="open">
      <span>
        <target id="w_42"/>
      </span>
    </term>
    <term tid="t_43" lemma="-aansluiting" type="open">
      <span>
        <target id="w_43"/>
      </span>
    </term>
    <term tid="t_44" lemma="," type="open">
      <span>
        <target id="w_44"/>
      </span>
    </term>
    <term tid="t_45" lemma="onvriendelijke" type="open">
      <span>
        <target id="w_45"/>
      </span>
    </term>
    <term tid="t_46" lemma="service" type="open">
      <span>
        <target id="w_46"/>
      </span>
    </term>
    <term tid="t_47" lemma="en" type="open">
      <span>
        <target id="w_47"/>
      </span>
    </term>
    <term tid="t_48" lemma="tegelijkertijd" type="open">
      <span>
        <target id="w_48"/>
      </span>
    </term>
    <term tid="t_49" lemma="peperduur" type="open">
      <span>
        <target id="w_49"/>
      </span>
    </term>
    <term tid="t_50" lemma="." type="open">
      <span>
        <target id="w_50"/>
      </span>
    </term>
    <term tid="t_51" lemma="volgens" type="open">
      <span>
        <target id="w_51"/>
      </span>
    </term>
    <term tid="t_52" lemma="personeel" type="open">
      <span>
        <target id="w_52"/>
      </span>
    </term>
    <term tid="t_53" lemma="was" type="open">
      <span>
        <target id="w_53"/>
      </span>
    </term>
    <term tid="t_54" lemma="de" type="open">
      <span>
        <target id="w_54"/>
      </span>
    </term>
    <term tid="t_55" lemma="prijs" type="open">
      <span>
        <target id="w_55"/>
      </span>
    </term>
    <term tid="t_56" lemma="in" type="open">
      <span>
        <target id="w_56"/>
      </span>
    </term>
    <term tid="t_57" lemma="een" type="open">
      <span>
        <target id="w_57"/>
      </span>
    </term>
    <term tid="t_58" lemma="paar" type="open">
      <span>
        <target id="w_58"/>
      </span>
    </term>
    <term tid="t_59" lemma="maanden" type="open">
      <span>
        <target id="w_59"/>
      </span>
    </term>
    <term tid="t_60" lemma="van" type="open">
      <span>
        <target id="w_60"/>
      </span>
    </term>
    <term tid="t_61" lemma="e" type="open">
      <span>
        <target id="w_61"/>
      </span>
    </term>
    <term tid="t_62" lemma="50" type="open">
      <span>
        <target id="w_62"/>
      </span>
    </term>
    <term tid="t_63" lemma="," type="open">
      <span>
        <target id="w_63"/>
      </span>
    </term>
    <term tid="t_64" lemma="-" type="open">
      <span>
        <target id="w_64"/>
      </span>
    </term>
    <term tid="t_65" lemma="naar" type="open" pos="G">
      <span>
        <target id="w_65"/>
      </span>
      <sentiment polarity="negative" resource="VUA_olery_lexicon_nl_lmf"/>
    </term>
    <term tid="t_66" lemma="e" type="open">
      <span>
        <target id="w_66"/>
      </span>
    </term>
    <term tid="t_67" lemma="135" type="open">
      <span>
        <target id="w_67"/>
      </span>
    </term>
    <term tid="t_68" lemma="," type="open">
      <span>
        <target id="w_68"/>
      </span>
    </term>
    <term tid="t_69" lemma="-" type="open">
      <span>
        <target id="w_69"/>
      </span>
    </term>
    <term tid="t_70" lemma="gestegen" type="open">
      <span>
        <target id="w_70"/>
      </span>
    </term>
    <term tid="t_71" lemma="." type="open">
      <span>
        <target id="w_71"/>
      </span>
    </term>
    <term tid="t_72" lemma="de" type="open">
      <span>
        <target id="w_72"/>
      </span>
    </term>
    <term tid="t_73" lemma="locatie" type="open">
      <span>
        <target id="w_73"/>
      </span>
    </term>
    <term tid="t_74" lemma="is" type="open">
      <span>
        <target id="w_74"/>
      </span>
    </term>
    <term tid="t_75" lemma="perfect" type="open" pos="G">
      <span>
        <target id="w_75"/>
      </span>
      <sentiment polarity="positive" resource="VUA_olery_lexicon_nl_lmf"/>
    </term>
    <term tid="t_76" lemma="," type="open">
      <span>
        <target id="w_76"/>
      </span>
    </term>
    <term tid="t_77" lemma="maar" type="open">
      <span>
        <target id="w_77"/>
      </span>
    </term>
    <term tid="t_78" lemma="het" type="open">
      <span>
        <target id="w_78"/>
      </span>
    </term>
    <term tid="t_79" lemma="hotel" type="open">
      <span>
        <target id="w_79"/>
      </span>
    </term>
    <term tid="t_80" lemma="verkeerd" type="open" pos="G">
      <span>
        <target id="w_80"/>
      </span>
      <sentiment polarity="negative" resource="VUA_olery_lexicon_nl_lmf"/>
    </term>
    <term tid="t_81" lemma="in" type="open">
      <span>
        <target id="w_81"/>
      </span>
    </term>
    <term tid="t_82" lemma="een" type="open">
      <span>
        <target id="w_82"/>
      </span>
    </term>
    <term tid="t_83" lemma="staat" type="open">
      <span>
        <target id="w_83"/>
      </span>
    </term>
    <term tid="t_84" lemma="die" type="open">
      <span>
        <target id="w_84"/>
      </span>
    </term>
    <term tid="t_85" lemma="niet" type="open">
      <span>
        <target id="w_85"/>
      </span>
      <sentiment sentiment_modifier="shifter" resource="VUA_olery_lexicon_nl_lmf"/>
    </term>
    <term tid="t_86" lemma="getolereerd" type="open">
      <span>
        <target id="w_86"/>
      </span>
    </term>
    <term tid="t_87" lemma="zou" type="open">
      <span>
        <target id="w_87"/>
      </span>
    </term>
    <term tid="t_88" lemma="mogen" type="open">
      <span>
        <target id="w_88"/>
      </span>
    </term>
    <term tid="t_89" lemma="worden" type="open">
      <span>
        <target id="w_89"/>
      </span>
    </term>
    <term tid="t_90" lemma="in" type="open">
      <span>
        <target id="w_90"/>
      </span>
    </term>
    <term tid="t_91" lemma="een" type="open">
      <span>
        <target id="w_91"/>
      </span>
    </term>
    <term tid="t_92" lemma="land" type="open">
      <span>
        <target id="w_92"/>
      </span>
    </term>
    <term tid="t_93" lemma="als" type="open">
      <span>
        <target id="w_93"/>
      </span>
    </term>
    <term tid="t_94" lemma="nederland" type="open">
      <span>
        <target id="w_94"/>
      </span>
    </term>
    <term tid="t_95" lemma="." type="open">
      <span>
        <target id="w_95"/>
      </span>
    </term>
  </terms>
  <entities>
    <entity type="MISC" eid="e_1">
      <span>
        <target id="t_46"/>
      </span>
    </entity>
    <entity type="LOC" eid="e_2">
      <span>
        <target id="t_94"/>
      </span>
    </entity>
    <entity type="MISC" eid="e_3">
      <span>
        <target id="t_61"/>
      </span>
      <span>
        <target id="t_66"/>
      </span>
    </entity>
  </entities>
  <properties>
    <property type="value_for_money" pid="p_1">
      <span>
        <target id="t_6"/>
      </span>
      <span>
        <target id="t_55"/>
      </span>
    </property>
    <property type="bathroom" pid="p_2">
      <span>
        <target id="t_17"/>
      </span>
      <span>
        <target id="t_22"/>
      </span>
    </property>
    <property type="cleanliness" pid="p_3">
      <span>
        <target id="t_14"/>
      </span>
    </property>
    <property type="facilities" pid="p_4">
      <span>
        <target id="t_40"/>
      </span>
    </property>
    <property type="location" pid="p_5">
      <span>
        <target id="t_73"/>
      </span>
    </property>
    <property type="staff" pid="p_6">
      <span>
        <target id="t_46"/>
      </span>
      <span>
        <target id="t_52"/>
      </span>
    </property>
  </properties>
  <opinions>
    <opinion oid="o_1">
      <opinion_target>
        <span>
          <target id="t_1"/>
        </span>
      </opinion_target>
      <opinion_expression polarity="negative" strength="-1">
        <span>
          <target id="t_2"/>
        </span>
      </opinion_expression>
    </opinion>
    <opinion oid="o_2">
      <opinion_target>
        <span>
          <target id="t_7"/>
        </span>
      </opinion_target>
      <opinion_expression polarity="negative" strength="-1">
        <span>
          <target id="t_6"/>
        </span>
      </opinion_expression>
    </opinion>
    <opinion oid="o_3">
      <opinion_target>
        <span>
          <target id="t_15"/>
        </span>
      </opinion_target>
      <opinion_expression polarity="negative" strength="-1">
        <span>
          <target id="t_14"/>
        </span>
      </opinion_expression>
    </opinion>
    <opinion oid="o_4">
      <opinion_target>
        <span>
          <target id="t_67"/>
        </span>
      </opinion_target>
      <opinion_expression polarity="negative" strength="-1">
        <span>
          <target id="t_65"/>
        </span>
      </opinion_expression>
    </opinion>
    <opinion oid="o_5">
      <opinion_target>
        <span>
          <target id="t_73"/>
        </span>
      </opinion_target>
      <opinion_expression polarity="positive" strength="1">
        <span>
          <target id="t_75"/>
        </span>
      </opinion_expression>
    </opinion>
    <opinion oid="o_6">
      <opinion_target>
        <span>
          <target id="t_83"/>
        </span>
      </opinion_target>
      <opinion_expression polarity="negative" strength="-1">
        <span>
          <target id="t_80"/>
        </span>
      </opinion_expression>
    </opinion>
  </opinions>
</KAF>
