<?xml version='1.0' encoding='UTF-8'?>
<KAF xml:lang="nl">
  <linguisticProcessors layer="text">
    <lp timestamp="2013-01-06T18:31:30CET" version="2.0" name="SentenceTokenizer"/>
  </linguisticProcessors>
  <linguisticProcessors layer="terms">
    <lp timestamp="2013-01-06T18:31:30CET" version="2.0" name="SentenceTokenizer"/>
    <lp timestamp="2013-01-06T18:31:30CET" version="1.0" name="SimplePolarityTagger"/>
  </linguisticProcessors>
  <linguisticProcessor layer="opinions">
    <lp timestamp="2013-01-06T18:31:31CET" version="1.0" name="SimpleOpinionDetector"/>
  </linguisticProcessor>
  <linguisticProcessor layer="properties">
    <lp timestamp="2013-01-06T18:31:30CET" version="1.0" name="SimplePropRecognizer_lookup"/>
  </linguisticProcessor>
  <linguisticProcessor layer="entities">
    <lp timestamp="2013-01-06T18:31:30CET" version="1.0" name="SimpleNER_lookup"/>
  </linguisticProcessor>
  <text>
    <wf wid="w_1" para="1" sent="1">Prachtige</wf>
    <wf wid="w_2" para="1" sent="1">mooie</wf>
    <wf wid="w_3" para="1" sent="1">nieuwe</wf>
    <wf wid="w_4" para="1" sent="1">comfort</wf>
    <wf wid="w_5" para="1" sent="1">deluxe</wf>
    <wf wid="w_6" para="1" sent="1">hotelkamer</wf>
    <wf wid="w_7" para="1" sent="1">met</wf>
    <wf wid="w_8" para="1" sent="1">echt</wf>
    <wf wid="w_9" para="1" sent="1">alle</wf>
    <wf wid="w_10" para="1" sent="1">luxe</wf>
    <wf wid="w_11" para="1" sent="1">wat</wf>
    <wf wid="w_12" para="1" sent="1">je</wf>
    <wf wid="w_13" para="1" sent="1">kunt</wf>
    <wf wid="w_14" para="1" sent="1">bedenken</wf>
    <wf wid="w_15" para="1" sent="1">.</wf>
    <wf wid="w_16" para="1" sent="2">Alleen</wf>
    <wf wid="w_17" para="1" sent="2">een</wf>
    <wf wid="w_18" para="1" sent="2">min</wf>
    <wf wid="w_19" para="1" sent="2">puntje</wf>
    <wf wid="w_20" para="1" sent="2">s</wf>
    <wf wid="w_21" para="1" sent="2">,</wf>
    <wf wid="w_22" para="1" sent="2">nachts</wf>
    <wf wid="w_23" para="1" sent="2">blijft</wf>
    <wf wid="w_24" para="1" sent="2">de</wf>
    <wf wid="w_25" para="1" sent="2">kamer</wf>
    <wf wid="w_26" para="1" sent="2">erg</wf>
    <wf wid="w_27" para="1" sent="2">warm</wf>
    <wf wid="w_28" para="1" sent="2">.</wf>
    <wf wid="w_29" para="1" sent="3">Het</wf>
    <wf wid="w_30" para="1" sent="3">personeel</wf>
    <wf wid="w_31" para="1" sent="3">allemaal</wf>
    <wf wid="w_32" para="1" sent="3">even</wf>
    <wf wid="w_33" para="1" sent="3">vriendelijk</wf>
    <wf wid="w_34" para="1" sent="3">en</wf>
    <wf wid="w_35" para="1" sent="3">doen</wf>
    <wf wid="w_36" para="1" sent="3">echt</wf>
    <wf wid="w_37" para="1" sent="3">hun</wf>
    <wf wid="w_38" para="1" sent="3">best</wf>
    <wf wid="w_39" para="1" sent="3">tijdens</wf>
    <wf wid="w_40" para="1" sent="3">ons</wf>
    <wf wid="w_41" para="1" sent="3">verblijf</wf>
    <wf wid="w_42" para="1" sent="3">.</wf>
    <wf wid="w_43" para="1" sent="4">over</wf>
    <wf wid="w_44" para="1" sent="4">het</wf>
    <wf wid="w_45" para="1" sent="4">eten</wf>
    <wf wid="w_46" para="1" sent="4">maar</wf>
    <wf wid="w_47" para="1" sent="4">een</wf>
    <wf wid="w_48" para="1" sent="4">woord</wf>
    <wf wid="w_49" para="1" sent="4">gewoon</wf>
    <wf wid="w_50" para="1" sent="4">goed</wf>
    <wf wid="w_51" para="1" sent="4">.</wf>
  </text>
  <terms>
    <term tid="t_1" lemma="prachtige" type="open">
      <span>
        <target id="w_1"/>
      </span>
    </term>
    <term tid="t_2" lemma="mooie" type="open">
      <span>
        <target id="w_2"/>
      </span>
    </term>
    <term tid="t_3" lemma="nieuwe" type="open">
      <span>
        <target id="w_3"/>
      </span>
    </term>
    <term tid="t_4" lemma="comfort" type="open">
      <span>
        <target id="w_4"/>
      </span>
    </term>
    <term tid="t_5" lemma="deluxe" type="open">
      <span>
        <target id="w_5"/>
      </span>
    </term>
    <term tid="t_6" lemma="hotelkamer" type="open">
      <span>
        <target id="w_6"/>
      </span>
    </term>
    <term tid="t_7" lemma="met" type="open">
      <span>
        <target id="w_7"/>
      </span>
    </term>
    <term tid="t_8" lemma="echt" type="open">
      <span>
        <target id="w_8"/>
      </span>
      <sentiment sentiment_modifier="intensifier" resource="VUA_olery_lexicon_nl_lmf"/>
    </term>
    <term tid="t_9" lemma="alle" type="open">
      <span>
        <target id="w_9"/>
      </span>
    </term>
    <term tid="t_10" lemma="luxe" type="open" pos="N">
      <span>
        <target id="w_10"/>
      </span>
      <sentiment polarity="positive" resource="VUA_olery_lexicon_nl_lmf"/>
    </term>
    <term tid="t_11" lemma="wat" type="open">
      <span>
        <target id="w_11"/>
      </span>
    </term>
    <term tid="t_12" lemma="je" type="open">
      <span>
        <target id="w_12"/>
      </span>
    </term>
    <term tid="t_13" lemma="kunt" type="open">
      <span>
        <target id="w_13"/>
      </span>
    </term>
    <term tid="t_14" lemma="bedenken" type="open">
      <span>
        <target id="w_14"/>
      </span>
    </term>
    <term tid="t_15" lemma="." type="open">
      <span>
        <target id="w_15"/>
      </span>
    </term>
    <term tid="t_16" lemma="alleen" type="open">
      <span>
        <target id="w_16"/>
      </span>
    </term>
    <term tid="t_17" lemma="een" type="open">
      <span>
        <target id="w_17"/>
      </span>
    </term>
    <term tid="t_18" lemma="min" type="open" pos="G">
      <span>
        <target id="w_18"/>
      </span>
      <sentiment polarity="negative" resource="VUA_olery_lexicon_nl_lmf"/>
    </term>
    <term tid="t_19" lemma="puntje" type="open">
      <span>
        <target id="w_19"/>
      </span>
    </term>
    <term tid="t_20" lemma="s" type="open">
      <span>
        <target id="w_20"/>
      </span>
    </term>
    <term tid="t_21" lemma="," type="open">
      <span>
        <target id="w_21"/>
      </span>
    </term>
    <term tid="t_22" lemma="nachts" type="open">
      <span>
        <target id="w_22"/>
      </span>
    </term>
    <term tid="t_23" lemma="blijft" type="open">
      <span>
        <target id="w_23"/>
      </span>
    </term>
    <term tid="t_24" lemma="de" type="open">
      <span>
        <target id="w_24"/>
      </span>
    </term>
    <term tid="t_25" lemma="kamer" type="open">
      <span>
        <target id="w_25"/>
      </span>
    </term>
    <term tid="t_26" lemma="erg" type="open">
      <span>
        <target id="w_26"/>
      </span>
      <sentiment sentiment_modifier="intensifier" resource="VUA_olery_lexicon_nl_lmf"/>
    </term>
    <term tid="t_27" lemma="warm" type="open">
      <span>
        <target id="w_27"/>
      </span>
    </term>
    <term tid="t_28" lemma="." type="open">
      <span>
        <target id="w_28"/>
      </span>
    </term>
    <term tid="t_29" lemma="het" type="open">
      <span>
        <target id="w_29"/>
      </span>
    </term>
    <term tid="t_30" lemma="personeel" type="open">
      <span>
        <target id="w_30"/>
      </span>
    </term>
    <term tid="t_31" lemma="allemaal" type="open">
      <span>
        <target id="w_31"/>
      </span>
    </term>
    <term tid="t_32" lemma="even" type="open">
      <span>
        <target id="w_32"/>
      </span>
    </term>
    <term tid="t_33" lemma="vriendelijk" type="open" pos="G">
      <span>
        <target id="w_33"/>
      </span>
      <sentiment polarity="positive" resource="VUA_olery_lexicon_nl_lmf"/>
    </term>
    <term tid="t_34" lemma="en" type="open">
      <span>
        <target id="w_34"/>
      </span>
    </term>
    <term tid="t_35" lemma="doen" type="open">
      <span>
        <target id="w_35"/>
      </span>
    </term>
    <term tid="t_36" lemma="echt" type="open">
      <span>
        <target id="w_36"/>
      </span>
      <sentiment sentiment_modifier="intensifier" resource="VUA_olery_lexicon_nl_lmf"/>
    </term>
    <term tid="t_37" lemma="hun" type="open">
      <span>
        <target id="w_37"/>
      </span>
    </term>
    <term tid="t_38" lemma="best" type="open" pos="G">
      <span>
        <target id="w_38"/>
      </span>
      <sentiment polarity="positive" resource="VUA_olery_lexicon_nl_lmf"/>
    </term>
    <term tid="t_39" lemma="tijdens" type="open">
      <span>
        <target id="w_39"/>
      </span>
    </term>
    <term tid="t_40" lemma="ons" type="open">
      <span>
        <target id="w_40"/>
      </span>
    </term>
    <term tid="t_41" lemma="verblijf" type="open">
      <span>
        <target id="w_41"/>
      </span>
    </term>
    <term tid="t_42" lemma="." type="open">
      <span>
        <target id="w_42"/>
      </span>
    </term>
    <term tid="t_43" lemma="over" type="open">
      <span>
        <target id="w_43"/>
      </span>
    </term>
    <term tid="t_44" lemma="het" type="open">
      <span>
        <target id="w_44"/>
      </span>
    </term>
    <term tid="t_45" lemma="eten" type="open">
      <span>
        <target id="w_45"/>
      </span>
    </term>
    <term tid="t_46" lemma="maar" type="open">
      <span>
        <target id="w_46"/>
      </span>
    </term>
    <term tid="t_47" lemma="een" type="open">
      <span>
        <target id="w_47"/>
      </span>
    </term>
    <term tid="t_48" lemma="woord" type="open">
      <span>
        <target id="w_48"/>
      </span>
    </term>
    <term tid="t_49" lemma="gewoon" type="open">
      <span>
        <target id="w_49"/>
      </span>
    </term>
    <term tid="t_50" lemma="goed" type="open" pos="G">
      <span>
        <target id="w_50"/>
      </span>
      <sentiment polarity="positive" resource="VUA_olery_lexicon_nl_lmf"/>
    </term>
    <term tid="t_51" lemma="." type="open">
      <span>
        <target id="w_51"/>
      </span>
    </term>
  </terms>
  <entities>
    <entity type="PER" eid="e_1">
      <span>
        <target id="t_18"/>
      </span>
    </entity>
    <entity type="ORG" eid="e_2">
      <span>
        <target id="t_25"/>
      </span>
    </entity>
    <entity type="PER" eid="e_3">
      <span>
        <target id="t_38"/>
      </span>
    </entity>
  </entities>
  <properties>
    <property type="facilities" pid="p_1">
      <span>
        <target id="t_5"/>
      </span>
    </property>
    <property type="restaurant" pid="p_2">
      <span>
        <target id="t_45"/>
      </span>
    </property>
    <property type="room" pid="p_3">
      <span>
        <target id="t_6"/>
      </span>
      <span>
        <target id="t_25"/>
      </span>
    </property>
    <property type="staff" pid="p_4">
      <span>
        <target id="t_30"/>
      </span>
      <span>
        <target id="t_33"/>
      </span>
    </property>
  </properties>
  <opinions>
    <opinion oid="o_1">
      <opinion_target>
        <span>
          <target id="t_13"/>
        </span>
      </opinion_target>
      <opinion_expression polarity="positive" strength="1">
        <span>
          <target id="t_10"/>
        </span>
      </opinion_expression>
    </opinion>
    <opinion oid="o_2">
      <opinion_target>
        <span>
          <target id="t_19"/>
        </span>
      </opinion_target>
      <opinion_expression polarity="negative" strength="-1">
        <span>
          <target id="t_18"/>
        </span>
      </opinion_expression>
    </opinion>
    <opinion oid="o_3">
      <opinion_target>
        <span>
          <target id="t_36"/>
        </span>
      </opinion_target>
      <opinion_expression polarity="positive" strength="1">
        <span>
          <target id="t_33"/>
        </span>
      </opinion_expression>
    </opinion>
    <opinion oid="o_4">
      <opinion_target>
        <span>
          <target id="t_39"/>
        </span>
      </opinion_target>
      <opinion_expression polarity="positive" strength="1">
        <span>
          <target id="t_38"/>
        </span>
      </opinion_expression>
    </opinion>
    <opinion oid="o_5">
      <opinion_target>
        <span>
          <target id="t_49"/>
        </span>
      </opinion_target>
      <opinion_expression polarity="positive" strength="1">
        <span>
          <target id="t_50"/>
        </span>
      </opinion_expression>
    </opinion>
  </opinions>
</KAF>
