<?xml version='1.0' encoding='UTF-8'?>
<KAF xml:lang="nl">
  <linguisticProcessors layer="text">
    <lp timestamp="2013-01-06T18:43:44CET" version="2.0" name="SentenceTokenizer"/>
  </linguisticProcessors>
  <linguisticProcessors layer="terms">
    <lp timestamp="2013-01-06T18:43:44CET" version="2.0" name="SentenceTokenizer"/>
    <lp timestamp="2013-01-06T18:43:44CET" version="1.0" name="SimplePolarityTagger"/>
  </linguisticProcessors>
  <linguisticProcessor layer="opinions">
    <lp timestamp="2013-01-06T18:43:44CET" version="1.0" name="SimpleOpinionDetector"/>
  </linguisticProcessor>
  <linguisticProcessor layer="properties">
    <lp timestamp="2013-01-06T18:43:44CET" version="1.0" name="SimplePropRecognizer_lookup"/>
  </linguisticProcessor>
  <linguisticProcessor layer="entities">
    <lp timestamp="2013-01-06T18:43:44CET" version="1.0" name="SimpleNER_lookup"/>
  </linguisticProcessor>
  <text>
    <wf wid="w_1" para="1" sent="1">Schandalig</wf>
    <wf wid="w_2" para="1" sent="1">!</wf>
    <wf wid="w_3" para="1" sent="2">15</wf>
    <wf wid="w_4" para="1" sent="2">jaar</wf>
    <wf wid="w_5" para="1" sent="2">getrouwd</wf>
    <wf wid="w_6" para="1" sent="2">en</wf>
    <wf wid="w_7" para="1" sent="2">3</wf>
    <wf wid="w_8" para="1" sent="2">dagen</wf>
    <wf wid="w_9" para="1" sent="2">vantevoren</wf>
    <wf wid="w_10" para="1" sent="2">afgebeld</wf>
    <wf wid="w_11" para="1" sent="2">!.</wf>
    <wf wid="w_12" para="1" sent="3">Het</wf>
    <wf wid="w_13" para="1" sent="3">was</wf>
    <wf wid="w_14" para="1" sent="3">een</wf>
    <wf wid="w_15" para="1" sent="3">schande</wf>
    <wf wid="w_16" para="1" sent="3">,</wf>
    <wf wid="w_17" para="1" sent="3">we</wf>
    <wf wid="w_18" para="1" sent="3">zouden</wf>
    <wf wid="w_19" para="1" sent="3">het</wf>
    <wf wid="w_20" para="1" sent="3">weekeinde</wf>
    <wf wid="w_21" para="1" sent="3">van</wf>
    <wf wid="w_22" para="1" sent="3">19</wf>
    <wf wid="w_23" para="1" sent="3">december</wf>
    <wf wid="w_24" para="1" sent="3">naar</wf>
    <wf wid="w_25" para="1" sent="3">dit</wf>
    <wf wid="w_26" para="1" sent="3">hotel</wf>
    <wf wid="w_27" para="1" sent="3">gaan</wf>
    <wf wid="w_28" para="1" sent="3">,</wf>
    <wf wid="w_29" para="1" sent="3">3</wf>
    <wf wid="w_30" para="1" sent="3">dagen</wf>
    <wf wid="w_31" para="1" sent="3">ervoor</wf>
    <wf wid="w_32" para="1" sent="3">wordt</wf>
    <wf wid="w_33" para="1" sent="3">ik</wf>
    <wf wid="w_34" para="1" sent="3">gebeld</wf>
    <wf wid="w_35" para="1" sent="3">met</wf>
    <wf wid="w_36" para="1" sent="3">de</wf>
    <wf wid="w_37" para="1" sent="3">mededeling</wf>
    <wf wid="w_38" para="1" sent="3">dat</wf>
    <wf wid="w_39" para="1" sent="3">het</wf>
    <wf wid="w_40" para="1" sent="3">niet</wf>
    <wf wid="w_41" para="1" sent="3">door</wf>
    <wf wid="w_42" para="1" sent="3">gaat</wf>
    <wf wid="w_43" para="1" sent="3">wegens</wf>
    <wf wid="w_44" para="1" sent="3">overboeking</wf>
    <wf wid="w_45" para="1" sent="3">!</wf>
    <wf wid="w_46" para="1" sent="4">Feestje</wf>
    <wf wid="w_47" para="1" sent="4">gepland</wf>
    <wf wid="w_48" para="1" sent="4">i</wf>
    <wf wid="w_49" para="1" sent="4">.</wf>
    <wf wid="w_50" para="1" sent="5">v</wf>
    <wf wid="w_51" para="1" sent="5">.</wf>
    <wf wid="w_52" para="1" sent="6">m</wf>
    <wf wid="w_53" para="1" sent="6">.</wf>
    <wf wid="w_54" para="1" sent="7">mijn</wf>
    <wf wid="w_55" para="1" sent="7">15</wf>
    <wf wid="w_56" para="1" sent="7">jarig</wf>
    <wf wid="w_57" para="1" sent="7">huwelijk</wf>
    <wf wid="w_58" para="1" sent="7">met</wf>
    <wf wid="w_59" para="1" sent="7">familie</wf>
    <wf wid="w_60" para="1" sent="7">en</wf>
    <wf wid="w_61" para="1" sent="7">restaurant</wf>
    <wf wid="w_62" para="1" sent="7">gereserveerd</wf>
    <wf wid="w_63" para="1" sent="7">in</wf>
    <wf wid="w_64" para="1" sent="7">dit</wf>
    <wf wid="w_65" para="1" sent="7">drukke</wf>
    <wf wid="w_66" para="1" sent="7">weekeinde</wf>
    <wf wid="w_67" para="1" sent="7">,</wf>
    <wf wid="w_68" para="1" sent="7">geen</wf>
    <wf wid="w_69" para="1" sent="7">hotel</wf>
    <wf wid="w_70" para="1" sent="7">meer</wf>
    <wf wid="w_71" para="1" sent="7">te</wf>
    <wf wid="w_72" para="1" sent="7">krijgen</wf>
    <wf wid="w_73" para="1" sent="7">en</wf>
    <wf wid="w_74" para="1" sent="7">nu</wf>
    <wf wid="w_75" para="1" sent="7">dus</wf>
    <wf wid="w_76" para="1" sent="7">alles</wf>
    <wf wid="w_77" para="1" sent="7">moeten</wf>
    <wf wid="w_78" para="1" sent="7">annuleren</wf>
    <wf wid="w_79" para="1" sent="7">.</wf>
    <wf wid="w_80" para="1" sent="8">2</wf>
    <wf wid="w_81" para="1" sent="8">maanden</wf>
    <wf wid="w_82" para="1" sent="8">van</wf>
    <wf wid="w_83" para="1" sent="8">tevoren</wf>
    <wf wid="w_84" para="1" sent="8">geboekt</wf>
    <wf wid="w_85" para="1" sent="8">,</wf>
    <wf wid="w_86" para="1" sent="8">aanbetaald</wf>
    <wf wid="w_87" para="1" sent="8">per</wf>
    <wf wid="w_88" para="1" sent="8">creditcard</wf>
    <wf wid="w_89" para="1" sent="8">en</wf>
    <wf wid="w_90" para="1" sent="8">dan</wf>
    <wf wid="w_91" para="1" sent="8">gewoon</wf>
    <wf wid="w_92" para="1" sent="8">dit</wf>
    <wf wid="w_93" para="1" sent="8">mee</wf>
    <wf wid="w_94" para="1" sent="8">moeten</wf>
    <wf wid="w_95" para="1" sent="8">maken</wf>
    <wf wid="w_96" para="1" sent="8">,</wf>
    <wf wid="w_97" para="1" sent="8">een</wf>
    <wf wid="w_98" para="1" sent="8">schande</wf>
    <wf wid="w_99" para="1" sent="8">!</wf>
    <wf wid="w_100" para="1" sent="9">Dit</wf>
    <wf wid="w_101" para="1" sent="9">hotel</wf>
    <wf wid="w_102" para="1" sent="9">kun</wf>
    <wf wid="w_103" para="1" sent="9">je</wf>
    <wf wid="w_104" para="1" sent="9">beter</wf>
    <wf wid="w_105" para="1" sent="9">vergeten</wf>
    <wf wid="w_106" para="1" sent="9">.</wf>
  </text>
  <terms>
    <term tid="t_1" lemma="schandalig" type="open" pos="G">
      <span>
        <target id="w_1"/>
      </span>
      <sentiment polarity="negative" resource="VUA_olery_lexicon_nl_lmf"/>
    </term>
    <term tid="t_2" lemma="!" type="open">
      <span>
        <target id="w_2"/>
      </span>
      <sentiment sentiment_modifier="intensifier" resource="VUA_olery_lexicon_nl_lmf"/>
    </term>
    <term tid="t_3" lemma="15" type="open">
      <span>
        <target id="w_3"/>
      </span>
    </term>
    <term tid="t_4" lemma="jaar" type="open">
      <span>
        <target id="w_4"/>
      </span>
    </term>
    <term tid="t_5" lemma="getrouwd" type="open">
      <span>
        <target id="w_5"/>
      </span>
    </term>
    <term tid="t_6" lemma="en" type="open">
      <span>
        <target id="w_6"/>
      </span>
    </term>
    <term tid="t_7" lemma="3" type="open">
      <span>
        <target id="w_7"/>
      </span>
    </term>
    <term tid="t_8" lemma="dagen" type="open">
      <span>
        <target id="w_8"/>
      </span>
    </term>
    <term tid="t_9" lemma="vantevoren" type="open">
      <span>
        <target id="w_9"/>
      </span>
    </term>
    <term tid="t_10" lemma="afgebeld" type="open">
      <span>
        <target id="w_10"/>
      </span>
    </term>
    <term tid="t_11" lemma="!." type="open">
      <span>
        <target id="w_11"/>
      </span>
    </term>
    <term tid="t_12" lemma="het" type="open">
      <span>
        <target id="w_12"/>
      </span>
    </term>
    <term tid="t_13" lemma="was" type="open">
      <span>
        <target id="w_13"/>
      </span>
    </term>
    <term tid="t_14" lemma="een" type="open">
      <span>
        <target id="w_14"/>
      </span>
    </term>
    <term tid="t_15" lemma="schande" type="open" pos="N">
      <span>
        <target id="w_15"/>
      </span>
      <sentiment polarity="negative" resource="VUA_olery_lexicon_nl_lmf"/>
    </term>
    <term tid="t_16" lemma="," type="open">
      <span>
        <target id="w_16"/>
      </span>
    </term>
    <term tid="t_17" lemma="we" type="open">
      <span>
        <target id="w_17"/>
      </span>
    </term>
    <term tid="t_18" lemma="zouden" type="open">
      <span>
        <target id="w_18"/>
      </span>
    </term>
    <term tid="t_19" lemma="het" type="open">
      <span>
        <target id="w_19"/>
      </span>
    </term>
    <term tid="t_20" lemma="weekeinde" type="open">
      <span>
        <target id="w_20"/>
      </span>
    </term>
    <term tid="t_21" lemma="van" type="open">
      <span>
        <target id="w_21"/>
      </span>
    </term>
    <term tid="t_22" lemma="19" type="open">
      <span>
        <target id="w_22"/>
      </span>
    </term>
    <term tid="t_23" lemma="december" type="open">
      <span>
        <target id="w_23"/>
      </span>
    </term>
    <term tid="t_24" lemma="naar" type="open" pos="G">
      <span>
        <target id="w_24"/>
      </span>
      <sentiment polarity="negative" resource="VUA_olery_lexicon_nl_lmf"/>
    </term>
    <term tid="t_25" lemma="dit" type="open">
      <span>
        <target id="w_25"/>
      </span>
    </term>
    <term tid="t_26" lemma="hotel" type="open">
      <span>
        <target id="w_26"/>
      </span>
    </term>
    <term tid="t_27" lemma="gaan" type="open">
      <span>
        <target id="w_27"/>
      </span>
    </term>
    <term tid="t_28" lemma="," type="open">
      <span>
        <target id="w_28"/>
      </span>
    </term>
    <term tid="t_29" lemma="3" type="open">
      <span>
        <target id="w_29"/>
      </span>
    </term>
    <term tid="t_30" lemma="dagen" type="open">
      <span>
        <target id="w_30"/>
      </span>
    </term>
    <term tid="t_31" lemma="ervoor" type="open">
      <span>
        <target id="w_31"/>
      </span>
    </term>
    <term tid="t_32" lemma="wordt" type="open">
      <span>
        <target id="w_32"/>
      </span>
    </term>
    <term tid="t_33" lemma="ik" type="open">
      <span>
        <target id="w_33"/>
      </span>
    </term>
    <term tid="t_34" lemma="gebeld" type="open">
      <span>
        <target id="w_34"/>
      </span>
    </term>
    <term tid="t_35" lemma="met" type="open">
      <span>
        <target id="w_35"/>
      </span>
    </term>
    <term tid="t_36" lemma="de" type="open">
      <span>
        <target id="w_36"/>
      </span>
    </term>
    <term tid="t_37" lemma="mededeling" type="open">
      <span>
        <target id="w_37"/>
      </span>
    </term>
    <term tid="t_38" lemma="dat" type="open">
      <span>
        <target id="w_38"/>
      </span>
    </term>
    <term tid="t_39" lemma="het" type="open">
      <span>
        <target id="w_39"/>
      </span>
    </term>
    <term tid="t_40" lemma="niet" type="open">
      <span>
        <target id="w_40"/>
      </span>
      <sentiment sentiment_modifier="shifter" resource="VUA_olery_lexicon_nl_lmf"/>
    </term>
    <term tid="t_41" lemma="door" type="open">
      <span>
        <target id="w_41"/>
      </span>
    </term>
    <term tid="t_42" lemma="gaat" type="open">
      <span>
        <target id="w_42"/>
      </span>
    </term>
    <term tid="t_43" lemma="wegens" type="open">
      <span>
        <target id="w_43"/>
      </span>
    </term>
    <term tid="t_44" lemma="overboeking" type="open">
      <span>
        <target id="w_44"/>
      </span>
    </term>
    <term tid="t_45" lemma="!" type="open">
      <span>
        <target id="w_45"/>
      </span>
      <sentiment sentiment_modifier="intensifier" resource="VUA_olery_lexicon_nl_lmf"/>
    </term>
    <term tid="t_46" lemma="feestje" type="open">
      <span>
        <target id="w_46"/>
      </span>
    </term>
    <term tid="t_47" lemma="gepland" type="open">
      <span>
        <target id="w_47"/>
      </span>
    </term>
    <term tid="t_48" lemma="i" type="open">
      <span>
        <target id="w_48"/>
      </span>
    </term>
    <term tid="t_49" lemma="." type="open">
      <span>
        <target id="w_49"/>
      </span>
    </term>
    <term tid="t_50" lemma="v" type="open">
      <span>
        <target id="w_50"/>
      </span>
    </term>
    <term tid="t_51" lemma="." type="open">
      <span>
        <target id="w_51"/>
      </span>
    </term>
    <term tid="t_52" lemma="m" type="open">
      <span>
        <target id="w_52"/>
      </span>
    </term>
    <term tid="t_53" lemma="." type="open">
      <span>
        <target id="w_53"/>
      </span>
    </term>
    <term tid="t_54" lemma="mijn" type="open">
      <span>
        <target id="w_54"/>
      </span>
    </term>
    <term tid="t_55" lemma="15" type="open">
      <span>
        <target id="w_55"/>
      </span>
    </term>
    <term tid="t_56" lemma="jarig" type="open">
      <span>
        <target id="w_56"/>
      </span>
    </term>
    <term tid="t_57" lemma="huwelijk" type="open">
      <span>
        <target id="w_57"/>
      </span>
    </term>
    <term tid="t_58" lemma="met" type="open">
      <span>
        <target id="w_58"/>
      </span>
    </term>
    <term tid="t_59" lemma="familie" type="open">
      <span>
        <target id="w_59"/>
      </span>
    </term>
    <term tid="t_60" lemma="en" type="open">
      <span>
        <target id="w_60"/>
      </span>
    </term>
    <term tid="t_61" lemma="restaurant" type="open">
      <span>
        <target id="w_61"/>
      </span>
    </term>
    <term tid="t_62" lemma="gereserveerd" type="open">
      <span>
        <target id="w_62"/>
      </span>
    </term>
    <term tid="t_63" lemma="in" type="open">
      <span>
        <target id="w_63"/>
      </span>
    </term>
    <term tid="t_64" lemma="dit" type="open">
      <span>
        <target id="w_64"/>
      </span>
    </term>
    <term tid="t_65" lemma="drukke" type="open">
      <span>
        <target id="w_65"/>
      </span>
    </term>
    <term tid="t_66" lemma="weekeinde" type="open">
      <span>
        <target id="w_66"/>
      </span>
    </term>
    <term tid="t_67" lemma="," type="open">
      <span>
        <target id="w_67"/>
      </span>
    </term>
    <term tid="t_68" lemma="geen" type="open">
      <span>
        <target id="w_68"/>
      </span>
      <sentiment sentiment_modifier="shifter" resource="VUA_olery_lexicon_nl_lmf"/>
    </term>
    <term tid="t_69" lemma="hotel" type="open">
      <span>
        <target id="w_69"/>
      </span>
    </term>
    <term tid="t_70" lemma="meer" type="open">
      <span>
        <target id="w_70"/>
      </span>
    </term>
    <term tid="t_71" lemma="te" type="open">
      <span>
        <target id="w_71"/>
      </span>
    </term>
    <term tid="t_72" lemma="krijgen" type="open">
      <span>
        <target id="w_72"/>
      </span>
    </term>
    <term tid="t_73" lemma="en" type="open">
      <span>
        <target id="w_73"/>
      </span>
    </term>
    <term tid="t_74" lemma="nu" type="open">
      <span>
        <target id="w_74"/>
      </span>
    </term>
    <term tid="t_75" lemma="dus" type="open">
      <span>
        <target id="w_75"/>
      </span>
    </term>
    <term tid="t_76" lemma="alles" type="open">
      <span>
        <target id="w_76"/>
      </span>
    </term>
    <term tid="t_77" lemma="moeten" type="open">
      <span>
        <target id="w_77"/>
      </span>
    </term>
    <term tid="t_78" lemma="annuleren" type="open">
      <span>
        <target id="w_78"/>
      </span>
    </term>
    <term tid="t_79" lemma="." type="open">
      <span>
        <target id="w_79"/>
      </span>
    </term>
    <term tid="t_80" lemma="2" type="open">
      <span>
        <target id="w_80"/>
      </span>
    </term>
    <term tid="t_81" lemma="maanden" type="open">
      <span>
        <target id="w_81"/>
      </span>
    </term>
    <term tid="t_82" lemma="van" type="open">
      <span>
        <target id="w_82"/>
      </span>
    </term>
    <term tid="t_83" lemma="tevoren" type="open">
      <span>
        <target id="w_83"/>
      </span>
    </term>
    <term tid="t_84" lemma="geboekt" type="open">
      <span>
        <target id="w_84"/>
      </span>
    </term>
    <term tid="t_85" lemma="," type="open">
      <span>
        <target id="w_85"/>
      </span>
    </term>
    <term tid="t_86" lemma="aanbetaald" type="open">
      <span>
        <target id="w_86"/>
      </span>
    </term>
    <term tid="t_87" lemma="per" type="open">
      <span>
        <target id="w_87"/>
      </span>
    </term>
    <term tid="t_88" lemma="creditcard" type="open">
      <span>
        <target id="w_88"/>
      </span>
    </term>
    <term tid="t_89" lemma="en" type="open">
      <span>
        <target id="w_89"/>
      </span>
    </term>
    <term tid="t_90" lemma="dan" type="open">
      <span>
        <target id="w_90"/>
      </span>
    </term>
    <term tid="t_91" lemma="gewoon" type="open">
      <span>
        <target id="w_91"/>
      </span>
    </term>
    <term tid="t_92" lemma="dit" type="open">
      <span>
        <target id="w_92"/>
      </span>
    </term>
    <term tid="t_93" lemma="mee" type="open">
      <span>
        <target id="w_93"/>
      </span>
    </term>
    <term tid="t_94" lemma="moeten" type="open">
      <span>
        <target id="w_94"/>
      </span>
    </term>
    <term tid="t_95" lemma="maken" type="open">
      <span>
        <target id="w_95"/>
      </span>
    </term>
    <term tid="t_96" lemma="," type="open">
      <span>
        <target id="w_96"/>
      </span>
    </term>
    <term tid="t_97" lemma="een" type="open">
      <span>
        <target id="w_97"/>
      </span>
    </term>
    <term tid="t_98" lemma="schande" type="open" pos="N">
      <span>
        <target id="w_98"/>
      </span>
      <sentiment polarity="negative" resource="VUA_olery_lexicon_nl_lmf"/>
    </term>
    <term tid="t_99" lemma="!" type="open">
      <span>
        <target id="w_99"/>
      </span>
      <sentiment sentiment_modifier="intensifier" resource="VUA_olery_lexicon_nl_lmf"/>
    </term>
    <term tid="t_100" lemma="dit" type="open">
      <span>
        <target id="w_100"/>
      </span>
    </term>
    <term tid="t_101" lemma="hotel" type="open">
      <span>
        <target id="w_101"/>
      </span>
    </term>
    <term tid="t_102" lemma="kun" type="open">
      <span>
        <target id="w_102"/>
      </span>
    </term>
    <term tid="t_103" lemma="je" type="open">
      <span>
        <target id="w_103"/>
      </span>
    </term>
    <term tid="t_104" lemma="beter" type="open">
      <span>
        <target id="w_104"/>
      </span>
    </term>
    <term tid="t_105" lemma="vergeten" type="open" pos="V">
      <span>
        <target id="w_105"/>
      </span>
      <sentiment polarity="negative" resource="VUA_olery_lexicon_nl_lmf"/>
    </term>
    <term tid="t_106" lemma="." type="open">
      <span>
        <target id="w_106"/>
      </span>
    </term>
  </terms>
  <entities>
    <entity type="PER" eid="e_1">
      <span>
        <target id="t_48"/>
      </span>
    </entity>
    <entity type="PER" eid="e_2">
      <span>
        <target id="t_50"/>
      </span>
    </entity>
    <entity type="PER" eid="e_3">
      <span>
        <target id="t_17"/>
      </span>
    </entity>
    <entity type="PER" eid="e_4">
      <span>
        <target id="t_102"/>
      </span>
    </entity>
    <entity type="PER" eid="e_5">
      <span>
        <target id="t_80"/>
      </span>
    </entity>
  </entities>
  <properties>
    <property type="value_for_money" pid="p_1">
      <span>
        <target id="t_88"/>
      </span>
    </property>
    <property type="restaurant" pid="p_2">
      <span>
        <target id="t_61"/>
      </span>
    </property>
    <property type="staff" pid="p_3">
      <span>
        <target id="t_44"/>
      </span>
    </property>
  </properties>
  <opinions>
    <opinion oid="o_1">
      <opinion_holder>
        <span>
          <target id="t_17"/>
        </span>
      </opinion_holder>
      <opinion_target>
        <span>
          <target id="t_18"/>
        </span>
      </opinion_target>
      <opinion_expression polarity="negative" strength="-1">
        <span>
          <target id="t_15"/>
        </span>
      </opinion_expression>
    </opinion>
    <opinion oid="o_2">
      <opinion_holder>
        <span>
          <target id="t_17"/>
        </span>
      </opinion_holder>
      <opinion_target>
        <span>
          <target id="t_26"/>
        </span>
      </opinion_target>
      <opinion_expression polarity="negative" strength="-1">
        <span>
          <target id="t_24"/>
        </span>
      </opinion_expression>
    </opinion>
    <opinion oid="o_3">
      <opinion_target>
        <span>
          <target id="t_95"/>
        </span>
      </opinion_target>
      <opinion_expression polarity="negative" strength="-1">
        <span>
          <target id="t_98"/>
        </span>
      </opinion_expression>
    </opinion>
    <opinion oid="o_4">
      <opinion_target>
        <span>
          <target id="t_104"/>
        </span>
      </opinion_target>
      <opinion_expression polarity="negative" strength="-1">
        <span>
          <target id="t_105"/>
        </span>
      </opinion_expression>
    </opinion>
  </opinions>
</KAF>
