<?xml version='1.0' encoding='UTF-8'?>
<KAF xml:lang="nl">
  <linguisticProcessors layer="text">
    <lp timestamp="2013-01-06T18:43:45CET" version="2.0" name="SentenceTokenizer"/>
  </linguisticProcessors>
  <linguisticProcessors layer="terms">
    <lp timestamp="2013-01-06T18:43:45CET" version="2.0" name="SentenceTokenizer"/>
    <lp timestamp="2013-01-06T18:43:45CET" version="1.0" name="SimplePolarityTagger"/>
  </linguisticProcessors>
  <linguisticProcessor layer="opinions">
    <lp timestamp="2013-01-06T18:43:46CET" version="1.0" name="SimpleOpinionDetector"/>
  </linguisticProcessor>
  <linguisticProcessor layer="properties">
    <lp timestamp="2013-01-06T18:43:45CET" version="1.0" name="SimplePropRecognizer_lookup"/>
  </linguisticProcessor>
  <linguisticProcessor layer="entities">
    <lp timestamp="2013-01-06T18:43:45CET" version="1.0" name="SimpleNER_lookup"/>
  </linguisticProcessor>
  <text>
    <wf wid="w_1" para="1" sent="1">Shabby</wf>
    <wf wid="w_2" para="1" sent="1">Hotel</wf>
    <wf wid="w_3" para="1" sent="1">met</wf>
    <wf wid="w_4" para="1" sent="1">minimale</wf>
    <wf wid="w_5" para="1" sent="1">wellness</wf>
    <wf wid="w_6" para="1" sent="1">=</wf>
    <wf wid="w_7" para="1" sent="1">geldklopperij</wf>
    <wf wid="w_8" para="1" sent="1">.</wf>
    <wf wid="w_9" para="1" sent="2">Kerstdagen</wf>
    <wf wid="w_10" para="1" sent="2">2010</wf>
    <wf wid="w_11" para="1" sent="2">:</wf>
    <wf wid="w_12" para="1" sent="2">een</wf>
    <wf wid="w_13" para="1" sent="2">grote</wf>
    <wf wid="w_14" para="1" sent="2">teleurstelling</wf>
    <wf wid="w_15" para="1" sent="2">Personeel</wf>
    <wf wid="w_16" para="1" sent="2">wel</wf>
    <wf wid="w_17" para="1" sent="2">vriendelijk</wf>
    <wf wid="w_18" para="1" sent="2">en</wf>
    <wf wid="w_19" para="1" sent="2">aardig</wf>
    <wf wid="w_20" para="1" sent="2">maar</wf>
    <wf wid="w_21" para="1" sent="2">niet</wf>
    <wf wid="w_22" para="1" sent="2">betrokken</wf>
    <wf wid="w_23" para="1" sent="2">bij</wf>
    <wf wid="w_24" para="1" sent="2">gasten</wf>
    <wf wid="w_25" para="1" sent="2">.</wf>
    <wf wid="w_26" para="1" sent="3">Toegang</wf>
    <wf wid="w_27" para="1" sent="3">tot</wf>
    <wf wid="w_28" para="1" sent="3">het</wf>
    <wf wid="w_29" para="1" sent="3">hotel</wf>
    <wf wid="w_30" para="1" sent="3">en</wf>
    <wf wid="w_31" para="1" sent="3">parkeerplaats</wf>
    <wf wid="w_32" para="1" sent="3">niet</wf>
    <wf wid="w_33" para="1" sent="3">sneeuwvrij</wf>
    <wf wid="w_34" para="1" sent="3">gemaakt</wf>
    <wf wid="w_35" para="1" sent="3">,</wf>
    <wf wid="w_36" para="1" sent="3">de</wf>
    <wf wid="w_37" para="1" sent="3">parkeerplaats</wf>
    <wf wid="w_38" para="1" sent="3">van</wf>
    <wf wid="w_39" para="1" sent="3">het</wf>
    <wf wid="w_40" para="1" sent="3">personeel</wf>
    <wf wid="w_41" para="1" sent="3">wel</wf>
    <wf wid="w_42" para="1" sent="3">,</wf>
    <wf wid="w_43" para="1" sent="3">de</wf>
    <wf wid="w_44" para="1" sent="3">klanten</wf>
    <wf wid="w_45" para="1" sent="3">moeten</wf>
    <wf wid="w_46" para="1" sent="3">maar</wf>
    <wf wid="w_47" para="1" sent="3">door</wf>
    <wf wid="w_48" para="1" sent="3">de</wf>
    <wf wid="w_49" para="1" sent="3">sneeuw</wf>
    <wf wid="w_50" para="1" sent="3">zien</wf>
    <wf wid="w_51" para="1" sent="3">te</wf>
    <wf wid="w_52" para="1" sent="3">komen</wf>
    <wf wid="w_53" para="1" sent="3">.</wf>
    <wf wid="w_54" para="1" sent="4">Het</wf>
    <wf wid="w_55" para="1" sent="4">hele</wf>
    <wf wid="w_56" para="1" sent="4">hotel</wf>
    <wf wid="w_57" para="1" sent="4">is</wf>
    <wf wid="w_58" para="1" sent="4">erg</wf>
    <wf wid="w_59" para="1" sent="4">stoffig</wf>
    <wf wid="w_60" para="1" sent="4">,</wf>
    <wf wid="w_61" para="1" sent="4">de</wf>
    <wf wid="w_62" para="1" sent="4">kamers</wf>
    <wf wid="w_63" para="1" sent="4">niet</wf>
    <wf wid="w_64" para="1" sent="4">schoon</wf>
    <wf wid="w_65" para="1" sent="4">(zeepresten</wf>
    <wf wid="w_66" para="1" sent="4">op</wf>
    <wf wid="w_67" para="1" sent="4">de</wf>
    <wf wid="w_68" para="1" sent="4">badkuip</wf>
    <wf wid="w_69" para="1" sent="4">)</wf>
    <wf wid="w_70" para="1" sent="4">In</wf>
    <wf wid="w_71" para="1" sent="4">wellness</wf>
    <wf wid="w_72" para="1" sent="4">onbestemde</wf>
    <wf wid="w_73" para="1" sent="4">bruine</wf>
    <wf wid="w_74" para="1" sent="4">vlekken</wf>
    <wf wid="w_75" para="1" sent="4">op</wf>
    <wf wid="w_76" para="1" sent="4">vloer</wf>
    <wf wid="w_77" para="1" sent="4">en</wf>
    <wf wid="w_78" para="1" sent="4">muur</wf>
    <wf wid="w_79" para="1" sent="4">,</wf>
    <wf wid="w_80" para="1" sent="4">vuil</wf>
    <wf wid="w_81" para="1" sent="4">van</wf>
    <wf wid="w_82" para="1" sent="4">dagen</wf>
    <wf wid="w_83" para="1" sent="4">in</wf>
    <wf wid="w_84" para="1" sent="4">de</wf>
    <wf wid="w_85" para="1" sent="4">hoeken</wf>
    <wf wid="w_86" para="1" sent="4">.</wf>
    <wf wid="w_87" para="1" sent="5">verlichting</wf>
    <wf wid="w_88" para="1" sent="5">kapot</wf>
    <wf wid="w_89" para="1" sent="5">en</wf>
    <wf wid="w_90" para="1" sent="5">toletten</wf>
    <wf wid="w_91" para="1" sent="5">te</wf>
    <wf wid="w_92" para="1" sent="5">vies</wf>
    <wf wid="w_93" para="1" sent="5">om</wf>
    <wf wid="w_94" para="1" sent="5">te</wf>
    <wf wid="w_95" para="1" sent="5">gebruiken</wf>
    <wf wid="w_96" para="1" sent="5">.</wf>
    <wf wid="w_97" para="1" sent="6">Als</wf>
    <wf wid="w_98" para="1" sent="6">kerstversiering</wf>
    <wf wid="w_99" para="1" sent="6">Ã©Ã©n</wf>
    <wf wid="w_100" para="1" sent="6">kunstboom</wf>
    <wf wid="w_101" para="1" sent="6">in</wf>
    <wf wid="w_102" para="1" sent="6">de</wf>
    <wf wid="w_103" para="1" sent="6">eetruimte</wf>
    <wf wid="w_104" para="1" sent="6">verder</wf>
    <wf wid="w_105" para="1" sent="6">minimale</wf>
    <wf wid="w_106" para="1" sent="6">versieringen</wf>
    <wf wid="w_107" para="1" sent="6">.</wf>
    <wf wid="w_108" para="1" sent="7">Bestel</wf>
    <wf wid="w_109" para="1" sent="7">je</wf>
    <wf wid="w_110" para="1" sent="7">een</wf>
    <wf wid="w_111" para="1" sent="7">fles</wf>
    <wf wid="w_112" para="1" sent="7">wijn</wf>
    <wf wid="w_113" para="1" sent="7">van</wf>
    <wf wid="w_114" para="1" sent="7">â¬</wf>
    <wf wid="w_115" para="1" sent="7">35</wf>
    <wf wid="w_116" para="1" sent="7">,</wf>
    <wf wid="w_117" para="1" sent="7">00</wf>
    <wf wid="w_118" para="1" sent="7">dan</wf>
    <wf wid="w_119" para="1" sent="7">moet</wf>
    <wf wid="w_120" para="1" sent="7">je</wf>
    <wf wid="w_121" para="1" sent="7">â¬</wf>
    <wf wid="w_122" para="1" sent="7">2</wf>
    <wf wid="w_123" para="1" sent="7">,</wf>
    <wf wid="w_124" para="1" sent="7">50</wf>
    <wf wid="w_125" para="1" sent="7">betalen</wf>
    <wf wid="w_126" para="1" sent="7">voor</wf>
    <wf wid="w_127" para="1" sent="7">een</wf>
    <wf wid="w_128" para="1" sent="7">karaf</wf>
    <wf wid="w_129" para="1" sent="7">water</wf>
    <wf wid="w_130" para="1" sent="7">zonder</wf>
    <wf wid="w_131" para="1" sent="7">ijs</wf>
    <wf wid="w_132" para="1" sent="7">.</wf>
    <wf wid="w_133" para="1" sent="8">Betaal</wf>
    <wf wid="w_134" para="1" sent="8">je</wf>
    <wf wid="w_135" para="1" sent="8">â¬</wf>
    <wf wid="w_136" para="1" sent="8">400</wf>
    <wf wid="w_137" para="1" sent="8">,</wf>
    <wf wid="w_138" para="1" sent="8">00</wf>
    <wf wid="w_139" para="1" sent="8">voor</wf>
    <wf wid="w_140" para="1" sent="8">Ã©Ã©n</wf>
    <wf wid="w_141" para="1" sent="8">overnachting</wf>
    <wf wid="w_142" para="1" sent="8">met</wf>
    <wf wid="w_143" para="1" sent="8">gebruik</wf>
    <wf wid="w_144" para="1" sent="8">van</wf>
    <wf wid="w_145" para="1" sent="8">wellness</wf>
    <wf wid="w_146" para="1" sent="8">dan</wf>
    <wf wid="w_147" para="1" sent="8">moet</wf>
    <wf wid="w_148" para="1" sent="8">je</wf>
    <wf wid="w_149" para="1" sent="8">nog</wf>
    <wf wid="w_150" para="1" sent="8">â¬</wf>
    <wf wid="w_151" para="1" sent="8">12</wf>
    <wf wid="w_152" para="1" sent="8">,</wf>
    <wf wid="w_153" para="1" sent="8">50</wf>
    <wf wid="w_154" para="1" sent="8">betalen</wf>
    <wf wid="w_155" para="1" sent="8">voor</wf>
    <wf wid="w_156" para="1" sent="8">het</wf>
    <wf wid="w_157" para="1" sent="8">gebruik</wf>
    <wf wid="w_158" para="1" sent="8">van</wf>
    <wf wid="w_159" para="1" sent="8">handdoeken</wf>
    <wf wid="w_160" para="1" sent="8">.</wf>
    <wf wid="w_161" para="1" sent="9">Eenmaal</wf>
    <wf wid="w_162" para="1" sent="9">geflest</wf>
    <wf wid="w_163" para="1" sent="9">hier</wf>
    <wf wid="w_164" para="1" sent="9">,</wf>
    <wf wid="w_165" para="1" sent="9">nooit</wf>
    <wf wid="w_166" para="1" sent="9">meer</wf>
    <wf wid="w_167" para="1" sent="9">terug</wf>
    <wf wid="w_168" para="1" sent="9">komen</wf>
    <wf wid="w_169" para="1" sent="9">.</wf>
  </text>
  <terms>
    <term tid="t_1" lemma="shabby" type="open">
      <span>
        <target id="w_1"/>
      </span>
    </term>
    <term tid="t_2" lemma="hotel" type="open">
      <span>
        <target id="w_2"/>
      </span>
    </term>
    <term tid="t_3" lemma="met" type="open">
      <span>
        <target id="w_3"/>
      </span>
    </term>
    <term tid="t_4" lemma="minimale" type="open">
      <span>
        <target id="w_4"/>
      </span>
    </term>
    <term tid="t_5" lemma="wellness" type="open">
      <span>
        <target id="w_5"/>
      </span>
    </term>
    <term tid="t_6" lemma="=" type="open">
      <span>
        <target id="w_6"/>
      </span>
    </term>
    <term tid="t_7" lemma="geldklopperij" type="open">
      <span>
        <target id="w_7"/>
      </span>
    </term>
    <term tid="t_8" lemma="." type="open">
      <span>
        <target id="w_8"/>
      </span>
    </term>
    <term tid="t_9" lemma="kerstdagen" type="open">
      <span>
        <target id="w_9"/>
      </span>
    </term>
    <term tid="t_10" lemma="2010" type="open">
      <span>
        <target id="w_10"/>
      </span>
    </term>
    <term tid="t_11" lemma=":" type="open">
      <span>
        <target id="w_11"/>
      </span>
    </term>
    <term tid="t_12" lemma="een" type="open">
      <span>
        <target id="w_12"/>
      </span>
    </term>
    <term tid="t_13" lemma="grote" type="open">
      <span>
        <target id="w_13"/>
      </span>
    </term>
    <term tid="t_14" lemma="teleurstelling" type="open" pos="N">
      <span>
        <target id="w_14"/>
      </span>
      <sentiment polarity="negative" resource="VUA_olery_lexicon_nl_lmf"/>
    </term>
    <term tid="t_15" lemma="personeel" type="open">
      <span>
        <target id="w_15"/>
      </span>
    </term>
    <term tid="t_16" lemma="wel" type="open">
      <span>
        <target id="w_16"/>
      </span>
    </term>
    <term tid="t_17" lemma="vriendelijk" type="open" pos="G">
      <span>
        <target id="w_17"/>
      </span>
      <sentiment polarity="positive" resource="VUA_olery_lexicon_nl_lmf"/>
    </term>
    <term tid="t_18" lemma="en" type="open">
      <span>
        <target id="w_18"/>
      </span>
    </term>
    <term tid="t_19" lemma="aardig" type="open" pos="G">
      <span>
        <target id="w_19"/>
      </span>
      <sentiment polarity="positive" resource="VUA_olery_lexicon_nl_lmf"/>
    </term>
    <term tid="t_20" lemma="maar" type="open">
      <span>
        <target id="w_20"/>
      </span>
    </term>
    <term tid="t_21" lemma="niet" type="open">
      <span>
        <target id="w_21"/>
      </span>
      <sentiment sentiment_modifier="shifter" resource="VUA_olery_lexicon_nl_lmf"/>
    </term>
    <term tid="t_22" lemma="betrokken" type="open">
      <span>
        <target id="w_22"/>
      </span>
    </term>
    <term tid="t_23" lemma="bij" type="open">
      <span>
        <target id="w_23"/>
      </span>
    </term>
    <term tid="t_24" lemma="gasten" type="open">
      <span>
        <target id="w_24"/>
      </span>
    </term>
    <term tid="t_25" lemma="." type="open">
      <span>
        <target id="w_25"/>
      </span>
    </term>
    <term tid="t_26" lemma="toegang" type="open">
      <span>
        <target id="w_26"/>
      </span>
    </term>
    <term tid="t_27" lemma="tot" type="open">
      <span>
        <target id="w_27"/>
      </span>
    </term>
    <term tid="t_28" lemma="het" type="open">
      <span>
        <target id="w_28"/>
      </span>
    </term>
    <term tid="t_29" lemma="hotel" type="open">
      <span>
        <target id="w_29"/>
      </span>
    </term>
    <term tid="t_30" lemma="en" type="open">
      <span>
        <target id="w_30"/>
      </span>
    </term>
    <term tid="t_31" lemma="parkeerplaats" type="open">
      <span>
        <target id="w_31"/>
      </span>
    </term>
    <term tid="t_32" lemma="niet" type="open">
      <span>
        <target id="w_32"/>
      </span>
      <sentiment sentiment_modifier="shifter" resource="VUA_olery_lexicon_nl_lmf"/>
    </term>
    <term tid="t_33" lemma="sneeuwvrij" type="open">
      <span>
        <target id="w_33"/>
      </span>
    </term>
    <term tid="t_34" lemma="gemaakt" type="open">
      <span>
        <target id="w_34"/>
      </span>
    </term>
    <term tid="t_35" lemma="," type="open">
      <span>
        <target id="w_35"/>
      </span>
    </term>
    <term tid="t_36" lemma="de" type="open">
      <span>
        <target id="w_36"/>
      </span>
    </term>
    <term tid="t_37" lemma="parkeerplaats" type="open">
      <span>
        <target id="w_37"/>
      </span>
    </term>
    <term tid="t_38" lemma="van" type="open">
      <span>
        <target id="w_38"/>
      </span>
    </term>
    <term tid="t_39" lemma="het" type="open">
      <span>
        <target id="w_39"/>
      </span>
    </term>
    <term tid="t_40" lemma="personeel" type="open">
      <span>
        <target id="w_40"/>
      </span>
    </term>
    <term tid="t_41" lemma="wel" type="open">
      <span>
        <target id="w_41"/>
      </span>
    </term>
    <term tid="t_42" lemma="," type="open">
      <span>
        <target id="w_42"/>
      </span>
    </term>
    <term tid="t_43" lemma="de" type="open">
      <span>
        <target id="w_43"/>
      </span>
    </term>
    <term tid="t_44" lemma="klanten" type="open">
      <span>
        <target id="w_44"/>
      </span>
    </term>
    <term tid="t_45" lemma="moeten" type="open">
      <span>
        <target id="w_45"/>
      </span>
    </term>
    <term tid="t_46" lemma="maar" type="open">
      <span>
        <target id="w_46"/>
      </span>
    </term>
    <term tid="t_47" lemma="door" type="open">
      <span>
        <target id="w_47"/>
      </span>
    </term>
    <term tid="t_48" lemma="de" type="open">
      <span>
        <target id="w_48"/>
      </span>
    </term>
    <term tid="t_49" lemma="sneeuw" type="open">
      <span>
        <target id="w_49"/>
      </span>
    </term>
    <term tid="t_50" lemma="zien" type="open">
      <span>
        <target id="w_50"/>
      </span>
    </term>
    <term tid="t_51" lemma="te" type="open">
      <span>
        <target id="w_51"/>
      </span>
    </term>
    <term tid="t_52" lemma="komen" type="open">
      <span>
        <target id="w_52"/>
      </span>
    </term>
    <term tid="t_53" lemma="." type="open">
      <span>
        <target id="w_53"/>
      </span>
    </term>
    <term tid="t_54" lemma="het" type="open">
      <span>
        <target id="w_54"/>
      </span>
    </term>
    <term tid="t_55" lemma="hele" type="open">
      <span>
        <target id="w_55"/>
      </span>
    </term>
    <term tid="t_56" lemma="hotel" type="open">
      <span>
        <target id="w_56"/>
      </span>
    </term>
    <term tid="t_57" lemma="is" type="open">
      <span>
        <target id="w_57"/>
      </span>
    </term>
    <term tid="t_58" lemma="erg" type="open">
      <span>
        <target id="w_58"/>
      </span>
      <sentiment sentiment_modifier="intensifier" resource="VUA_olery_lexicon_nl_lmf"/>
    </term>
    <term tid="t_59" lemma="stoffig" type="open" pos="G">
      <span>
        <target id="w_59"/>
      </span>
      <sentiment polarity="negative" resource="VUA_olery_lexicon_nl_lmf"/>
    </term>
    <term tid="t_60" lemma="," type="open">
      <span>
        <target id="w_60"/>
      </span>
    </term>
    <term tid="t_61" lemma="de" type="open">
      <span>
        <target id="w_61"/>
      </span>
    </term>
    <term tid="t_62" lemma="kamers" type="open">
      <span>
        <target id="w_62"/>
      </span>
    </term>
    <term tid="t_63" lemma="niet" type="open">
      <span>
        <target id="w_63"/>
      </span>
      <sentiment sentiment_modifier="shifter" resource="VUA_olery_lexicon_nl_lmf"/>
    </term>
    <term tid="t_64" lemma="schoon" type="open" pos="G">
      <span>
        <target id="w_64"/>
      </span>
      <sentiment polarity="positive" resource="VUA_olery_lexicon_nl_lmf"/>
    </term>
    <term tid="t_65" lemma="(zeepresten" type="open">
      <span>
        <target id="w_65"/>
      </span>
    </term>
    <term tid="t_66" lemma="op" type="open">
      <span>
        <target id="w_66"/>
      </span>
    </term>
    <term tid="t_67" lemma="de" type="open">
      <span>
        <target id="w_67"/>
      </span>
    </term>
    <term tid="t_68" lemma="badkuip" type="open">
      <span>
        <target id="w_68"/>
      </span>
    </term>
    <term tid="t_69" lemma=")" type="open">
      <span>
        <target id="w_69"/>
      </span>
    </term>
    <term tid="t_70" lemma="in" type="open">
      <span>
        <target id="w_70"/>
      </span>
    </term>
    <term tid="t_71" lemma="wellness" type="open">
      <span>
        <target id="w_71"/>
      </span>
    </term>
    <term tid="t_72" lemma="onbestemde" type="open">
      <span>
        <target id="w_72"/>
      </span>
    </term>
    <term tid="t_73" lemma="bruine" type="open">
      <span>
        <target id="w_73"/>
      </span>
    </term>
    <term tid="t_74" lemma="vlekken" type="open">
      <span>
        <target id="w_74"/>
      </span>
    </term>
    <term tid="t_75" lemma="op" type="open">
      <span>
        <target id="w_75"/>
      </span>
    </term>
    <term tid="t_76" lemma="vloer" type="open">
      <span>
        <target id="w_76"/>
      </span>
    </term>
    <term tid="t_77" lemma="en" type="open">
      <span>
        <target id="w_77"/>
      </span>
    </term>
    <term tid="t_78" lemma="muur" type="open">
      <span>
        <target id="w_78"/>
      </span>
    </term>
    <term tid="t_79" lemma="," type="open">
      <span>
        <target id="w_79"/>
      </span>
    </term>
    <term tid="t_80" lemma="vuil" type="open" pos="G">
      <span>
        <target id="w_80"/>
      </span>
      <sentiment polarity="negative" resource="VUA_olery_lexicon_nl_lmf"/>
    </term>
    <term tid="t_81" lemma="van" type="open">
      <span>
        <target id="w_81"/>
      </span>
    </term>
    <term tid="t_82" lemma="dagen" type="open">
      <span>
        <target id="w_82"/>
      </span>
    </term>
    <term tid="t_83" lemma="in" type="open">
      <span>
        <target id="w_83"/>
      </span>
    </term>
    <term tid="t_84" lemma="de" type="open">
      <span>
        <target id="w_84"/>
      </span>
    </term>
    <term tid="t_85" lemma="hoeken" type="open">
      <span>
        <target id="w_85"/>
      </span>
    </term>
    <term tid="t_86" lemma="." type="open">
      <span>
        <target id="w_86"/>
      </span>
    </term>
    <term tid="t_87" lemma="verlichting" type="open">
      <span>
        <target id="w_87"/>
      </span>
    </term>
    <term tid="t_88" lemma="kapot" type="open" pos="G">
      <span>
        <target id="w_88"/>
      </span>
      <sentiment polarity="negative" resource="VUA_olery_lexicon_nl_lmf"/>
    </term>
    <term tid="t_89" lemma="en" type="open">
      <span>
        <target id="w_89"/>
      </span>
    </term>
    <term tid="t_90" lemma="toletten" type="open">
      <span>
        <target id="w_90"/>
      </span>
    </term>
    <term tid="t_91" lemma="te" type="open">
      <span>
        <target id="w_91"/>
      </span>
    </term>
    <term tid="t_92" lemma="vies" type="open" pos="G">
      <span>
        <target id="w_92"/>
      </span>
      <sentiment polarity="negative" resource="VUA_olery_lexicon_nl_lmf"/>
    </term>
    <term tid="t_93" lemma="om" type="open">
      <span>
        <target id="w_93"/>
      </span>
    </term>
    <term tid="t_94" lemma="te" type="open">
      <span>
        <target id="w_94"/>
      </span>
    </term>
    <term tid="t_95" lemma="gebruiken" type="open">
      <span>
        <target id="w_95"/>
      </span>
    </term>
    <term tid="t_96" lemma="." type="open">
      <span>
        <target id="w_96"/>
      </span>
    </term>
    <term tid="t_97" lemma="als" type="open">
      <span>
        <target id="w_97"/>
      </span>
    </term>
    <term tid="t_98" lemma="kerstversiering" type="open">
      <span>
        <target id="w_98"/>
      </span>
    </term>
    <term tid="t_99" lemma="Ã©Ã©n" type="open">
      <span>
        <target id="w_99"/>
      </span>
    </term>
    <term tid="t_100" lemma="kunstboom" type="open">
      <span>
        <target id="w_100"/>
      </span>
    </term>
    <term tid="t_101" lemma="in" type="open">
      <span>
        <target id="w_101"/>
      </span>
    </term>
    <term tid="t_102" lemma="de" type="open">
      <span>
        <target id="w_102"/>
      </span>
    </term>
    <term tid="t_103" lemma="eetruimte" type="open">
      <span>
        <target id="w_103"/>
      </span>
    </term>
    <term tid="t_104" lemma="verder" type="open">
      <span>
        <target id="w_104"/>
      </span>
    </term>
    <term tid="t_105" lemma="minimale" type="open">
      <span>
        <target id="w_105"/>
      </span>
    </term>
    <term tid="t_106" lemma="versieringen" type="open">
      <span>
        <target id="w_106"/>
      </span>
    </term>
    <term tid="t_107" lemma="." type="open">
      <span>
        <target id="w_107"/>
      </span>
    </term>
    <term tid="t_108" lemma="bestel" type="open">
      <span>
        <target id="w_108"/>
      </span>
    </term>
    <term tid="t_109" lemma="je" type="open">
      <span>
        <target id="w_109"/>
      </span>
    </term>
    <term tid="t_110" lemma="een" type="open">
      <span>
        <target id="w_110"/>
      </span>
    </term>
    <term tid="t_111" lemma="fles" type="open">
      <span>
        <target id="w_111"/>
      </span>
    </term>
    <term tid="t_112" lemma="wijn" type="open">
      <span>
        <target id="w_112"/>
      </span>
    </term>
    <term tid="t_113" lemma="van" type="open">
      <span>
        <target id="w_113"/>
      </span>
    </term>
    <term tid="t_114" lemma="â¬" type="open">
      <span>
        <target id="w_114"/>
      </span>
    </term>
    <term tid="t_115" lemma="35" type="open">
      <span>
        <target id="w_115"/>
      </span>
    </term>
    <term tid="t_116" lemma="," type="open">
      <span>
        <target id="w_116"/>
      </span>
    </term>
    <term tid="t_117" lemma="00" type="open">
      <span>
        <target id="w_117"/>
      </span>
    </term>
    <term tid="t_118" lemma="dan" type="open">
      <span>
        <target id="w_118"/>
      </span>
    </term>
    <term tid="t_119" lemma="moet" type="open">
      <span>
        <target id="w_119"/>
      </span>
    </term>
    <term tid="t_120" lemma="je" type="open">
      <span>
        <target id="w_120"/>
      </span>
    </term>
    <term tid="t_121" lemma="â¬" type="open">
      <span>
        <target id="w_121"/>
      </span>
    </term>
    <term tid="t_122" lemma="2" type="open">
      <span>
        <target id="w_122"/>
      </span>
    </term>
    <term tid="t_123" lemma="," type="open">
      <span>
        <target id="w_123"/>
      </span>
    </term>
    <term tid="t_124" lemma="50" type="open">
      <span>
        <target id="w_124"/>
      </span>
    </term>
    <term tid="t_125" lemma="betalen" type="open">
      <span>
        <target id="w_125"/>
      </span>
    </term>
    <term tid="t_126" lemma="voor" type="open">
      <span>
        <target id="w_126"/>
      </span>
    </term>
    <term tid="t_127" lemma="een" type="open">
      <span>
        <target id="w_127"/>
      </span>
    </term>
    <term tid="t_128" lemma="karaf" type="open">
      <span>
        <target id="w_128"/>
      </span>
    </term>
    <term tid="t_129" lemma="water" type="open">
      <span>
        <target id="w_129"/>
      </span>
    </term>
    <term tid="t_130" lemma="zonder" type="open">
      <span>
        <target id="w_130"/>
      </span>
      <sentiment sentiment_modifier="shifter" resource="VUA_olery_lexicon_nl_lmf"/>
    </term>
    <term tid="t_131" lemma="ijs" type="open">
      <span>
        <target id="w_131"/>
      </span>
    </term>
    <term tid="t_132" lemma="." type="open">
      <span>
        <target id="w_132"/>
      </span>
    </term>
    <term tid="t_133" lemma="betaal" type="open">
      <span>
        <target id="w_133"/>
      </span>
    </term>
    <term tid="t_134" lemma="je" type="open">
      <span>
        <target id="w_134"/>
      </span>
    </term>
    <term tid="t_135" lemma="â¬" type="open">
      <span>
        <target id="w_135"/>
      </span>
    </term>
    <term tid="t_136" lemma="400" type="open">
      <span>
        <target id="w_136"/>
      </span>
    </term>
    <term tid="t_137" lemma="," type="open">
      <span>
        <target id="w_137"/>
      </span>
    </term>
    <term tid="t_138" lemma="00" type="open">
      <span>
        <target id="w_138"/>
      </span>
    </term>
    <term tid="t_139" lemma="voor" type="open">
      <span>
        <target id="w_139"/>
      </span>
    </term>
    <term tid="t_140" lemma="Ã©Ã©n" type="open">
      <span>
        <target id="w_140"/>
      </span>
    </term>
    <term tid="t_141" lemma="overnachting" type="open">
      <span>
        <target id="w_141"/>
      </span>
    </term>
    <term tid="t_142" lemma="met" type="open">
      <span>
        <target id="w_142"/>
      </span>
    </term>
    <term tid="t_143" lemma="gebruik" type="open">
      <span>
        <target id="w_143"/>
      </span>
    </term>
    <term tid="t_144" lemma="van" type="open">
      <span>
        <target id="w_144"/>
      </span>
    </term>
    <term tid="t_145" lemma="wellness" type="open">
      <span>
        <target id="w_145"/>
      </span>
    </term>
    <term tid="t_146" lemma="dan" type="open">
      <span>
        <target id="w_146"/>
      </span>
    </term>
    <term tid="t_147" lemma="moet" type="open">
      <span>
        <target id="w_147"/>
      </span>
    </term>
    <term tid="t_148" lemma="je" type="open">
      <span>
        <target id="w_148"/>
      </span>
    </term>
    <term tid="t_149" lemma="nog" type="open">
      <span>
        <target id="w_149"/>
      </span>
    </term>
    <term tid="t_150" lemma="â¬" type="open">
      <span>
        <target id="w_150"/>
      </span>
    </term>
    <term tid="t_151" lemma="12" type="open">
      <span>
        <target id="w_151"/>
      </span>
    </term>
    <term tid="t_152" lemma="," type="open">
      <span>
        <target id="w_152"/>
      </span>
    </term>
    <term tid="t_153" lemma="50" type="open">
      <span>
        <target id="w_153"/>
      </span>
    </term>
    <term tid="t_154" lemma="betalen" type="open">
      <span>
        <target id="w_154"/>
      </span>
    </term>
    <term tid="t_155" lemma="voor" type="open">
      <span>
        <target id="w_155"/>
      </span>
    </term>
    <term tid="t_156" lemma="het" type="open">
      <span>
        <target id="w_156"/>
      </span>
    </term>
    <term tid="t_157" lemma="gebruik" type="open">
      <span>
        <target id="w_157"/>
      </span>
    </term>
    <term tid="t_158" lemma="van" type="open">
      <span>
        <target id="w_158"/>
      </span>
    </term>
    <term tid="t_159" lemma="handdoeken" type="open">
      <span>
        <target id="w_159"/>
      </span>
    </term>
    <term tid="t_160" lemma="." type="open">
      <span>
        <target id="w_160"/>
      </span>
    </term>
    <term tid="t_161" lemma="eenmaal" type="open">
      <span>
        <target id="w_161"/>
      </span>
    </term>
    <term tid="t_162" lemma="geflest" type="open">
      <span>
        <target id="w_162"/>
      </span>
    </term>
    <term tid="t_163" lemma="hier" type="open">
      <span>
        <target id="w_163"/>
      </span>
    </term>
    <term tid="t_164" lemma="," type="open">
      <span>
        <target id="w_164"/>
      </span>
    </term>
    <term tid="t_165" lemma="nooit" type="open">
      <span>
        <target id="w_165"/>
      </span>
      <sentiment sentiment_modifier="shifter" resource="VUA_olery_lexicon_nl_lmf"/>
    </term>
    <term tid="t_166" lemma="meer" type="open">
      <span>
        <target id="w_166"/>
      </span>
    </term>
    <term tid="t_167" lemma="terug" type="open">
      <span>
        <target id="w_167"/>
      </span>
    </term>
    <term tid="t_168" lemma="komen" type="open">
      <span>
        <target id="w_168"/>
      </span>
    </term>
    <term tid="t_169" lemma="." type="open">
      <span>
        <target id="w_169"/>
      </span>
    </term>
  </terms>
  <entities>
    <entity type="PER" eid="e_1">
      <span>
        <target id="t_122"/>
      </span>
    </entity>
  </entities>
  <properties>
    <property type="value_for_money" pid="p_1">
      <span>
        <target id="t_125"/>
      </span>
      <span>
        <target id="t_154"/>
      </span>
    </property>
    <property type="bathroom" pid="p_2">
      <span>
        <target id="t_68"/>
      </span>
      <span>
        <target id="t_129"/>
      </span>
    </property>
    <property type="room" pid="p_3">
      <span>
        <target id="t_76"/>
      </span>
    </property>
    <property type="restaurant" pid="p_4">
      <span>
        <target id="t_112"/>
      </span>
    </property>
    <property type="cleanliness" pid="p_5">
      <span>
        <target id="t_59"/>
      </span>
      <span>
        <target id="t_64"/>
      </span>
      <span>
        <target id="t_80"/>
      </span>
      <span>
        <target id="t_92"/>
      </span>
    </property>
    <property type="facilities" pid="p_6">
      <span>
        <target id="t_5"/>
      </span>
      <span>
        <target id="t_71"/>
      </span>
      <span>
        <target id="t_145"/>
      </span>
    </property>
    <property type="parking" pid="p_7">
      <span>
        <target id="t_31"/>
      </span>
      <span>
        <target id="t_37"/>
      </span>
    </property>
    <property type="staff" pid="p_8">
      <span>
        <target id="t_15"/>
      </span>
      <span>
        <target id="t_17"/>
      </span>
      <span>
        <target id="t_19"/>
      </span>
      <span>
        <target id="t_40"/>
      </span>
    </property>
  </properties>
  <opinions>
    <opinion oid="o_1">
      <opinion_target>
        <span>
          <target id="t_15"/>
        </span>
      </opinion_target>
      <opinion_expression polarity="negative" strength="-1">
        <span>
          <target id="t_14"/>
        </span>
      </opinion_expression>
    </opinion>
    <opinion oid="o_2">
      <opinion_target>
        <span>
          <target id="t_22"/>
        </span>
      </opinion_target>
      <opinion_expression polarity="positive" strength="2">
        <span>
          <target id="t_17"/>
          <target id="t_19"/>
        </span>
      </opinion_expression>
    </opinion>
    <opinion oid="o_3">
      <opinion_target>
        <span>
          <target id="t_62"/>
        </span>
      </opinion_target>
      <opinion_expression polarity="negative" strength="-2">
        <span>
          <target id="t_59"/>
          <target id="t_58"/>
        </span>
      </opinion_expression>
    </opinion>
    <opinion oid="o_4">
      <opinion_target>
        <span>
          <target id="t_65"/>
        </span>
      </opinion_target>
      <opinion_expression polarity="negative" strength="-1">
        <span>
          <target id="t_64"/>
          <target id="t_63"/>
        </span>
      </opinion_expression>
    </opinion>
    <opinion oid="o_5">
      <opinion_target>
        <span>
          <target id="t_82"/>
        </span>
      </opinion_target>
      <opinion_expression polarity="negative" strength="-1">
        <span>
          <target id="t_80"/>
        </span>
      </opinion_expression>
    </opinion>
    <opinion oid="o_6">
      <opinion_target>
        <span>
          <target id="t_90"/>
        </span>
      </opinion_target>
      <opinion_expression polarity="negative" strength="-1">
        <span>
          <target id="t_88"/>
        </span>
      </opinion_expression>
    </opinion>
    <opinion oid="o_7">
      <opinion_target>
        <span>
          <target id="t_95"/>
        </span>
      </opinion_target>
      <opinion_expression polarity="negative" strength="-1">
        <span>
          <target id="t_92"/>
        </span>
      </opinion_expression>
    </opinion>
  </opinions>
</KAF>
