<?xml version='1.0' encoding='UTF-8'?>
<KAF xml:lang="nl">
  <linguisticProcessors layer="text">
    <lp timestamp="2013-01-06T18:30:40CET" version="2.0" name="SentenceTokenizer"/>
  </linguisticProcessors>
  <linguisticProcessors layer="terms">
    <lp timestamp="2013-01-06T18:30:40CET" version="2.0" name="SentenceTokenizer"/>
    <lp timestamp="2013-01-06T18:30:40CET" version="1.0" name="SimplePolarityTagger"/>
  </linguisticProcessors>
  <linguisticProcessor layer="opinions">
    <lp timestamp="2013-01-06T18:30:40CET" version="1.0" name="SimpleOpinionDetector"/>
  </linguisticProcessor>
  <linguisticProcessor layer="properties">
    <lp timestamp="2013-01-06T18:30:40CET" version="1.0" name="SimplePropRecognizer_lookup"/>
  </linguisticProcessor>
  <linguisticProcessor layer="entities">
    <lp timestamp="2013-01-06T18:30:40CET" version="1.0" name="SimpleNER_lookup"/>
  </linguisticProcessor>
  <text>
    <wf wid="w_1" para="1" sent="1">Vriendelijke</wf>
    <wf wid="w_2" para="1" sent="1">medewerkers</wf>
    <wf wid="w_3" para="1" sent="1">.</wf>
    <wf wid="w_4" para="1" sent="2">goede</wf>
    <wf wid="w_5" para="1" sent="2">kamer</wf>
    <wf wid="w_6" para="1" sent="2">.</wf>
    <wf wid="w_7" para="1" sent="3">Hotel</wf>
    <wf wid="w_8" para="1" sent="3">vraagt</wf>
    <wf wid="w_9" para="1" sent="3">absurd</wf>
    <wf wid="w_10" para="1" sent="3">bedrag</wf>
    <wf wid="w_11" para="1" sent="3">voor</wf>
    <wf wid="w_12" para="1" sent="3">parkeerkosten</wf>
    <wf wid="w_13" para="1" sent="3">.</wf>
    <wf wid="w_14" para="1" sent="4">EUR</wf>
    <wf wid="w_15" para="1" sent="4">25</wf>
    <wf wid="w_16" para="1" sent="4">per</wf>
    <wf wid="w_17" para="1" sent="4">dag</wf>
    <wf wid="w_18" para="1" sent="4">terwijl</wf>
    <wf wid="w_19" para="1" sent="4">je</wf>
    <wf wid="w_20" para="1" sent="4">er</wf>
    <wf wid="w_21" para="1" sent="4">maar</wf>
    <wf wid="w_22" para="1" sent="4">enkele</wf>
    <wf wid="w_23" para="1" sent="4">uren</wf>
    <wf wid="w_24" para="1" sent="4">gebruik</wf>
    <wf wid="w_25" para="1" sent="4">van</wf>
    <wf wid="w_26" para="1" sent="4">maakt</wf>
    <wf wid="w_27" para="1" sent="4">.</wf>
    <wf wid="w_28" para="1" sent="5">Volgende</wf>
    <wf wid="w_29" para="1" sent="5">keer</wf>
    <wf wid="w_30" para="1" sent="5">dus</wf>
    <wf wid="w_31" para="1" sent="5">Bastion</wf>
    <wf wid="w_32" para="1" sent="5">aan</wf>
    <wf wid="w_33" para="1" sent="5">de</wf>
    <wf wid="w_34" para="1" sent="5">overkant</wf>
    <wf wid="w_35" para="1" sent="5">.</wf>
  </text>
  <terms>
    <term tid="t_1" lemma="vriendelijke" type="open">
      <span>
        <target id="w_1"/>
      </span>
    </term>
    <term tid="t_2" lemma="medewerkers" type="open">
      <span>
        <target id="w_2"/>
      </span>
    </term>
    <term tid="t_3" lemma="." type="open">
      <span>
        <target id="w_3"/>
      </span>
    </term>
    <term tid="t_4" lemma="goede" type="open" pos="G">
      <span>
        <target id="w_4"/>
      </span>
      <sentiment polarity="positive" resource="VUA_olery_lexicon_nl_lmf"/>
    </term>
    <term tid="t_5" lemma="kamer" type="open">
      <span>
        <target id="w_5"/>
      </span>
    </term>
    <term tid="t_6" lemma="." type="open">
      <span>
        <target id="w_6"/>
      </span>
    </term>
    <term tid="t_7" lemma="hotel" type="open">
      <span>
        <target id="w_7"/>
      </span>
    </term>
    <term tid="t_8" lemma="vraagt" type="open">
      <span>
        <target id="w_8"/>
      </span>
    </term>
    <term tid="t_9" lemma="absurd" type="open" pos="G">
      <span>
        <target id="w_9"/>
      </span>
      <sentiment polarity="negative" resource="VUA_olery_lexicon_nl_lmf"/>
    </term>
    <term tid="t_10" lemma="bedrag" type="open">
      <span>
        <target id="w_10"/>
      </span>
    </term>
    <term tid="t_11" lemma="voor" type="open">
      <span>
        <target id="w_11"/>
      </span>
    </term>
    <term tid="t_12" lemma="parkeerkosten" type="open">
      <span>
        <target id="w_12"/>
      </span>
    </term>
    <term tid="t_13" lemma="." type="open">
      <span>
        <target id="w_13"/>
      </span>
    </term>
    <term tid="t_14" lemma="eur" type="open">
      <span>
        <target id="w_14"/>
      </span>
    </term>
    <term tid="t_15" lemma="25" type="open">
      <span>
        <target id="w_15"/>
      </span>
    </term>
    <term tid="t_16" lemma="per" type="open">
      <span>
        <target id="w_16"/>
      </span>
    </term>
    <term tid="t_17" lemma="dag" type="open">
      <span>
        <target id="w_17"/>
      </span>
    </term>
    <term tid="t_18" lemma="terwijl" type="open">
      <span>
        <target id="w_18"/>
      </span>
    </term>
    <term tid="t_19" lemma="je" type="open">
      <span>
        <target id="w_19"/>
      </span>
    </term>
    <term tid="t_20" lemma="er" type="open">
      <span>
        <target id="w_20"/>
      </span>
    </term>
    <term tid="t_21" lemma="maar" type="open">
      <span>
        <target id="w_21"/>
      </span>
    </term>
    <term tid="t_22" lemma="enkele" type="open">
      <span>
        <target id="w_22"/>
      </span>
    </term>
    <term tid="t_23" lemma="uren" type="open">
      <span>
        <target id="w_23"/>
      </span>
    </term>
    <term tid="t_24" lemma="gebruik" type="open">
      <span>
        <target id="w_24"/>
      </span>
    </term>
    <term tid="t_25" lemma="van" type="open">
      <span>
        <target id="w_25"/>
      </span>
    </term>
    <term tid="t_26" lemma="maakt" type="open">
      <span>
        <target id="w_26"/>
      </span>
    </term>
    <term tid="t_27" lemma="." type="open">
      <span>
        <target id="w_27"/>
      </span>
    </term>
    <term tid="t_28" lemma="volgende" type="open">
      <span>
        <target id="w_28"/>
      </span>
    </term>
    <term tid="t_29" lemma="keer" type="open">
      <span>
        <target id="w_29"/>
      </span>
    </term>
    <term tid="t_30" lemma="dus" type="open">
      <span>
        <target id="w_30"/>
      </span>
    </term>
    <term tid="t_31" lemma="bastion" type="open">
      <span>
        <target id="w_31"/>
      </span>
    </term>
    <term tid="t_32" lemma="aan" type="open">
      <span>
        <target id="w_32"/>
      </span>
    </term>
    <term tid="t_33" lemma="de" type="open">
      <span>
        <target id="w_33"/>
      </span>
    </term>
    <term tid="t_34" lemma="overkant" type="open">
      <span>
        <target id="w_34"/>
      </span>
    </term>
    <term tid="t_35" lemma="." type="open">
      <span>
        <target id="w_35"/>
      </span>
    </term>
  </terms>
  <entities>
    <entity type="ORG" eid="e_1">
      <span>
        <target id="t_5"/>
      </span>
    </entity>
  </entities>
  <properties>
    <property type="value_for_money" pid="p_1">
      <span>
        <target id="t_10"/>
      </span>
      <span>
        <target id="t_14"/>
      </span>
    </property>
    <property type="location" pid="p_2">
      <span>
        <target id="t_34"/>
      </span>
    </property>
    <property type="room" pid="p_3">
      <span>
        <target id="t_5"/>
      </span>
    </property>
    <property type="parking" pid="p_4">
      <span>
        <target id="t_12"/>
      </span>
    </property>
  </properties>
  <opinions>
    <opinion oid="o_1">
      <opinion_target>
        <span>
          <target id="t_5"/>
        </span>
      </opinion_target>
      <opinion_expression polarity="positive" strength="1">
        <span>
          <target id="t_4"/>
        </span>
      </opinion_expression>
    </opinion>
    <opinion oid="o_2">
      <opinion_target>
        <span>
          <target id="t_10"/>
        </span>
      </opinion_target>
      <opinion_expression polarity="negative" strength="-1">
        <span>
          <target id="t_9"/>
        </span>
      </opinion_expression>
    </opinion>
  </opinions>
</KAF>
