<?xml version='1.0' encoding='UTF-8'?>
<KAF xml:lang="nl">
  <linguisticProcessors layer="text">
    <lp timestamp="2013-01-06T18:43:26CET" version="2.0" name="SentenceTokenizer"/>
  </linguisticProcessors>
  <linguisticProcessors layer="terms">
    <lp timestamp="2013-01-06T18:43:26CET" version="2.0" name="SentenceTokenizer"/>
    <lp timestamp="2013-01-06T18:43:26CET" version="1.0" name="SimplePolarityTagger"/>
  </linguisticProcessors>
  <linguisticProcessor layer="opinions">
    <lp timestamp="2013-01-06T18:43:26CET" version="1.0" name="SimpleOpinionDetector"/>
  </linguisticProcessor>
  <linguisticProcessor layer="properties">
    <lp timestamp="2013-01-06T18:43:26CET" version="1.0" name="SimplePropRecognizer_lookup"/>
  </linguisticProcessor>
  <linguisticProcessor layer="entities">
    <lp timestamp="2013-01-06T18:43:26CET" version="1.0" name="SimpleNER_lookup"/>
  </linguisticProcessor>
  <text>
    <wf wid="w_1" para="1" sent="1">Versleten</wf>
    <wf wid="w_2" para="1" sent="1">kamers</wf>
    <wf wid="w_3" para="1" sent="1">,</wf>
    <wf wid="w_4" para="1" sent="1">vergane</wf>
    <wf wid="w_5" para="1" sent="1">glorie</wf>
    <wf wid="w_6" para="1" sent="1">,</wf>
    <wf wid="w_7" para="1" sent="1">faciliteiten</wf>
    <wf wid="w_8" para="1" sent="1">wel</wf>
    <wf wid="w_9" para="1" sent="1">in</wf>
    <wf wid="w_10" para="1" sent="1">orde</wf>
    <wf wid="w_11" para="1" sent="1">.</wf>
    <wf wid="w_12" para="1" sent="2">Het</wf>
    <wf wid="w_13" para="1" sent="2">iconische</wf>
    <wf wid="w_14" para="1" sent="2">hotel</wf>
    <wf wid="w_15" para="1" sent="2">Huis</wf>
    <wf wid="w_16" para="1" sent="2">ter</wf>
    <wf wid="w_17" para="1" sent="2">Duin</wf>
    <wf wid="w_18" para="1" sent="2">is</wf>
    <wf wid="w_19" para="1" sent="2">ernstig</wf>
    <wf wid="w_20" para="1" sent="2">in</wf>
    <wf wid="w_21" para="1" sent="2">verval</wf>
    <wf wid="w_22" para="1" sent="2">.</wf>
    <wf wid="w_23" para="1" sent="3">Bij</wf>
    <wf wid="w_24" para="1" sent="3">aankomst</wf>
    <wf wid="w_25" para="1" sent="3">op</wf>
    <wf wid="w_26" para="1" sent="3">een</wf>
    <wf wid="w_27" para="1" sent="3">lelijk</wf>
    <wf wid="w_28" para="1" sent="3">parkeerterrein</wf>
    <wf wid="w_29" para="1" sent="3">,</wf>
    <wf wid="w_30" para="1" sent="3">via</wf>
    <wf wid="w_31" para="1" sent="3">de</wf>
    <wf wid="w_32" para="1" sent="3">uitgang</wf>
    <wf wid="w_33" para="1" sent="3">omdat</wf>
    <wf wid="w_34" para="1" sent="3">de</wf>
    <wf wid="w_35" para="1" sent="3">ingang</wf>
    <wf wid="w_36" para="1" sent="3">geblokkeerd</wf>
    <wf wid="w_37" para="1" sent="3">is</wf>
    <wf wid="w_38" para="1" sent="3">(dus</wf>
    <wf wid="w_39" para="1" sent="3">gelukkig</wf>
    <wf wid="w_40" para="1" sent="3">geen</wf>
    <wf wid="w_41" para="1" sent="3">parkeergeld</wf>
    <wf wid="w_42" para="1" sent="3">)</wf>
    <wf wid="w_43" para="1" sent="3">kom</wf>
    <wf wid="w_44" para="1" sent="3">je</wf>
    <wf wid="w_45" para="1" sent="3">bij</wf>
    <wf wid="w_46" para="1" sent="3">de</wf>
    <wf wid="w_47" para="1" sent="3">entree</wf>
    <wf wid="w_48" para="1" sent="3">die</wf>
    <wf wid="w_49" para="1" sent="3">eigenlijk</wf>
    <wf wid="w_50" para="1" sent="3">lijkt</wf>
    <wf wid="w_51" para="1" sent="3">op</wf>
    <wf wid="w_52" para="1" sent="3">de</wf>
    <wf wid="w_53" para="1" sent="3">vertrekhal</wf>
    <wf wid="w_54" para="1" sent="3">van</wf>
    <wf wid="w_55" para="1" sent="3">schiphol</wf>
    <wf wid="w_56" para="1" sent="3">..</wf>
    <wf wid="w_57" para="1" sent="4">Geen</wf>
    <wf wid="w_58" para="1" sent="4">portier</wf>
    <wf wid="w_59" para="1" sent="4">die</wf>
    <wf wid="w_60" para="1" sent="4">even</wf>
    <wf wid="w_61" para="1" sent="4">assisteert</wf>
    <wf wid="w_62" para="1" sent="4">.</wf>
    <wf wid="w_63" para="1" sent="5">Afhandeling</wf>
    <wf wid="w_64" para="1" sent="5">bij</wf>
    <wf wid="w_65" para="1" sent="5">de</wf>
    <wf wid="w_66" para="1" sent="5">receptie</wf>
    <wf wid="w_67" para="1" sent="5">was</wf>
    <wf wid="w_68" para="1" sent="5">vriendelijk</wf>
    <wf wid="w_69" para="1" sent="5">en</wf>
    <wf wid="w_70" para="1" sent="5">efficient</wf>
    <wf wid="w_71" para="1" sent="5">.</wf>
    <wf wid="w_72" para="1" sent="6">Reservering</wf>
    <wf wid="w_73" para="1" sent="6">gemaakt</wf>
    <wf wid="w_74" para="1" sent="6">direct</wf>
    <wf wid="w_75" para="1" sent="6">bij</wf>
    <wf wid="w_76" para="1" sent="6">het</wf>
    <wf wid="w_77" para="1" sent="6">hotel</wf>
    <wf wid="w_78" para="1" sent="6">via</wf>
    <wf wid="w_79" para="1" sent="6">internet</wf>
    <wf wid="w_80" para="1" sent="6">(240</wf>
    <wf wid="w_81" para="1" sent="6">euro</wf>
    <wf wid="w_82" para="1" sent="6">,</wf>
    <wf wid="w_83" para="1" sent="6">large</wf>
    <wf wid="w_84" para="1" sent="6">,</wf>
    <wf wid="w_85" para="1" sent="6">seaview</wf>
    <wf wid="w_86" para="1" sent="6">..</wf>
    <wf wid="w_87" para="1" sent="7">)</wf>
    <wf wid="w_88" para="1" sent="7">Geen</wf>
    <wf wid="w_89" para="1" sent="7">aanbod</wf>
    <wf wid="w_90" para="1" sent="7">om</wf>
    <wf wid="w_91" para="1" sent="7">mee</wf>
    <wf wid="w_92" para="1" sent="7">te</wf>
    <wf wid="w_93" para="1" sent="7">lopen</wf>
    <wf wid="w_94" para="1" sent="7">naar</wf>
    <wf wid="w_95" para="1" sent="7">de</wf>
    <wf wid="w_96" para="1" sent="7">kamer</wf>
    <wf wid="w_97" para="1" sent="7">,</wf>
    <wf wid="w_98" para="1" sent="7">laat</wf>
    <wf wid="w_99" para="1" sent="7">staan</wf>
    <wf wid="w_100" para="1" sent="7">een</wf>
    <wf wid="w_101" para="1" sent="7">rondleiding</wf>
    <wf wid="w_102" para="1" sent="7">door</wf>
    <wf wid="w_103" para="1" sent="7">het</wf>
    <wf wid="w_104" para="1" sent="7">hotel</wf>
    <wf wid="w_105" para="1" sent="7">.</wf>
    <wf wid="w_106" para="1" sent="8">Lobby</wf>
    <wf wid="w_107" para="1" sent="8">van</wf>
    <wf wid="w_108" para="1" sent="8">het</wf>
    <wf wid="w_109" para="1" sent="8">hotel</wf>
    <wf wid="w_110" para="1" sent="8">oogt</wf>
    <wf wid="w_111" para="1" sent="8">oubollig</wf>
    <wf wid="w_112" para="1" sent="8">maar</wf>
    <wf wid="w_113" para="1" sent="8">wel</wf>
    <wf wid="w_114" para="1" sent="8">gezellig</wf>
    <wf wid="w_115" para="1" sent="8">(waarom</wf>
    <wf wid="w_116" para="1" sent="8">gebruiken</wf>
    <wf wid="w_117" para="1" sent="8">architecten</wf>
    <wf wid="w_118" para="1" sent="8">toch</wf>
    <wf wid="w_119" para="1" sent="8">duizend</wf>
    <wf wid="w_120" para="1" sent="8">kleuren</wf>
    <wf wid="w_121" para="1" sent="8">en</wf>
    <wf wid="w_122" para="1" sent="8">materialen</wf>
    <wf wid="w_123" para="1" sent="8">?</wf>
    <wf wid="w_124" para="1" sent="9">)</wf>
    <wf wid="w_125" para="1" sent="9">De</wf>
    <wf wid="w_126" para="1" sent="9">kamer</wf>
    <wf wid="w_127" para="1" sent="9">op</wf>
    <wf wid="w_128" para="1" sent="9">de</wf>
    <wf wid="w_129" para="1" sent="9">6e</wf>
    <wf wid="w_130" para="1" sent="9">etage</wf>
    <wf wid="w_131" para="1" sent="9">is</wf>
    <wf wid="w_132" para="1" sent="9">versleten</wf>
    <wf wid="w_133" para="1" sent="9">en</wf>
    <wf wid="w_134" para="1" sent="9">ouderwets</wf>
    <wf wid="w_135" para="1" sent="9">.</wf>
    <wf wid="w_136" para="1" sent="10">Oubollig</wf>
    <wf wid="w_137" para="1" sent="10">ook</wf>
    <wf wid="w_138" para="1" sent="10">.</wf>
    <wf wid="w_139" para="1" sent="11">Blijkbaar</wf>
    <wf wid="w_140" para="1" sent="11">stonden</wf>
    <wf wid="w_141" para="1" sent="11">er</wf>
    <wf wid="w_142" para="1" sent="11">vroeger</wf>
    <wf wid="w_143" para="1" sent="11">andere</wf>
    <wf wid="w_144" para="1" sent="11">bedden</wf>
    <wf wid="w_145" para="1" sent="11">,</wf>
    <wf wid="w_146" para="1" sent="11">aangezien</wf>
    <wf wid="w_147" para="1" sent="11">ons</wf>
    <wf wid="w_148" para="1" sent="11">bed</wf>
    <wf wid="w_149" para="1" sent="11">ruim</wf>
    <wf wid="w_150" para="1" sent="11">80</wf>
    <wf wid="w_151" para="1" sent="11">cm</wf>
    <wf wid="w_152" para="1" sent="11">van</wf>
    <wf wid="w_153" para="1" sent="11">de</wf>
    <wf wid="w_154" para="1" sent="11">nachtkastjes</wf>
    <wf wid="w_155" para="1" sent="11">stond</wf>
    <wf wid="w_156" para="1" sent="11">en</wf>
    <wf wid="w_157" para="1" sent="11">dus</wf>
    <wf wid="w_158" para="1" sent="11">ook</wf>
    <wf wid="w_159" para="1" sent="11">het</wf>
    <wf wid="w_160" para="1" sent="11">leeslampje</wf>
    <wf wid="w_161" para="1" sent="11">(uiteraard</wf>
    <wf wid="w_162" para="1" sent="11">met</wf>
    <wf wid="w_163" para="1" sent="11">fantastisch</wf>
    <wf wid="w_164" para="1" sent="11">PL</wf>
    <wf wid="w_165" para="1" sent="11">licht</wf>
    <wf wid="w_166" para="1" sent="11">,</wf>
    <wf wid="w_167" para="1" sent="11">wie</wf>
    <wf wid="w_168" para="1" sent="11">verzint</wf>
    <wf wid="w_169" para="1" sent="11">dit</wf>
    <wf wid="w_170" para="1" sent="11">toch</wf>
    <wf wid="w_171" para="1" sent="11">in</wf>
    <wf wid="w_172" para="1" sent="11">hotels</wf>
    <wf wid="w_173" para="1" sent="11">?</wf>
    <wf wid="w_174" para="1" sent="12">)</wf>
    <wf wid="w_175" para="1" sent="12">Rustig</wf>
    <wf wid="w_176" para="1" sent="12">in</wf>
    <wf wid="w_177" para="1" sent="12">bed</wf>
    <wf wid="w_178" para="1" sent="12">kunnen</wf>
    <wf wid="w_179" para="1" sent="12">lezen</wf>
    <wf wid="w_180" para="1" sent="12">zonder</wf>
    <wf wid="w_181" para="1" sent="12">dat</wf>
    <wf wid="w_182" para="1" sent="12">de</wf>
    <wf wid="w_183" para="1" sent="12">ander</wf>
    <wf wid="w_184" para="1" sent="12">daar</wf>
    <wf wid="w_185" para="1" sent="12">last</wf>
    <wf wid="w_186" para="1" sent="12">van</wf>
    <wf wid="w_187" para="1" sent="12">heeft</wf>
    <wf wid="w_188" para="1" sent="12">,</wf>
    <wf wid="w_189" para="1" sent="12">waarom</wf>
    <wf wid="w_190" para="1" sent="12">kan</wf>
    <wf wid="w_191" para="1" sent="12">dat</wf>
    <wf wid="w_192" para="1" sent="12">nooit</wf>
    <wf wid="w_193" para="1" sent="12">in</wf>
    <wf wid="w_194" para="1" sent="12">dit</wf>
    <wf wid="w_195" para="1" sent="12">soort</wf>
    <wf wid="w_196" para="1" sent="12">hotels</wf>
    <wf wid="w_197" para="1" sent="12">?</wf>
    <wf wid="w_198" para="1" sent="13">Nieuwe</wf>
    <wf wid="w_199" para="1" sent="13">LED</wf>
    <wf wid="w_200" para="1" sent="13">TV</wf>
    <wf wid="w_201" para="1" sent="13">,</wf>
    <wf wid="w_202" para="1" sent="13">echter</wf>
    <wf wid="w_203" para="1" sent="13">zonder</wf>
    <wf wid="w_204" para="1" sent="13">functionaliteit</wf>
    <wf wid="w_205" para="1" sent="13">zoals</wf>
    <wf wid="w_206" para="1" sent="13">digitale</wf>
    <wf wid="w_207" para="1" sent="13">TV</wf>
    <wf wid="w_208" para="1" sent="13">en</wf>
    <wf wid="w_209" para="1" sent="13">internet</wf>
    <wf wid="w_210" para="1" sent="13">etc</wf>
    <wf wid="w_211" para="1" sent="13">.</wf>
    <wf wid="w_212" para="1" sent="14">Nu</wf>
    <wf wid="w_213" para="1" sent="14">alleen</wf>
    <wf wid="w_214" para="1" sent="14">slecht</wf>
    <wf wid="w_215" para="1" sent="14">beeld</wf>
    <wf wid="w_216" para="1" sent="14">.</wf>
    <wf wid="w_217" para="1" sent="15">Ouderwetse</wf>
    <wf wid="w_218" para="1" sent="15">telefoons</wf>
    <wf wid="w_219" para="1" sent="15">.</wf>
    <wf wid="w_220" para="1" sent="16">Geen</wf>
    <wf wid="w_221" para="1" sent="16">ipod</wf>
    <wf wid="w_222" para="1" sent="16">dock</wf>
    <wf wid="w_223" para="1" sent="16">of</wf>
    <wf wid="w_224" para="1" sent="16">iets</wf>
    <wf wid="w_225" para="1" sent="16">dergelijks</wf>
    <wf wid="w_226" para="1" sent="16">.</wf>
    <wf wid="w_227" para="1" sent="17">Uiteraard</wf>
    <wf wid="w_228" para="1" sent="17">was</wf>
    <wf wid="w_229" para="1" sent="17">het</wf>
    <wf wid="w_230" para="1" sent="17">klokje</wf>
    <wf wid="w_231" para="1" sent="17">uit</wf>
    <wf wid="w_232" para="1" sent="17">de</wf>
    <wf wid="w_233" para="1" sent="17">middeleeuwen</wf>
    <wf wid="w_234" para="1" sent="17">stuk</wf>
    <wf wid="w_235" para="1" sent="17">.</wf>
    <wf wid="w_236" para="1" sent="18">Standaard</wf>
    <wf wid="w_237" para="1" sent="18">minibar</wf>
    <wf wid="w_238" para="1" sent="18">met</wf>
    <wf wid="w_239" para="1" sent="18">fatsoenlijke</wf>
    <wf wid="w_240" para="1" sent="18">inhoud</wf>
    <wf wid="w_241" para="1" sent="18">.</wf>
    <wf wid="w_242" para="1" sent="19">Geen</wf>
    <wf wid="w_243" para="1" sent="19">balkon</wf>
    <wf wid="w_244" para="1" sent="19">(hoe</wf>
    <wf wid="w_245" para="1" sent="19">verzin</wf>
    <wf wid="w_246" para="1" sent="19">je</wf>
    <wf wid="w_247" para="1" sent="19">dit</wf>
    <wf wid="w_248" para="1" sent="19">bij</wf>
    <wf wid="w_249" para="1" sent="19">een</wf>
    <wf wid="w_250" para="1" sent="19">hotel</wf>
    <wf wid="w_251" para="1" sent="19">aan</wf>
    <wf wid="w_252" para="1" sent="19">zee</wf>
    <wf wid="w_253" para="1" sent="19">?</wf>
    <wf wid="w_254" para="1" sent="20">)</wf>
    <wf wid="w_255" para="1" sent="20">Airco</wf>
    <wf wid="w_256" para="1" sent="20">functioneerde</wf>
    <wf wid="w_257" para="1" sent="20">goed</wf>
    <wf wid="w_258" para="1" sent="20">.</wf>
    <wf wid="w_259" para="1" sent="21">Badkamer</wf>
    <wf wid="w_260" para="1" sent="21">rampzalig</wf>
    <wf wid="w_261" para="1" sent="21">,</wf>
    <wf wid="w_262" para="1" sent="21">glazen</wf>
    <wf wid="w_263" para="1" sent="21">kapjes</wf>
    <wf wid="w_264" para="1" sent="21">van</wf>
    <wf wid="w_265" para="1" sent="21">lampen</wf>
    <wf wid="w_266" para="1" sent="21">bij</wf>
    <wf wid="w_267" para="1" sent="21">wastafel</wf>
    <wf wid="w_268" para="1" sent="21">verdwenen</wf>
    <wf wid="w_269" para="1" sent="21">,</wf>
    <wf wid="w_270" para="1" sent="21">geen</wf>
    <wf wid="w_271" para="1" sent="21">thermostaatkranen</wf>
    <wf wid="w_272" para="1" sent="21">,</wf>
    <wf wid="w_273" para="1" sent="21">verhoogde</wf>
    <wf wid="w_274" para="1" sent="21">douchebak</wf>
    <wf wid="w_275" para="1" sent="21">met</wf>
    <wf wid="w_276" para="1" sent="21">garnituur</wf>
    <wf wid="w_277" para="1" sent="21">uit</wf>
    <wf wid="w_278" para="1" sent="21">1980</wf>
    <wf wid="w_279" para="1" sent="21">,</wf>
    <wf wid="w_280" para="1" sent="21">vage</wf>
    <wf wid="w_281" para="1" sent="21">toiletries</wf>
    <wf wid="w_282" para="1" sent="21">.</wf>
    <wf wid="w_283" para="1" sent="22">WC</wf>
    <wf wid="w_284" para="1" sent="22">weggepropt</wf>
    <wf wid="w_285" para="1" sent="22">in</wf>
    <wf wid="w_286" para="1" sent="22">hoekje</wf>
    <wf wid="w_287" para="1" sent="22">,</wf>
    <wf wid="w_288" para="1" sent="22">geen</wf>
    <wf wid="w_289" para="1" sent="22">noodtelefoon</wf>
    <wf wid="w_290" para="1" sent="22">in</wf>
    <wf wid="w_291" para="1" sent="22">badkamer</wf>
    <wf wid="w_292" para="1" sent="22">.</wf>
    <wf wid="w_293" para="1" sent="23">Bed</wf>
    <wf wid="w_294" para="1" sent="23">was</wf>
    <wf wid="w_295" para="1" sent="23">oud</wf>
    <wf wid="w_296" para="1" sent="23">met</wf>
    <wf wid="w_297" para="1" sent="23">synthetisch</wf>
    <wf wid="w_298" para="1" sent="23">beddegoed</wf>
    <wf wid="w_299" para="1" sent="23">en</wf>
    <wf wid="w_300" para="1" sent="23">absurd</wf>
    <wf wid="w_301" para="1" sent="23">grote</wf>
    <wf wid="w_302" para="1" sent="23">kussens</wf>
    <wf wid="w_303" para="1" sent="23">.</wf>
    <wf wid="w_304" para="1" sent="24">Voor</wf>
    <wf wid="w_305" para="1" sent="24">de</wf>
    <wf wid="w_306" para="1" sent="24">rest</wf>
    <wf wid="w_307" para="1" sent="24">veel</wf>
    <wf wid="w_308" para="1" sent="24">beschadigingen</wf>
    <wf wid="w_309" para="1" sent="24">in</wf>
    <wf wid="w_310" para="1" sent="24">dekamer</wf>
    <wf wid="w_311" para="1" sent="24">aan</wf>
    <wf wid="w_312" para="1" sent="24">wanden</wf>
    <wf wid="w_313" para="1" sent="24">,</wf>
    <wf wid="w_314" para="1" sent="24">meubels</wf>
    <wf wid="w_315" para="1" sent="24">en</wf>
    <wf wid="w_316" para="1" sent="24">pui</wf>
    <wf wid="w_317" para="1" sent="24">.</wf>
    <wf wid="w_318" para="1" sent="25">Lelijke</wf>
    <wf wid="w_319" para="1" sent="25">verlichting</wf>
    <wf wid="w_320" para="1" sent="25">.</wf>
    <wf wid="w_321" para="1" sent="26">Gewoon</wf>
    <wf wid="w_322" para="1" sent="26">weg</wf>
    <wf wid="w_323" para="1" sent="26">een</wf>
    <wf wid="w_324" para="1" sent="26">schandaal</wf>
    <wf wid="w_325" para="1" sent="26">voor</wf>
    <wf wid="w_326" para="1" sent="26">een</wf>
    <wf wid="w_327" para="1" sent="26">5</wf>
    <wf wid="w_328" para="1" sent="26">ster</wf>
    <wf wid="w_329" para="1" sent="26">.</wf>
    <wf wid="w_330" para="1" sent="27">De</wf>
    <wf wid="w_331" para="1" sent="27">restaurants</wf>
    <wf wid="w_332" para="1" sent="27">en</wf>
    <wf wid="w_333" para="1" sent="27">de</wf>
    <wf wid="w_334" para="1" sent="27">bar</wf>
    <wf wid="w_335" para="1" sent="27">maken</wf>
    <wf wid="w_336" para="1" sent="27">een</wf>
    <wf wid="w_337" para="1" sent="27">hoop</wf>
    <wf wid="w_338" para="1" sent="27">goed</wf>
    <wf wid="w_339" para="1" sent="27">.</wf>
    <wf wid="w_340" para="1" sent="28">Het</wf>
    <wf wid="w_341" para="1" sent="28">nieuwe</wf>
    <wf wid="w_342" para="1" sent="28">beach</wf>
    <wf wid="w_343" para="1" sent="28">breakers</wf>
    <wf wid="w_344" para="1" sent="28">restaurant</wf>
    <wf wid="w_345" para="1" sent="28">op</wf>
    <wf wid="w_346" para="1" sent="28">het</wf>
    <wf wid="w_347" para="1" sent="28">strand</wf>
    <wf wid="w_348" para="1" sent="28">is</wf>
    <wf wid="w_349" para="1" sent="28">geweldig</wf>
    <wf wid="w_350" para="1" sent="28">leuk</wf>
    <wf wid="w_351" para="1" sent="28">,</wf>
    <wf wid="w_352" para="1" sent="28">strak</wf>
    <wf wid="w_353" para="1" sent="28">,</wf>
    <wf wid="w_354" para="1" sent="28">modern</wf>
    <wf wid="w_355" para="1" sent="28">,</wf>
    <wf wid="w_356" para="1" sent="28">leuke</wf>
    <wf wid="w_357" para="1" sent="28">kaart</wf>
    <wf wid="w_358" para="1" sent="28">,</wf>
    <wf wid="w_359" para="1" sent="28">goede</wf>
    <wf wid="w_360" para="1" sent="28">bediening</wf>
    <wf wid="w_361" para="1" sent="28">.</wf>
    <wf wid="w_362" para="1" sent="29">Ook</wf>
    <wf wid="w_363" para="1" sent="29">de</wf>
    <wf wid="w_364" para="1" sent="29">bar</wf>
    <wf wid="w_365" para="1" sent="29">in</wf>
    <wf wid="w_366" para="1" sent="29">het</wf>
    <wf wid="w_367" para="1" sent="29">hotel</wf>
    <wf wid="w_368" para="1" sent="29">is</wf>
    <wf wid="w_369" para="1" sent="29">in</wf>
    <wf wid="w_370" para="1" sent="29">orde</wf>
    <wf wid="w_371" para="1" sent="29">,</wf>
    <wf wid="w_372" para="1" sent="29">beetje</wf>
    <wf wid="w_373" para="1" sent="29">oubollig</wf>
    <wf wid="w_374" para="1" sent="29">maar</wf>
    <wf wid="w_375" para="1" sent="29">wel</wf>
    <wf wid="w_376" para="1" sent="29">gezellig</wf>
    <wf wid="w_377" para="1" sent="29">.</wf>
    <wf wid="w_378" para="1" sent="30">Ontbijt</wf>
    <wf wid="w_379" para="1" sent="30">was</wf>
    <wf wid="w_380" para="1" sent="30">royaal</wf>
    <wf wid="w_381" para="1" sent="30">en</wf>
    <wf wid="w_382" para="1" sent="30">zeer</wf>
    <wf wid="w_383" para="1" sent="30">goed</wf>
    <wf wid="w_384" para="1" sent="30">van</wf>
    <wf wid="w_385" para="1" sent="30">kwaliteit</wf>
    <wf wid="w_386" para="1" sent="30">.</wf>
    <wf wid="w_387" para="1" sent="31">Aande</wf>
    <wf wid="w_388" para="1" sent="31">overzijde</wf>
    <wf wid="w_389" para="1" sent="31">zit</wf>
    <wf wid="w_390" para="1" sent="31">loungebar</wf>
    <wf wid="w_391" para="1" sent="31">Blush</wf>
    <wf wid="w_392" para="1" sent="31">(hoort</wf>
    <wf wid="w_393" para="1" sent="31">niet</wf>
    <wf wid="w_394" para="1" sent="31">bij</wf>
    <wf wid="w_395" para="1" sent="31">het</wf>
    <wf wid="w_396" para="1" sent="31">hotel</wf>
    <wf wid="w_397" para="1" sent="31">)</wf>
    <wf wid="w_398" para="1" sent="31">wel</wf>
    <wf wid="w_399" para="1" sent="31">leuk</wf>
    <wf wid="w_400" para="1" sent="31">om</wf>
    <wf wid="w_401" para="1" sent="31">naar</wf>
    <wf wid="w_402" para="1" sent="31">toe</wf>
    <wf wid="w_403" para="1" sent="31">te</wf>
    <wf wid="w_404" para="1" sent="31">gaan</wf>
    <wf wid="w_405" para="1" sent="31">.</wf>
    <wf wid="w_406" para="1" sent="32">Conclusie</wf>
    <wf wid="w_407" para="1" sent="32">:</wf>
    <wf wid="w_408" para="1" sent="32">wel</wf>
    <wf wid="w_409" para="1" sent="32">daar</wf>
    <wf wid="w_410" para="1" sent="32">eten</wf>
    <wf wid="w_411" para="1" sent="32">,</wf>
    <wf wid="w_412" para="1" sent="32">nooit</wf>
    <wf wid="w_413" para="1" sent="32">daar</wf>
    <wf wid="w_414" para="1" sent="32">slapen</wf>
    <wf wid="w_415" para="1" sent="32">.</wf>
  </text>
  <terms>
    <term tid="t_1" lemma="versleten" type="open">
      <span>
        <target id="w_1"/>
      </span>
    </term>
    <term tid="t_2" lemma="kamers" type="open">
      <span>
        <target id="w_2"/>
      </span>
    </term>
    <term tid="t_3" lemma="," type="open">
      <span>
        <target id="w_3"/>
      </span>
    </term>
    <term tid="t_4" lemma="vergane" type="open">
      <span>
        <target id="w_4"/>
      </span>
    </term>
    <term tid="t_5" lemma="glorie" type="open">
      <span>
        <target id="w_5"/>
      </span>
    </term>
    <term tid="t_6" lemma="," type="open">
      <span>
        <target id="w_6"/>
      </span>
    </term>
    <term tid="t_7" lemma="faciliteiten" type="open">
      <span>
        <target id="w_7"/>
      </span>
    </term>
    <term tid="t_8" lemma="wel" type="open">
      <span>
        <target id="w_8"/>
      </span>
    </term>
    <term tid="t_9" lemma="in" type="open">
      <span>
        <target id="w_9"/>
      </span>
    </term>
    <term tid="t_10" lemma="orde" type="open">
      <span>
        <target id="w_10"/>
      </span>
    </term>
    <term tid="t_11" lemma="." type="open">
      <span>
        <target id="w_11"/>
      </span>
    </term>
    <term tid="t_12" lemma="het" type="open">
      <span>
        <target id="w_12"/>
      </span>
    </term>
    <term tid="t_13" lemma="iconische" type="open">
      <span>
        <target id="w_13"/>
      </span>
    </term>
    <term tid="t_14" lemma="hotel" type="open">
      <span>
        <target id="w_14"/>
      </span>
    </term>
    <term tid="t_15" lemma="huis" type="open">
      <span>
        <target id="w_15"/>
      </span>
    </term>
    <term tid="t_16" lemma="ter" type="open">
      <span>
        <target id="w_16"/>
      </span>
    </term>
    <term tid="t_17" lemma="duin" type="open">
      <span>
        <target id="w_17"/>
      </span>
    </term>
    <term tid="t_18" lemma="is" type="open">
      <span>
        <target id="w_18"/>
      </span>
    </term>
    <term tid="t_19" lemma="ernstig" type="open" pos="G">
      <span>
        <target id="w_19"/>
      </span>
      <sentiment polarity="negative" resource="VUA_olery_lexicon_nl_lmf"/>
    </term>
    <term tid="t_20" lemma="in" type="open">
      <span>
        <target id="w_20"/>
      </span>
    </term>
    <term tid="t_21" lemma="verval" type="open">
      <span>
        <target id="w_21"/>
      </span>
    </term>
    <term tid="t_22" lemma="." type="open">
      <span>
        <target id="w_22"/>
      </span>
    </term>
    <term tid="t_23" lemma="bij" type="open">
      <span>
        <target id="w_23"/>
      </span>
    </term>
    <term tid="t_24" lemma="aankomst" type="open">
      <span>
        <target id="w_24"/>
      </span>
    </term>
    <term tid="t_25" lemma="op" type="open">
      <span>
        <target id="w_25"/>
      </span>
    </term>
    <term tid="t_26" lemma="een" type="open">
      <span>
        <target id="w_26"/>
      </span>
    </term>
    <term tid="t_27" lemma="lelijk" type="open" pos="G">
      <span>
        <target id="w_27"/>
      </span>
      <sentiment polarity="negative" resource="VUA_olery_lexicon_nl_lmf"/>
    </term>
    <term tid="t_28" lemma="parkeerterrein" type="open">
      <span>
        <target id="w_28"/>
      </span>
    </term>
    <term tid="t_29" lemma="," type="open">
      <span>
        <target id="w_29"/>
      </span>
    </term>
    <term tid="t_30" lemma="via" type="open">
      <span>
        <target id="w_30"/>
      </span>
    </term>
    <term tid="t_31" lemma="de" type="open">
      <span>
        <target id="w_31"/>
      </span>
    </term>
    <term tid="t_32" lemma="uitgang" type="open">
      <span>
        <target id="w_32"/>
      </span>
    </term>
    <term tid="t_33" lemma="omdat" type="open">
      <span>
        <target id="w_33"/>
      </span>
    </term>
    <term tid="t_34" lemma="de" type="open">
      <span>
        <target id="w_34"/>
      </span>
    </term>
    <term tid="t_35" lemma="ingang" type="open">
      <span>
        <target id="w_35"/>
      </span>
    </term>
    <term tid="t_36" lemma="geblokkeerd" type="open">
      <span>
        <target id="w_36"/>
      </span>
    </term>
    <term tid="t_37" lemma="is" type="open">
      <span>
        <target id="w_37"/>
      </span>
    </term>
    <term tid="t_38" lemma="(dus" type="open">
      <span>
        <target id="w_38"/>
      </span>
    </term>
    <term tid="t_39" lemma="gelukkig" type="open" pos="G">
      <span>
        <target id="w_39"/>
      </span>
      <sentiment polarity="positive" resource="VUA_olery_lexicon_nl_lmf"/>
    </term>
    <term tid="t_40" lemma="geen" type="open">
      <span>
        <target id="w_40"/>
      </span>
      <sentiment sentiment_modifier="shifter" resource="VUA_olery_lexicon_nl_lmf"/>
    </term>
    <term tid="t_41" lemma="parkeergeld" type="open">
      <span>
        <target id="w_41"/>
      </span>
    </term>
    <term tid="t_42" lemma=")" type="open">
      <span>
        <target id="w_42"/>
      </span>
    </term>
    <term tid="t_43" lemma="kom" type="open">
      <span>
        <target id="w_43"/>
      </span>
    </term>
    <term tid="t_44" lemma="je" type="open">
      <span>
        <target id="w_44"/>
      </span>
    </term>
    <term tid="t_45" lemma="bij" type="open">
      <span>
        <target id="w_45"/>
      </span>
    </term>
    <term tid="t_46" lemma="de" type="open">
      <span>
        <target id="w_46"/>
      </span>
    </term>
    <term tid="t_47" lemma="entree" type="open">
      <span>
        <target id="w_47"/>
      </span>
    </term>
    <term tid="t_48" lemma="die" type="open">
      <span>
        <target id="w_48"/>
      </span>
    </term>
    <term tid="t_49" lemma="eigenlijk" type="open">
      <span>
        <target id="w_49"/>
      </span>
    </term>
    <term tid="t_50" lemma="lijkt" type="open">
      <span>
        <target id="w_50"/>
      </span>
    </term>
    <term tid="t_51" lemma="op" type="open">
      <span>
        <target id="w_51"/>
      </span>
    </term>
    <term tid="t_52" lemma="de" type="open">
      <span>
        <target id="w_52"/>
      </span>
    </term>
    <term tid="t_53" lemma="vertrekhal" type="open">
      <span>
        <target id="w_53"/>
      </span>
    </term>
    <term tid="t_54" lemma="van" type="open">
      <span>
        <target id="w_54"/>
      </span>
    </term>
    <term tid="t_55" lemma="schiphol" type="open">
      <span>
        <target id="w_55"/>
      </span>
    </term>
    <term tid="t_56" lemma=".." type="open">
      <span>
        <target id="w_56"/>
      </span>
    </term>
    <term tid="t_57" lemma="geen" type="open">
      <span>
        <target id="w_57"/>
      </span>
      <sentiment sentiment_modifier="shifter" resource="VUA_olery_lexicon_nl_lmf"/>
    </term>
    <term tid="t_58" lemma="portier" type="open">
      <span>
        <target id="w_58"/>
      </span>
    </term>
    <term tid="t_59" lemma="die" type="open">
      <span>
        <target id="w_59"/>
      </span>
    </term>
    <term tid="t_60" lemma="even" type="open">
      <span>
        <target id="w_60"/>
      </span>
    </term>
    <term tid="t_61" lemma="assisteert" type="open">
      <span>
        <target id="w_61"/>
      </span>
    </term>
    <term tid="t_62" lemma="." type="open">
      <span>
        <target id="w_62"/>
      </span>
    </term>
    <term tid="t_63" lemma="afhandeling" type="open">
      <span>
        <target id="w_63"/>
      </span>
    </term>
    <term tid="t_64" lemma="bij" type="open">
      <span>
        <target id="w_64"/>
      </span>
    </term>
    <term tid="t_65" lemma="de" type="open">
      <span>
        <target id="w_65"/>
      </span>
    </term>
    <term tid="t_66" lemma="receptie" type="open">
      <span>
        <target id="w_66"/>
      </span>
    </term>
    <term tid="t_67" lemma="was" type="open">
      <span>
        <target id="w_67"/>
      </span>
    </term>
    <term tid="t_68" lemma="vriendelijk" type="open" pos="G">
      <span>
        <target id="w_68"/>
      </span>
      <sentiment polarity="positive" resource="VUA_olery_lexicon_nl_lmf"/>
    </term>
    <term tid="t_69" lemma="en" type="open">
      <span>
        <target id="w_69"/>
      </span>
    </term>
    <term tid="t_70" lemma="efficient" type="open">
      <span>
        <target id="w_70"/>
      </span>
    </term>
    <term tid="t_71" lemma="." type="open">
      <span>
        <target id="w_71"/>
      </span>
    </term>
    <term tid="t_72" lemma="reservering" type="open">
      <span>
        <target id="w_72"/>
      </span>
    </term>
    <term tid="t_73" lemma="gemaakt" type="open">
      <span>
        <target id="w_73"/>
      </span>
    </term>
    <term tid="t_74" lemma="direct" type="open">
      <span>
        <target id="w_74"/>
      </span>
    </term>
    <term tid="t_75" lemma="bij" type="open">
      <span>
        <target id="w_75"/>
      </span>
    </term>
    <term tid="t_76" lemma="het" type="open">
      <span>
        <target id="w_76"/>
      </span>
    </term>
    <term tid="t_77" lemma="hotel" type="open">
      <span>
        <target id="w_77"/>
      </span>
    </term>
    <term tid="t_78" lemma="via" type="open">
      <span>
        <target id="w_78"/>
      </span>
    </term>
    <term tid="t_79" lemma="internet" type="open">
      <span>
        <target id="w_79"/>
      </span>
    </term>
    <term tid="t_80" lemma="(240" type="open">
      <span>
        <target id="w_80"/>
      </span>
    </term>
    <term tid="t_81" lemma="euro" type="open">
      <span>
        <target id="w_81"/>
      </span>
    </term>
    <term tid="t_82" lemma="," type="open">
      <span>
        <target id="w_82"/>
      </span>
    </term>
    <term tid="t_83" lemma="large" type="open">
      <span>
        <target id="w_83"/>
      </span>
    </term>
    <term tid="t_84" lemma="," type="open">
      <span>
        <target id="w_84"/>
      </span>
    </term>
    <term tid="t_85" lemma="seaview" type="open">
      <span>
        <target id="w_85"/>
      </span>
    </term>
    <term tid="t_86" lemma=".." type="open">
      <span>
        <target id="w_86"/>
      </span>
    </term>
    <term tid="t_87" lemma=")" type="open">
      <span>
        <target id="w_87"/>
      </span>
    </term>
    <term tid="t_88" lemma="geen" type="open">
      <span>
        <target id="w_88"/>
      </span>
      <sentiment sentiment_modifier="shifter" resource="VUA_olery_lexicon_nl_lmf"/>
    </term>
    <term tid="t_89" lemma="aanbod" type="open">
      <span>
        <target id="w_89"/>
      </span>
    </term>
    <term tid="t_90" lemma="om" type="open">
      <span>
        <target id="w_90"/>
      </span>
    </term>
    <term tid="t_91" lemma="mee" type="open">
      <span>
        <target id="w_91"/>
      </span>
    </term>
    <term tid="t_92" lemma="te" type="open">
      <span>
        <target id="w_92"/>
      </span>
    </term>
    <term tid="t_93" lemma="lopen" type="open">
      <span>
        <target id="w_93"/>
      </span>
    </term>
    <term tid="t_94" lemma="naar" type="open" pos="G">
      <span>
        <target id="w_94"/>
      </span>
      <sentiment polarity="negative" resource="VUA_olery_lexicon_nl_lmf"/>
    </term>
    <term tid="t_95" lemma="de" type="open">
      <span>
        <target id="w_95"/>
      </span>
    </term>
    <term tid="t_96" lemma="kamer" type="open">
      <span>
        <target id="w_96"/>
      </span>
    </term>
    <term tid="t_97" lemma="," type="open">
      <span>
        <target id="w_97"/>
      </span>
    </term>
    <term tid="t_98" lemma="laat" type="open">
      <span>
        <target id="w_98"/>
      </span>
    </term>
    <term tid="t_99" lemma="staan" type="open">
      <span>
        <target id="w_99"/>
      </span>
    </term>
    <term tid="t_100" lemma="een" type="open">
      <span>
        <target id="w_100"/>
      </span>
    </term>
    <term tid="t_101" lemma="rondleiding" type="open">
      <span>
        <target id="w_101"/>
      </span>
    </term>
    <term tid="t_102" lemma="door" type="open">
      <span>
        <target id="w_102"/>
      </span>
    </term>
    <term tid="t_103" lemma="het" type="open">
      <span>
        <target id="w_103"/>
      </span>
    </term>
    <term tid="t_104" lemma="hotel" type="open">
      <span>
        <target id="w_104"/>
      </span>
    </term>
    <term tid="t_105" lemma="." type="open">
      <span>
        <target id="w_105"/>
      </span>
    </term>
    <term tid="t_106" lemma="lobby" type="open">
      <span>
        <target id="w_106"/>
      </span>
    </term>
    <term tid="t_107" lemma="van" type="open">
      <span>
        <target id="w_107"/>
      </span>
    </term>
    <term tid="t_108" lemma="het" type="open">
      <span>
        <target id="w_108"/>
      </span>
    </term>
    <term tid="t_109" lemma="hotel" type="open">
      <span>
        <target id="w_109"/>
      </span>
    </term>
    <term tid="t_110" lemma="oogt" type="open">
      <span>
        <target id="w_110"/>
      </span>
    </term>
    <term tid="t_111" lemma="oubollig" type="open" pos="G">
      <span>
        <target id="w_111"/>
      </span>
      <sentiment polarity="negative" resource="VUA_olery_lexicon_nl_lmf"/>
    </term>
    <term tid="t_112" lemma="maar" type="open">
      <span>
        <target id="w_112"/>
      </span>
    </term>
    <term tid="t_113" lemma="wel" type="open">
      <span>
        <target id="w_113"/>
      </span>
    </term>
    <term tid="t_114" lemma="gezellig" type="open" pos="G">
      <span>
        <target id="w_114"/>
      </span>
      <sentiment polarity="positive" resource="VUA_olery_lexicon_nl_lmf"/>
    </term>
    <term tid="t_115" lemma="(waarom" type="open">
      <span>
        <target id="w_115"/>
      </span>
    </term>
    <term tid="t_116" lemma="gebruiken" type="open">
      <span>
        <target id="w_116"/>
      </span>
    </term>
    <term tid="t_117" lemma="architecten" type="open">
      <span>
        <target id="w_117"/>
      </span>
    </term>
    <term tid="t_118" lemma="toch" type="open">
      <span>
        <target id="w_118"/>
      </span>
    </term>
    <term tid="t_119" lemma="duizend" type="open">
      <span>
        <target id="w_119"/>
      </span>
    </term>
    <term tid="t_120" lemma="kleuren" type="open">
      <span>
        <target id="w_120"/>
      </span>
    </term>
    <term tid="t_121" lemma="en" type="open">
      <span>
        <target id="w_121"/>
      </span>
    </term>
    <term tid="t_122" lemma="materialen" type="open">
      <span>
        <target id="w_122"/>
      </span>
    </term>
    <term tid="t_123" lemma="?" type="open">
      <span>
        <target id="w_123"/>
      </span>
    </term>
    <term tid="t_124" lemma=")" type="open">
      <span>
        <target id="w_124"/>
      </span>
    </term>
    <term tid="t_125" lemma="de" type="open">
      <span>
        <target id="w_125"/>
      </span>
    </term>
    <term tid="t_126" lemma="kamer" type="open">
      <span>
        <target id="w_126"/>
      </span>
    </term>
    <term tid="t_127" lemma="op" type="open">
      <span>
        <target id="w_127"/>
      </span>
    </term>
    <term tid="t_128" lemma="de" type="open">
      <span>
        <target id="w_128"/>
      </span>
    </term>
    <term tid="t_129" lemma="6e" type="open">
      <span>
        <target id="w_129"/>
      </span>
    </term>
    <term tid="t_130" lemma="etage" type="open">
      <span>
        <target id="w_130"/>
      </span>
    </term>
    <term tid="t_131" lemma="is" type="open">
      <span>
        <target id="w_131"/>
      </span>
    </term>
    <term tid="t_132" lemma="versleten" type="open">
      <span>
        <target id="w_132"/>
      </span>
    </term>
    <term tid="t_133" lemma="en" type="open">
      <span>
        <target id="w_133"/>
      </span>
    </term>
    <term tid="t_134" lemma="ouderwets" type="open" pos="G">
      <span>
        <target id="w_134"/>
      </span>
      <sentiment polarity="negative" resource="VUA_olery_lexicon_nl_lmf"/>
    </term>
    <term tid="t_135" lemma="." type="open">
      <span>
        <target id="w_135"/>
      </span>
    </term>
    <term tid="t_136" lemma="oubollig" type="open" pos="G">
      <span>
        <target id="w_136"/>
      </span>
      <sentiment polarity="negative" resource="VUA_olery_lexicon_nl_lmf"/>
    </term>
    <term tid="t_137" lemma="ook" type="open">
      <span>
        <target id="w_137"/>
      </span>
    </term>
    <term tid="t_138" lemma="." type="open">
      <span>
        <target id="w_138"/>
      </span>
    </term>
    <term tid="t_139" lemma="blijkbaar" type="open">
      <span>
        <target id="w_139"/>
      </span>
    </term>
    <term tid="t_140" lemma="stonden" type="open">
      <span>
        <target id="w_140"/>
      </span>
    </term>
    <term tid="t_141" lemma="er" type="open">
      <span>
        <target id="w_141"/>
      </span>
    </term>
    <term tid="t_142" lemma="vroeger" type="open">
      <span>
        <target id="w_142"/>
      </span>
    </term>
    <term tid="t_143" lemma="andere" type="open">
      <span>
        <target id="w_143"/>
      </span>
    </term>
    <term tid="t_144" lemma="bedden" type="open">
      <span>
        <target id="w_144"/>
      </span>
    </term>
    <term tid="t_145" lemma="," type="open">
      <span>
        <target id="w_145"/>
      </span>
    </term>
    <term tid="t_146" lemma="aangezien" type="open">
      <span>
        <target id="w_146"/>
      </span>
    </term>
    <term tid="t_147" lemma="ons" type="open">
      <span>
        <target id="w_147"/>
      </span>
    </term>
    <term tid="t_148" lemma="bed" type="open">
      <span>
        <target id="w_148"/>
      </span>
    </term>
    <term tid="t_149" lemma="ruim" type="open">
      <span>
        <target id="w_149"/>
      </span>
    </term>
    <term tid="t_150" lemma="80" type="open">
      <span>
        <target id="w_150"/>
      </span>
    </term>
    <term tid="t_151" lemma="cm" type="open">
      <span>
        <target id="w_151"/>
      </span>
    </term>
    <term tid="t_152" lemma="van" type="open">
      <span>
        <target id="w_152"/>
      </span>
    </term>
    <term tid="t_153" lemma="de" type="open">
      <span>
        <target id="w_153"/>
      </span>
    </term>
    <term tid="t_154" lemma="nachtkastjes" type="open">
      <span>
        <target id="w_154"/>
      </span>
    </term>
    <term tid="t_155" lemma="stond" type="open">
      <span>
        <target id="w_155"/>
      </span>
    </term>
    <term tid="t_156" lemma="en" type="open">
      <span>
        <target id="w_156"/>
      </span>
    </term>
    <term tid="t_157" lemma="dus" type="open">
      <span>
        <target id="w_157"/>
      </span>
    </term>
    <term tid="t_158" lemma="ook" type="open">
      <span>
        <target id="w_158"/>
      </span>
    </term>
    <term tid="t_159" lemma="het" type="open">
      <span>
        <target id="w_159"/>
      </span>
    </term>
    <term tid="t_160" lemma="leeslampje" type="open">
      <span>
        <target id="w_160"/>
      </span>
    </term>
    <term tid="t_161" lemma="(uiteraard" type="open">
      <span>
        <target id="w_161"/>
      </span>
    </term>
    <term tid="t_162" lemma="met" type="open">
      <span>
        <target id="w_162"/>
      </span>
    </term>
    <term tid="t_163" lemma="fantastisch" type="open" pos="G">
      <span>
        <target id="w_163"/>
      </span>
      <sentiment polarity="positive" resource="VUA_olery_lexicon_nl_lmf"/>
    </term>
    <term tid="t_164" lemma="pl" type="open">
      <span>
        <target id="w_164"/>
      </span>
    </term>
    <term tid="t_165" lemma="licht" type="open" pos="G">
      <span>
        <target id="w_165"/>
      </span>
      <sentiment polarity="positive" resource="VUA_olery_lexicon_nl_lmf"/>
    </term>
    <term tid="t_166" lemma="," type="open">
      <span>
        <target id="w_166"/>
      </span>
    </term>
    <term tid="t_167" lemma="wie" type="open">
      <span>
        <target id="w_167"/>
      </span>
    </term>
    <term tid="t_168" lemma="verzint" type="open">
      <span>
        <target id="w_168"/>
      </span>
    </term>
    <term tid="t_169" lemma="dit" type="open">
      <span>
        <target id="w_169"/>
      </span>
    </term>
    <term tid="t_170" lemma="toch" type="open">
      <span>
        <target id="w_170"/>
      </span>
    </term>
    <term tid="t_171" lemma="in" type="open">
      <span>
        <target id="w_171"/>
      </span>
    </term>
    <term tid="t_172" lemma="hotels" type="open">
      <span>
        <target id="w_172"/>
      </span>
    </term>
    <term tid="t_173" lemma="?" type="open">
      <span>
        <target id="w_173"/>
      </span>
    </term>
    <term tid="t_174" lemma=")" type="open">
      <span>
        <target id="w_174"/>
      </span>
    </term>
    <term tid="t_175" lemma="rustig" type="open" pos="G">
      <span>
        <target id="w_175"/>
      </span>
      <sentiment polarity="positive" resource="VUA_olery_lexicon_nl_lmf"/>
    </term>
    <term tid="t_176" lemma="in" type="open">
      <span>
        <target id="w_176"/>
      </span>
    </term>
    <term tid="t_177" lemma="bed" type="open">
      <span>
        <target id="w_177"/>
      </span>
    </term>
    <term tid="t_178" lemma="kunnen" type="open">
      <span>
        <target id="w_178"/>
      </span>
    </term>
    <term tid="t_179" lemma="lezen" type="open">
      <span>
        <target id="w_179"/>
      </span>
    </term>
    <term tid="t_180" lemma="zonder" type="open">
      <span>
        <target id="w_180"/>
      </span>
      <sentiment sentiment_modifier="shifter" resource="VUA_olery_lexicon_nl_lmf"/>
    </term>
    <term tid="t_181" lemma="dat" type="open">
      <span>
        <target id="w_181"/>
      </span>
    </term>
    <term tid="t_182" lemma="de" type="open">
      <span>
        <target id="w_182"/>
      </span>
    </term>
    <term tid="t_183" lemma="ander" type="open">
      <span>
        <target id="w_183"/>
      </span>
    </term>
    <term tid="t_184" lemma="daar" type="open">
      <span>
        <target id="w_184"/>
      </span>
    </term>
    <term tid="t_185" lemma="last" type="open" pos="N">
      <span>
        <target id="w_185"/>
      </span>
      <sentiment polarity="negative" resource="VUA_olery_lexicon_nl_lmf"/>
    </term>
    <term tid="t_186" lemma="van" type="open">
      <span>
        <target id="w_186"/>
      </span>
    </term>
    <term tid="t_187" lemma="heeft" type="open">
      <span>
        <target id="w_187"/>
      </span>
    </term>
    <term tid="t_188" lemma="," type="open">
      <span>
        <target id="w_188"/>
      </span>
    </term>
    <term tid="t_189" lemma="waarom" type="open">
      <span>
        <target id="w_189"/>
      </span>
    </term>
    <term tid="t_190" lemma="kan" type="open">
      <span>
        <target id="w_190"/>
      </span>
    </term>
    <term tid="t_191" lemma="dat" type="open">
      <span>
        <target id="w_191"/>
      </span>
    </term>
    <term tid="t_192" lemma="nooit" type="open">
      <span>
        <target id="w_192"/>
      </span>
      <sentiment sentiment_modifier="shifter" resource="VUA_olery_lexicon_nl_lmf"/>
    </term>
    <term tid="t_193" lemma="in" type="open">
      <span>
        <target id="w_193"/>
      </span>
    </term>
    <term tid="t_194" lemma="dit" type="open">
      <span>
        <target id="w_194"/>
      </span>
    </term>
    <term tid="t_195" lemma="soort" type="open">
      <span>
        <target id="w_195"/>
      </span>
    </term>
    <term tid="t_196" lemma="hotels" type="open">
      <span>
        <target id="w_196"/>
      </span>
    </term>
    <term tid="t_197" lemma="?" type="open">
      <span>
        <target id="w_197"/>
      </span>
    </term>
    <term tid="t_198" lemma="nieuwe" type="open">
      <span>
        <target id="w_198"/>
      </span>
    </term>
    <term tid="t_199" lemma="led" type="open">
      <span>
        <target id="w_199"/>
      </span>
    </term>
    <term tid="t_200" lemma="tv" type="open">
      <span>
        <target id="w_200"/>
      </span>
    </term>
    <term tid="t_201" lemma="," type="open">
      <span>
        <target id="w_201"/>
      </span>
    </term>
    <term tid="t_202" lemma="echter" type="open">
      <span>
        <target id="w_202"/>
      </span>
    </term>
    <term tid="t_203" lemma="zonder" type="open">
      <span>
        <target id="w_203"/>
      </span>
      <sentiment sentiment_modifier="shifter" resource="VUA_olery_lexicon_nl_lmf"/>
    </term>
    <term tid="t_204" lemma="functionaliteit" type="open">
      <span>
        <target id="w_204"/>
      </span>
    </term>
    <term tid="t_205" lemma="zoals" type="open">
      <span>
        <target id="w_205"/>
      </span>
    </term>
    <term tid="t_206" lemma="digitale" type="open">
      <span>
        <target id="w_206"/>
      </span>
    </term>
    <term tid="t_207" lemma="tv" type="open">
      <span>
        <target id="w_207"/>
      </span>
    </term>
    <term tid="t_208" lemma="en" type="open">
      <span>
        <target id="w_208"/>
      </span>
    </term>
    <term tid="t_209" lemma="internet" type="open">
      <span>
        <target id="w_209"/>
      </span>
    </term>
    <term tid="t_210" lemma="etc" type="open">
      <span>
        <target id="w_210"/>
      </span>
    </term>
    <term tid="t_211" lemma="." type="open">
      <span>
        <target id="w_211"/>
      </span>
    </term>
    <term tid="t_212" lemma="nu" type="open">
      <span>
        <target id="w_212"/>
      </span>
    </term>
    <term tid="t_213" lemma="alleen" type="open">
      <span>
        <target id="w_213"/>
      </span>
    </term>
    <term tid="t_214" lemma="slecht" type="open" pos="G">
      <span>
        <target id="w_214"/>
      </span>
      <sentiment polarity="negative" resource="VUA_olery_lexicon_nl_lmf"/>
    </term>
    <term tid="t_215" lemma="beeld" type="open">
      <span>
        <target id="w_215"/>
      </span>
    </term>
    <term tid="t_216" lemma="." type="open">
      <span>
        <target id="w_216"/>
      </span>
    </term>
    <term tid="t_217" lemma="ouderwetse" type="open">
      <span>
        <target id="w_217"/>
      </span>
    </term>
    <term tid="t_218" lemma="telefoons" type="open">
      <span>
        <target id="w_218"/>
      </span>
    </term>
    <term tid="t_219" lemma="." type="open">
      <span>
        <target id="w_219"/>
      </span>
    </term>
    <term tid="t_220" lemma="geen" type="open">
      <span>
        <target id="w_220"/>
      </span>
      <sentiment sentiment_modifier="shifter" resource="VUA_olery_lexicon_nl_lmf"/>
    </term>
    <term tid="t_221" lemma="ipod" type="open">
      <span>
        <target id="w_221"/>
      </span>
    </term>
    <term tid="t_222" lemma="dock" type="open">
      <span>
        <target id="w_222"/>
      </span>
    </term>
    <term tid="t_223" lemma="of" type="open">
      <span>
        <target id="w_223"/>
      </span>
    </term>
    <term tid="t_224" lemma="iets" type="open">
      <span>
        <target id="w_224"/>
      </span>
    </term>
    <term tid="t_225" lemma="dergelijks" type="open">
      <span>
        <target id="w_225"/>
      </span>
    </term>
    <term tid="t_226" lemma="." type="open">
      <span>
        <target id="w_226"/>
      </span>
    </term>
    <term tid="t_227" lemma="uiteraard" type="open">
      <span>
        <target id="w_227"/>
      </span>
    </term>
    <term tid="t_228" lemma="was" type="open">
      <span>
        <target id="w_228"/>
      </span>
    </term>
    <term tid="t_229" lemma="het" type="open">
      <span>
        <target id="w_229"/>
      </span>
    </term>
    <term tid="t_230" lemma="klokje" type="open">
      <span>
        <target id="w_230"/>
      </span>
    </term>
    <term tid="t_231" lemma="uit" type="open">
      <span>
        <target id="w_231"/>
      </span>
    </term>
    <term tid="t_232" lemma="de" type="open">
      <span>
        <target id="w_232"/>
      </span>
    </term>
    <term tid="t_233" lemma="middeleeuwen" type="open">
      <span>
        <target id="w_233"/>
      </span>
    </term>
    <term tid="t_234" lemma="stuk" type="open">
      <span>
        <target id="w_234"/>
      </span>
    </term>
    <term tid="t_235" lemma="." type="open">
      <span>
        <target id="w_235"/>
      </span>
    </term>
    <term tid="t_236" lemma="standaard" type="open">
      <span>
        <target id="w_236"/>
      </span>
    </term>
    <term tid="t_237" lemma="minibar" type="open">
      <span>
        <target id="w_237"/>
      </span>
    </term>
    <term tid="t_238" lemma="met" type="open">
      <span>
        <target id="w_238"/>
      </span>
    </term>
    <term tid="t_239" lemma="fatsoenlijke" type="open">
      <span>
        <target id="w_239"/>
      </span>
    </term>
    <term tid="t_240" lemma="inhoud" type="open">
      <span>
        <target id="w_240"/>
      </span>
    </term>
    <term tid="t_241" lemma="." type="open">
      <span>
        <target id="w_241"/>
      </span>
    </term>
    <term tid="t_242" lemma="geen" type="open">
      <span>
        <target id="w_242"/>
      </span>
      <sentiment sentiment_modifier="shifter" resource="VUA_olery_lexicon_nl_lmf"/>
    </term>
    <term tid="t_243" lemma="balkon" type="open">
      <span>
        <target id="w_243"/>
      </span>
    </term>
    <term tid="t_244" lemma="(hoe" type="open">
      <span>
        <target id="w_244"/>
      </span>
    </term>
    <term tid="t_245" lemma="verzin" type="open">
      <span>
        <target id="w_245"/>
      </span>
    </term>
    <term tid="t_246" lemma="je" type="open">
      <span>
        <target id="w_246"/>
      </span>
    </term>
    <term tid="t_247" lemma="dit" type="open">
      <span>
        <target id="w_247"/>
      </span>
    </term>
    <term tid="t_248" lemma="bij" type="open">
      <span>
        <target id="w_248"/>
      </span>
    </term>
    <term tid="t_249" lemma="een" type="open">
      <span>
        <target id="w_249"/>
      </span>
    </term>
    <term tid="t_250" lemma="hotel" type="open">
      <span>
        <target id="w_250"/>
      </span>
    </term>
    <term tid="t_251" lemma="aan" type="open">
      <span>
        <target id="w_251"/>
      </span>
    </term>
    <term tid="t_252" lemma="zee" type="open">
      <span>
        <target id="w_252"/>
      </span>
    </term>
    <term tid="t_253" lemma="?" type="open">
      <span>
        <target id="w_253"/>
      </span>
    </term>
    <term tid="t_254" lemma=")" type="open">
      <span>
        <target id="w_254"/>
      </span>
    </term>
    <term tid="t_255" lemma="airco" type="open">
      <span>
        <target id="w_255"/>
      </span>
    </term>
    <term tid="t_256" lemma="functioneerde" type="open">
      <span>
        <target id="w_256"/>
      </span>
    </term>
    <term tid="t_257" lemma="goed" type="open" pos="G">
      <span>
        <target id="w_257"/>
      </span>
      <sentiment polarity="positive" resource="VUA_olery_lexicon_nl_lmf"/>
    </term>
    <term tid="t_258" lemma="." type="open">
      <span>
        <target id="w_258"/>
      </span>
    </term>
    <term tid="t_259" lemma="badkamer" type="open">
      <span>
        <target id="w_259"/>
      </span>
    </term>
    <term tid="t_260" lemma="rampzalig" type="open">
      <span>
        <target id="w_260"/>
      </span>
    </term>
    <term tid="t_261" lemma="," type="open">
      <span>
        <target id="w_261"/>
      </span>
    </term>
    <term tid="t_262" lemma="glazen" type="open">
      <span>
        <target id="w_262"/>
      </span>
    </term>
    <term tid="t_263" lemma="kapjes" type="open">
      <span>
        <target id="w_263"/>
      </span>
    </term>
    <term tid="t_264" lemma="van" type="open">
      <span>
        <target id="w_264"/>
      </span>
    </term>
    <term tid="t_265" lemma="lampen" type="open">
      <span>
        <target id="w_265"/>
      </span>
    </term>
    <term tid="t_266" lemma="bij" type="open">
      <span>
        <target id="w_266"/>
      </span>
    </term>
    <term tid="t_267" lemma="wastafel" type="open">
      <span>
        <target id="w_267"/>
      </span>
    </term>
    <term tid="t_268" lemma="verdwenen" type="open">
      <span>
        <target id="w_268"/>
      </span>
    </term>
    <term tid="t_269" lemma="," type="open">
      <span>
        <target id="w_269"/>
      </span>
    </term>
    <term tid="t_270" lemma="geen" type="open">
      <span>
        <target id="w_270"/>
      </span>
      <sentiment sentiment_modifier="shifter" resource="VUA_olery_lexicon_nl_lmf"/>
    </term>
    <term tid="t_271" lemma="thermostaatkranen" type="open">
      <span>
        <target id="w_271"/>
      </span>
    </term>
    <term tid="t_272" lemma="," type="open">
      <span>
        <target id="w_272"/>
      </span>
    </term>
    <term tid="t_273" lemma="verhoogde" type="open">
      <span>
        <target id="w_273"/>
      </span>
    </term>
    <term tid="t_274" lemma="douchebak" type="open">
      <span>
        <target id="w_274"/>
      </span>
    </term>
    <term tid="t_275" lemma="met" type="open">
      <span>
        <target id="w_275"/>
      </span>
    </term>
    <term tid="t_276" lemma="garnituur" type="open">
      <span>
        <target id="w_276"/>
      </span>
    </term>
    <term tid="t_277" lemma="uit" type="open">
      <span>
        <target id="w_277"/>
      </span>
    </term>
    <term tid="t_278" lemma="1980" type="open">
      <span>
        <target id="w_278"/>
      </span>
    </term>
    <term tid="t_279" lemma="," type="open">
      <span>
        <target id="w_279"/>
      </span>
    </term>
    <term tid="t_280" lemma="vage" type="open">
      <span>
        <target id="w_280"/>
      </span>
    </term>
    <term tid="t_281" lemma="toiletries" type="open">
      <span>
        <target id="w_281"/>
      </span>
    </term>
    <term tid="t_282" lemma="." type="open">
      <span>
        <target id="w_282"/>
      </span>
    </term>
    <term tid="t_283" lemma="wc" type="open">
      <span>
        <target id="w_283"/>
      </span>
    </term>
    <term tid="t_284" lemma="weggepropt" type="open">
      <span>
        <target id="w_284"/>
      </span>
    </term>
    <term tid="t_285" lemma="in" type="open">
      <span>
        <target id="w_285"/>
      </span>
    </term>
    <term tid="t_286" lemma="hoekje" type="open">
      <span>
        <target id="w_286"/>
      </span>
    </term>
    <term tid="t_287" lemma="," type="open">
      <span>
        <target id="w_287"/>
      </span>
    </term>
    <term tid="t_288" lemma="geen" type="open">
      <span>
        <target id="w_288"/>
      </span>
      <sentiment sentiment_modifier="shifter" resource="VUA_olery_lexicon_nl_lmf"/>
    </term>
    <term tid="t_289" lemma="noodtelefoon" type="open">
      <span>
        <target id="w_289"/>
      </span>
    </term>
    <term tid="t_290" lemma="in" type="open">
      <span>
        <target id="w_290"/>
      </span>
    </term>
    <term tid="t_291" lemma="badkamer" type="open">
      <span>
        <target id="w_291"/>
      </span>
    </term>
    <term tid="t_292" lemma="." type="open">
      <span>
        <target id="w_292"/>
      </span>
    </term>
    <term tid="t_293" lemma="bed" type="open">
      <span>
        <target id="w_293"/>
      </span>
    </term>
    <term tid="t_294" lemma="was" type="open">
      <span>
        <target id="w_294"/>
      </span>
    </term>
    <term tid="t_295" lemma="oud" type="open">
      <span>
        <target id="w_295"/>
      </span>
    </term>
    <term tid="t_296" lemma="met" type="open">
      <span>
        <target id="w_296"/>
      </span>
    </term>
    <term tid="t_297" lemma="synthetisch" type="open">
      <span>
        <target id="w_297"/>
      </span>
    </term>
    <term tid="t_298" lemma="beddegoed" type="open">
      <span>
        <target id="w_298"/>
      </span>
    </term>
    <term tid="t_299" lemma="en" type="open">
      <span>
        <target id="w_299"/>
      </span>
    </term>
    <term tid="t_300" lemma="absurd" type="open" pos="G">
      <span>
        <target id="w_300"/>
      </span>
      <sentiment polarity="negative" resource="VUA_olery_lexicon_nl_lmf"/>
    </term>
    <term tid="t_301" lemma="grote" type="open">
      <span>
        <target id="w_301"/>
      </span>
    </term>
    <term tid="t_302" lemma="kussens" type="open">
      <span>
        <target id="w_302"/>
      </span>
    </term>
    <term tid="t_303" lemma="." type="open">
      <span>
        <target id="w_303"/>
      </span>
    </term>
    <term tid="t_304" lemma="voor" type="open">
      <span>
        <target id="w_304"/>
      </span>
    </term>
    <term tid="t_305" lemma="de" type="open">
      <span>
        <target id="w_305"/>
      </span>
    </term>
    <term tid="t_306" lemma="rest" type="open">
      <span>
        <target id="w_306"/>
      </span>
    </term>
    <term tid="t_307" lemma="veel" type="open">
      <span>
        <target id="w_307"/>
      </span>
    </term>
    <term tid="t_308" lemma="beschadigingen" type="open">
      <span>
        <target id="w_308"/>
      </span>
    </term>
    <term tid="t_309" lemma="in" type="open">
      <span>
        <target id="w_309"/>
      </span>
    </term>
    <term tid="t_310" lemma="dekamer" type="open">
      <span>
        <target id="w_310"/>
      </span>
    </term>
    <term tid="t_311" lemma="aan" type="open">
      <span>
        <target id="w_311"/>
      </span>
    </term>
    <term tid="t_312" lemma="wanden" type="open">
      <span>
        <target id="w_312"/>
      </span>
    </term>
    <term tid="t_313" lemma="," type="open">
      <span>
        <target id="w_313"/>
      </span>
    </term>
    <term tid="t_314" lemma="meubels" type="open">
      <span>
        <target id="w_314"/>
      </span>
    </term>
    <term tid="t_315" lemma="en" type="open">
      <span>
        <target id="w_315"/>
      </span>
    </term>
    <term tid="t_316" lemma="pui" type="open">
      <span>
        <target id="w_316"/>
      </span>
    </term>
    <term tid="t_317" lemma="." type="open">
      <span>
        <target id="w_317"/>
      </span>
    </term>
    <term tid="t_318" lemma="lelijke" type="open">
      <span>
        <target id="w_318"/>
      </span>
    </term>
    <term tid="t_319" lemma="verlichting" type="open">
      <span>
        <target id="w_319"/>
      </span>
    </term>
    <term tid="t_320" lemma="." type="open">
      <span>
        <target id="w_320"/>
      </span>
    </term>
    <term tid="t_321" lemma="gewoon" type="open">
      <span>
        <target id="w_321"/>
      </span>
    </term>
    <term tid="t_322" lemma="weg" type="open">
      <span>
        <target id="w_322"/>
      </span>
    </term>
    <term tid="t_323" lemma="een" type="open">
      <span>
        <target id="w_323"/>
      </span>
    </term>
    <term tid="t_324" lemma="schandaal" type="open">
      <span>
        <target id="w_324"/>
      </span>
    </term>
    <term tid="t_325" lemma="voor" type="open">
      <span>
        <target id="w_325"/>
      </span>
    </term>
    <term tid="t_326" lemma="een" type="open">
      <span>
        <target id="w_326"/>
      </span>
    </term>
    <term tid="t_327" lemma="5" type="open">
      <span>
        <target id="w_327"/>
      </span>
    </term>
    <term tid="t_328" lemma="ster" type="open">
      <span>
        <target id="w_328"/>
      </span>
    </term>
    <term tid="t_329" lemma="." type="open">
      <span>
        <target id="w_329"/>
      </span>
    </term>
    <term tid="t_330" lemma="de" type="open">
      <span>
        <target id="w_330"/>
      </span>
    </term>
    <term tid="t_331" lemma="restaurants" type="open">
      <span>
        <target id="w_331"/>
      </span>
    </term>
    <term tid="t_332" lemma="en" type="open">
      <span>
        <target id="w_332"/>
      </span>
    </term>
    <term tid="t_333" lemma="de" type="open">
      <span>
        <target id="w_333"/>
      </span>
    </term>
    <term tid="t_334" lemma="bar" type="open">
      <span>
        <target id="w_334"/>
      </span>
    </term>
    <term tid="t_335" lemma="maken" type="open">
      <span>
        <target id="w_335"/>
      </span>
    </term>
    <term tid="t_336" lemma="een" type="open">
      <span>
        <target id="w_336"/>
      </span>
    </term>
    <term tid="t_337" lemma="hoop" type="open">
      <span>
        <target id="w_337"/>
      </span>
    </term>
    <term tid="t_338" lemma="goed" type="open" pos="G">
      <span>
        <target id="w_338"/>
      </span>
      <sentiment polarity="positive" resource="VUA_olery_lexicon_nl_lmf"/>
    </term>
    <term tid="t_339" lemma="." type="open">
      <span>
        <target id="w_339"/>
      </span>
    </term>
    <term tid="t_340" lemma="het" type="open">
      <span>
        <target id="w_340"/>
      </span>
    </term>
    <term tid="t_341" lemma="nieuwe" type="open">
      <span>
        <target id="w_341"/>
      </span>
    </term>
    <term tid="t_342" lemma="beach" type="open">
      <span>
        <target id="w_342"/>
      </span>
    </term>
    <term tid="t_343" lemma="breakers" type="open">
      <span>
        <target id="w_343"/>
      </span>
    </term>
    <term tid="t_344" lemma="restaurant" type="open">
      <span>
        <target id="w_344"/>
      </span>
    </term>
    <term tid="t_345" lemma="op" type="open">
      <span>
        <target id="w_345"/>
      </span>
    </term>
    <term tid="t_346" lemma="het" type="open">
      <span>
        <target id="w_346"/>
      </span>
    </term>
    <term tid="t_347" lemma="strand" type="open">
      <span>
        <target id="w_347"/>
      </span>
    </term>
    <term tid="t_348" lemma="is" type="open">
      <span>
        <target id="w_348"/>
      </span>
    </term>
    <term tid="t_349" lemma="geweldig" type="open" pos="N">
      <span>
        <target id="w_349"/>
      </span>
      <sentiment polarity="positive" resource="VUA_olery_lexicon_nl_lmf"/>
    </term>
    <term tid="t_350" lemma="leuk" type="open" pos="G">
      <span>
        <target id="w_350"/>
      </span>
      <sentiment polarity="positive" resource="VUA_olery_lexicon_nl_lmf"/>
    </term>
    <term tid="t_351" lemma="," type="open">
      <span>
        <target id="w_351"/>
      </span>
    </term>
    <term tid="t_352" lemma="strak" type="open">
      <span>
        <target id="w_352"/>
      </span>
    </term>
    <term tid="t_353" lemma="," type="open">
      <span>
        <target id="w_353"/>
      </span>
    </term>
    <term tid="t_354" lemma="modern" type="open" pos="G">
      <span>
        <target id="w_354"/>
      </span>
      <sentiment polarity="positive" resource="VUA_olery_lexicon_nl_lmf"/>
    </term>
    <term tid="t_355" lemma="," type="open">
      <span>
        <target id="w_355"/>
      </span>
    </term>
    <term tid="t_356" lemma="leuke" type="open">
      <span>
        <target id="w_356"/>
      </span>
    </term>
    <term tid="t_357" lemma="kaart" type="open">
      <span>
        <target id="w_357"/>
      </span>
    </term>
    <term tid="t_358" lemma="," type="open">
      <span>
        <target id="w_358"/>
      </span>
    </term>
    <term tid="t_359" lemma="goede" type="open" pos="G">
      <span>
        <target id="w_359"/>
      </span>
      <sentiment polarity="positive" resource="VUA_olery_lexicon_nl_lmf"/>
    </term>
    <term tid="t_360" lemma="bediening" type="open">
      <span>
        <target id="w_360"/>
      </span>
    </term>
    <term tid="t_361" lemma="." type="open">
      <span>
        <target id="w_361"/>
      </span>
    </term>
    <term tid="t_362" lemma="ook" type="open">
      <span>
        <target id="w_362"/>
      </span>
    </term>
    <term tid="t_363" lemma="de" type="open">
      <span>
        <target id="w_363"/>
      </span>
    </term>
    <term tid="t_364" lemma="bar" type="open">
      <span>
        <target id="w_364"/>
      </span>
    </term>
    <term tid="t_365" lemma="in" type="open">
      <span>
        <target id="w_365"/>
      </span>
    </term>
    <term tid="t_366" lemma="het" type="open">
      <span>
        <target id="w_366"/>
      </span>
    </term>
    <term tid="t_367" lemma="hotel" type="open">
      <span>
        <target id="w_367"/>
      </span>
    </term>
    <term tid="t_368" lemma="is" type="open">
      <span>
        <target id="w_368"/>
      </span>
    </term>
    <term tid="t_369" lemma="in" type="open">
      <span>
        <target id="w_369"/>
      </span>
    </term>
    <term tid="t_370" lemma="orde" type="open">
      <span>
        <target id="w_370"/>
      </span>
    </term>
    <term tid="t_371" lemma="," type="open">
      <span>
        <target id="w_371"/>
      </span>
    </term>
    <term tid="t_372" lemma="beetje" type="open">
      <span>
        <target id="w_372"/>
      </span>
    </term>
    <term tid="t_373" lemma="oubollig" type="open" pos="G">
      <span>
        <target id="w_373"/>
      </span>
      <sentiment polarity="negative" resource="VUA_olery_lexicon_nl_lmf"/>
    </term>
    <term tid="t_374" lemma="maar" type="open">
      <span>
        <target id="w_374"/>
      </span>
    </term>
    <term tid="t_375" lemma="wel" type="open">
      <span>
        <target id="w_375"/>
      </span>
    </term>
    <term tid="t_376" lemma="gezellig" type="open" pos="G">
      <span>
        <target id="w_376"/>
      </span>
      <sentiment polarity="positive" resource="VUA_olery_lexicon_nl_lmf"/>
    </term>
    <term tid="t_377" lemma="." type="open">
      <span>
        <target id="w_377"/>
      </span>
    </term>
    <term tid="t_378" lemma="ontbijt" type="open">
      <span>
        <target id="w_378"/>
      </span>
    </term>
    <term tid="t_379" lemma="was" type="open">
      <span>
        <target id="w_379"/>
      </span>
    </term>
    <term tid="t_380" lemma="royaal" type="open" pos="G">
      <span>
        <target id="w_380"/>
      </span>
      <sentiment polarity="positive" resource="VUA_olery_lexicon_nl_lmf"/>
    </term>
    <term tid="t_381" lemma="en" type="open">
      <span>
        <target id="w_381"/>
      </span>
    </term>
    <term tid="t_382" lemma="zeer" type="open">
      <span>
        <target id="w_382"/>
      </span>
      <sentiment sentiment_modifier="intensifier" resource="VUA_olery_lexicon_nl_lmf"/>
    </term>
    <term tid="t_383" lemma="goed" type="open" pos="G">
      <span>
        <target id="w_383"/>
      </span>
      <sentiment polarity="positive" resource="VUA_olery_lexicon_nl_lmf"/>
    </term>
    <term tid="t_384" lemma="van" type="open">
      <span>
        <target id="w_384"/>
      </span>
    </term>
    <term tid="t_385" lemma="kwaliteit" type="open">
      <span>
        <target id="w_385"/>
      </span>
    </term>
    <term tid="t_386" lemma="." type="open">
      <span>
        <target id="w_386"/>
      </span>
    </term>
    <term tid="t_387" lemma="aande" type="open">
      <span>
        <target id="w_387"/>
      </span>
    </term>
    <term tid="t_388" lemma="overzijde" type="open">
      <span>
        <target id="w_388"/>
      </span>
    </term>
    <term tid="t_389" lemma="zit" type="open">
      <span>
        <target id="w_389"/>
      </span>
    </term>
    <term tid="t_390" lemma="loungebar" type="open">
      <span>
        <target id="w_390"/>
      </span>
    </term>
    <term tid="t_391" lemma="blush" type="open">
      <span>
        <target id="w_391"/>
      </span>
    </term>
    <term tid="t_392" lemma="(hoort" type="open">
      <span>
        <target id="w_392"/>
      </span>
    </term>
    <term tid="t_393" lemma="niet" type="open">
      <span>
        <target id="w_393"/>
      </span>
      <sentiment sentiment_modifier="shifter" resource="VUA_olery_lexicon_nl_lmf"/>
    </term>
    <term tid="t_394" lemma="bij" type="open">
      <span>
        <target id="w_394"/>
      </span>
    </term>
    <term tid="t_395" lemma="het" type="open">
      <span>
        <target id="w_395"/>
      </span>
    </term>
    <term tid="t_396" lemma="hotel" type="open">
      <span>
        <target id="w_396"/>
      </span>
    </term>
    <term tid="t_397" lemma=")" type="open">
      <span>
        <target id="w_397"/>
      </span>
    </term>
    <term tid="t_398" lemma="wel" type="open">
      <span>
        <target id="w_398"/>
      </span>
    </term>
    <term tid="t_399" lemma="leuk" type="open" pos="G">
      <span>
        <target id="w_399"/>
      </span>
      <sentiment polarity="positive" resource="VUA_olery_lexicon_nl_lmf"/>
    </term>
    <term tid="t_400" lemma="om" type="open">
      <span>
        <target id="w_400"/>
      </span>
    </term>
    <term tid="t_401" lemma="naar" type="open" pos="G">
      <span>
        <target id="w_401"/>
      </span>
      <sentiment polarity="negative" resource="VUA_olery_lexicon_nl_lmf"/>
    </term>
    <term tid="t_402" lemma="toe" type="open">
      <span>
        <target id="w_402"/>
      </span>
    </term>
    <term tid="t_403" lemma="te" type="open">
      <span>
        <target id="w_403"/>
      </span>
    </term>
    <term tid="t_404" lemma="gaan" type="open">
      <span>
        <target id="w_404"/>
      </span>
    </term>
    <term tid="t_405" lemma="." type="open">
      <span>
        <target id="w_405"/>
      </span>
    </term>
    <term tid="t_406" lemma="conclusie" type="open">
      <span>
        <target id="w_406"/>
      </span>
    </term>
    <term tid="t_407" lemma=":" type="open">
      <span>
        <target id="w_407"/>
      </span>
    </term>
    <term tid="t_408" lemma="wel" type="open">
      <span>
        <target id="w_408"/>
      </span>
    </term>
    <term tid="t_409" lemma="daar" type="open">
      <span>
        <target id="w_409"/>
      </span>
    </term>
    <term tid="t_410" lemma="eten" type="open">
      <span>
        <target id="w_410"/>
      </span>
    </term>
    <term tid="t_411" lemma="," type="open">
      <span>
        <target id="w_411"/>
      </span>
    </term>
    <term tid="t_412" lemma="nooit" type="open">
      <span>
        <target id="w_412"/>
      </span>
      <sentiment sentiment_modifier="shifter" resource="VUA_olery_lexicon_nl_lmf"/>
    </term>
    <term tid="t_413" lemma="daar" type="open">
      <span>
        <target id="w_413"/>
      </span>
    </term>
    <term tid="t_414" lemma="slapen" type="open">
      <span>
        <target id="w_414"/>
      </span>
    </term>
    <term tid="t_415" lemma="." type="open">
      <span>
        <target id="w_415"/>
      </span>
    </term>
  </terms>
  <entities>
    <entity type="MISC" eid="e_1">
      <span>
        <target id="t_79"/>
      </span>
      <span>
        <target id="t_209"/>
      </span>
    </entity>
    <entity type="ORG" eid="e_2">
      <span>
        <target id="t_334"/>
      </span>
      <span>
        <target id="t_364"/>
      </span>
    </entity>
    <entity type="ORG" eid="e_3">
      <span>
        <target id="t_96"/>
      </span>
      <span>
        <target id="t_126"/>
      </span>
    </entity>
    <entity type="MISC" eid="e_4">
      <span>
        <target id="t_233"/>
      </span>
    </entity>
  </entities>
  <properties>
    <property type="value_for_money" pid="p_1">
      <span>
        <target id="t_81"/>
      </span>
    </property>
    <property type="bathroom" pid="p_2">
      <span>
        <target id="t_259"/>
      </span>
      <span>
        <target id="t_267"/>
      </span>
      <span>
        <target id="t_274"/>
      </span>
      <span>
        <target id="t_283"/>
      </span>
      <span>
        <target id="t_291"/>
      </span>
    </property>
    <property type="room" pid="p_3">
      <span>
        <target id="t_96"/>
      </span>
      <span>
        <target id="t_126"/>
      </span>
      <span>
        <target id="t_165"/>
      </span>
      <span>
        <target id="t_236"/>
      </span>
      <span>
        <target id="t_255"/>
      </span>
    </property>
    <property type="restaurant" pid="p_4">
      <span>
        <target id="t_344"/>
      </span>
      <span>
        <target id="t_378"/>
      </span>
      <span>
        <target id="t_410"/>
      </span>
    </property>
    <property type="parking" pid="p_5">
      <span>
        <target id="t_28"/>
      </span>
      <span>
        <target id="t_41"/>
      </span>
    </property>
    <property type="sleeping_comfort" pid="p_6">
      <span>
        <target id="t_148"/>
      </span>
      <span>
        <target id="t_177"/>
      </span>
      <span>
        <target id="t_293"/>
      </span>
      <span>
        <target id="t_298"/>
      </span>
      <span>
        <target id="t_414"/>
      </span>
    </property>
    <property type="facilities" pid="p_7">
      <span>
        <target id="t_47"/>
      </span>
      <span>
        <target id="t_106"/>
      </span>
      <span>
        <target id="t_130"/>
      </span>
      <span>
        <target id="t_200"/>
      </span>
      <span>
        <target id="t_207"/>
      </span>
      <span>
        <target id="t_237"/>
      </span>
      <span>
        <target id="t_334"/>
      </span>
      <span>
        <target id="t_347"/>
      </span>
      <span>
        <target id="t_364"/>
      </span>
    </property>
    <property type="location" pid="p_8">
      <span>
        <target id="t_17"/>
      </span>
      <span>
        <target id="t_55"/>
      </span>
      <span>
        <target id="t_252"/>
      </span>
    </property>
    <property type="internet" pid="p_9">
      <span>
        <target id="t_79"/>
      </span>
      <span>
        <target id="t_209"/>
      </span>
    </property>
    <property type="staff" pid="p_10">
      <span>
        <target id="t_63"/>
      </span>
      <span>
        <target id="t_66"/>
      </span>
      <span>
        <target id="t_68"/>
      </span>
      <span>
        <target id="t_72"/>
      </span>
      <span>
        <target id="t_360"/>
      </span>
    </property>
  </properties>
  <opinions>
    <opinion oid="o_1">
      <opinion_target>
        <span>
          <target id="t_21"/>
        </span>
      </opinion_target>
      <opinion_expression polarity="negative" strength="-1">
        <span>
          <target id="t_19"/>
        </span>
      </opinion_expression>
    </opinion>
    <opinion oid="o_2">
      <opinion_target>
        <span>
          <target id="t_28"/>
        </span>
      </opinion_target>
      <opinion_expression polarity="negative" strength="-1">
        <span>
          <target id="t_27"/>
        </span>
      </opinion_expression>
    </opinion>
    <opinion oid="o_3">
      <opinion_target>
        <span>
          <target id="t_41"/>
        </span>
      </opinion_target>
      <opinion_expression polarity="positive" strength="1">
        <span>
          <target id="t_39"/>
        </span>
      </opinion_expression>
    </opinion>
    <opinion oid="o_4">
      <opinion_target>
        <span>
          <target id="t_70"/>
        </span>
      </opinion_target>
      <opinion_expression polarity="positive" strength="1">
        <span>
          <target id="t_68"/>
        </span>
      </opinion_expression>
    </opinion>
    <opinion oid="o_5">
      <opinion_target>
        <span>
          <target id="t_96"/>
        </span>
      </opinion_target>
      <opinion_expression polarity="negative" strength="-1">
        <span>
          <target id="t_94"/>
        </span>
      </opinion_expression>
    </opinion>
    <opinion oid="o_6">
      <opinion_target>
        <span>
          <target id="t_113"/>
        </span>
      </opinion_target>
      <opinion_expression polarity="negative" strength="-1">
        <span>
          <target id="t_111"/>
        </span>
      </opinion_expression>
    </opinion>
    <opinion oid="o_7">
      <opinion_target>
        <span>
          <target id="t_115"/>
        </span>
      </opinion_target>
      <opinion_expression polarity="positive" strength="1">
        <span>
          <target id="t_114"/>
        </span>
      </opinion_expression>
    </opinion>
    <opinion oid="o_8">
      <opinion_target>
        <span>
          <target id="t_132"/>
        </span>
      </opinion_target>
      <opinion_expression polarity="negative" strength="-1">
        <span>
          <target id="t_134"/>
        </span>
      </opinion_expression>
    </opinion>
    <opinion oid="o_9">
      <opinion_target>
        <span>
          <target id="t_161"/>
        </span>
      </opinion_target>
      <opinion_expression polarity="positive" strength="1">
        <span>
          <target id="t_163"/>
        </span>
      </opinion_expression>
    </opinion>
    <opinion oid="o_10">
      <opinion_target>
        <span>
          <target id="t_168"/>
        </span>
      </opinion_target>
      <opinion_expression polarity="positive" strength="1">
        <span>
          <target id="t_165"/>
        </span>
      </opinion_expression>
    </opinion>
    <opinion oid="o_11">
      <opinion_target>
        <span>
          <target id="t_177"/>
        </span>
      </opinion_target>
      <opinion_expression polarity="positive" strength="1">
        <span>
          <target id="t_175"/>
        </span>
      </opinion_expression>
    </opinion>
    <opinion oid="o_12">
      <opinion_target>
        <span>
          <target id="t_183"/>
        </span>
      </opinion_target>
      <opinion_expression polarity="negative" strength="-1">
        <span>
          <target id="t_185"/>
        </span>
      </opinion_expression>
    </opinion>
    <opinion oid="o_13">
      <opinion_target>
        <span>
          <target id="t_215"/>
        </span>
      </opinion_target>
      <opinion_expression polarity="negative" strength="-1">
        <span>
          <target id="t_214"/>
        </span>
      </opinion_expression>
    </opinion>
    <opinion oid="o_14">
      <opinion_target>
        <span>
          <target id="t_256"/>
        </span>
      </opinion_target>
      <opinion_expression polarity="positive" strength="1">
        <span>
          <target id="t_257"/>
        </span>
      </opinion_expression>
    </opinion>
    <opinion oid="o_15">
      <opinion_target>
        <span>
          <target id="t_301"/>
        </span>
      </opinion_target>
      <opinion_expression polarity="negative" strength="-1">
        <span>
          <target id="t_300"/>
        </span>
      </opinion_expression>
    </opinion>
    <opinion oid="o_16">
      <opinion_target>
        <span>
          <target id="t_337"/>
        </span>
      </opinion_target>
      <opinion_expression polarity="positive" strength="1">
        <span>
          <target id="t_338"/>
        </span>
      </opinion_expression>
    </opinion>
    <opinion oid="o_17">
      <opinion_target>
        <span>
          <target id="t_352"/>
        </span>
      </opinion_target>
      <opinion_expression polarity="positive" strength="2">
        <span>
          <target id="t_349"/>
          <target id="t_350"/>
        </span>
      </opinion_expression>
    </opinion>
    <opinion oid="o_18">
      <opinion_target>
        <span>
          <target id="t_356"/>
        </span>
      </opinion_target>
      <opinion_expression polarity="positive" strength="1">
        <span>
          <target id="t_354"/>
        </span>
      </opinion_expression>
    </opinion>
    <opinion oid="o_19">
      <opinion_target>
        <span>
          <target id="t_360"/>
        </span>
      </opinion_target>
      <opinion_expression polarity="positive" strength="1">
        <span>
          <target id="t_359"/>
        </span>
      </opinion_expression>
    </opinion>
    <opinion oid="o_20">
      <opinion_target>
        <span>
          <target id="t_375"/>
        </span>
      </opinion_target>
      <opinion_expression polarity="negative" strength="-1">
        <span>
          <target id="t_373"/>
        </span>
      </opinion_expression>
    </opinion>
    <opinion oid="o_21">
      <opinion_target>
        <span>
          <target id="t_372"/>
        </span>
      </opinion_target>
      <opinion_expression polarity="positive" strength="1">
        <span>
          <target id="t_376"/>
        </span>
      </opinion_expression>
    </opinion>
    <opinion oid="o_22">
      <opinion_target>
        <span>
          <target id="t_378"/>
        </span>
      </opinion_target>
      <opinion_expression polarity="positive" strength="1">
        <span>
          <target id="t_380"/>
        </span>
      </opinion_expression>
    </opinion>
    <opinion oid="o_23">
      <opinion_target>
        <span>
          <target id="t_385"/>
        </span>
      </opinion_target>
      <opinion_expression polarity="positive" strength="2">
        <span>
          <target id="t_383"/>
          <target id="t_382"/>
        </span>
      </opinion_expression>
    </opinion>
    <opinion oid="o_24">
      <opinion_target>
        <span>
          <target id="t_402"/>
        </span>
      </opinion_target>
      <opinion_expression polarity="positive" strength="1">
        <span>
          <target id="t_399"/>
        </span>
      </opinion_expression>
    </opinion>
    <opinion oid="o_25">
      <opinion_target>
        <span>
          <target id="t_398"/>
        </span>
      </opinion_target>
      <opinion_expression polarity="negative" strength="-1">
        <span>
          <target id="t_401"/>
        </span>
      </opinion_expression>
    </opinion>
  </opinions>
</KAF>
