<?xml version='1.0' encoding='UTF-8'?>
<KAF xml:lang="nl">
  <linguisticProcessors layer="text">
    <lp timestamp="2013-01-06T18:36:11CET" version="2.0" name="SentenceTokenizer"/>
  </linguisticProcessors>
  <linguisticProcessors layer="terms">
    <lp timestamp="2013-01-06T18:36:11CET" version="2.0" name="SentenceTokenizer"/>
    <lp timestamp="2013-01-06T18:36:11CET" version="1.0" name="SimplePolarityTagger"/>
  </linguisticProcessors>
  <linguisticProcessor layer="opinions">
    <lp timestamp="2013-01-06T18:36:11CET" version="1.0" name="SimpleOpinionDetector"/>
  </linguisticProcessor>
  <linguisticProcessor layer="properties">
    <lp timestamp="2013-01-06T18:36:11CET" version="1.0" name="SimplePropRecognizer_lookup"/>
  </linguisticProcessor>
  <linguisticProcessor layer="entities">
    <lp timestamp="2013-01-06T18:36:11CET" version="1.0" name="SimpleNER_lookup"/>
  </linguisticProcessor>
  <text>
    <wf wid="w_1" para="1" sent="1">Voor</wf>
    <wf wid="w_2" para="1" sent="1">deze</wf>
    <wf wid="w_3" para="1" sent="1">kamer</wf>
    <wf wid="w_4" para="1" sent="1">had</wf>
    <wf wid="w_5" para="1" sent="1">ik</wf>
    <wf wid="w_6" para="1" sent="1">gÚÚn</wf>
    <wf wid="w_7" para="1" sent="1">10</wf>
    <wf wid="w_8" para="1" sent="1">euro</wf>
    <wf wid="w_9" para="1" sent="1">over</wf>
    <wf wid="w_10" para="1" sent="1">!!</wf>
    <wf wid="w_11" para="1" sent="2">de</wf>
    <wf wid="w_12" para="1" sent="2">ligging</wf>
    <wf wid="w_13" para="1" sent="2">.</wf>
    <wf wid="w_14" para="1" sent="3">vieze</wf>
    <wf wid="w_15" para="1" sent="3">kamer</wf>
    <wf wid="w_16" para="1" sent="3">,</wf>
    <wf wid="w_17" para="1" sent="3">vlekken</wf>
    <wf wid="w_18" para="1" sent="3">in</wf>
    <wf wid="w_19" para="1" sent="3">tapijt</wf>
    <wf wid="w_20" para="1" sent="3">,</wf>
    <wf wid="w_21" para="1" sent="3">stoffig</wf>
    <wf wid="w_22" para="1" sent="3">.</wf>
    <wf wid="w_23" para="1" sent="4">Ontbijt</wf>
    <wf wid="w_24" para="1" sent="4">heel</wf>
    <wf wid="w_25" para="1" sent="4">matig</wf>
    <wf wid="w_26" para="1" sent="4">.Vleeswaren</wf>
    <wf wid="w_27" para="1" sent="4">zagen</wf>
    <wf wid="w_28" para="1" sent="4">er</wf>
    <wf wid="w_29" para="1" sent="4">vies</wf>
    <wf wid="w_30" para="1" sent="4">uit</wf>
    <wf wid="w_31" para="1" sent="4">.</wf>
    <wf wid="w_32" para="1" sent="5">Kaas</wf>
    <wf wid="w_33" para="1" sent="5">was</wf>
    <wf wid="w_34" para="1" sent="5">uitgedroogd</wf>
    <wf wid="w_35" para="1" sent="5">.</wf>
  </text>
  <terms>
    <term tid="t_1" lemma="voor" type="open">
      <span>
        <target id="w_1"/>
      </span>
    </term>
    <term tid="t_2" lemma="deze" type="open">
      <span>
        <target id="w_2"/>
      </span>
    </term>
    <term tid="t_3" lemma="kamer" type="open">
      <span>
        <target id="w_3"/>
      </span>
    </term>
    <term tid="t_4" lemma="had" type="open">
      <span>
        <target id="w_4"/>
      </span>
    </term>
    <term tid="t_5" lemma="ik" type="open">
      <span>
        <target id="w_5"/>
      </span>
    </term>
    <term tid="t_6" lemma="gÚÚn" type="open">
      <span>
        <target id="w_6"/>
      </span>
    </term>
    <term tid="t_7" lemma="10" type="open">
      <span>
        <target id="w_7"/>
      </span>
    </term>
    <term tid="t_8" lemma="euro" type="open">
      <span>
        <target id="w_8"/>
      </span>
    </term>
    <term tid="t_9" lemma="over" type="open">
      <span>
        <target id="w_9"/>
      </span>
    </term>
    <term tid="t_10" lemma="!!" type="open">
      <span>
        <target id="w_10"/>
      </span>
    </term>
    <term tid="t_11" lemma="de" type="open">
      <span>
        <target id="w_11"/>
      </span>
    </term>
    <term tid="t_12" lemma="ligging" type="open">
      <span>
        <target id="w_12"/>
      </span>
    </term>
    <term tid="t_13" lemma="." type="open">
      <span>
        <target id="w_13"/>
      </span>
    </term>
    <term tid="t_14" lemma="vieze" type="open">
      <span>
        <target id="w_14"/>
      </span>
    </term>
    <term tid="t_15" lemma="kamer" type="open">
      <span>
        <target id="w_15"/>
      </span>
    </term>
    <term tid="t_16" lemma="," type="open">
      <span>
        <target id="w_16"/>
      </span>
    </term>
    <term tid="t_17" lemma="vlekken" type="open">
      <span>
        <target id="w_17"/>
      </span>
    </term>
    <term tid="t_18" lemma="in" type="open">
      <span>
        <target id="w_18"/>
      </span>
    </term>
    <term tid="t_19" lemma="tapijt" type="open">
      <span>
        <target id="w_19"/>
      </span>
    </term>
    <term tid="t_20" lemma="," type="open">
      <span>
        <target id="w_20"/>
      </span>
    </term>
    <term tid="t_21" lemma="stoffig" type="open" pos="G">
      <span>
        <target id="w_21"/>
      </span>
      <sentiment polarity="negative" resource="VUA_olery_lexicon_nl_lmf"/>
    </term>
    <term tid="t_22" lemma="." type="open">
      <span>
        <target id="w_22"/>
      </span>
    </term>
    <term tid="t_23" lemma="ontbijt" type="open">
      <span>
        <target id="w_23"/>
      </span>
    </term>
    <term tid="t_24" lemma="heel" type="open">
      <span>
        <target id="w_24"/>
      </span>
      <sentiment sentiment_modifier="intensifier" resource="VUA_olery_lexicon_nl_lmf"/>
    </term>
    <term tid="t_25" lemma="matig" type="open" pos="G">
      <span>
        <target id="w_25"/>
      </span>
      <sentiment polarity="negative" resource="VUA_olery_lexicon_nl_lmf"/>
    </term>
    <term tid="t_26" lemma=".vleeswaren" type="open">
      <span>
        <target id="w_26"/>
      </span>
    </term>
    <term tid="t_27" lemma="zagen" type="open">
      <span>
        <target id="w_27"/>
      </span>
    </term>
    <term tid="t_28" lemma="er" type="open">
      <span>
        <target id="w_28"/>
      </span>
    </term>
    <term tid="t_29" lemma="vies" type="open" pos="G">
      <span>
        <target id="w_29"/>
      </span>
      <sentiment polarity="negative" resource="VUA_olery_lexicon_nl_lmf"/>
    </term>
    <term tid="t_30" lemma="uit" type="open">
      <span>
        <target id="w_30"/>
      </span>
    </term>
    <term tid="t_31" lemma="." type="open">
      <span>
        <target id="w_31"/>
      </span>
    </term>
    <term tid="t_32" lemma="kaas" type="open">
      <span>
        <target id="w_32"/>
      </span>
    </term>
    <term tid="t_33" lemma="was" type="open">
      <span>
        <target id="w_33"/>
      </span>
    </term>
    <term tid="t_34" lemma="uitgedroogd" type="open">
      <span>
        <target id="w_34"/>
      </span>
    </term>
    <term tid="t_35" lemma="." type="open">
      <span>
        <target id="w_35"/>
      </span>
    </term>
  </terms>
  <entities>
    <entity type="ORG" eid="e_1">
      <span>
        <target id="t_3"/>
      </span>
      <span>
        <target id="t_15"/>
      </span>
    </entity>
  </entities>
  <properties>
    <property type="cleanliness" pid="p_1">
      <span>
        <target id="t_21"/>
      </span>
      <span>
        <target id="t_29"/>
      </span>
    </property>
    <property type="value_for_money" pid="p_2">
      <span>
        <target id="t_8"/>
      </span>
    </property>
    <property type="restaurant" pid="p_3">
      <span>
        <target id="t_23"/>
      </span>
      <span>
        <target id="t_32"/>
      </span>
    </property>
    <property type="room" pid="p_4">
      <span>
        <target id="t_3"/>
      </span>
      <span>
        <target id="t_15"/>
      </span>
      <span>
        <target id="t_19"/>
      </span>
    </property>
    <property type="location" pid="p_5">
      <span>
        <target id="t_12"/>
      </span>
    </property>
  </properties>
  <opinions>
    <opinion oid="o_1">
      <opinion_target>
        <span>
          <target id="t_19"/>
        </span>
      </opinion_target>
      <opinion_expression polarity="negative" strength="-1">
        <span>
          <target id="t_21"/>
        </span>
      </opinion_expression>
    </opinion>
    <opinion oid="o_2">
      <opinion_target>
        <span>
          <target id="t_26"/>
        </span>
      </opinion_target>
      <opinion_expression polarity="negative" strength="-2">
        <span>
          <target id="t_25"/>
          <target id="t_24"/>
        </span>
      </opinion_expression>
    </opinion>
    <opinion oid="o_3">
      <opinion_target>
        <span>
          <target id="t_27"/>
        </span>
      </opinion_target>
      <opinion_expression polarity="negative" strength="-1">
        <span>
          <target id="t_29"/>
        </span>
      </opinion_expression>
    </opinion>
  </opinions>
</KAF>
