<?xml version='1.0' encoding='UTF-8'?>
<KAF xml:lang="nl">
  <linguisticProcessors layer="text">
    <lp timestamp="2013-01-06T18:34:58CET" version="2.0" name="SentenceTokenizer"/>
  </linguisticProcessors>
  <linguisticProcessors layer="terms">
    <lp timestamp="2013-01-06T18:34:58CET" version="2.0" name="SentenceTokenizer"/>
    <lp timestamp="2013-01-06T18:34:58CET" version="1.0" name="SimplePolarityTagger"/>
  </linguisticProcessors>
  <linguisticProcessor layer="opinions">
    <lp timestamp="2013-01-06T18:34:58CET" version="1.0" name="SimpleOpinionDetector"/>
  </linguisticProcessor>
  <linguisticProcessor layer="properties">
    <lp timestamp="2013-01-06T18:34:58CET" version="1.0" name="SimplePropRecognizer_lookup"/>
  </linguisticProcessor>
  <linguisticProcessor layer="entities">
    <lp timestamp="2013-01-06T18:34:58CET" version="1.0" name="SimpleNER_lookup"/>
  </linguisticProcessor>
  <text>
    <wf wid="w_1" para="1" sent="1">De</wf>
    <wf wid="w_2" para="1" sent="1">ligging</wf>
    <wf wid="w_3" para="1" sent="1">is</wf>
    <wf wid="w_4" para="1" sent="1">het</wf>
    <wf wid="w_5" para="1" sent="1">enige</wf>
    <wf wid="w_6" para="1" sent="1">positive</wf>
    <wf wid="w_7" para="1" sent="1">.</wf>
    <wf wid="w_8" para="1" sent="2">lekker</wf>
    <wf wid="w_9" para="1" sent="2">dicht</wf>
    <wf wid="w_10" para="1" sent="2">bij</wf>
    <wf wid="w_11" para="1" sent="2">het</wf>
    <wf wid="w_12" para="1" sent="2">centrum</wf>
    <wf wid="w_13" para="1" sent="2">..</wf>
    <wf wid="w_14" para="1" sent="3">Mijn</wf>
    <wf wid="w_15" para="1" sent="3">cijfers</wf>
    <wf wid="w_16" para="1" sent="3">geven</wf>
    <wf wid="w_17" para="1" sent="3">al</wf>
    <wf wid="w_18" para="1" sent="3">aan</wf>
    <wf wid="w_19" para="1" sent="3">hoe</wf>
    <wf wid="w_20" para="1" sent="3">ik</wf>
    <wf wid="w_21" para="1" sent="3">er</wf>
    <wf wid="w_22" para="1" sent="3">over</wf>
    <wf wid="w_23" para="1" sent="3">denk</wf>
    <wf wid="w_24" para="1" sent="3">.</wf>
    <wf wid="w_25" para="1" sent="4">Wij</wf>
    <wf wid="w_26" para="1" sent="4">hebben</wf>
    <wf wid="w_27" para="1" sent="4">geen</wf>
    <wf wid="w_28" para="1" sent="4">gebruik</wf>
    <wf wid="w_29" para="1" sent="4">gemaakt</wf>
    <wf wid="w_30" para="1" sent="4">van</wf>
    <wf wid="w_31" para="1" sent="4">de</wf>
    <wf wid="w_32" para="1" sent="4">kamer</wf>
    <wf wid="w_33" para="1" sent="4">omdat</wf>
    <wf wid="w_34" para="1" sent="4">het</wf>
    <wf wid="w_35" para="1" sent="4">er</wf>
    <wf wid="w_36" para="1" sent="4">erg</wf>
    <wf wid="w_37" para="1" sent="4">smerig</wf>
    <wf wid="w_38" para="1" sent="4">uitzag</wf>
    <wf wid="w_39" para="1" sent="4">.</wf>
    <wf wid="w_40" para="1" sent="5">Aan</wf>
    <wf wid="w_41" para="1" sent="5">de</wf>
    <wf wid="w_42" para="1" sent="5">leuning</wf>
    <wf wid="w_43" para="1" sent="5">naar</wf>
    <wf wid="w_44" para="1" sent="5">boven</wf>
    <wf wid="w_45" para="1" sent="5">bleef</wf>
    <wf wid="w_46" para="1" sent="5">je</wf>
    <wf wid="w_47" para="1" sent="5">bijna</wf>
    <wf wid="w_48" para="1" sent="5">aanplakken</wf>
    <wf wid="w_49" para="1" sent="5">.</wf>
    <wf wid="w_50" para="1" sent="6">Het</wf>
    <wf wid="w_51" para="1" sent="6">hotel</wf>
    <wf wid="w_52" para="1" sent="6">zat</wf>
    <wf wid="w_53" para="1" sent="6">vol</wf>
    <wf wid="w_54" para="1" sent="6">met</wf>
    <wf wid="w_55" para="1" sent="6">vreemde</wf>
    <wf wid="w_56" para="1" sent="6">lieden</wf>
    <wf wid="w_57" para="1" sent="6">.</wf>
  </text>
  <terms>
    <term tid="t_1" lemma="de" type="open">
      <span>
        <target id="w_1"/>
      </span>
    </term>
    <term tid="t_2" lemma="ligging" type="open">
      <span>
        <target id="w_2"/>
      </span>
    </term>
    <term tid="t_3" lemma="is" type="open">
      <span>
        <target id="w_3"/>
      </span>
    </term>
    <term tid="t_4" lemma="het" type="open">
      <span>
        <target id="w_4"/>
      </span>
    </term>
    <term tid="t_5" lemma="enige" type="open">
      <span>
        <target id="w_5"/>
      </span>
    </term>
    <term tid="t_6" lemma="positive" type="open">
      <span>
        <target id="w_6"/>
      </span>
    </term>
    <term tid="t_7" lemma="." type="open">
      <span>
        <target id="w_7"/>
      </span>
    </term>
    <term tid="t_8" lemma="lekker" type="open" pos="G">
      <span>
        <target id="w_8"/>
      </span>
      <sentiment polarity="positive" resource="VUA_olery_lexicon_nl_lmf"/>
    </term>
    <term tid="t_9" lemma="dicht" type="open">
      <span>
        <target id="w_9"/>
      </span>
    </term>
    <term tid="t_10" lemma="bij" type="open">
      <span>
        <target id="w_10"/>
      </span>
    </term>
    <term tid="t_11" lemma="het" type="open">
      <span>
        <target id="w_11"/>
      </span>
    </term>
    <term tid="t_12" lemma="centrum" type="open">
      <span>
        <target id="w_12"/>
      </span>
    </term>
    <term tid="t_13" lemma=".." type="open">
      <span>
        <target id="w_13"/>
      </span>
    </term>
    <term tid="t_14" lemma="mijn" type="open">
      <span>
        <target id="w_14"/>
      </span>
    </term>
    <term tid="t_15" lemma="cijfers" type="open">
      <span>
        <target id="w_15"/>
      </span>
    </term>
    <term tid="t_16" lemma="geven" type="open">
      <span>
        <target id="w_16"/>
      </span>
    </term>
    <term tid="t_17" lemma="al" type="open">
      <span>
        <target id="w_17"/>
      </span>
    </term>
    <term tid="t_18" lemma="aan" type="open">
      <span>
        <target id="w_18"/>
      </span>
    </term>
    <term tid="t_19" lemma="hoe" type="open">
      <span>
        <target id="w_19"/>
      </span>
    </term>
    <term tid="t_20" lemma="ik" type="open">
      <span>
        <target id="w_20"/>
      </span>
    </term>
    <term tid="t_21" lemma="er" type="open">
      <span>
        <target id="w_21"/>
      </span>
    </term>
    <term tid="t_22" lemma="over" type="open">
      <span>
        <target id="w_22"/>
      </span>
    </term>
    <term tid="t_23" lemma="denk" type="open">
      <span>
        <target id="w_23"/>
      </span>
    </term>
    <term tid="t_24" lemma="." type="open">
      <span>
        <target id="w_24"/>
      </span>
    </term>
    <term tid="t_25" lemma="wij" type="open">
      <span>
        <target id="w_25"/>
      </span>
    </term>
    <term tid="t_26" lemma="hebben" type="open">
      <span>
        <target id="w_26"/>
      </span>
    </term>
    <term tid="t_27" lemma="geen" type="open">
      <span>
        <target id="w_27"/>
      </span>
      <sentiment sentiment_modifier="shifter" resource="VUA_olery_lexicon_nl_lmf"/>
    </term>
    <term tid="t_28" lemma="gebruik" type="open">
      <span>
        <target id="w_28"/>
      </span>
    </term>
    <term tid="t_29" lemma="gemaakt" type="open">
      <span>
        <target id="w_29"/>
      </span>
    </term>
    <term tid="t_30" lemma="van" type="open">
      <span>
        <target id="w_30"/>
      </span>
    </term>
    <term tid="t_31" lemma="de" type="open">
      <span>
        <target id="w_31"/>
      </span>
    </term>
    <term tid="t_32" lemma="kamer" type="open">
      <span>
        <target id="w_32"/>
      </span>
    </term>
    <term tid="t_33" lemma="omdat" type="open">
      <span>
        <target id="w_33"/>
      </span>
    </term>
    <term tid="t_34" lemma="het" type="open">
      <span>
        <target id="w_34"/>
      </span>
    </term>
    <term tid="t_35" lemma="er" type="open">
      <span>
        <target id="w_35"/>
      </span>
    </term>
    <term tid="t_36" lemma="erg" type="open">
      <span>
        <target id="w_36"/>
      </span>
      <sentiment sentiment_modifier="intensifier" resource="VUA_olery_lexicon_nl_lmf"/>
    </term>
    <term tid="t_37" lemma="smerig" type="open" pos="G">
      <span>
        <target id="w_37"/>
      </span>
      <sentiment polarity="negative" resource="VUA_olery_lexicon_nl_lmf"/>
    </term>
    <term tid="t_38" lemma="uitzag" type="open">
      <span>
        <target id="w_38"/>
      </span>
    </term>
    <term tid="t_39" lemma="." type="open">
      <span>
        <target id="w_39"/>
      </span>
    </term>
    <term tid="t_40" lemma="aan" type="open">
      <span>
        <target id="w_40"/>
      </span>
    </term>
    <term tid="t_41" lemma="de" type="open">
      <span>
        <target id="w_41"/>
      </span>
    </term>
    <term tid="t_42" lemma="leuning" type="open">
      <span>
        <target id="w_42"/>
      </span>
    </term>
    <term tid="t_43" lemma="naar" type="open" pos="G">
      <span>
        <target id="w_43"/>
      </span>
      <sentiment polarity="negative" resource="VUA_olery_lexicon_nl_lmf"/>
    </term>
    <term tid="t_44" lemma="boven" type="open">
      <span>
        <target id="w_44"/>
      </span>
    </term>
    <term tid="t_45" lemma="bleef" type="open">
      <span>
        <target id="w_45"/>
      </span>
    </term>
    <term tid="t_46" lemma="je" type="open">
      <span>
        <target id="w_46"/>
      </span>
    </term>
    <term tid="t_47" lemma="bijna" type="open">
      <span>
        <target id="w_47"/>
      </span>
    </term>
    <term tid="t_48" lemma="aanplakken" type="open">
      <span>
        <target id="w_48"/>
      </span>
    </term>
    <term tid="t_49" lemma="." type="open">
      <span>
        <target id="w_49"/>
      </span>
    </term>
    <term tid="t_50" lemma="het" type="open">
      <span>
        <target id="w_50"/>
      </span>
    </term>
    <term tid="t_51" lemma="hotel" type="open">
      <span>
        <target id="w_51"/>
      </span>
    </term>
    <term tid="t_52" lemma="zat" type="open" pos="G">
      <span>
        <target id="w_52"/>
      </span>
      <sentiment polarity="negative" resource="VUA_olery_lexicon_nl_lmf"/>
    </term>
    <term tid="t_53" lemma="vol" type="open">
      <span>
        <target id="w_53"/>
      </span>
    </term>
    <term tid="t_54" lemma="met" type="open">
      <span>
        <target id="w_54"/>
      </span>
    </term>
    <term tid="t_55" lemma="vreemde" type="open">
      <span>
        <target id="w_55"/>
      </span>
    </term>
    <term tid="t_56" lemma="lieden" type="open">
      <span>
        <target id="w_56"/>
      </span>
    </term>
    <term tid="t_57" lemma="." type="open">
      <span>
        <target id="w_57"/>
      </span>
    </term>
  </terms>
  <entities>
    <entity type="PER" eid="e_1">
      <span>
        <target id="t_44"/>
      </span>
    </entity>
    <entity type="ORG" eid="e_2">
      <span>
        <target id="t_32"/>
      </span>
    </entity>
  </entities>
  <properties>
    <property type="cleanliness" pid="p_1">
      <span>
        <target id="t_37"/>
      </span>
    </property>
    <property type="room" pid="p_2">
      <span>
        <target id="t_32"/>
      </span>
    </property>
    <property type="location" pid="p_3">
      <span>
        <target id="t_2"/>
      </span>
      <span>
        <target id="t_12"/>
      </span>
    </property>
    <property type="restaurant" pid="p_4">
      <span>
        <target id="t_8"/>
      </span>
    </property>
  </properties>
  <opinions>
    <opinion oid="o_1">
      <opinion_target>
        <span>
          <target id="t_9"/>
        </span>
      </opinion_target>
      <opinion_expression polarity="positive" strength="1">
        <span>
          <target id="t_8"/>
        </span>
      </opinion_expression>
    </opinion>
    <opinion oid="o_2">
      <opinion_target>
        <span>
          <target id="t_38"/>
        </span>
      </opinion_target>
      <opinion_expression polarity="negative" strength="-2">
        <span>
          <target id="t_37"/>
          <target id="t_36"/>
        </span>
      </opinion_expression>
    </opinion>
    <opinion oid="o_3">
      <opinion_target>
        <span>
          <target id="t_44"/>
        </span>
      </opinion_target>
      <opinion_expression polarity="negative" strength="-1">
        <span>
          <target id="t_43"/>
        </span>
      </opinion_expression>
    </opinion>
    <opinion oid="o_4">
      <opinion_target>
        <span>
          <target id="t_53"/>
        </span>
      </opinion_target>
      <opinion_expression polarity="negative" strength="-1">
        <span>
          <target id="t_52"/>
        </span>
      </opinion_expression>
    </opinion>
  </opinions>
</KAF>
