<?xml version='1.0' encoding='UTF-8'?>
<KAF xml:lang="nl">
  <linguisticProcessors layer="text">
    <lp timestamp="2013-01-06T18:31:59CET" version="2.0" name="SentenceTokenizer"/>
  </linguisticProcessors>
  <linguisticProcessors layer="terms">
    <lp timestamp="2013-01-06T18:31:59CET" version="2.0" name="SentenceTokenizer"/>
    <lp timestamp="2013-01-06T18:31:59CET" version="1.0" name="SimplePolarityTagger"/>
  </linguisticProcessors>
  <linguisticProcessor layer="opinions">
    <lp timestamp="2013-01-06T18:32:00CET" version="1.0" name="SimpleOpinionDetector"/>
  </linguisticProcessor>
  <linguisticProcessor layer="properties">
    <lp timestamp="2013-01-06T18:31:59CET" version="1.0" name="SimplePropRecognizer_lookup"/>
  </linguisticProcessor>
  <linguisticProcessor layer="entities">
    <lp timestamp="2013-01-06T18:31:59CET" version="1.0" name="SimpleNER_lookup"/>
  </linguisticProcessor>
  <text>
    <wf wid="w_1" para="1" sent="1">Wij</wf>
    <wf wid="w_2" para="1" sent="1">zijn</wf>
    <wf wid="w_3" para="1" sent="1">hier</wf>
    <wf wid="w_4" para="1" sent="1">1</wf>
    <wf wid="w_5" para="1" sent="1">nachtje</wf>
    <wf wid="w_6" para="1" sent="1">geweest</wf>
    <wf wid="w_7" para="1" sent="1">.</wf>
    <wf wid="w_8" para="1" sent="2">Niet</wf>
    <wf wid="w_9" para="1" sent="2">echt</wf>
    <wf wid="w_10" para="1" sent="2">fris</wf>
    <wf wid="w_11" para="1" sent="2">en</wf>
    <wf wid="w_12" para="1" sent="2">erg</wf>
    <wf wid="w_13" para="1" sent="2">kleine</wf>
    <wf wid="w_14" para="1" sent="2">muffe</wf>
    <wf wid="w_15" para="1" sent="2">kamer</wf>
    <wf wid="w_16" para="1" sent="2">.</wf>
    <wf wid="w_17" para="1" sent="3">Klein</wf>
    <wf wid="w_18" para="1" sent="3">2</wf>
    <wf wid="w_19" para="1" sent="3">persoons</wf>
    <wf wid="w_20" para="1" sent="3">bedje</wf>
    <wf wid="w_21" para="1" sent="3">waardoor</wf>
    <wf wid="w_22" para="1" sent="3">1</wf>
    <wf wid="w_23" para="1" sent="3">van</wf>
    <wf wid="w_24" para="1" sent="3">ons</wf>
    <wf wid="w_25" para="1" sent="3">maar</wf>
    <wf wid="w_26" para="1" sent="3">in</wf>
    <wf wid="w_27" para="1" sent="3">het</wf>
    <wf wid="w_28" para="1" sent="3">uitklapbed</wf>
    <wf wid="w_29" para="1" sent="3">is</wf>
    <wf wid="w_30" para="1" sent="3">gaan</wf>
    <wf wid="w_31" para="1" sent="3">liggen</wf>
    <wf wid="w_32" para="1" sent="3">.</wf>
    <wf wid="w_33" para="1" sent="4">schimmel</wf>
    <wf wid="w_34" para="1" sent="4">in</wf>
    <wf wid="w_35" para="1" sent="4">de</wf>
    <wf wid="w_36" para="1" sent="4">badkamer</wf>
    <wf wid="w_37" para="1" sent="4">en</wf>
    <wf wid="w_38" para="1" sent="4">plafond</wf>
    <wf wid="w_39" para="1" sent="4">en</wf>
    <wf wid="w_40" para="1" sent="4">muren</wf>
    <wf wid="w_41" para="1" sent="4">vol</wf>
    <wf wid="w_42" para="1" sent="4">met</wf>
    <wf wid="w_43" para="1" sent="4">platgeslagen</wf>
    <wf wid="w_44" para="1" sent="4">muggen</wf>
    <wf wid="w_45" para="1" sent="4">en</wf>
    <wf wid="w_46" para="1" sent="4">vliegen</wf>
    <wf wid="w_47" para="1" sent="4">.</wf>
    <wf wid="w_48" para="1" sent="5">Tapijt</wf>
    <wf wid="w_49" para="1" sent="5">was</wf>
    <wf wid="w_50" para="1" sent="5">niet</wf>
    <wf wid="w_51" para="1" sent="5">echt</wf>
    <wf wid="w_52" para="1" sent="5">fris</wf>
    <wf wid="w_53" para="1" sent="5">.</wf>
    <wf wid="w_54" para="1" sent="6">Voorderest</wf>
    <wf wid="w_55" para="1" sent="6">zal</wf>
    <wf wid="w_56" para="1" sent="6">alles</wf>
    <wf wid="w_57" para="1" sent="6">er</wf>
    <wf wid="w_58" para="1" sent="6">wel</wf>
    <wf wid="w_59" para="1" sent="6">in</wf>
    <wf wid="w_60" para="1" sent="6">maar</wf>
    <wf wid="w_61" para="1" sent="6">kan</wf>
    <wf wid="w_62" para="1" sent="6">wel</wf>
    <wf wid="w_63" para="1" sent="6">een</wf>
    <wf wid="w_64" para="1" sent="6">opknapbeurtje</wf>
    <wf wid="w_65" para="1" sent="6">gebruikt</wf>
    <wf wid="w_66" para="1" sent="6">.</wf>
    <wf wid="w_67" para="1" sent="7">Ontbijt</wf>
    <wf wid="w_68" para="1" sent="7">was</wf>
    <wf wid="w_69" para="1" sent="7">goed</wf>
    <wf wid="w_70" para="1" sent="7">,</wf>
    <wf wid="w_71" para="1" sent="7">maar</wf>
    <wf wid="w_72" para="1" sent="7">voor</wf>
    <wf wid="w_73" para="1" sent="7">15euro</wf>
    <wf wid="w_74" para="1" sent="7">eet</wf>
    <wf wid="w_75" para="1" sent="7">je</wf>
    <wf wid="w_76" para="1" sent="7">het</wf>
    <wf wid="w_77" para="1" sent="7">er</wf>
    <wf wid="w_78" para="1" sent="7">niet</wf>
    <wf wid="w_79" para="1" sent="7">aan</wf>
    <wf wid="w_80" para="1" sent="7">af</wf>
    <wf wid="w_81" para="1" sent="7">.</wf>
  </text>
  <terms>
    <term tid="t_1" lemma="wij" type="open">
      <span>
        <target id="w_1"/>
      </span>
    </term>
    <term tid="t_2" lemma="zijn" type="open">
      <span>
        <target id="w_2"/>
      </span>
    </term>
    <term tid="t_3" lemma="hier" type="open">
      <span>
        <target id="w_3"/>
      </span>
    </term>
    <term tid="t_4" lemma="1" type="open">
      <span>
        <target id="w_4"/>
      </span>
    </term>
    <term tid="t_5" lemma="nachtje" type="open">
      <span>
        <target id="w_5"/>
      </span>
    </term>
    <term tid="t_6" lemma="geweest" type="open">
      <span>
        <target id="w_6"/>
      </span>
    </term>
    <term tid="t_7" lemma="." type="open">
      <span>
        <target id="w_7"/>
      </span>
    </term>
    <term tid="t_8" lemma="niet" type="open">
      <span>
        <target id="w_8"/>
      </span>
      <sentiment sentiment_modifier="shifter" resource="VUA_olery_lexicon_nl_lmf"/>
    </term>
    <term tid="t_9" lemma="echt" type="open">
      <span>
        <target id="w_9"/>
      </span>
      <sentiment sentiment_modifier="intensifier" resource="VUA_olery_lexicon_nl_lmf"/>
    </term>
    <term tid="t_10" lemma="fris" type="open" pos="G">
      <span>
        <target id="w_10"/>
      </span>
      <sentiment polarity="positive" resource="VUA_olery_lexicon_nl_lmf"/>
    </term>
    <term tid="t_11" lemma="en" type="open">
      <span>
        <target id="w_11"/>
      </span>
    </term>
    <term tid="t_12" lemma="erg" type="open">
      <span>
        <target id="w_12"/>
      </span>
      <sentiment sentiment_modifier="intensifier" resource="VUA_olery_lexicon_nl_lmf"/>
    </term>
    <term tid="t_13" lemma="kleine" type="open">
      <span>
        <target id="w_13"/>
      </span>
    </term>
    <term tid="t_14" lemma="muffe" type="open">
      <span>
        <target id="w_14"/>
      </span>
    </term>
    <term tid="t_15" lemma="kamer" type="open">
      <span>
        <target id="w_15"/>
      </span>
    </term>
    <term tid="t_16" lemma="." type="open">
      <span>
        <target id="w_16"/>
      </span>
    </term>
    <term tid="t_17" lemma="klein" type="open">
      <span>
        <target id="w_17"/>
      </span>
    </term>
    <term tid="t_18" lemma="2" type="open">
      <span>
        <target id="w_18"/>
      </span>
    </term>
    <term tid="t_19" lemma="persoons" type="open">
      <span>
        <target id="w_19"/>
      </span>
    </term>
    <term tid="t_20" lemma="bedje" type="open">
      <span>
        <target id="w_20"/>
      </span>
    </term>
    <term tid="t_21" lemma="waardoor" type="open">
      <span>
        <target id="w_21"/>
      </span>
    </term>
    <term tid="t_22" lemma="1" type="open">
      <span>
        <target id="w_22"/>
      </span>
    </term>
    <term tid="t_23" lemma="van" type="open">
      <span>
        <target id="w_23"/>
      </span>
    </term>
    <term tid="t_24" lemma="ons" type="open">
      <span>
        <target id="w_24"/>
      </span>
    </term>
    <term tid="t_25" lemma="maar" type="open">
      <span>
        <target id="w_25"/>
      </span>
    </term>
    <term tid="t_26" lemma="in" type="open">
      <span>
        <target id="w_26"/>
      </span>
    </term>
    <term tid="t_27" lemma="het" type="open">
      <span>
        <target id="w_27"/>
      </span>
    </term>
    <term tid="t_28" lemma="uitklapbed" type="open">
      <span>
        <target id="w_28"/>
      </span>
    </term>
    <term tid="t_29" lemma="is" type="open">
      <span>
        <target id="w_29"/>
      </span>
    </term>
    <term tid="t_30" lemma="gaan" type="open">
      <span>
        <target id="w_30"/>
      </span>
    </term>
    <term tid="t_31" lemma="liggen" type="open">
      <span>
        <target id="w_31"/>
      </span>
    </term>
    <term tid="t_32" lemma="." type="open">
      <span>
        <target id="w_32"/>
      </span>
    </term>
    <term tid="t_33" lemma="schimmel" type="open" pos="N">
      <span>
        <target id="w_33"/>
      </span>
      <sentiment polarity="negative" resource="VUA_olery_lexicon_nl_lmf"/>
    </term>
    <term tid="t_34" lemma="in" type="open">
      <span>
        <target id="w_34"/>
      </span>
    </term>
    <term tid="t_35" lemma="de" type="open">
      <span>
        <target id="w_35"/>
      </span>
    </term>
    <term tid="t_36" lemma="badkamer" type="open">
      <span>
        <target id="w_36"/>
      </span>
    </term>
    <term tid="t_37" lemma="en" type="open">
      <span>
        <target id="w_37"/>
      </span>
    </term>
    <term tid="t_38" lemma="plafond" type="open">
      <span>
        <target id="w_38"/>
      </span>
    </term>
    <term tid="t_39" lemma="en" type="open">
      <span>
        <target id="w_39"/>
      </span>
    </term>
    <term tid="t_40" lemma="muren" type="open">
      <span>
        <target id="w_40"/>
      </span>
    </term>
    <term tid="t_41" lemma="vol" type="open">
      <span>
        <target id="w_41"/>
      </span>
    </term>
    <term tid="t_42" lemma="met" type="open">
      <span>
        <target id="w_42"/>
      </span>
    </term>
    <term tid="t_43" lemma="platgeslagen" type="open">
      <span>
        <target id="w_43"/>
      </span>
    </term>
    <term tid="t_44" lemma="muggen" type="open">
      <span>
        <target id="w_44"/>
      </span>
    </term>
    <term tid="t_45" lemma="en" type="open">
      <span>
        <target id="w_45"/>
      </span>
    </term>
    <term tid="t_46" lemma="vliegen" type="open">
      <span>
        <target id="w_46"/>
      </span>
    </term>
    <term tid="t_47" lemma="." type="open">
      <span>
        <target id="w_47"/>
      </span>
    </term>
    <term tid="t_48" lemma="tapijt" type="open">
      <span>
        <target id="w_48"/>
      </span>
    </term>
    <term tid="t_49" lemma="was" type="open">
      <span>
        <target id="w_49"/>
      </span>
    </term>
    <term tid="t_50" lemma="niet" type="open">
      <span>
        <target id="w_50"/>
      </span>
      <sentiment sentiment_modifier="shifter" resource="VUA_olery_lexicon_nl_lmf"/>
    </term>
    <term tid="t_51" lemma="echt" type="open">
      <span>
        <target id="w_51"/>
      </span>
      <sentiment sentiment_modifier="intensifier" resource="VUA_olery_lexicon_nl_lmf"/>
    </term>
    <term tid="t_52" lemma="fris" type="open" pos="G">
      <span>
        <target id="w_52"/>
      </span>
      <sentiment polarity="positive" resource="VUA_olery_lexicon_nl_lmf"/>
    </term>
    <term tid="t_53" lemma="." type="open">
      <span>
        <target id="w_53"/>
      </span>
    </term>
    <term tid="t_54" lemma="voorderest" type="open">
      <span>
        <target id="w_54"/>
      </span>
    </term>
    <term tid="t_55" lemma="zal" type="open">
      <span>
        <target id="w_55"/>
      </span>
    </term>
    <term tid="t_56" lemma="alles" type="open">
      <span>
        <target id="w_56"/>
      </span>
    </term>
    <term tid="t_57" lemma="er" type="open">
      <span>
        <target id="w_57"/>
      </span>
    </term>
    <term tid="t_58" lemma="wel" type="open">
      <span>
        <target id="w_58"/>
      </span>
    </term>
    <term tid="t_59" lemma="in" type="open">
      <span>
        <target id="w_59"/>
      </span>
    </term>
    <term tid="t_60" lemma="maar" type="open">
      <span>
        <target id="w_60"/>
      </span>
    </term>
    <term tid="t_61" lemma="kan" type="open">
      <span>
        <target id="w_61"/>
      </span>
    </term>
    <term tid="t_62" lemma="wel" type="open">
      <span>
        <target id="w_62"/>
      </span>
    </term>
    <term tid="t_63" lemma="een" type="open">
      <span>
        <target id="w_63"/>
      </span>
    </term>
    <term tid="t_64" lemma="opknapbeurtje" type="open">
      <span>
        <target id="w_64"/>
      </span>
    </term>
    <term tid="t_65" lemma="gebruikt" type="open">
      <span>
        <target id="w_65"/>
      </span>
    </term>
    <term tid="t_66" lemma="." type="open">
      <span>
        <target id="w_66"/>
      </span>
    </term>
    <term tid="t_67" lemma="ontbijt" type="open">
      <span>
        <target id="w_67"/>
      </span>
    </term>
    <term tid="t_68" lemma="was" type="open">
      <span>
        <target id="w_68"/>
      </span>
    </term>
    <term tid="t_69" lemma="goed" type="open" pos="G">
      <span>
        <target id="w_69"/>
      </span>
      <sentiment polarity="positive" resource="VUA_olery_lexicon_nl_lmf"/>
    </term>
    <term tid="t_70" lemma="," type="open">
      <span>
        <target id="w_70"/>
      </span>
    </term>
    <term tid="t_71" lemma="maar" type="open">
      <span>
        <target id="w_71"/>
      </span>
    </term>
    <term tid="t_72" lemma="voor" type="open">
      <span>
        <target id="w_72"/>
      </span>
    </term>
    <term tid="t_73" lemma="15euro" type="open">
      <span>
        <target id="w_73"/>
      </span>
    </term>
    <term tid="t_74" lemma="eet" type="open">
      <span>
        <target id="w_74"/>
      </span>
    </term>
    <term tid="t_75" lemma="je" type="open">
      <span>
        <target id="w_75"/>
      </span>
    </term>
    <term tid="t_76" lemma="het" type="open">
      <span>
        <target id="w_76"/>
      </span>
    </term>
    <term tid="t_77" lemma="er" type="open">
      <span>
        <target id="w_77"/>
      </span>
    </term>
    <term tid="t_78" lemma="niet" type="open">
      <span>
        <target id="w_78"/>
      </span>
      <sentiment sentiment_modifier="shifter" resource="VUA_olery_lexicon_nl_lmf"/>
    </term>
    <term tid="t_79" lemma="aan" type="open">
      <span>
        <target id="w_79"/>
      </span>
    </term>
    <term tid="t_80" lemma="af" type="open">
      <span>
        <target id="w_80"/>
      </span>
    </term>
    <term tid="t_81" lemma="." type="open">
      <span>
        <target id="w_81"/>
      </span>
    </term>
  </terms>
  <entities>
    <entity type="MISC" eid="e_1">
      <span>
        <target id="t_2"/>
      </span>
    </entity>
    <entity type="PER" eid="e_2">
      <span>
        <target id="t_4"/>
      </span>
      <span>
        <target id="t_22"/>
      </span>
    </entity>
    <entity type="ORG" eid="e_3">
      <span>
        <target id="t_15"/>
      </span>
    </entity>
    <entity type="PER" eid="e_4">
      <span>
        <target id="t_18"/>
      </span>
    </entity>
  </entities>
  <properties>
    <property type="cleanliness" pid="p_1">
      <span>
        <target id="t_10"/>
      </span>
      <span>
        <target id="t_52"/>
      </span>
    </property>
    <property type="bathroom" pid="p_2">
      <span>
        <target id="t_36"/>
      </span>
    </property>
    <property type="room" pid="p_3">
      <span>
        <target id="t_15"/>
      </span>
      <span>
        <target id="t_33"/>
      </span>
      <span>
        <target id="t_38"/>
      </span>
      <span>
        <target id="t_48"/>
      </span>
    </property>
    <property type="restaurant" pid="p_4">
      <span>
        <target id="t_67"/>
      </span>
    </property>
  </properties>
  <opinions>
    <opinion oid="o_1">
      <opinion_target>
        <span>
          <target id="t_12"/>
        </span>
      </opinion_target>
      <opinion_expression polarity="negative" strength="-2">
        <span>
          <target id="t_10"/>
          <target id="t_9"/>
          <target id="t_8"/>
        </span>
      </opinion_expression>
    </opinion>
    <opinion oid="o_2">
      <opinion_target>
        <span>
          <target id="t_36"/>
        </span>
      </opinion_target>
      <opinion_expression polarity="negative" strength="-1">
        <span>
          <target id="t_33"/>
        </span>
      </opinion_expression>
    </opinion>
    <opinion oid="o_3">
      <opinion_target>
        <span>
          <target id="t_48"/>
        </span>
      </opinion_target>
      <opinion_expression polarity="negative" strength="-2">
        <span>
          <target id="t_52"/>
          <target id="t_51"/>
          <target id="t_50"/>
        </span>
      </opinion_expression>
    </opinion>
    <opinion oid="o_4">
      <opinion_target>
        <span>
          <target id="t_67"/>
        </span>
      </opinion_target>
      <opinion_expression polarity="positive" strength="1">
        <span>
          <target id="t_69"/>
        </span>
      </opinion_expression>
    </opinion>
  </opinions>
</KAF>
