<?xml version='1.0' encoding='UTF-8'?>
<KAF xml:lang="nl">
  <linguisticProcessors layer="text">
    <lp timestamp="2013-01-06T18:32:21CET" version="2.0" name="SentenceTokenizer"/>
  </linguisticProcessors>
  <linguisticProcessors layer="terms">
    <lp timestamp="2013-01-06T18:32:21CET" version="2.0" name="SentenceTokenizer"/>
    <lp timestamp="2013-01-06T18:32:21CET" version="1.0" name="SimplePolarityTagger"/>
  </linguisticProcessors>
  <linguisticProcessor layer="opinions">
    <lp timestamp="2013-01-06T18:32:21CET" version="1.0" name="SimpleOpinionDetector"/>
  </linguisticProcessor>
  <linguisticProcessor layer="properties">
    <lp timestamp="2013-01-06T18:32:21CET" version="1.0" name="SimplePropRecognizer_lookup"/>
  </linguisticProcessor>
  <linguisticProcessor layer="entities">
    <lp timestamp="2013-01-06T18:32:21CET" version="1.0" name="SimpleNER_lookup"/>
  </linguisticProcessor>
  <text>
    <wf wid="w_1" para="1" sent="1">het</wf>
    <wf wid="w_2" para="1" sent="1">hotel</wf>
    <wf wid="w_3" para="1" sent="1">was</wf>
    <wf wid="w_4" para="1" sent="1">prima</wf>
    <wf wid="w_5" para="1" sent="1">t</wf>
    <wf wid="w_6" para="1" sent="1">enige</wf>
    <wf wid="w_7" para="1" sent="1">min</wf>
    <wf wid="w_8" para="1" sent="1">-</wf>
    <wf wid="w_9" para="1" sent="1">punt</wf>
    <wf wid="w_10" para="1" sent="1">was</wf>
    <wf wid="w_11" para="1" sent="1">de</wf>
    <wf wid="w_12" para="1" sent="1">koffie</wf>
    <wf wid="w_13" para="1" sent="1">bij</wf>
    <wf wid="w_14" para="1" sent="1">t</wf>
    <wf wid="w_15" para="1" sent="1">ontbijt</wf>
    <wf wid="w_16" para="1" sent="1">slechtverder</wf>
    <wf wid="w_17" para="1" sent="1">was</wf>
    <wf wid="w_18" para="1" sent="1">er</wf>
    <wf wid="w_19" para="1" sent="1">niets</wf>
    <wf wid="w_20" para="1" sent="1">aan</wf>
    <wf wid="w_21" para="1" sent="1">te</wf>
    <wf wid="w_22" para="1" sent="1">merken</wf>
  </text>
  <terms>
    <term tid="t_1" lemma="het" type="open">
      <span>
        <target id="w_1"/>
      </span>
    </term>
    <term tid="t_2" lemma="hotel" type="open">
      <span>
        <target id="w_2"/>
      </span>
    </term>
    <term tid="t_3" lemma="was" type="open">
      <span>
        <target id="w_3"/>
      </span>
    </term>
    <term tid="t_4" lemma="prima" type="open" pos="G">
      <span>
        <target id="w_4"/>
      </span>
      <sentiment polarity="positive" resource="VUA_olery_lexicon_nl_lmf"/>
    </term>
    <term tid="t_5" lemma="t" type="open">
      <span>
        <target id="w_5"/>
      </span>
    </term>
    <term tid="t_6" lemma="enige" type="open">
      <span>
        <target id="w_6"/>
      </span>
    </term>
    <term tid="t_7" lemma="min" type="open" pos="G">
      <span>
        <target id="w_7"/>
      </span>
      <sentiment polarity="negative" resource="VUA_olery_lexicon_nl_lmf"/>
    </term>
    <term tid="t_8" lemma="-" type="open">
      <span>
        <target id="w_8"/>
      </span>
    </term>
    <term tid="t_9" lemma="punt" type="open">
      <span>
        <target id="w_9"/>
      </span>
    </term>
    <term tid="t_10" lemma="was" type="open">
      <span>
        <target id="w_10"/>
      </span>
    </term>
    <term tid="t_11" lemma="de" type="open">
      <span>
        <target id="w_11"/>
      </span>
    </term>
    <term tid="t_12" lemma="koffie" type="open">
      <span>
        <target id="w_12"/>
      </span>
    </term>
    <term tid="t_13" lemma="bij" type="open">
      <span>
        <target id="w_13"/>
      </span>
    </term>
    <term tid="t_14" lemma="t" type="open">
      <span>
        <target id="w_14"/>
      </span>
    </term>
    <term tid="t_15" lemma="ontbijt" type="open">
      <span>
        <target id="w_15"/>
      </span>
    </term>
    <term tid="t_16" lemma="slechtverder" type="open">
      <span>
        <target id="w_16"/>
      </span>
    </term>
    <term tid="t_17" lemma="was" type="open">
      <span>
        <target id="w_17"/>
      </span>
    </term>
    <term tid="t_18" lemma="er" type="open">
      <span>
        <target id="w_18"/>
      </span>
    </term>
    <term tid="t_19" lemma="niets" type="open">
      <span>
        <target id="w_19"/>
      </span>
      <sentiment sentiment_modifier="shifter" resource="VUA_olery_lexicon_nl_lmf"/>
    </term>
    <term tid="t_20" lemma="aan" type="open">
      <span>
        <target id="w_20"/>
      </span>
    </term>
    <term tid="t_21" lemma="te" type="open">
      <span>
        <target id="w_21"/>
      </span>
    </term>
    <term tid="t_22" lemma="merken" type="open">
      <span>
        <target id="w_22"/>
      </span>
    </term>
  </terms>
  <entities>
    <entity type="PER" eid="e_1">
      <span>
        <target id="t_7"/>
      </span>
    </entity>
    <entity type="PER" eid="e_2">
      <span>
        <target id="t_4"/>
      </span>
    </entity>
  </entities>
  <properties>
    <property type="restaurant" pid="p_1">
      <span>
        <target id="t_12"/>
      </span>
      <span>
        <target id="t_15"/>
      </span>
    </property>
  </properties>
  <opinions>
    <opinion oid="o_1">
      <opinion_target>
        <span>
          <target id="t_6"/>
        </span>
      </opinion_target>
      <opinion_expression polarity="positive" strength="1">
        <span>
          <target id="t_4"/>
        </span>
      </opinion_expression>
    </opinion>
    <opinion oid="o_2">
      <opinion_target>
        <span>
          <target id="t_9"/>
        </span>
      </opinion_target>
      <opinion_expression polarity="negative" strength="-1">
        <span>
          <target id="t_7"/>
        </span>
      </opinion_expression>
    </opinion>
  </opinions>
</KAF>
