<?xml version='1.0' encoding='UTF-8'?>
<KAF xml:lang="nl">
  <linguisticProcessors layer="text">
    <lp timestamp="2013-01-06T18:31:17CET" version="2.0" name="SentenceTokenizer"/>
  </linguisticProcessors>
  <linguisticProcessors layer="terms">
    <lp timestamp="2013-01-06T18:31:17CET" version="2.0" name="SentenceTokenizer"/>
    <lp timestamp="2013-01-06T18:31:17CET" version="1.0" name="SimplePolarityTagger"/>
  </linguisticProcessors>
  <linguisticProcessor layer="opinions">
    <lp timestamp="2013-01-06T18:31:17CET" version="1.0" name="SimpleOpinionDetector"/>
  </linguisticProcessor>
  <linguisticProcessor layer="properties">
    <lp timestamp="2013-01-06T18:31:17CET" version="1.0" name="SimplePropRecognizer_lookup"/>
  </linguisticProcessor>
  <linguisticProcessor layer="entities">
    <lp timestamp="2013-01-06T18:31:17CET" version="1.0" name="SimpleNER_lookup"/>
  </linguisticProcessor>
  <text>
    <wf wid="w_1" para="1" sent="1">Goed</wf>
    <wf wid="w_2" para="1" sent="1">hotel</wf>
    <wf wid="w_3" para="1" sent="1">,</wf>
    <wf wid="w_4" para="1" sent="1">wel</wf>
    <wf wid="w_5" para="1" sent="1">kleine</wf>
    <wf wid="w_6" para="1" sent="1">kamers</wf>
    <wf wid="w_7" para="1" sent="1">.</wf>
    <wf wid="w_8" para="1" sent="2">Uitgebreid</wf>
    <wf wid="w_9" para="1" sent="2">ontbijtbuffet</wf>
    <wf wid="w_10" para="1" sent="2">.</wf>
    <wf wid="w_11" para="1" sent="3">De</wf>
    <wf wid="w_12" para="1" sent="3">ligging</wf>
    <wf wid="w_13" para="1" sent="3">is</wf>
    <wf wid="w_14" para="1" sent="3">super</wf>
    <wf wid="w_15" para="1" sent="3">,</wf>
    <wf wid="w_16" para="1" sent="3">je</wf>
    <wf wid="w_17" para="1" sent="3">bent</wf>
    <wf wid="w_18" para="1" sent="3">op</wf>
    <wf wid="w_19" para="1" sent="3">nog</wf>
    <wf wid="w_20" para="1" sent="3">geen</wf>
    <wf wid="w_21" para="1" sent="3">5</wf>
    <wf wid="w_22" para="1" sent="3">min</wf>
    <wf wid="w_23" para="1" sent="3">.</wf>
    <wf wid="w_24" para="1" sent="4">loopafstand</wf>
    <wf wid="w_25" para="1" sent="4">van</wf>
    <wf wid="w_26" para="1" sent="4">de</wf>
    <wf wid="w_27" para="1" sent="4">Dam.</wf>
  </text>
  <terms>
    <term tid="t_1" lemma="goed" type="open" pos="G">
      <span>
        <target id="w_1"/>
      </span>
      <sentiment polarity="positive" resource="VUA_olery_lexicon_nl_lmf"/>
    </term>
    <term tid="t_2" lemma="hotel" type="open">
      <span>
        <target id="w_2"/>
      </span>
    </term>
    <term tid="t_3" lemma="," type="open">
      <span>
        <target id="w_3"/>
      </span>
    </term>
    <term tid="t_4" lemma="wel" type="open">
      <span>
        <target id="w_4"/>
      </span>
    </term>
    <term tid="t_5" lemma="kleine" type="open">
      <span>
        <target id="w_5"/>
      </span>
    </term>
    <term tid="t_6" lemma="kamers" type="open">
      <span>
        <target id="w_6"/>
      </span>
    </term>
    <term tid="t_7" lemma="." type="open">
      <span>
        <target id="w_7"/>
      </span>
    </term>
    <term tid="t_8" lemma="uitgebreid" type="open" pos="V">
      <span>
        <target id="w_8"/>
      </span>
      <sentiment polarity="positive" resource="VUA_olery_lexicon_nl_lmf"/>
    </term>
    <term tid="t_9" lemma="ontbijtbuffet" type="open">
      <span>
        <target id="w_9"/>
      </span>
    </term>
    <term tid="t_10" lemma="." type="open">
      <span>
        <target id="w_10"/>
      </span>
    </term>
    <term tid="t_11" lemma="de" type="open">
      <span>
        <target id="w_11"/>
      </span>
    </term>
    <term tid="t_12" lemma="ligging" type="open">
      <span>
        <target id="w_12"/>
      </span>
    </term>
    <term tid="t_13" lemma="is" type="open">
      <span>
        <target id="w_13"/>
      </span>
    </term>
    <term tid="t_14" lemma="super" type="open" pos="N">
      <span>
        <target id="w_14"/>
      </span>
      <sentiment polarity="positive" resource="VUA_olery_lexicon_nl_lmf"/>
    </term>
    <term tid="t_15" lemma="," type="open">
      <span>
        <target id="w_15"/>
      </span>
    </term>
    <term tid="t_16" lemma="je" type="open">
      <span>
        <target id="w_16"/>
      </span>
    </term>
    <term tid="t_17" lemma="bent" type="open">
      <span>
        <target id="w_17"/>
      </span>
    </term>
    <term tid="t_18" lemma="op" type="open">
      <span>
        <target id="w_18"/>
      </span>
    </term>
    <term tid="t_19" lemma="nog" type="open">
      <span>
        <target id="w_19"/>
      </span>
    </term>
    <term tid="t_20" lemma="geen" type="open">
      <span>
        <target id="w_20"/>
      </span>
      <sentiment sentiment_modifier="shifter" resource="VUA_olery_lexicon_nl_lmf"/>
    </term>
    <term tid="t_21" lemma="5" type="open">
      <span>
        <target id="w_21"/>
      </span>
    </term>
    <term tid="t_22" lemma="min" type="open" pos="G">
      <span>
        <target id="w_22"/>
      </span>
      <sentiment polarity="negative" resource="VUA_olery_lexicon_nl_lmf"/>
    </term>
    <term tid="t_23" lemma="." type="open">
      <span>
        <target id="w_23"/>
      </span>
    </term>
    <term tid="t_24" lemma="loopafstand" type="open" pos="N">
      <span>
        <target id="w_24"/>
      </span>
      <sentiment polarity="positive" resource="VUA_olery_lexicon_nl_lmf"/>
    </term>
    <term tid="t_25" lemma="van" type="open">
      <span>
        <target id="w_25"/>
      </span>
    </term>
    <term tid="t_26" lemma="de" type="open">
      <span>
        <target id="w_26"/>
      </span>
    </term>
    <term tid="t_27" lemma="dam." type="open">
      <span>
        <target id="w_27"/>
      </span>
    </term>
  </terms>
  <entities>
    <entity type="PER" eid="e_1">
      <span>
        <target id="t_22"/>
      </span>
    </entity>
  </entities>
  <properties>
    <property type="location" pid="p_1">
      <span>
        <target id="t_12"/>
      </span>
      <span>
        <target id="t_24"/>
      </span>
    </property>
    <property type="restaurant" pid="p_2">
      <span>
        <target id="t_8"/>
      </span>
      <span>
        <target id="t_9"/>
      </span>
    </property>
  </properties>
  <opinions>
    <opinion oid="o_1">
      <opinion_target>
        <span>
          <target id="t_2"/>
        </span>
      </opinion_target>
      <opinion_expression polarity="positive" strength="1">
        <span>
          <target id="t_1"/>
        </span>
      </opinion_expression>
    </opinion>
    <opinion oid="o_2">
      <opinion_target>
        <span>
          <target id="t_9"/>
        </span>
      </opinion_target>
      <opinion_expression polarity="positive" strength="1">
        <span>
          <target id="t_8"/>
        </span>
      </opinion_expression>
    </opinion>
    <opinion oid="o_3">
      <opinion_target>
        <span>
          <target id="t_17"/>
        </span>
      </opinion_target>
      <opinion_expression polarity="positive" strength="1">
        <span>
          <target id="t_14"/>
        </span>
      </opinion_expression>
    </opinion>
    <opinion oid="o_4">
      <opinion_target>
        <span>
          <target id="t_27"/>
        </span>
      </opinion_target>
      <opinion_expression polarity="positive" strength="1">
        <span>
          <target id="t_24"/>
        </span>
      </opinion_expression>
    </opinion>
  </opinions>
</KAF>
