<?xml version='1.0' encoding='UTF-8'?>
<KAF xml:lang="nl">
  <linguisticProcessors layer="text">
    <lp timestamp="2013-01-06T18:44:39CET" version="2.0" name="SentenceTokenizer"/>
  </linguisticProcessors>
  <linguisticProcessors layer="terms">
    <lp timestamp="2013-01-06T18:44:39CET" version="2.0" name="SentenceTokenizer"/>
    <lp timestamp="2013-01-06T18:44:39CET" version="1.0" name="SimplePolarityTagger"/>
  </linguisticProcessors>
  <linguisticProcessor layer="opinions">
    <lp timestamp="2013-01-06T18:44:40CET" version="1.0" name="SimpleOpinionDetector"/>
  </linguisticProcessor>
  <linguisticProcessor layer="properties">
    <lp timestamp="2013-01-06T18:44:40CET" version="1.0" name="SimplePropRecognizer_lookup"/>
  </linguisticProcessor>
  <linguisticProcessor layer="entities">
    <lp timestamp="2013-01-06T18:44:39CET" version="1.0" name="SimpleNER_lookup"/>
  </linguisticProcessor>
  <text>
    <wf wid="w_1" para="1" sent="1">Fake</wf>
    <wf wid="w_2" para="1" sent="1">chique</wf>
    <wf wid="w_3" para="1" sent="1">.</wf>
    <wf wid="w_4" para="1" sent="2">Ben</wf>
    <wf wid="w_5" para="1" sent="2">in</wf>
    <wf wid="w_6" para="1" sent="2">veel</wf>
    <wf wid="w_7" para="1" sent="2">hotels</wf>
    <wf wid="w_8" para="1" sent="2">geweest</wf>
    <wf wid="w_9" para="1" sent="2">en</wf>
    <wf wid="w_10" para="1" sent="2">ook</wf>
    <wf wid="w_11" para="1" sent="2">in</wf>
    <wf wid="w_12" para="1" sent="2">hotels</wf>
    <wf wid="w_13" para="1" sent="2">met</wf>
    <wf wid="w_14" para="1" sent="2">minder</wf>
    <wf wid="w_15" para="1" sent="2">sterren</wf>
    <wf wid="w_16" para="1" sent="2">.</wf>
    <wf wid="w_17" para="1" sent="3">Dit</wf>
    <wf wid="w_18" para="1" sent="3">is</wf>
    <wf wid="w_19" para="1" sent="3">een</wf>
    <wf wid="w_20" para="1" sent="3">vreselijk</wf>
    <wf wid="w_21" para="1" sent="3">hotel</wf>
    <wf wid="w_22" para="1" sent="3">alles</wf>
    <wf wid="w_23" para="1" sent="3">wat</wf>
    <wf wid="w_24" para="1" sent="3">mis</wf>
    <wf wid="w_25" para="1" sent="3">kan</wf>
    <wf wid="w_26" para="1" sent="3">gaan</wf>
    <wf wid="w_27" para="1" sent="3">gaat</wf>
    <wf wid="w_28" para="1" sent="3">mis</wf>
    <wf wid="w_29" para="1" sent="3">.</wf>
    <wf wid="w_30" para="1" sent="4">Bij</wf>
    <wf wid="w_31" para="1" sent="4">inchecken</wf>
    <wf wid="w_32" para="1" sent="4">een</wf>
    <wf wid="w_33" para="1" sent="4">verkeerde</wf>
    <wf wid="w_34" para="1" sent="4">kamer</wf>
    <wf wid="w_35" para="1" sent="4">toegewezen</wf>
    <wf wid="w_36" para="1" sent="4">krijgen</wf>
    <wf wid="w_37" para="1" sent="4">welke</wf>
    <wf wid="w_38" para="1" sent="4">reeds</wf>
    <wf wid="w_39" para="1" sent="4">bezet</wf>
    <wf wid="w_40" para="1" sent="4">was</wf>
    <wf wid="w_41" para="1" sent="4">.</wf>
    <wf wid="w_42" para="1" sent="5">Weer</wf>
    <wf wid="w_43" para="1" sent="5">terug</wf>
    <wf wid="w_44" para="1" sent="5">met</wf>
    <wf wid="w_45" para="1" sent="5">alle</wf>
    <wf wid="w_46" para="1" sent="5">koffers</wf>
    <wf wid="w_47" para="1" sent="5">naar</wf>
    <wf wid="w_48" para="1" sent="5">de</wf>
    <wf wid="w_49" para="1" sent="5">receptie</wf>
    <wf wid="w_50" para="1" sent="5">.</wf>
    <wf wid="w_51" para="1" sent="6">Er</wf>
    <wf wid="w_52" para="1" sent="6">waren</wf>
    <wf wid="w_53" para="1" sent="6">geen</wf>
    <wf wid="w_54" para="1" sent="6">kamers</wf>
    <wf wid="w_55" para="1" sent="6">beschikbaar</wf>
    <wf wid="w_56" para="1" sent="6">voor</wf>
    <wf wid="w_57" para="1" sent="6">3</wf>
    <wf wid="w_58" para="1" sent="6">personen</wf>
    <wf wid="w_59" para="1" sent="6">dan</wf>
    <wf wid="w_60" para="1" sent="6">maar</wf>
    <wf wid="w_61" para="1" sent="6">2</wf>
    <wf wid="w_62" para="1" sent="6">persoonskamer</wf>
    <wf wid="w_63" para="1" sent="6">met</wf>
    <wf wid="w_64" para="1" sent="6">rolawaybed</wf>
    <wf wid="w_65" para="1" sent="6">.</wf>
    <wf wid="w_66" para="1" sent="7">Om</wf>
    <wf wid="w_67" para="1" sent="7">16</wf>
    <wf wid="w_68" para="1" sent="7">:00</wf>
    <wf wid="w_69" para="1" sent="7">uur</wf>
    <wf wid="w_70" para="1" sent="7">ingecheckt</wf>
    <wf wid="w_71" para="1" sent="7">en</wf>
    <wf wid="w_72" para="1" sent="7">na</wf>
    <wf wid="w_73" para="1" sent="7">3</wf>
    <wf wid="w_74" para="1" sent="7">keer</wf>
    <wf wid="w_75" para="1" sent="7">vragen</wf>
    <wf wid="w_76" para="1" sent="7">kwam</wf>
    <wf wid="w_77" para="1" sent="7">om</wf>
    <wf wid="w_78" para="1" sent="7">23</wf>
    <wf wid="w_79" para="1" sent="7">:15</wf>
    <wf wid="w_80" para="1" sent="7">uur</wf>
    <wf wid="w_81" para="1" sent="7">eindelijk</wf>
    <wf wid="w_82" para="1" sent="7">het</wf>
    <wf wid="w_83" para="1" sent="7">bijzetbed</wf>
    <wf wid="w_84" para="1" sent="7">.</wf>
    <wf wid="w_85" para="1" sent="8">Dit</wf>
    <wf wid="w_86" para="1" sent="8">was</wf>
    <wf wid="w_87" para="1" sent="8">overigens</wf>
    <wf wid="w_88" para="1" sent="8">een</wf>
    <wf wid="w_89" para="1" sent="8">vreselijk</wf>
    <wf wid="w_90" para="1" sent="8">bed</wf>
    <wf wid="w_91" para="1" sent="8">.</wf>
    <wf wid="w_92" para="1" sent="9">Het</wf>
    <wf wid="w_93" para="1" sent="9">hotel</wf>
    <wf wid="w_94" para="1" sent="9">heeft</wf>
    <wf wid="w_95" para="1" sent="9">een</wf>
    <wf wid="w_96" para="1" sent="9">hoog</wf>
    <wf wid="w_97" para="1" sent="9">centerparc</wf>
    <wf wid="w_98" para="1" sent="9">gehalte</wf>
    <wf wid="w_99" para="1" sent="9">het</wf>
    <wf wid="w_100" para="1" sent="9">zwembad</wf>
    <wf wid="w_101" para="1" sent="9">is</wf>
    <wf wid="w_102" para="1" sent="9">wel</wf>
    <wf wid="w_103" para="1" sent="9">mooi</wf>
    <wf wid="w_104" para="1" sent="9">.</wf>
    <wf wid="w_105" para="1" sent="10">De</wf>
    <wf wid="w_106" para="1" sent="10">kamers</wf>
    <wf wid="w_107" para="1" sent="10">zijn</wf>
    <wf wid="w_108" para="1" sent="10">gedateerd</wf>
    <wf wid="w_109" para="1" sent="10">en</wf>
    <wf wid="w_110" para="1" sent="10">zijn</wf>
    <wf wid="w_111" para="1" sent="10">nodig</wf>
    <wf wid="w_112" para="1" sent="10">aan</wf>
    <wf wid="w_113" para="1" sent="10">een</wf>
    <wf wid="w_114" para="1" sent="10">update</wf>
    <wf wid="w_115" para="1" sent="10">toe</wf>
    <wf wid="w_116" para="1" sent="10">.</wf>
    <wf wid="w_117" para="1" sent="11">Het</wf>
    <wf wid="w_118" para="1" sent="11">personeel</wf>
    <wf wid="w_119" para="1" sent="11">loopt</wf>
    <wf wid="w_120" para="1" sent="11">te</wf>
    <wf wid="w_121" para="1" sent="11">zuchten</wf>
    <wf wid="w_122" para="1" sent="11">en</wf>
    <wf wid="w_123" para="1" sent="11">te</wf>
    <wf wid="w_124" para="1" sent="11">klagen</wf>
    <wf wid="w_125" para="1" sent="11">tegen</wf>
    <wf wid="w_126" para="1" sent="11">elkaar</wf>
    <wf wid="w_127" para="1" sent="11">en</wf>
    <wf wid="w_128" para="1" sent="11">zijn</wf>
    <wf wid="w_129" para="1" sent="11">erg</wf>
    <wf wid="w_130" para="1" sent="11">ongemotiveerd</wf>
    <wf wid="w_131" para="1" sent="11">.</wf>
    <wf wid="w_132" para="1" sent="12">Voor</wf>
    <wf wid="w_133" para="1" sent="12">het</wf>
    <wf wid="w_134" para="1" sent="12">zelf</wf>
    <wf wid="w_135" para="1" sent="12">parkeren</wf>
    <wf wid="w_136" para="1" sent="12">moet</wf>
    <wf wid="w_137" para="1" sent="12">je</wf>
    <wf wid="w_138" para="1" sent="12">ook</wf>
    <wf wid="w_139" para="1" sent="12">nog</wf>
    <wf wid="w_140" para="1" sent="12">eens</wf>
    <wf wid="w_141" para="1" sent="12">$</wf>
    <wf wid="w_142" para="1" sent="12">12</wf>
    <wf wid="w_143" para="1" sent="12">per</wf>
    <wf wid="w_144" para="1" sent="12">dag</wf>
    <wf wid="w_145" para="1" sent="12">betalen</wf>
    <wf wid="w_146" para="1" sent="12">.</wf>
    <wf wid="w_147" para="1" sent="13">Bij</wf>
    <wf wid="w_148" para="1" sent="13">het</wf>
    <wf wid="w_149" para="1" sent="13">uitchecken</wf>
    <wf wid="w_150" para="1" sent="13">wilde</wf>
    <wf wid="w_151" para="1" sent="13">ze</wf>
    <wf wid="w_152" para="1" sent="13">ons</wf>
    <wf wid="w_153" para="1" sent="13">ook</wf>
    <wf wid="w_154" para="1" sent="13">nog</wf>
    <wf wid="w_155" para="1" sent="13">eens</wf>
    <wf wid="w_156" para="1" sent="13">de</wf>
    <wf wid="w_157" para="1" sent="13">kamer</wf>
    <wf wid="w_158" para="1" sent="13">laten</wf>
    <wf wid="w_159" para="1" sent="13">betalen</wf>
    <wf wid="w_160" para="1" sent="13">terwijl</wf>
    <wf wid="w_161" para="1" sent="13">dit</wf>
    <wf wid="w_162" para="1" sent="13">maanden</wf>
    <wf wid="w_163" para="1" sent="13">geleden</wf>
    <wf wid="w_164" para="1" sent="13">al</wf>
    <wf wid="w_165" para="1" sent="13">via</wf>
    <wf wid="w_166" para="1" sent="13">Otel</wf>
    <wf wid="w_167" para="1" sent="13">was</wf>
    <wf wid="w_168" para="1" sent="13">betaald</wf>
    <wf wid="w_169" para="1" sent="13">.</wf>
    <wf wid="w_170" para="1" sent="14">Dit</wf>
    <wf wid="w_171" para="1" sent="14">duurde</wf>
    <wf wid="w_172" para="1" sent="14">een</wf>
    <wf wid="w_173" para="1" sent="14">kwartier</wf>
    <wf wid="w_174" para="1" sent="14">voordat</wf>
    <wf wid="w_175" para="1" sent="14">ze</wf>
    <wf wid="w_176" para="1" sent="14">dit</wf>
    <wf wid="w_177" para="1" sent="14">hadden</wf>
    <wf wid="w_178" para="1" sent="14">uitgezocht</wf>
    <wf wid="w_179" para="1" sent="14">.</wf>
    <wf wid="w_180" para="1" sent="15">Het</wf>
    <wf wid="w_181" para="1" sent="15">heeft</wf>
    <wf wid="w_182" para="1" sent="15">niet</wf>
    <wf wid="w_183" para="1" sent="15">de</wf>
    <wf wid="w_184" para="1" sent="15">luxe</wf>
    <wf wid="w_185" para="1" sent="15">die</wf>
    <wf wid="w_186" para="1" sent="15">op</wf>
    <wf wid="w_187" para="1" sent="15">de</wf>
    <wf wid="w_188" para="1" sent="15">website</wf>
    <wf wid="w_189" para="1" sent="15">staat</wf>
    <wf wid="w_190" para="1" sent="15">vermeld</wf>
    <wf wid="w_191" para="1" sent="15">.</wf>
  </text>
  <terms>
    <term tid="t_1" lemma="fake" type="open">
      <span>
        <target id="w_1"/>
      </span>
    </term>
    <term tid="t_2" lemma="chique" type="open" pos="G">
      <span>
        <target id="w_2"/>
      </span>
      <sentiment polarity="positive" resource="VUA_olery_lexicon_nl_lmf"/>
    </term>
    <term tid="t_3" lemma="." type="open">
      <span>
        <target id="w_3"/>
      </span>
    </term>
    <term tid="t_4" lemma="ben" type="open">
      <span>
        <target id="w_4"/>
      </span>
    </term>
    <term tid="t_5" lemma="in" type="open">
      <span>
        <target id="w_5"/>
      </span>
    </term>
    <term tid="t_6" lemma="veel" type="open">
      <span>
        <target id="w_6"/>
      </span>
    </term>
    <term tid="t_7" lemma="hotels" type="open">
      <span>
        <target id="w_7"/>
      </span>
    </term>
    <term tid="t_8" lemma="geweest" type="open">
      <span>
        <target id="w_8"/>
      </span>
    </term>
    <term tid="t_9" lemma="en" type="open">
      <span>
        <target id="w_9"/>
      </span>
    </term>
    <term tid="t_10" lemma="ook" type="open">
      <span>
        <target id="w_10"/>
      </span>
    </term>
    <term tid="t_11" lemma="in" type="open">
      <span>
        <target id="w_11"/>
      </span>
    </term>
    <term tid="t_12" lemma="hotels" type="open">
      <span>
        <target id="w_12"/>
      </span>
    </term>
    <term tid="t_13" lemma="met" type="open">
      <span>
        <target id="w_13"/>
      </span>
    </term>
    <term tid="t_14" lemma="minder" type="open">
      <span>
        <target id="w_14"/>
      </span>
      <sentiment sentiment_modifier="shifter" resource="VUA_olery_lexicon_nl_lmf"/>
    </term>
    <term tid="t_15" lemma="sterren" type="open">
      <span>
        <target id="w_15"/>
      </span>
    </term>
    <term tid="t_16" lemma="." type="open">
      <span>
        <target id="w_16"/>
      </span>
    </term>
    <term tid="t_17" lemma="dit" type="open">
      <span>
        <target id="w_17"/>
      </span>
    </term>
    <term tid="t_18" lemma="is" type="open">
      <span>
        <target id="w_18"/>
      </span>
    </term>
    <term tid="t_19" lemma="een" type="open">
      <span>
        <target id="w_19"/>
      </span>
    </term>
    <term tid="t_20" lemma="vreselijk" type="open" pos="G">
      <span>
        <target id="w_20"/>
      </span>
      <sentiment polarity="negative" resource="VUA_olery_lexicon_nl_lmf"/>
    </term>
    <term tid="t_21" lemma="hotel" type="open">
      <span>
        <target id="w_21"/>
      </span>
    </term>
    <term tid="t_22" lemma="alles" type="open">
      <span>
        <target id="w_22"/>
      </span>
    </term>
    <term tid="t_23" lemma="wat" type="open">
      <span>
        <target id="w_23"/>
      </span>
    </term>
    <term tid="t_24" lemma="mis" type="open" pos="G">
      <span>
        <target id="w_24"/>
      </span>
      <sentiment polarity="negative" resource="VUA_olery_lexicon_nl_lmf"/>
    </term>
    <term tid="t_25" lemma="kan" type="open">
      <span>
        <target id="w_25"/>
      </span>
    </term>
    <term tid="t_26" lemma="gaan" type="open">
      <span>
        <target id="w_26"/>
      </span>
    </term>
    <term tid="t_27" lemma="gaat" type="open">
      <span>
        <target id="w_27"/>
      </span>
    </term>
    <term tid="t_28" lemma="mis" type="open" pos="G">
      <span>
        <target id="w_28"/>
      </span>
      <sentiment polarity="negative" resource="VUA_olery_lexicon_nl_lmf"/>
    </term>
    <term tid="t_29" lemma="." type="open">
      <span>
        <target id="w_29"/>
      </span>
    </term>
    <term tid="t_30" lemma="bij" type="open">
      <span>
        <target id="w_30"/>
      </span>
    </term>
    <term tid="t_31" lemma="inchecken" type="open">
      <span>
        <target id="w_31"/>
      </span>
    </term>
    <term tid="t_32" lemma="een" type="open">
      <span>
        <target id="w_32"/>
      </span>
    </term>
    <term tid="t_33" lemma="verkeerde" type="open">
      <span>
        <target id="w_33"/>
      </span>
    </term>
    <term tid="t_34" lemma="kamer" type="open">
      <span>
        <target id="w_34"/>
      </span>
    </term>
    <term tid="t_35" lemma="toegewezen" type="open">
      <span>
        <target id="w_35"/>
      </span>
    </term>
    <term tid="t_36" lemma="krijgen" type="open">
      <span>
        <target id="w_36"/>
      </span>
    </term>
    <term tid="t_37" lemma="welke" type="open">
      <span>
        <target id="w_37"/>
      </span>
    </term>
    <term tid="t_38" lemma="reeds" type="open">
      <span>
        <target id="w_38"/>
      </span>
    </term>
    <term tid="t_39" lemma="bezet" type="open">
      <span>
        <target id="w_39"/>
      </span>
    </term>
    <term tid="t_40" lemma="was" type="open">
      <span>
        <target id="w_40"/>
      </span>
    </term>
    <term tid="t_41" lemma="." type="open">
      <span>
        <target id="w_41"/>
      </span>
    </term>
    <term tid="t_42" lemma="weer" type="open">
      <span>
        <target id="w_42"/>
      </span>
    </term>
    <term tid="t_43" lemma="terug" type="open">
      <span>
        <target id="w_43"/>
      </span>
    </term>
    <term tid="t_44" lemma="met" type="open">
      <span>
        <target id="w_44"/>
      </span>
    </term>
    <term tid="t_45" lemma="alle" type="open">
      <span>
        <target id="w_45"/>
      </span>
    </term>
    <term tid="t_46" lemma="koffers" type="open">
      <span>
        <target id="w_46"/>
      </span>
    </term>
    <term tid="t_47" lemma="naar" type="open" pos="G">
      <span>
        <target id="w_47"/>
      </span>
      <sentiment polarity="negative" resource="VUA_olery_lexicon_nl_lmf"/>
    </term>
    <term tid="t_48" lemma="de" type="open">
      <span>
        <target id="w_48"/>
      </span>
    </term>
    <term tid="t_49" lemma="receptie" type="open">
      <span>
        <target id="w_49"/>
      </span>
    </term>
    <term tid="t_50" lemma="." type="open">
      <span>
        <target id="w_50"/>
      </span>
    </term>
    <term tid="t_51" lemma="er" type="open">
      <span>
        <target id="w_51"/>
      </span>
    </term>
    <term tid="t_52" lemma="waren" type="open">
      <span>
        <target id="w_52"/>
      </span>
    </term>
    <term tid="t_53" lemma="geen" type="open">
      <span>
        <target id="w_53"/>
      </span>
      <sentiment sentiment_modifier="shifter" resource="VUA_olery_lexicon_nl_lmf"/>
    </term>
    <term tid="t_54" lemma="kamers" type="open">
      <span>
        <target id="w_54"/>
      </span>
    </term>
    <term tid="t_55" lemma="beschikbaar" type="open" pos="G">
      <span>
        <target id="w_55"/>
      </span>
      <sentiment polarity="positive" resource="VUA_olery_lexicon_nl_lmf"/>
    </term>
    <term tid="t_56" lemma="voor" type="open">
      <span>
        <target id="w_56"/>
      </span>
    </term>
    <term tid="t_57" lemma="3" type="open">
      <span>
        <target id="w_57"/>
      </span>
    </term>
    <term tid="t_58" lemma="personen" type="open">
      <span>
        <target id="w_58"/>
      </span>
    </term>
    <term tid="t_59" lemma="dan" type="open">
      <span>
        <target id="w_59"/>
      </span>
    </term>
    <term tid="t_60" lemma="maar" type="open">
      <span>
        <target id="w_60"/>
      </span>
    </term>
    <term tid="t_61" lemma="2" type="open">
      <span>
        <target id="w_61"/>
      </span>
    </term>
    <term tid="t_62" lemma="persoonskamer" type="open">
      <span>
        <target id="w_62"/>
      </span>
    </term>
    <term tid="t_63" lemma="met" type="open">
      <span>
        <target id="w_63"/>
      </span>
    </term>
    <term tid="t_64" lemma="rolawaybed" type="open">
      <span>
        <target id="w_64"/>
      </span>
    </term>
    <term tid="t_65" lemma="." type="open">
      <span>
        <target id="w_65"/>
      </span>
    </term>
    <term tid="t_66" lemma="om" type="open">
      <span>
        <target id="w_66"/>
      </span>
    </term>
    <term tid="t_67" lemma="16" type="open">
      <span>
        <target id="w_67"/>
      </span>
    </term>
    <term tid="t_68" lemma=":00" type="open">
      <span>
        <target id="w_68"/>
      </span>
    </term>
    <term tid="t_69" lemma="uur" type="open">
      <span>
        <target id="w_69"/>
      </span>
    </term>
    <term tid="t_70" lemma="ingecheckt" type="open">
      <span>
        <target id="w_70"/>
      </span>
    </term>
    <term tid="t_71" lemma="en" type="open">
      <span>
        <target id="w_71"/>
      </span>
    </term>
    <term tid="t_72" lemma="na" type="open">
      <span>
        <target id="w_72"/>
      </span>
    </term>
    <term tid="t_73" lemma="3" type="open">
      <span>
        <target id="w_73"/>
      </span>
    </term>
    <term tid="t_74" lemma="keer" type="open">
      <span>
        <target id="w_74"/>
      </span>
    </term>
    <term tid="t_75" lemma="vragen" type="open">
      <span>
        <target id="w_75"/>
      </span>
    </term>
    <term tid="t_76" lemma="kwam" type="open">
      <span>
        <target id="w_76"/>
      </span>
    </term>
    <term tid="t_77" lemma="om" type="open">
      <span>
        <target id="w_77"/>
      </span>
    </term>
    <term tid="t_78" lemma="23" type="open">
      <span>
        <target id="w_78"/>
      </span>
    </term>
    <term tid="t_79" lemma=":15" type="open">
      <span>
        <target id="w_79"/>
      </span>
    </term>
    <term tid="t_80" lemma="uur" type="open">
      <span>
        <target id="w_80"/>
      </span>
    </term>
    <term tid="t_81" lemma="eindelijk" type="open">
      <span>
        <target id="w_81"/>
      </span>
    </term>
    <term tid="t_82" lemma="het" type="open">
      <span>
        <target id="w_82"/>
      </span>
    </term>
    <term tid="t_83" lemma="bijzetbed" type="open">
      <span>
        <target id="w_83"/>
      </span>
    </term>
    <term tid="t_84" lemma="." type="open">
      <span>
        <target id="w_84"/>
      </span>
    </term>
    <term tid="t_85" lemma="dit" type="open">
      <span>
        <target id="w_85"/>
      </span>
    </term>
    <term tid="t_86" lemma="was" type="open">
      <span>
        <target id="w_86"/>
      </span>
    </term>
    <term tid="t_87" lemma="overigens" type="open">
      <span>
        <target id="w_87"/>
      </span>
    </term>
    <term tid="t_88" lemma="een" type="open">
      <span>
        <target id="w_88"/>
      </span>
    </term>
    <term tid="t_89" lemma="vreselijk" type="open" pos="G">
      <span>
        <target id="w_89"/>
      </span>
      <sentiment polarity="negative" resource="VUA_olery_lexicon_nl_lmf"/>
    </term>
    <term tid="t_90" lemma="bed" type="open">
      <span>
        <target id="w_90"/>
      </span>
    </term>
    <term tid="t_91" lemma="." type="open">
      <span>
        <target id="w_91"/>
      </span>
    </term>
    <term tid="t_92" lemma="het" type="open">
      <span>
        <target id="w_92"/>
      </span>
    </term>
    <term tid="t_93" lemma="hotel" type="open">
      <span>
        <target id="w_93"/>
      </span>
    </term>
    <term tid="t_94" lemma="heeft" type="open">
      <span>
        <target id="w_94"/>
      </span>
    </term>
    <term tid="t_95" lemma="een" type="open">
      <span>
        <target id="w_95"/>
      </span>
    </term>
    <term tid="t_96" lemma="hoog" type="open" pos="G">
      <span>
        <target id="w_96"/>
      </span>
      <sentiment polarity="negative" resource="VUA_olery_lexicon_nl_lmf"/>
    </term>
    <term tid="t_97" lemma="centerparc" type="open">
      <span>
        <target id="w_97"/>
      </span>
    </term>
    <term tid="t_98" lemma="gehalte" type="open">
      <span>
        <target id="w_98"/>
      </span>
    </term>
    <term tid="t_99" lemma="het" type="open">
      <span>
        <target id="w_99"/>
      </span>
    </term>
    <term tid="t_100" lemma="zwembad" type="open">
      <span>
        <target id="w_100"/>
      </span>
    </term>
    <term tid="t_101" lemma="is" type="open">
      <span>
        <target id="w_101"/>
      </span>
    </term>
    <term tid="t_102" lemma="wel" type="open">
      <span>
        <target id="w_102"/>
      </span>
    </term>
    <term tid="t_103" lemma="mooi" type="open" pos="G">
      <span>
        <target id="w_103"/>
      </span>
      <sentiment polarity="positive" resource="VUA_olery_lexicon_nl_lmf"/>
    </term>
    <term tid="t_104" lemma="." type="open">
      <span>
        <target id="w_104"/>
      </span>
    </term>
    <term tid="t_105" lemma="de" type="open">
      <span>
        <target id="w_105"/>
      </span>
    </term>
    <term tid="t_106" lemma="kamers" type="open">
      <span>
        <target id="w_106"/>
      </span>
    </term>
    <term tid="t_107" lemma="zijn" type="open">
      <span>
        <target id="w_107"/>
      </span>
    </term>
    <term tid="t_108" lemma="gedateerd" type="open">
      <span>
        <target id="w_108"/>
      </span>
    </term>
    <term tid="t_109" lemma="en" type="open">
      <span>
        <target id="w_109"/>
      </span>
    </term>
    <term tid="t_110" lemma="zijn" type="open">
      <span>
        <target id="w_110"/>
      </span>
    </term>
    <term tid="t_111" lemma="nodig" type="open">
      <span>
        <target id="w_111"/>
      </span>
    </term>
    <term tid="t_112" lemma="aan" type="open">
      <span>
        <target id="w_112"/>
      </span>
    </term>
    <term tid="t_113" lemma="een" type="open">
      <span>
        <target id="w_113"/>
      </span>
    </term>
    <term tid="t_114" lemma="update" type="open">
      <span>
        <target id="w_114"/>
      </span>
    </term>
    <term tid="t_115" lemma="toe" type="open">
      <span>
        <target id="w_115"/>
      </span>
    </term>
    <term tid="t_116" lemma="." type="open">
      <span>
        <target id="w_116"/>
      </span>
    </term>
    <term tid="t_117" lemma="het" type="open">
      <span>
        <target id="w_117"/>
      </span>
    </term>
    <term tid="t_118" lemma="personeel" type="open">
      <span>
        <target id="w_118"/>
      </span>
    </term>
    <term tid="t_119" lemma="loopt" type="open">
      <span>
        <target id="w_119"/>
      </span>
    </term>
    <term tid="t_120" lemma="te" type="open">
      <span>
        <target id="w_120"/>
      </span>
    </term>
    <term tid="t_121" lemma="zuchten" type="open">
      <span>
        <target id="w_121"/>
      </span>
    </term>
    <term tid="t_122" lemma="en" type="open">
      <span>
        <target id="w_122"/>
      </span>
    </term>
    <term tid="t_123" lemma="te" type="open">
      <span>
        <target id="w_123"/>
      </span>
    </term>
    <term tid="t_124" lemma="klagen" type="open" pos="V">
      <span>
        <target id="w_124"/>
      </span>
      <sentiment polarity="negative" resource="VUA_olery_lexicon_nl_lmf"/>
    </term>
    <term tid="t_125" lemma="tegen" type="open">
      <span>
        <target id="w_125"/>
      </span>
    </term>
    <term tid="t_126" lemma="elkaar" type="open">
      <span>
        <target id="w_126"/>
      </span>
    </term>
    <term tid="t_127" lemma="en" type="open">
      <span>
        <target id="w_127"/>
      </span>
    </term>
    <term tid="t_128" lemma="zijn" type="open">
      <span>
        <target id="w_128"/>
      </span>
    </term>
    <term tid="t_129" lemma="erg" type="open">
      <span>
        <target id="w_129"/>
      </span>
      <sentiment sentiment_modifier="intensifier" resource="VUA_olery_lexicon_nl_lmf"/>
    </term>
    <term tid="t_130" lemma="ongemotiveerd" type="open">
      <span>
        <target id="w_130"/>
      </span>
    </term>
    <term tid="t_131" lemma="." type="open">
      <span>
        <target id="w_131"/>
      </span>
    </term>
    <term tid="t_132" lemma="voor" type="open">
      <span>
        <target id="w_132"/>
      </span>
    </term>
    <term tid="t_133" lemma="het" type="open">
      <span>
        <target id="w_133"/>
      </span>
    </term>
    <term tid="t_134" lemma="zelf" type="open">
      <span>
        <target id="w_134"/>
      </span>
    </term>
    <term tid="t_135" lemma="parkeren" type="open">
      <span>
        <target id="w_135"/>
      </span>
    </term>
    <term tid="t_136" lemma="moet" type="open">
      <span>
        <target id="w_136"/>
      </span>
    </term>
    <term tid="t_137" lemma="je" type="open">
      <span>
        <target id="w_137"/>
      </span>
    </term>
    <term tid="t_138" lemma="ook" type="open">
      <span>
        <target id="w_138"/>
      </span>
    </term>
    <term tid="t_139" lemma="nog" type="open">
      <span>
        <target id="w_139"/>
      </span>
    </term>
    <term tid="t_140" lemma="eens" type="open">
      <span>
        <target id="w_140"/>
      </span>
    </term>
    <term tid="t_141" lemma="$" type="open">
      <span>
        <target id="w_141"/>
      </span>
    </term>
    <term tid="t_142" lemma="12" type="open">
      <span>
        <target id="w_142"/>
      </span>
    </term>
    <term tid="t_143" lemma="per" type="open">
      <span>
        <target id="w_143"/>
      </span>
    </term>
    <term tid="t_144" lemma="dag" type="open">
      <span>
        <target id="w_144"/>
      </span>
    </term>
    <term tid="t_145" lemma="betalen" type="open">
      <span>
        <target id="w_145"/>
      </span>
    </term>
    <term tid="t_146" lemma="." type="open">
      <span>
        <target id="w_146"/>
      </span>
    </term>
    <term tid="t_147" lemma="bij" type="open">
      <span>
        <target id="w_147"/>
      </span>
    </term>
    <term tid="t_148" lemma="het" type="open">
      <span>
        <target id="w_148"/>
      </span>
    </term>
    <term tid="t_149" lemma="uitchecken" type="open">
      <span>
        <target id="w_149"/>
      </span>
    </term>
    <term tid="t_150" lemma="wilde" type="open">
      <span>
        <target id="w_150"/>
      </span>
    </term>
    <term tid="t_151" lemma="ze" type="open">
      <span>
        <target id="w_151"/>
      </span>
    </term>
    <term tid="t_152" lemma="ons" type="open">
      <span>
        <target id="w_152"/>
      </span>
    </term>
    <term tid="t_153" lemma="ook" type="open">
      <span>
        <target id="w_153"/>
      </span>
    </term>
    <term tid="t_154" lemma="nog" type="open">
      <span>
        <target id="w_154"/>
      </span>
    </term>
    <term tid="t_155" lemma="eens" type="open">
      <span>
        <target id="w_155"/>
      </span>
    </term>
    <term tid="t_156" lemma="de" type="open">
      <span>
        <target id="w_156"/>
      </span>
    </term>
    <term tid="t_157" lemma="kamer" type="open">
      <span>
        <target id="w_157"/>
      </span>
    </term>
    <term tid="t_158" lemma="laten" type="open">
      <span>
        <target id="w_158"/>
      </span>
    </term>
    <term tid="t_159" lemma="betalen" type="open">
      <span>
        <target id="w_159"/>
      </span>
    </term>
    <term tid="t_160" lemma="terwijl" type="open">
      <span>
        <target id="w_160"/>
      </span>
    </term>
    <term tid="t_161" lemma="dit" type="open">
      <span>
        <target id="w_161"/>
      </span>
    </term>
    <term tid="t_162" lemma="maanden" type="open">
      <span>
        <target id="w_162"/>
      </span>
    </term>
    <term tid="t_163" lemma="geleden" type="open">
      <span>
        <target id="w_163"/>
      </span>
    </term>
    <term tid="t_164" lemma="al" type="open">
      <span>
        <target id="w_164"/>
      </span>
    </term>
    <term tid="t_165" lemma="via" type="open">
      <span>
        <target id="w_165"/>
      </span>
    </term>
    <term tid="t_166" lemma="otel" type="open">
      <span>
        <target id="w_166"/>
      </span>
    </term>
    <term tid="t_167" lemma="was" type="open">
      <span>
        <target id="w_167"/>
      </span>
    </term>
    <term tid="t_168" lemma="betaald" type="open">
      <span>
        <target id="w_168"/>
      </span>
    </term>
    <term tid="t_169" lemma="." type="open">
      <span>
        <target id="w_169"/>
      </span>
    </term>
    <term tid="t_170" lemma="dit" type="open">
      <span>
        <target id="w_170"/>
      </span>
    </term>
    <term tid="t_171" lemma="duurde" type="open">
      <span>
        <target id="w_171"/>
      </span>
    </term>
    <term tid="t_172" lemma="een" type="open">
      <span>
        <target id="w_172"/>
      </span>
    </term>
    <term tid="t_173" lemma="kwartier" type="open">
      <span>
        <target id="w_173"/>
      </span>
    </term>
    <term tid="t_174" lemma="voordat" type="open">
      <span>
        <target id="w_174"/>
      </span>
    </term>
    <term tid="t_175" lemma="ze" type="open">
      <span>
        <target id="w_175"/>
      </span>
    </term>
    <term tid="t_176" lemma="dit" type="open">
      <span>
        <target id="w_176"/>
      </span>
    </term>
    <term tid="t_177" lemma="hadden" type="open">
      <span>
        <target id="w_177"/>
      </span>
    </term>
    <term tid="t_178" lemma="uitgezocht" type="open">
      <span>
        <target id="w_178"/>
      </span>
    </term>
    <term tid="t_179" lemma="." type="open">
      <span>
        <target id="w_179"/>
      </span>
    </term>
    <term tid="t_180" lemma="het" type="open">
      <span>
        <target id="w_180"/>
      </span>
    </term>
    <term tid="t_181" lemma="heeft" type="open">
      <span>
        <target id="w_181"/>
      </span>
    </term>
    <term tid="t_182" lemma="niet" type="open">
      <span>
        <target id="w_182"/>
      </span>
      <sentiment sentiment_modifier="shifter" resource="VUA_olery_lexicon_nl_lmf"/>
    </term>
    <term tid="t_183" lemma="de" type="open">
      <span>
        <target id="w_183"/>
      </span>
    </term>
    <term tid="t_184" lemma="luxe" type="open" pos="N">
      <span>
        <target id="w_184"/>
      </span>
      <sentiment polarity="positive" resource="VUA_olery_lexicon_nl_lmf"/>
    </term>
    <term tid="t_185" lemma="die" type="open">
      <span>
        <target id="w_185"/>
      </span>
    </term>
    <term tid="t_186" lemma="op" type="open">
      <span>
        <target id="w_186"/>
      </span>
    </term>
    <term tid="t_187" lemma="de" type="open">
      <span>
        <target id="w_187"/>
      </span>
    </term>
    <term tid="t_188" lemma="website" type="open">
      <span>
        <target id="w_188"/>
      </span>
    </term>
    <term tid="t_189" lemma="staat" type="open">
      <span>
        <target id="w_189"/>
      </span>
    </term>
    <term tid="t_190" lemma="vermeld" type="open">
      <span>
        <target id="w_190"/>
      </span>
    </term>
    <term tid="t_191" lemma="." type="open">
      <span>
        <target id="w_191"/>
      </span>
    </term>
  </terms>
  <entities>
    <entity type="MISC" eid="e_1">
      <span>
        <target id="t_107"/>
      </span>
      <span>
        <target id="t_110"/>
      </span>
      <span>
        <target id="t_128"/>
      </span>
    </entity>
    <entity type="ORG" eid="e_2">
      <span>
        <target id="t_34"/>
      </span>
      <span>
        <target id="t_157"/>
      </span>
    </entity>
    <entity type="PER" eid="e_3">
      <span>
        <target id="t_61"/>
      </span>
    </entity>
    <entity type="MISC" eid="e_4">
      <span>
        <target id="t_188"/>
      </span>
    </entity>
  </entities>
  <properties>
    <property type="value_for_money" pid="p_1">
      <span>
        <target id="t_145"/>
      </span>
      <span>
        <target id="t_159"/>
      </span>
    </property>
    <property type="room" pid="p_2">
      <span>
        <target id="t_34"/>
      </span>
      <span>
        <target id="t_62"/>
      </span>
      <span>
        <target id="t_157"/>
      </span>
    </property>
    <property type="sleeping_comfort" pid="p_3">
      <span>
        <target id="t_90"/>
      </span>
    </property>
    <property type="swimming_pool" pid="p_4">
      <span>
        <target id="t_100"/>
      </span>
    </property>
    <property type="parking" pid="p_5">
      <span>
        <target id="t_135"/>
      </span>
    </property>
    <property type="staff" pid="p_6">
      <span>
        <target id="t_31"/>
      </span>
      <span>
        <target id="t_49"/>
      </span>
      <span>
        <target id="t_118"/>
      </span>
      <span>
        <target id="t_149"/>
      </span>
    </property>
  </properties>
  <opinions>
    <opinion oid="o_1">
      <opinion_target>
        <span>
          <target id="t_1"/>
        </span>
      </opinion_target>
      <opinion_expression polarity="positive" strength="1">
        <span>
          <target id="t_2"/>
        </span>
      </opinion_expression>
    </opinion>
    <opinion oid="o_2">
      <opinion_target>
        <span>
          <target id="t_21"/>
        </span>
      </opinion_target>
      <opinion_expression polarity="negative" strength="-1">
        <span>
          <target id="t_20"/>
        </span>
      </opinion_expression>
    </opinion>
    <opinion oid="o_3">
      <opinion_target>
        <span>
          <target id="t_26"/>
        </span>
      </opinion_target>
      <opinion_expression polarity="negative" strength="-1">
        <span>
          <target id="t_24"/>
        </span>
      </opinion_expression>
    </opinion>
    <opinion oid="o_4">
      <opinion_target>
        <span>
          <target id="t_27"/>
        </span>
      </opinion_target>
      <opinion_expression polarity="negative" strength="-1">
        <span>
          <target id="t_28"/>
        </span>
      </opinion_expression>
    </opinion>
    <opinion oid="o_5">
      <opinion_target>
        <span>
          <target id="t_49"/>
        </span>
      </opinion_target>
      <opinion_expression polarity="negative" strength="-1">
        <span>
          <target id="t_47"/>
        </span>
      </opinion_expression>
    </opinion>
    <opinion oid="o_6">
      <opinion_target>
        <span>
          <target id="t_58"/>
        </span>
      </opinion_target>
      <opinion_expression polarity="positive" strength="1">
        <span>
          <target id="t_55"/>
        </span>
      </opinion_expression>
    </opinion>
    <opinion oid="o_7">
      <opinion_target>
        <span>
          <target id="t_90"/>
        </span>
      </opinion_target>
      <opinion_expression polarity="negative" strength="-1">
        <span>
          <target id="t_89"/>
        </span>
      </opinion_expression>
    </opinion>
    <opinion oid="o_8">
      <opinion_target>
        <span>
          <target id="t_97"/>
        </span>
      </opinion_target>
      <opinion_expression polarity="negative" strength="-1">
        <span>
          <target id="t_96"/>
        </span>
      </opinion_expression>
    </opinion>
    <opinion oid="o_9">
      <opinion_target>
        <span>
          <target id="t_102"/>
        </span>
      </opinion_target>
      <opinion_expression polarity="positive" strength="1">
        <span>
          <target id="t_103"/>
        </span>
      </opinion_expression>
    </opinion>
    <opinion oid="o_10">
      <opinion_target>
        <span>
          <target id="t_126"/>
        </span>
      </opinion_target>
      <opinion_expression polarity="negative" strength="-1">
        <span>
          <target id="t_124"/>
        </span>
      </opinion_expression>
    </opinion>
  </opinions>
</KAF>
