<?xml version='1.0' encoding='UTF-8'?>
<KAF xml:lang="nl">
  <linguisticProcessors layer="text">
    <lp timestamp="2013-01-06T18:33:14CET" version="2.0" name="SentenceTokenizer"/>
  </linguisticProcessors>
  <linguisticProcessors layer="terms">
    <lp timestamp="2013-01-06T18:33:14CET" version="2.0" name="SentenceTokenizer"/>
    <lp timestamp="2013-01-06T18:33:14CET" version="1.0" name="SimplePolarityTagger"/>
  </linguisticProcessors>
  <linguisticProcessor layer="opinions">
    <lp timestamp="2013-01-06T18:33:14CET" version="1.0" name="SimpleOpinionDetector"/>
  </linguisticProcessor>
  <linguisticProcessor layer="properties">
    <lp timestamp="2013-01-06T18:33:14CET" version="1.0" name="SimplePropRecognizer_lookup"/>
  </linguisticProcessor>
  <linguisticProcessor layer="entities">
    <lp timestamp="2013-01-06T18:33:14CET" version="1.0" name="SimpleNER_lookup"/>
  </linguisticProcessor>
  <text>
    <wf wid="w_1" para="1" sent="1">Eind</wf>
    <wf wid="w_2" para="1" sent="1">april</wf>
    <wf wid="w_3" para="1" sent="1">2010</wf>
    <wf wid="w_4" para="1" sent="1">hier</wf>
    <wf wid="w_5" para="1" sent="1">geweest</wf>
    <wf wid="w_6" para="1" sent="1">.</wf>
    <wf wid="w_7" para="1" sent="2">De</wf>
    <wf wid="w_8" para="1" sent="2">kamer</wf>
    <wf wid="w_9" para="1" sent="2">was</wf>
    <wf wid="w_10" para="1" sent="2">,</wf>
    <wf wid="w_11" para="1" sent="2">natuurlijk</wf>
    <wf wid="w_12" para="1" sent="2">,</wf>
    <wf wid="w_13" para="1" sent="2">geheel</wf>
    <wf wid="w_14" para="1" sent="2">nieuw</wf>
    <wf wid="w_15" para="1" sent="2">.</wf>
    <wf wid="w_16" para="1" sent="3">Sofitel</wf>
    <wf wid="w_17" para="1" sent="3">staat</wf>
    <wf wid="w_18" para="1" sent="3">bekend</wf>
    <wf wid="w_19" para="1" sent="3">om</wf>
    <wf wid="w_20" para="1" sent="3">haar</wf>
    <wf wid="w_21" para="1" sent="3">bedden</wf>
    <wf wid="w_22" para="1" sent="3">.</wf>
    <wf wid="w_23" para="1" sent="4">En</wf>
    <wf wid="w_24" para="1" sent="4">ons</wf>
    <wf wid="w_25" para="1" sent="4">bed</wf>
    <wf wid="w_26" para="1" sent="4">was</wf>
    <wf wid="w_27" para="1" sent="4">dus</wf>
    <wf wid="w_28" para="1" sent="4">zeker</wf>
    <wf wid="w_29" para="1" sent="4">een</wf>
    <wf wid="w_30" para="1" sent="4">10</wf>
    <wf wid="w_31" para="1" sent="4">+</wf>
    <wf wid="w_32" para="1" sent="4">Een</wf>
    <wf wid="w_33" para="1" sent="4">prima</wf>
    <wf wid="w_34" para="1" sent="4">hotel</wf>
    <wf wid="w_35" para="1" sent="4">met</wf>
    <wf wid="w_36" para="1" sent="4">super</wf>
    <wf wid="w_37" para="1" sent="4">de</wf>
    <wf wid="w_38" para="1" sent="4">luxe</wf>
    <wf wid="w_39" para="1" sent="4">vriendelijk</wf>
    <wf wid="w_40" para="1" sent="4">personeel</wf>
    <wf wid="w_41" para="1" sent="4">.</wf>
    <wf wid="w_42" para="1" sent="5">Alleen</wf>
    <wf wid="w_43" para="1" sent="5">is</wf>
    <wf wid="w_44" para="1" sent="5">dit</wf>
    <wf wid="w_45" para="1" sent="5">hotel</wf>
    <wf wid="w_46" para="1" sent="5">niet</wf>
    <wf wid="w_47" para="1" sent="5">een</wf>
    <wf wid="w_48" para="1" sent="5">echt</wf>
    <wf wid="w_49" para="1" sent="5">strandvriendelijk</wf>
    <wf wid="w_50" para="1" sent="5">hotel</wf>
    <wf wid="w_51" para="1" sent="5">(</wf>
    <wf wid="w_52" para="1" sent="5">Heeft</wf>
    <wf wid="w_53" para="1" sent="5">geen</wf>
    <wf wid="w_54" para="1" sent="5">eigen</wf>
    <wf wid="w_55" para="1" sent="5">strand</wf>
    <wf wid="w_56" para="1" sent="5">)</wf>
    <wf wid="w_57" para="1" sent="5">In</wf>
    <wf wid="w_58" para="1" sent="5">dit</wf>
    <wf wid="w_59" para="1" sent="5">hotel</wf>
    <wf wid="w_60" para="1" sent="5">is</wf>
    <wf wid="w_61" para="1" sent="5">het</wf>
    <wf wid="w_62" para="1" sent="5">niet</wf>
    <wf wid="w_63" para="1" sent="5">de</wf>
    <wf wid="w_64" para="1" sent="5">bedoeling</wf>
    <wf wid="w_65" para="1" sent="5">dat</wf>
    <wf wid="w_66" para="1" sent="5">de</wf>
    <wf wid="w_67" para="1" sent="5">gasten</wf>
    <wf wid="w_68" para="1" sent="5">in</wf>
    <wf wid="w_69" para="1" sent="5">strandkleding</wf>
    <wf wid="w_70" para="1" sent="5">door</wf>
    <wf wid="w_71" para="1" sent="5">de</wf>
    <wf wid="w_72" para="1" sent="5">loby</wf>
    <wf wid="w_73" para="1" sent="5">wandelen</wf>
    <wf wid="w_74" para="1" sent="5">.</wf>
  </text>
  <terms>
    <term tid="t_1" lemma="eind" type="open">
      <span>
        <target id="w_1"/>
      </span>
    </term>
    <term tid="t_2" lemma="april" type="open">
      <span>
        <target id="w_2"/>
      </span>
    </term>
    <term tid="t_3" lemma="2010" type="open">
      <span>
        <target id="w_3"/>
      </span>
    </term>
    <term tid="t_4" lemma="hier" type="open">
      <span>
        <target id="w_4"/>
      </span>
    </term>
    <term tid="t_5" lemma="geweest" type="open">
      <span>
        <target id="w_5"/>
      </span>
    </term>
    <term tid="t_6" lemma="." type="open">
      <span>
        <target id="w_6"/>
      </span>
    </term>
    <term tid="t_7" lemma="de" type="open">
      <span>
        <target id="w_7"/>
      </span>
    </term>
    <term tid="t_8" lemma="kamer" type="open">
      <span>
        <target id="w_8"/>
      </span>
    </term>
    <term tid="t_9" lemma="was" type="open">
      <span>
        <target id="w_9"/>
      </span>
    </term>
    <term tid="t_10" lemma="," type="open">
      <span>
        <target id="w_10"/>
      </span>
    </term>
    <term tid="t_11" lemma="natuurlijk" type="open">
      <span>
        <target id="w_11"/>
      </span>
    </term>
    <term tid="t_12" lemma="," type="open">
      <span>
        <target id="w_12"/>
      </span>
    </term>
    <term tid="t_13" lemma="geheel" type="open">
      <span>
        <target id="w_13"/>
      </span>
      <sentiment sentiment_modifier="intensifier" resource="VUA_olery_lexicon_nl_lmf"/>
    </term>
    <term tid="t_14" lemma="nieuw" type="open">
      <span>
        <target id="w_14"/>
      </span>
    </term>
    <term tid="t_15" lemma="." type="open">
      <span>
        <target id="w_15"/>
      </span>
    </term>
    <term tid="t_16" lemma="sofitel" type="open">
      <span>
        <target id="w_16"/>
      </span>
    </term>
    <term tid="t_17" lemma="staat" type="open">
      <span>
        <target id="w_17"/>
      </span>
    </term>
    <term tid="t_18" lemma="bekend" type="open">
      <span>
        <target id="w_18"/>
      </span>
    </term>
    <term tid="t_19" lemma="om" type="open">
      <span>
        <target id="w_19"/>
      </span>
    </term>
    <term tid="t_20" lemma="haar" type="open" pos="N">
      <span>
        <target id="w_20"/>
      </span>
      <sentiment polarity="negative" resource="VUA_olery_lexicon_nl_lmf"/>
    </term>
    <term tid="t_21" lemma="bedden" type="open">
      <span>
        <target id="w_21"/>
      </span>
    </term>
    <term tid="t_22" lemma="." type="open">
      <span>
        <target id="w_22"/>
      </span>
    </term>
    <term tid="t_23" lemma="en" type="open">
      <span>
        <target id="w_23"/>
      </span>
    </term>
    <term tid="t_24" lemma="ons" type="open">
      <span>
        <target id="w_24"/>
      </span>
    </term>
    <term tid="t_25" lemma="bed" type="open">
      <span>
        <target id="w_25"/>
      </span>
    </term>
    <term tid="t_26" lemma="was" type="open">
      <span>
        <target id="w_26"/>
      </span>
    </term>
    <term tid="t_27" lemma="dus" type="open">
      <span>
        <target id="w_27"/>
      </span>
    </term>
    <term tid="t_28" lemma="zeker" type="open">
      <span>
        <target id="w_28"/>
      </span>
    </term>
    <term tid="t_29" lemma="een" type="open">
      <span>
        <target id="w_29"/>
      </span>
    </term>
    <term tid="t_30" lemma="10" type="open">
      <span>
        <target id="w_30"/>
      </span>
    </term>
    <term tid="t_31" lemma="+" type="open">
      <span>
        <target id="w_31"/>
      </span>
    </term>
    <term tid="t_32" lemma="een" type="open">
      <span>
        <target id="w_32"/>
      </span>
    </term>
    <term tid="t_33" lemma="prima" type="open" pos="G">
      <span>
        <target id="w_33"/>
      </span>
      <sentiment polarity="positive" resource="VUA_olery_lexicon_nl_lmf"/>
    </term>
    <term tid="t_34" lemma="hotel" type="open">
      <span>
        <target id="w_34"/>
      </span>
    </term>
    <term tid="t_35" lemma="met" type="open">
      <span>
        <target id="w_35"/>
      </span>
    </term>
    <term tid="t_36" lemma="super" type="open" pos="N">
      <span>
        <target id="w_36"/>
      </span>
      <sentiment polarity="positive" resource="VUA_olery_lexicon_nl_lmf"/>
    </term>
    <term tid="t_37" lemma="de" type="open">
      <span>
        <target id="w_37"/>
      </span>
    </term>
    <term tid="t_38" lemma="luxe" type="open" pos="N">
      <span>
        <target id="w_38"/>
      </span>
      <sentiment polarity="positive" resource="VUA_olery_lexicon_nl_lmf"/>
    </term>
    <term tid="t_39" lemma="vriendelijk" type="open" pos="G">
      <span>
        <target id="w_39"/>
      </span>
      <sentiment polarity="positive" resource="VUA_olery_lexicon_nl_lmf"/>
    </term>
    <term tid="t_40" lemma="personeel" type="open">
      <span>
        <target id="w_40"/>
      </span>
    </term>
    <term tid="t_41" lemma="." type="open">
      <span>
        <target id="w_41"/>
      </span>
    </term>
    <term tid="t_42" lemma="alleen" type="open">
      <span>
        <target id="w_42"/>
      </span>
    </term>
    <term tid="t_43" lemma="is" type="open">
      <span>
        <target id="w_43"/>
      </span>
    </term>
    <term tid="t_44" lemma="dit" type="open">
      <span>
        <target id="w_44"/>
      </span>
    </term>
    <term tid="t_45" lemma="hotel" type="open">
      <span>
        <target id="w_45"/>
      </span>
    </term>
    <term tid="t_46" lemma="niet" type="open">
      <span>
        <target id="w_46"/>
      </span>
      <sentiment sentiment_modifier="shifter" resource="VUA_olery_lexicon_nl_lmf"/>
    </term>
    <term tid="t_47" lemma="een" type="open">
      <span>
        <target id="w_47"/>
      </span>
    </term>
    <term tid="t_48" lemma="echt" type="open">
      <span>
        <target id="w_48"/>
      </span>
      <sentiment sentiment_modifier="intensifier" resource="VUA_olery_lexicon_nl_lmf"/>
    </term>
    <term tid="t_49" lemma="strandvriendelijk" type="open">
      <span>
        <target id="w_49"/>
      </span>
    </term>
    <term tid="t_50" lemma="hotel" type="open">
      <span>
        <target id="w_50"/>
      </span>
    </term>
    <term tid="t_51" lemma="(" type="open">
      <span>
        <target id="w_51"/>
      </span>
    </term>
    <term tid="t_52" lemma="heeft" type="open">
      <span>
        <target id="w_52"/>
      </span>
    </term>
    <term tid="t_53" lemma="geen" type="open">
      <span>
        <target id="w_53"/>
      </span>
      <sentiment sentiment_modifier="shifter" resource="VUA_olery_lexicon_nl_lmf"/>
    </term>
    <term tid="t_54" lemma="eigen" type="open">
      <span>
        <target id="w_54"/>
      </span>
    </term>
    <term tid="t_55" lemma="strand" type="open">
      <span>
        <target id="w_55"/>
      </span>
    </term>
    <term tid="t_56" lemma=")" type="open">
      <span>
        <target id="w_56"/>
      </span>
    </term>
    <term tid="t_57" lemma="in" type="open">
      <span>
        <target id="w_57"/>
      </span>
    </term>
    <term tid="t_58" lemma="dit" type="open">
      <span>
        <target id="w_58"/>
      </span>
    </term>
    <term tid="t_59" lemma="hotel" type="open">
      <span>
        <target id="w_59"/>
      </span>
    </term>
    <term tid="t_60" lemma="is" type="open">
      <span>
        <target id="w_60"/>
      </span>
    </term>
    <term tid="t_61" lemma="het" type="open">
      <span>
        <target id="w_61"/>
      </span>
    </term>
    <term tid="t_62" lemma="niet" type="open">
      <span>
        <target id="w_62"/>
      </span>
      <sentiment sentiment_modifier="shifter" resource="VUA_olery_lexicon_nl_lmf"/>
    </term>
    <term tid="t_63" lemma="de" type="open">
      <span>
        <target id="w_63"/>
      </span>
    </term>
    <term tid="t_64" lemma="bedoeling" type="open">
      <span>
        <target id="w_64"/>
      </span>
    </term>
    <term tid="t_65" lemma="dat" type="open">
      <span>
        <target id="w_65"/>
      </span>
    </term>
    <term tid="t_66" lemma="de" type="open">
      <span>
        <target id="w_66"/>
      </span>
    </term>
    <term tid="t_67" lemma="gasten" type="open">
      <span>
        <target id="w_67"/>
      </span>
    </term>
    <term tid="t_68" lemma="in" type="open">
      <span>
        <target id="w_68"/>
      </span>
    </term>
    <term tid="t_69" lemma="strandkleding" type="open">
      <span>
        <target id="w_69"/>
      </span>
    </term>
    <term tid="t_70" lemma="door" type="open">
      <span>
        <target id="w_70"/>
      </span>
    </term>
    <term tid="t_71" lemma="de" type="open">
      <span>
        <target id="w_71"/>
      </span>
    </term>
    <term tid="t_72" lemma="loby" type="open">
      <span>
        <target id="w_72"/>
      </span>
    </term>
    <term tid="t_73" lemma="wandelen" type="open">
      <span>
        <target id="w_73"/>
      </span>
    </term>
    <term tid="t_74" lemma="." type="open">
      <span>
        <target id="w_74"/>
      </span>
    </term>
  </terms>
  <entities>
    <entity type="PER" eid="e_1">
      <span>
        <target id="t_54"/>
      </span>
    </entity>
    <entity type="ORG" eid="e_2">
      <span>
        <target id="t_8"/>
      </span>
    </entity>
    <entity type="PER" eid="e_3">
      <span>
        <target id="t_33"/>
      </span>
    </entity>
  </entities>
  <properties>
    <property type="cleanliness" pid="p_1">
      <span>
        <target id="t_20"/>
      </span>
    </property>
    <property type="facilities" pid="p_2">
      <span>
        <target id="t_55"/>
      </span>
      <span>
        <target id="t_73"/>
      </span>
    </property>
    <property type="room" pid="p_3">
      <span>
        <target id="t_8"/>
      </span>
    </property>
    <property type="sleeping_comfort" pid="p_4">
      <span>
        <target id="t_25"/>
      </span>
    </property>
    <property type="staff" pid="p_5">
      <span>
        <target id="t_39"/>
      </span>
      <span>
        <target id="t_40"/>
      </span>
    </property>
  </properties>
  <opinions>
    <opinion oid="o_1">
      <opinion_target>
        <span>
          <target id="t_21"/>
        </span>
      </opinion_target>
      <opinion_expression polarity="negative" strength="-1">
        <span>
          <target id="t_20"/>
        </span>
      </opinion_expression>
    </opinion>
    <opinion oid="o_2">
      <opinion_target>
        <span>
          <target id="t_34"/>
        </span>
      </opinion_target>
      <opinion_expression polarity="positive" strength="1">
        <span>
          <target id="t_33"/>
        </span>
      </opinion_expression>
    </opinion>
    <opinion oid="o_3">
      <opinion_target>
        <span>
          <target id="t_40"/>
        </span>
      </opinion_target>
      <opinion_expression polarity="positive" strength="2">
        <span>
          <target id="t_38"/>
          <target id="t_39"/>
        </span>
      </opinion_expression>
    </opinion>
  </opinions>
</KAF>
