<?xml version='1.0' encoding='UTF-8'?>
<KAF xml:lang="nl">
  <linguisticProcessors layer="text">
    <lp timestamp="2013-01-06T18:30:12CET" version="2.0" name="SentenceTokenizer"/>
  </linguisticProcessors>
  <linguisticProcessors layer="terms">
    <lp timestamp="2013-01-06T18:30:12CET" version="2.0" name="SentenceTokenizer"/>
    <lp timestamp="2013-01-06T18:30:13CET" version="1.0" name="SimplePolarityTagger"/>
  </linguisticProcessors>
  <linguisticProcessor layer="opinions">
    <lp timestamp="2013-01-06T18:30:13CET" version="1.0" name="SimpleOpinionDetector"/>
  </linguisticProcessor>
  <linguisticProcessor layer="properties">
    <lp timestamp="2013-01-06T18:30:13CET" version="1.0" name="SimplePropRecognizer_lookup"/>
  </linguisticProcessor>
  <linguisticProcessor layer="entities">
    <lp timestamp="2013-01-06T18:30:13CET" version="1.0" name="SimpleNER_lookup"/>
  </linguisticProcessor>
  <text>
    <wf wid="w_1" para="1" sent="1">hotel</wf>
    <wf wid="w_2" para="1" sent="1">ligt</wf>
    <wf wid="w_3" para="1" sent="1">zeer</wf>
    <wf wid="w_4" para="1" sent="1">centraal</wf>
    <wf wid="w_5" para="1" sent="1">..</wf>
    <wf wid="w_6" para="1" sent="2">Bed</wf>
    <wf wid="w_7" para="1" sent="2">was</wf>
    <wf wid="w_8" para="1" sent="2">toch</wf>
    <wf wid="w_9" para="1" sent="2">iets</wf>
    <wf wid="w_10" para="1" sent="2">te</wf>
    <wf wid="w_11" para="1" sent="2">krap</wf>
    <wf wid="w_12" para="1" sent="2">om</wf>
    <wf wid="w_13" para="1" sent="2">met</wf>
    <wf wid="w_14" para="1" sent="2">z</wf>
    <wf wid="w_15" para="1" sent="2">'n</wf>
    <wf wid="w_16" para="1" sent="2">drieën</wf>
    <wf wid="w_17" para="1" sent="2">in</wf>
    <wf wid="w_18" para="1" sent="2">te</wf>
    <wf wid="w_19" para="1" sent="2">slapen</wf>
    <wf wid="w_20" para="1" sent="2">.</wf>
  </text>
  <terms>
    <term tid="t_1" lemma="hotel" type="open">
      <span>
        <target id="w_1"/>
      </span>
    </term>
    <term tid="t_2" lemma="ligt" type="open">
      <span>
        <target id="w_2"/>
      </span>
    </term>
    <term tid="t_3" lemma="zeer" type="open">
      <span>
        <target id="w_3"/>
      </span>
      <sentiment sentiment_modifier="intensifier" resource="VUA_olery_lexicon_nl_lmf"/>
    </term>
    <term tid="t_4" lemma="centraal" type="open" pos="G">
      <span>
        <target id="w_4"/>
      </span>
      <sentiment polarity="positive" resource="VUA_olery_lexicon_nl_lmf"/>
    </term>
    <term tid="t_5" lemma=".." type="open">
      <span>
        <target id="w_5"/>
      </span>
    </term>
    <term tid="t_6" lemma="bed" type="open">
      <span>
        <target id="w_6"/>
      </span>
    </term>
    <term tid="t_7" lemma="was" type="open">
      <span>
        <target id="w_7"/>
      </span>
    </term>
    <term tid="t_8" lemma="toch" type="open">
      <span>
        <target id="w_8"/>
      </span>
    </term>
    <term tid="t_9" lemma="iets" type="open">
      <span>
        <target id="w_9"/>
      </span>
    </term>
    <term tid="t_10" lemma="te" type="open">
      <span>
        <target id="w_10"/>
      </span>
    </term>
    <term tid="t_11" lemma="krap" type="open" pos="G">
      <span>
        <target id="w_11"/>
      </span>
      <sentiment polarity="negative" resource="VUA_olery_lexicon_nl_lmf"/>
    </term>
    <term tid="t_12" lemma="om" type="open">
      <span>
        <target id="w_12"/>
      </span>
    </term>
    <term tid="t_13" lemma="met" type="open">
      <span>
        <target id="w_13"/>
      </span>
    </term>
    <term tid="t_14" lemma="z" type="open">
      <span>
        <target id="w_14"/>
      </span>
    </term>
    <term tid="t_15" lemma="'n" type="open">
      <span>
        <target id="w_15"/>
      </span>
    </term>
    <term tid="t_16" lemma="drieën" type="open">
      <span>
        <target id="w_16"/>
      </span>
    </term>
    <term tid="t_17" lemma="in" type="open">
      <span>
        <target id="w_17"/>
      </span>
    </term>
    <term tid="t_18" lemma="te" type="open">
      <span>
        <target id="w_18"/>
      </span>
    </term>
    <term tid="t_19" lemma="slapen" type="open">
      <span>
        <target id="w_19"/>
      </span>
    </term>
    <term tid="t_20" lemma="." type="open">
      <span>
        <target id="w_20"/>
      </span>
    </term>
  </terms>
  <entities>
    <entity type="LOC" eid="e_1">
      <span>
        <target id="t_4"/>
      </span>
    </entity>
  </entities>
  <properties>
    <property type="location" pid="p_1">
      <span>
        <target id="t_4"/>
      </span>
    </property>
    <property type="sleeping_comfort" pid="p_2">
      <span>
        <target id="t_6"/>
      </span>
      <span>
        <target id="t_19"/>
      </span>
    </property>
    <property type="room" pid="p_3">
      <span>
        <target id="t_11"/>
      </span>
    </property>
  </properties>
  <opinions>
    <opinion oid="o_1">
      <opinion_target>
        <span>
          <target id="t_2"/>
        </span>
      </opinion_target>
      <opinion_expression polarity="positive" strength="2">
        <span>
          <target id="t_4"/>
          <target id="t_3"/>
        </span>
      </opinion_expression>
    </opinion>
  </opinions>
</KAF>
