<?xml version='1.0' encoding='UTF-8'?>
<KAF xml:lang="nl">
  <linguisticProcessors layer="text">
    <lp timestamp="2013-01-06T18:34:43CET" version="2.0" name="SentenceTokenizer"/>
  </linguisticProcessors>
  <linguisticProcessors layer="terms">
    <lp timestamp="2013-01-06T18:34:43CET" version="2.0" name="SentenceTokenizer"/>
    <lp timestamp="2013-01-06T18:34:43CET" version="1.0" name="SimplePolarityTagger"/>
  </linguisticProcessors>
  <linguisticProcessor layer="opinions">
    <lp timestamp="2013-01-06T18:34:43CET" version="1.0" name="SimpleOpinionDetector"/>
  </linguisticProcessor>
  <linguisticProcessor layer="properties">
    <lp timestamp="2013-01-06T18:34:43CET" version="1.0" name="SimplePropRecognizer_lookup"/>
  </linguisticProcessor>
  <linguisticProcessor layer="entities">
    <lp timestamp="2013-01-06T18:34:43CET" version="1.0" name="SimpleNER_lookup"/>
  </linguisticProcessor>
  <text>
    <wf wid="w_1" para="1" sent="1">Nette</wf>
    <wf wid="w_2" para="1" sent="1">,</wf>
    <wf wid="w_3" para="1" sent="1">eenvoudige</wf>
    <wf wid="w_4" para="1" sent="1">schone</wf>
    <wf wid="w_5" para="1" sent="1">en</wf>
    <wf wid="w_6" para="1" sent="1">kleine</wf>
    <wf wid="w_7" para="1" sent="1">kamer</wf>
    <wf wid="w_8" para="1" sent="1">.</wf>
    <wf wid="w_9" para="1" sent="2">Prima</wf>
    <wf wid="w_10" para="1" sent="2">voor</wf>
    <wf wid="w_11" para="1" sent="2">de</wf>
    <wf wid="w_12" para="1" sent="2">prijs</wf>
    <wf wid="w_13" para="1" sent="2">die</wf>
    <wf wid="w_14" para="1" sent="2">er</wf>
    <wf wid="w_15" para="1" sent="2">tegenover</wf>
    <wf wid="w_16" para="1" sent="2">stond</wf>
    <wf wid="w_17" para="1" sent="2">,</wf>
    <wf wid="w_18" para="1" sent="2">zeker</wf>
    <wf wid="w_19" para="1" sent="2">in</wf>
    <wf wid="w_20" para="1" sent="2">vergelijking</wf>
    <wf wid="w_21" para="1" sent="2">met</wf>
    <wf wid="w_22" para="1" sent="2">de</wf>
    <wf wid="w_23" para="1" sent="2">rest</wf>
    <wf wid="w_24" para="1" sent="2">van</wf>
    <wf wid="w_25" para="1" sent="2">de</wf>
    <wf wid="w_26" para="1" sent="2">hotels</wf>
    <wf wid="w_27" para="1" sent="2">in</wf>
    <wf wid="w_28" para="1" sent="2">en</wf>
    <wf wid="w_29" para="1" sent="2">rond</wf>
    <wf wid="w_30" para="1" sent="2">den</wf>
    <wf wid="w_31" para="1" sent="2">Bosch</wf>
    <wf wid="w_32" para="1" sent="2">.</wf>
    <wf wid="w_33" para="1" sent="3">Busverbindingen</wf>
    <wf wid="w_34" para="1" sent="3">vlakbij</wf>
    <wf wid="w_35" para="1" sent="3">,</wf>
    <wf wid="w_36" para="1" sent="3">waarbij</wf>
    <wf wid="w_37" para="1" sent="3">de</wf>
    <wf wid="w_38" para="1" sent="3">laatste</wf>
    <wf wid="w_39" para="1" sent="3">bus</wf>
    <wf wid="w_40" para="1" sent="3">vanuit</wf>
    <wf wid="w_41" para="1" sent="3">het</wf>
    <wf wid="w_42" para="1" sent="3">centrum</wf>
    <wf wid="w_43" para="1" sent="3">'terugkeert</wf>
    <wf wid="w_44" para="1" sent="3">'</wf>
    <wf wid="w_45" para="1" sent="3">omstreeks</wf>
    <wf wid="w_46" para="1" sent="3">00</wf>
    <wf wid="w_47" para="1" sent="3">.</wf>
    <wf wid="w_48" para="1" sent="4">15u</wf>
    <wf wid="w_49" para="1" sent="4">.</wf>
  </text>
  <terms>
    <term tid="t_1" lemma="nette" type="open">
      <span>
        <target id="w_1"/>
      </span>
    </term>
    <term tid="t_2" lemma="," type="open">
      <span>
        <target id="w_2"/>
      </span>
    </term>
    <term tid="t_3" lemma="eenvoudige" type="open">
      <span>
        <target id="w_3"/>
      </span>
    </term>
    <term tid="t_4" lemma="schone" type="open">
      <span>
        <target id="w_4"/>
      </span>
    </term>
    <term tid="t_5" lemma="en" type="open">
      <span>
        <target id="w_5"/>
      </span>
    </term>
    <term tid="t_6" lemma="kleine" type="open">
      <span>
        <target id="w_6"/>
      </span>
    </term>
    <term tid="t_7" lemma="kamer" type="open">
      <span>
        <target id="w_7"/>
      </span>
    </term>
    <term tid="t_8" lemma="." type="open">
      <span>
        <target id="w_8"/>
      </span>
    </term>
    <term tid="t_9" lemma="prima" type="open" pos="G">
      <span>
        <target id="w_9"/>
      </span>
      <sentiment polarity="positive" resource="VUA_olery_lexicon_nl_lmf"/>
    </term>
    <term tid="t_10" lemma="voor" type="open">
      <span>
        <target id="w_10"/>
      </span>
    </term>
    <term tid="t_11" lemma="de" type="open">
      <span>
        <target id="w_11"/>
      </span>
    </term>
    <term tid="t_12" lemma="prijs" type="open">
      <span>
        <target id="w_12"/>
      </span>
    </term>
    <term tid="t_13" lemma="die" type="open">
      <span>
        <target id="w_13"/>
      </span>
    </term>
    <term tid="t_14" lemma="er" type="open">
      <span>
        <target id="w_14"/>
      </span>
    </term>
    <term tid="t_15" lemma="tegenover" type="open">
      <span>
        <target id="w_15"/>
      </span>
    </term>
    <term tid="t_16" lemma="stond" type="open">
      <span>
        <target id="w_16"/>
      </span>
    </term>
    <term tid="t_17" lemma="," type="open">
      <span>
        <target id="w_17"/>
      </span>
    </term>
    <term tid="t_18" lemma="zeker" type="open">
      <span>
        <target id="w_18"/>
      </span>
    </term>
    <term tid="t_19" lemma="in" type="open">
      <span>
        <target id="w_19"/>
      </span>
    </term>
    <term tid="t_20" lemma="vergelijking" type="open">
      <span>
        <target id="w_20"/>
      </span>
    </term>
    <term tid="t_21" lemma="met" type="open">
      <span>
        <target id="w_21"/>
      </span>
    </term>
    <term tid="t_22" lemma="de" type="open">
      <span>
        <target id="w_22"/>
      </span>
    </term>
    <term tid="t_23" lemma="rest" type="open">
      <span>
        <target id="w_23"/>
      </span>
    </term>
    <term tid="t_24" lemma="van" type="open">
      <span>
        <target id="w_24"/>
      </span>
    </term>
    <term tid="t_25" lemma="de" type="open">
      <span>
        <target id="w_25"/>
      </span>
    </term>
    <term tid="t_26" lemma="hotels" type="open">
      <span>
        <target id="w_26"/>
      </span>
    </term>
    <term tid="t_27" lemma="in" type="open">
      <span>
        <target id="w_27"/>
      </span>
    </term>
    <term tid="t_28" lemma="en" type="open">
      <span>
        <target id="w_28"/>
      </span>
    </term>
    <term tid="t_29" lemma="rond" type="open">
      <span>
        <target id="w_29"/>
      </span>
    </term>
    <term tid="t_30" lemma="den" type="open">
      <span>
        <target id="w_30"/>
      </span>
    </term>
    <term tid="t_31" lemma="bosch" type="open">
      <span>
        <target id="w_31"/>
      </span>
    </term>
    <term tid="t_32" lemma="." type="open">
      <span>
        <target id="w_32"/>
      </span>
    </term>
    <term tid="t_33" lemma="busverbindingen" type="open">
      <span>
        <target id="w_33"/>
      </span>
    </term>
    <term tid="t_34" lemma="vlakbij" type="open" pos="G">
      <span>
        <target id="w_34"/>
      </span>
      <sentiment polarity="positive" resource="VUA_olery_lexicon_nl_lmf"/>
    </term>
    <term tid="t_35" lemma="," type="open">
      <span>
        <target id="w_35"/>
      </span>
    </term>
    <term tid="t_36" lemma="waarbij" type="open">
      <span>
        <target id="w_36"/>
      </span>
    </term>
    <term tid="t_37" lemma="de" type="open">
      <span>
        <target id="w_37"/>
      </span>
    </term>
    <term tid="t_38" lemma="laatste" type="open">
      <span>
        <target id="w_38"/>
      </span>
    </term>
    <term tid="t_39" lemma="bus" type="open">
      <span>
        <target id="w_39"/>
      </span>
    </term>
    <term tid="t_40" lemma="vanuit" type="open">
      <span>
        <target id="w_40"/>
      </span>
    </term>
    <term tid="t_41" lemma="het" type="open">
      <span>
        <target id="w_41"/>
      </span>
    </term>
    <term tid="t_42" lemma="centrum" type="open">
      <span>
        <target id="w_42"/>
      </span>
    </term>
    <term tid="t_43" lemma="'terugkeert" type="open">
      <span>
        <target id="w_43"/>
      </span>
    </term>
    <term tid="t_44" lemma="'" type="open">
      <span>
        <target id="w_44"/>
      </span>
    </term>
    <term tid="t_45" lemma="omstreeks" type="open">
      <span>
        <target id="w_45"/>
      </span>
    </term>
    <term tid="t_46" lemma="00" type="open">
      <span>
        <target id="w_46"/>
      </span>
    </term>
    <term tid="t_47" lemma="." type="open">
      <span>
        <target id="w_47"/>
      </span>
    </term>
    <term tid="t_48" lemma="15u" type="open">
      <span>
        <target id="w_48"/>
      </span>
    </term>
    <term tid="t_49" lemma="." type="open">
      <span>
        <target id="w_49"/>
      </span>
    </term>
  </terms>
  <entities>
    <entity type="LOC" eid="e_1">
      <span>
        <target id="t_30"/>
      </span>
    </entity>
    <entity type="ORG" eid="e_2">
      <span>
        <target id="t_7"/>
      </span>
    </entity>
    <entity type="PER" eid="e_3">
      <span>
        <target id="t_9"/>
      </span>
    </entity>
  </entities>
  <properties>
    <property type="cleanliness" pid="p_1">
      <span>
        <target id="t_4"/>
      </span>
    </property>
    <property type="value_for_money" pid="p_2">
      <span>
        <target id="t_12"/>
      </span>
    </property>
    <property type="room" pid="p_3">
      <span>
        <target id="t_7"/>
      </span>
    </property>
    <property type="location" pid="p_4">
      <span>
        <target id="t_15"/>
      </span>
      <span>
        <target id="t_34"/>
      </span>
      <span>
        <target id="t_39"/>
      </span>
      <span>
        <target id="t_42"/>
      </span>
    </property>
  </properties>
  <opinions>
    <opinion oid="o_1">
      <opinion_target>
        <span>
          <target id="t_12"/>
        </span>
      </opinion_target>
      <opinion_expression polarity="positive" strength="1">
        <span>
          <target id="t_9"/>
        </span>
      </opinion_expression>
    </opinion>
    <opinion oid="o_2">
      <opinion_target>
        <span>
          <target id="t_36"/>
        </span>
      </opinion_target>
      <opinion_expression polarity="positive" strength="1">
        <span>
          <target id="t_34"/>
        </span>
      </opinion_expression>
    </opinion>
  </opinions>
</KAF>
