<?xml version='1.0' encoding='UTF-8'?>
<KAF xml:lang="nl">
  <linguisticProcessors layer="text">
    <lp timestamp="2013-01-06T18:45:16CET" version="2.0" name="SentenceTokenizer"/>
  </linguisticProcessors>
  <linguisticProcessors layer="terms">
    <lp timestamp="2013-01-06T18:45:16CET" version="2.0" name="SentenceTokenizer"/>
    <lp timestamp="2013-01-06T18:45:16CET" version="1.0" name="SimplePolarityTagger"/>
  </linguisticProcessors>
  <linguisticProcessor layer="opinions">
    <lp timestamp="2013-01-06T18:45:16CET" version="1.0" name="SimpleOpinionDetector"/>
  </linguisticProcessor>
  <linguisticProcessor layer="properties">
    <lp timestamp="2013-01-06T18:45:16CET" version="1.0" name="SimplePropRecognizer_lookup"/>
  </linguisticProcessor>
  <linguisticProcessor layer="entities">
    <lp timestamp="2013-01-06T18:45:16CET" version="1.0" name="SimpleNER_lookup"/>
  </linguisticProcessor>
  <text>
    <wf wid="w_1" para="1" sent="1">Ouderwets</wf>
    <wf wid="w_2" para="1" sent="1">.</wf>
    <wf wid="w_3" para="1" sent="2">Erg</wf>
    <wf wid="w_4" para="1" sent="2">kleine</wf>
    <wf wid="w_5" para="1" sent="2">kamers</wf>
    <wf wid="w_6" para="1" sent="2">en</wf>
    <wf wid="w_7" para="1" sent="2">het</wf>
    <wf wid="w_8" para="1" sent="2">was</wf>
    <wf wid="w_9" para="1" sent="2">er</wf>
    <wf wid="w_10" para="1" sent="2">vooral</wf>
    <wf wid="w_11" para="1" sent="2">erg</wf>
    <wf wid="w_12" para="1" sent="2">ouderwets</wf>
    <wf wid="w_13" para="1" sent="2">.</wf>
    <wf wid="w_14" para="1" sent="3">Tijd</wf>
    <wf wid="w_15" para="1" sent="3">om</wf>
    <wf wid="w_16" para="1" sent="3">te</wf>
    <wf wid="w_17" para="1" sent="3">gaan</wf>
    <wf wid="w_18" para="1" sent="3">renoveren</wf>
    <wf wid="w_19" para="1" sent="3">.</wf>
    <wf wid="w_20" para="1" sent="4">De</wf>
    <wf wid="w_21" para="1" sent="4">ligging</wf>
    <wf wid="w_22" para="1" sent="4">van</wf>
    <wf wid="w_23" para="1" sent="4">het</wf>
    <wf wid="w_24" para="1" sent="4">hotel</wf>
    <wf wid="w_25" para="1" sent="4">is</wf>
    <wf wid="w_26" para="1" sent="4">wel</wf>
    <wf wid="w_27" para="1" sent="4">oke</wf>
    <wf wid="w_28" para="1" sent="4">!</wf>
  </text>
  <terms>
    <term tid="t_1" lemma="ouderwets" type="open" pos="G">
      <span>
        <target id="w_1"/>
      </span>
      <sentiment polarity="negative" resource="VUA_olery_lexicon_nl_lmf"/>
    </term>
    <term tid="t_2" lemma="." type="open">
      <span>
        <target id="w_2"/>
      </span>
    </term>
    <term tid="t_3" lemma="erg" type="open">
      <span>
        <target id="w_3"/>
      </span>
      <sentiment sentiment_modifier="intensifier" resource="VUA_olery_lexicon_nl_lmf"/>
    </term>
    <term tid="t_4" lemma="kleine" type="open">
      <span>
        <target id="w_4"/>
      </span>
    </term>
    <term tid="t_5" lemma="kamers" type="open">
      <span>
        <target id="w_5"/>
      </span>
    </term>
    <term tid="t_6" lemma="en" type="open">
      <span>
        <target id="w_6"/>
      </span>
    </term>
    <term tid="t_7" lemma="het" type="open">
      <span>
        <target id="w_7"/>
      </span>
    </term>
    <term tid="t_8" lemma="was" type="open">
      <span>
        <target id="w_8"/>
      </span>
    </term>
    <term tid="t_9" lemma="er" type="open">
      <span>
        <target id="w_9"/>
      </span>
    </term>
    <term tid="t_10" lemma="vooral" type="open">
      <span>
        <target id="w_10"/>
      </span>
    </term>
    <term tid="t_11" lemma="erg" type="open">
      <span>
        <target id="w_11"/>
      </span>
      <sentiment sentiment_modifier="intensifier" resource="VUA_olery_lexicon_nl_lmf"/>
    </term>
    <term tid="t_12" lemma="ouderwets" type="open" pos="G">
      <span>
        <target id="w_12"/>
      </span>
      <sentiment polarity="negative" resource="VUA_olery_lexicon_nl_lmf"/>
    </term>
    <term tid="t_13" lemma="." type="open">
      <span>
        <target id="w_13"/>
      </span>
    </term>
    <term tid="t_14" lemma="tijd" type="open">
      <span>
        <target id="w_14"/>
      </span>
    </term>
    <term tid="t_15" lemma="om" type="open">
      <span>
        <target id="w_15"/>
      </span>
    </term>
    <term tid="t_16" lemma="te" type="open">
      <span>
        <target id="w_16"/>
      </span>
    </term>
    <term tid="t_17" lemma="gaan" type="open">
      <span>
        <target id="w_17"/>
      </span>
    </term>
    <term tid="t_18" lemma="renoveren" type="open" pos="V">
      <span>
        <target id="w_18"/>
      </span>
      <sentiment polarity="positive" resource="VUA_olery_lexicon_nl_lmf"/>
    </term>
    <term tid="t_19" lemma="." type="open">
      <span>
        <target id="w_19"/>
      </span>
    </term>
    <term tid="t_20" lemma="de" type="open">
      <span>
        <target id="w_20"/>
      </span>
    </term>
    <term tid="t_21" lemma="ligging" type="open">
      <span>
        <target id="w_21"/>
      </span>
    </term>
    <term tid="t_22" lemma="van" type="open">
      <span>
        <target id="w_22"/>
      </span>
    </term>
    <term tid="t_23" lemma="het" type="open">
      <span>
        <target id="w_23"/>
      </span>
    </term>
    <term tid="t_24" lemma="hotel" type="open">
      <span>
        <target id="w_24"/>
      </span>
    </term>
    <term tid="t_25" lemma="is" type="open">
      <span>
        <target id="w_25"/>
      </span>
    </term>
    <term tid="t_26" lemma="wel" type="open">
      <span>
        <target id="w_26"/>
      </span>
    </term>
    <term tid="t_27" lemma="oke" type="open">
      <span>
        <target id="w_27"/>
      </span>
    </term>
    <term tid="t_28" lemma="!" type="open">
      <span>
        <target id="w_28"/>
      </span>
      <sentiment sentiment_modifier="intensifier" resource="VUA_olery_lexicon_nl_lmf"/>
    </term>
  </terms>
  <properties>
    <property type="location" pid="p_1">
      <span>
        <target id="t_21"/>
      </span>
    </property>
  </properties>
  <opinions>
    <opinion oid="o_1">
      <opinion_target>
        <span>
          <target id="t_10"/>
        </span>
      </opinion_target>
      <opinion_expression polarity="negative" strength="-2">
        <span>
          <target id="t_12"/>
          <target id="t_11"/>
        </span>
      </opinion_expression>
    </opinion>
    <opinion oid="o_2">
      <opinion_target>
        <span>
          <target id="t_17"/>
        </span>
      </opinion_target>
      <opinion_expression polarity="positive" strength="1">
        <span>
          <target id="t_18"/>
        </span>
      </opinion_expression>
    </opinion>
  </opinions>
</KAF>
