<?xml version='1.0' encoding='UTF-8'?>
<KAF xml:lang="nl">
  <linguisticProcessors layer="text">
    <lp timestamp="2013-01-06T18:31:16CET" version="2.0" name="SentenceTokenizer"/>
  </linguisticProcessors>
  <linguisticProcessors layer="terms">
    <lp timestamp="2013-01-06T18:31:16CET" version="2.0" name="SentenceTokenizer"/>
    <lp timestamp="2013-01-06T18:31:16CET" version="1.0" name="SimplePolarityTagger"/>
  </linguisticProcessors>
  <linguisticProcessor layer="opinions">
    <lp timestamp="2013-01-06T18:31:16CET" version="1.0" name="SimpleOpinionDetector"/>
  </linguisticProcessor>
  <linguisticProcessor layer="properties">
    <lp timestamp="2013-01-06T18:31:16CET" version="1.0" name="SimplePropRecognizer_lookup"/>
  </linguisticProcessor>
  <linguisticProcessor layer="entities">
    <lp timestamp="2013-01-06T18:31:16CET" version="1.0" name="SimpleNER_lookup"/>
  </linguisticProcessor>
  <text>
    <wf wid="w_1" para="1" sent="1">Dit</wf>
    <wf wid="w_2" para="1" sent="1">hotel</wf>
    <wf wid="w_3" para="1" sent="1">was</wf>
    <wf wid="w_4" para="1" sent="1">bij</wf>
    <wf wid="w_5" para="1" sent="1">binnenkomst</wf>
    <wf wid="w_6" para="1" sent="1">al</wf>
    <wf wid="w_7" para="1" sent="1">meteen</wf>
    <wf wid="w_8" para="1" sent="1">goed</wf>
    <wf wid="w_9" para="1" sent="1">verzorgd</wf>
    <wf wid="w_10" para="1" sent="1">.</wf>
    <wf wid="w_11" para="1" sent="2">We</wf>
    <wf wid="w_12" para="1" sent="2">konden</wf>
    <wf wid="w_13" para="1" sent="2">al</wf>
    <wf wid="w_14" para="1" sent="2">eerder</wf>
    <wf wid="w_15" para="1" sent="2">inchecken</wf>
    <wf wid="w_16" para="1" sent="2">omdat</wf>
    <wf wid="w_17" para="1" sent="2">onze</wf>
    <wf wid="w_18" para="1" sent="2">kamer</wf>
    <wf wid="w_19" para="1" sent="2">al</wf>
    <wf wid="w_20" para="1" sent="2">gereed</wf>
    <wf wid="w_21" para="1" sent="2">was</wf>
    <wf wid="w_22" para="1" sent="2">.</wf>
    <wf wid="w_23" para="1" sent="3">De</wf>
    <wf wid="w_24" para="1" sent="3">kamers</wf>
    <wf wid="w_25" para="1" sent="3">zien</wf>
    <wf wid="w_26" para="1" sent="3">er</wf>
    <wf wid="w_27" para="1" sent="3">erg</wf>
    <wf wid="w_28" para="1" sent="3">mooi</wf>
    <wf wid="w_29" para="1" sent="3">uit</wf>
    <wf wid="w_30" para="1" sent="3">..</wf>
    <wf wid="w_31" para="1" sent="4">wel</wf>
    <wf wid="w_32" para="1" sent="4">wat</wf>
    <wf wid="w_33" para="1" sent="4">klein</wf>
    <wf wid="w_34" para="1" sent="4">maar</wf>
    <wf wid="w_35" para="1" sent="4">toch</wf>
    <wf wid="w_36" para="1" sent="4">gezellig</wf>
    <wf wid="w_37" para="1" sent="4">.</wf>
    <wf wid="w_38" para="1" sent="5">De</wf>
    <wf wid="w_39" para="1" sent="5">ligging</wf>
    <wf wid="w_40" para="1" sent="5">is</wf>
    <wf wid="w_41" para="1" sent="5">ook</wf>
    <wf wid="w_42" para="1" sent="5">erg</wf>
    <wf wid="w_43" para="1" sent="5">goed</wf>
    <wf wid="w_44" para="1" sent="5">,</wf>
    <wf wid="w_45" para="1" sent="5">je</wf>
    <wf wid="w_46" para="1" sent="5">steekt</wf>
    <wf wid="w_47" para="1" sent="5">de</wf>
    <wf wid="w_48" para="1" sent="5">straat</wf>
    <wf wid="w_49" para="1" sent="5">over</wf>
    <wf wid="w_50" para="1" sent="5">loopt</wf>
    <wf wid="w_51" para="1" sent="5">door</wf>
    <wf wid="w_52" para="1" sent="5">een</wf>
    <wf wid="w_53" para="1" sent="5">steegje</wf>
    <wf wid="w_54" para="1" sent="5">en</wf>
    <wf wid="w_55" para="1" sent="5">je</wf>
    <wf wid="w_56" para="1" sent="5">staat</wf>
    <wf wid="w_57" para="1" sent="5">in</wf>
    <wf wid="w_58" para="1" sent="5">de</wf>
    <wf wid="w_59" para="1" sent="5">kalverstraat</wf>
    <wf wid="w_60" para="1" sent="5">.</wf>
    <wf wid="w_61" para="1" sent="6">Er</wf>
    <wf wid="w_62" para="1" sent="6">is</wf>
    <wf wid="w_63" para="1" sent="6">een</wf>
    <wf wid="w_64" para="1" sent="6">tram</wf>
    <wf wid="w_65" para="1" sent="6">en</wf>
    <wf wid="w_66" para="1" sent="6">bus</wf>
    <wf wid="w_67" para="1" sent="6">halte</wf>
    <wf wid="w_68" para="1" sent="6">vlakbij</wf>
    <wf wid="w_69" para="1" sent="6">.</wf>
    <wf wid="w_70" para="1" sent="7">En</wf>
    <wf wid="w_71" para="1" sent="7">het</wf>
    <wf wid="w_72" para="1" sent="7">is</wf>
    <wf wid="w_73" para="1" sent="7">ongeveer</wf>
    <wf wid="w_74" para="1" sent="7">10</wf>
    <wf wid="w_75" para="1" sent="7">min</wf>
    <wf wid="w_76" para="1" sent="7">lopen</wf>
    <wf wid="w_77" para="1" sent="7">vanaf</wf>
    <wf wid="w_78" para="1" sent="7">centraal</wf>
    <wf wid="w_79" para="1" sent="7">station</wf>
  </text>
  <terms>
    <term tid="t_1" lemma="dit" type="open">
      <span>
        <target id="w_1"/>
      </span>
    </term>
    <term tid="t_2" lemma="hotel" type="open">
      <span>
        <target id="w_2"/>
      </span>
    </term>
    <term tid="t_3" lemma="was" type="open">
      <span>
        <target id="w_3"/>
      </span>
    </term>
    <term tid="t_4" lemma="bij" type="open">
      <span>
        <target id="w_4"/>
      </span>
    </term>
    <term tid="t_5" lemma="binnenkomst" type="open">
      <span>
        <target id="w_5"/>
      </span>
    </term>
    <term tid="t_6" lemma="al" type="open">
      <span>
        <target id="w_6"/>
      </span>
    </term>
    <term tid="t_7" lemma="meteen" type="open">
      <span>
        <target id="w_7"/>
      </span>
    </term>
    <term tid="t_8" lemma="goed" type="open" pos="G">
      <span>
        <target id="w_8"/>
      </span>
      <sentiment polarity="positive" resource="VUA_olery_lexicon_nl_lmf"/>
    </term>
    <term tid="t_9" lemma="verzorgd" type="open" pos="G">
      <span>
        <target id="w_9"/>
      </span>
      <sentiment polarity="positive" resource="VUA_olery_lexicon_nl_lmf"/>
    </term>
    <term tid="t_10" lemma="." type="open">
      <span>
        <target id="w_10"/>
      </span>
    </term>
    <term tid="t_11" lemma="we" type="open">
      <span>
        <target id="w_11"/>
      </span>
    </term>
    <term tid="t_12" lemma="konden" type="open">
      <span>
        <target id="w_12"/>
      </span>
    </term>
    <term tid="t_13" lemma="al" type="open">
      <span>
        <target id="w_13"/>
      </span>
    </term>
    <term tid="t_14" lemma="eerder" type="open">
      <span>
        <target id="w_14"/>
      </span>
    </term>
    <term tid="t_15" lemma="inchecken" type="open">
      <span>
        <target id="w_15"/>
      </span>
    </term>
    <term tid="t_16" lemma="omdat" type="open">
      <span>
        <target id="w_16"/>
      </span>
    </term>
    <term tid="t_17" lemma="onze" type="open">
      <span>
        <target id="w_17"/>
      </span>
    </term>
    <term tid="t_18" lemma="kamer" type="open">
      <span>
        <target id="w_18"/>
      </span>
    </term>
    <term tid="t_19" lemma="al" type="open">
      <span>
        <target id="w_19"/>
      </span>
    </term>
    <term tid="t_20" lemma="gereed" type="open">
      <span>
        <target id="w_20"/>
      </span>
    </term>
    <term tid="t_21" lemma="was" type="open">
      <span>
        <target id="w_21"/>
      </span>
    </term>
    <term tid="t_22" lemma="." type="open">
      <span>
        <target id="w_22"/>
      </span>
    </term>
    <term tid="t_23" lemma="de" type="open">
      <span>
        <target id="w_23"/>
      </span>
    </term>
    <term tid="t_24" lemma="kamers" type="open">
      <span>
        <target id="w_24"/>
      </span>
    </term>
    <term tid="t_25" lemma="zien" type="open">
      <span>
        <target id="w_25"/>
      </span>
    </term>
    <term tid="t_26" lemma="er" type="open">
      <span>
        <target id="w_26"/>
      </span>
    </term>
    <term tid="t_27" lemma="erg" type="open">
      <span>
        <target id="w_27"/>
      </span>
      <sentiment sentiment_modifier="intensifier" resource="VUA_olery_lexicon_nl_lmf"/>
    </term>
    <term tid="t_28" lemma="mooi" type="open" pos="G">
      <span>
        <target id="w_28"/>
      </span>
      <sentiment polarity="positive" resource="VUA_olery_lexicon_nl_lmf"/>
    </term>
    <term tid="t_29" lemma="uit" type="open">
      <span>
        <target id="w_29"/>
      </span>
    </term>
    <term tid="t_30" lemma=".." type="open">
      <span>
        <target id="w_30"/>
      </span>
    </term>
    <term tid="t_31" lemma="wel" type="open">
      <span>
        <target id="w_31"/>
      </span>
    </term>
    <term tid="t_32" lemma="wat" type="open">
      <span>
        <target id="w_32"/>
      </span>
    </term>
    <term tid="t_33" lemma="klein" type="open">
      <span>
        <target id="w_33"/>
      </span>
    </term>
    <term tid="t_34" lemma="maar" type="open">
      <span>
        <target id="w_34"/>
      </span>
    </term>
    <term tid="t_35" lemma="toch" type="open">
      <span>
        <target id="w_35"/>
      </span>
    </term>
    <term tid="t_36" lemma="gezellig" type="open" pos="G">
      <span>
        <target id="w_36"/>
      </span>
      <sentiment polarity="positive" resource="VUA_olery_lexicon_nl_lmf"/>
    </term>
    <term tid="t_37" lemma="." type="open">
      <span>
        <target id="w_37"/>
      </span>
    </term>
    <term tid="t_38" lemma="de" type="open">
      <span>
        <target id="w_38"/>
      </span>
    </term>
    <term tid="t_39" lemma="ligging" type="open">
      <span>
        <target id="w_39"/>
      </span>
    </term>
    <term tid="t_40" lemma="is" type="open">
      <span>
        <target id="w_40"/>
      </span>
    </term>
    <term tid="t_41" lemma="ook" type="open">
      <span>
        <target id="w_41"/>
      </span>
    </term>
    <term tid="t_42" lemma="erg" type="open">
      <span>
        <target id="w_42"/>
      </span>
      <sentiment sentiment_modifier="intensifier" resource="VUA_olery_lexicon_nl_lmf"/>
    </term>
    <term tid="t_43" lemma="goed" type="open" pos="G">
      <span>
        <target id="w_43"/>
      </span>
      <sentiment polarity="positive" resource="VUA_olery_lexicon_nl_lmf"/>
    </term>
    <term tid="t_44" lemma="," type="open">
      <span>
        <target id="w_44"/>
      </span>
    </term>
    <term tid="t_45" lemma="je" type="open">
      <span>
        <target id="w_45"/>
      </span>
    </term>
    <term tid="t_46" lemma="steekt" type="open">
      <span>
        <target id="w_46"/>
      </span>
    </term>
    <term tid="t_47" lemma="de" type="open">
      <span>
        <target id="w_47"/>
      </span>
    </term>
    <term tid="t_48" lemma="straat" type="open">
      <span>
        <target id="w_48"/>
      </span>
    </term>
    <term tid="t_49" lemma="over" type="open">
      <span>
        <target id="w_49"/>
      </span>
    </term>
    <term tid="t_50" lemma="loopt" type="open">
      <span>
        <target id="w_50"/>
      </span>
    </term>
    <term tid="t_51" lemma="door" type="open">
      <span>
        <target id="w_51"/>
      </span>
    </term>
    <term tid="t_52" lemma="een" type="open">
      <span>
        <target id="w_52"/>
      </span>
    </term>
    <term tid="t_53" lemma="steegje" type="open">
      <span>
        <target id="w_53"/>
      </span>
    </term>
    <term tid="t_54" lemma="en" type="open">
      <span>
        <target id="w_54"/>
      </span>
    </term>
    <term tid="t_55" lemma="je" type="open">
      <span>
        <target id="w_55"/>
      </span>
    </term>
    <term tid="t_56" lemma="staat" type="open">
      <span>
        <target id="w_56"/>
      </span>
    </term>
    <term tid="t_57" lemma="in" type="open">
      <span>
        <target id="w_57"/>
      </span>
    </term>
    <term tid="t_58" lemma="de" type="open">
      <span>
        <target id="w_58"/>
      </span>
    </term>
    <term tid="t_59" lemma="kalverstraat" type="open">
      <span>
        <target id="w_59"/>
      </span>
    </term>
    <term tid="t_60" lemma="." type="open">
      <span>
        <target id="w_60"/>
      </span>
    </term>
    <term tid="t_61" lemma="er" type="open">
      <span>
        <target id="w_61"/>
      </span>
    </term>
    <term tid="t_62" lemma="is" type="open">
      <span>
        <target id="w_62"/>
      </span>
    </term>
    <term tid="t_63" lemma="een" type="open">
      <span>
        <target id="w_63"/>
      </span>
    </term>
    <term tid="t_64" lemma="tram" type="open">
      <span>
        <target id="w_64"/>
      </span>
    </term>
    <term tid="t_65" lemma="en" type="open">
      <span>
        <target id="w_65"/>
      </span>
    </term>
    <term tid="t_66" lemma="bus" type="open">
      <span>
        <target id="w_66"/>
      </span>
    </term>
    <term tid="t_67" lemma="halte" type="open">
      <span>
        <target id="w_67"/>
      </span>
    </term>
    <term tid="t_68" lemma="vlakbij" type="open" pos="G">
      <span>
        <target id="w_68"/>
      </span>
      <sentiment polarity="positive" resource="VUA_olery_lexicon_nl_lmf"/>
    </term>
    <term tid="t_69" lemma="." type="open">
      <span>
        <target id="w_69"/>
      </span>
    </term>
    <term tid="t_70" lemma="en" type="open">
      <span>
        <target id="w_70"/>
      </span>
    </term>
    <term tid="t_71" lemma="het" type="open">
      <span>
        <target id="w_71"/>
      </span>
    </term>
    <term tid="t_72" lemma="is" type="open">
      <span>
        <target id="w_72"/>
      </span>
    </term>
    <term tid="t_73" lemma="ongeveer" type="open">
      <span>
        <target id="w_73"/>
      </span>
    </term>
    <term tid="t_74" lemma="10" type="open">
      <span>
        <target id="w_74"/>
      </span>
    </term>
    <term tid="t_75" lemma="min" type="open" pos="G">
      <span>
        <target id="w_75"/>
      </span>
      <sentiment polarity="negative" resource="VUA_olery_lexicon_nl_lmf"/>
    </term>
    <term tid="t_76" lemma="lopen" type="open">
      <span>
        <target id="w_76"/>
      </span>
    </term>
    <term tid="t_77" lemma="vanaf" type="open">
      <span>
        <target id="w_77"/>
      </span>
    </term>
    <term tid="t_78" lemma="centraal" type="open" pos="G">
      <span>
        <target id="w_78"/>
      </span>
      <sentiment polarity="positive" resource="VUA_olery_lexicon_nl_lmf"/>
    </term>
    <term tid="t_79" lemma="station" type="open">
      <span>
        <target id="w_79"/>
      </span>
    </term>
  </terms>
  <entities>
    <entity type="LOC" eid="e_1">
      <span>
        <target id="t_78"/>
      </span>
    </entity>
    <entity type="PER" eid="e_2">
      <span>
        <target id="t_75"/>
      </span>
    </entity>
    <entity type="PER" eid="e_3">
      <span>
        <target id="t_11"/>
      </span>
    </entity>
    <entity type="ORG" eid="e_4">
      <span>
        <target id="t_18"/>
      </span>
    </entity>
  </entities>
  <properties>
    <property type="location" pid="p_1">
      <span>
        <target id="t_39"/>
      </span>
      <span>
        <target id="t_48"/>
      </span>
      <span>
        <target id="t_64"/>
      </span>
      <span>
        <target id="t_66"/>
      </span>
      <span>
        <target id="t_67"/>
      </span>
      <span>
        <target id="t_68"/>
      </span>
      <span>
        <target id="t_78"/>
      </span>
      <span>
        <target id="t_79"/>
      </span>
    </property>
    <property type="room" pid="p_2">
      <span>
        <target id="t_18"/>
      </span>
    </property>
    <property type="staff" pid="p_3">
      <span>
        <target id="t_5"/>
      </span>
      <span>
        <target id="t_15"/>
      </span>
    </property>
  </properties>
  <opinions>
    <opinion oid="o_1">
      <opinion_target>
        <span>
          <target id="t_7"/>
        </span>
      </opinion_target>
      <opinion_expression polarity="positive" strength="2">
        <span>
          <target id="t_8"/>
          <target id="t_9"/>
        </span>
      </opinion_expression>
    </opinion>
    <opinion oid="o_2">
      <opinion_target>
        <span>
          <target id="t_25"/>
        </span>
      </opinion_target>
      <opinion_expression polarity="positive" strength="2">
        <span>
          <target id="t_28"/>
          <target id="t_27"/>
        </span>
      </opinion_expression>
    </opinion>
    <opinion oid="o_3">
      <opinion_target>
        <span>
          <target id="t_33"/>
        </span>
      </opinion_target>
      <opinion_expression polarity="positive" strength="1">
        <span>
          <target id="t_36"/>
        </span>
      </opinion_expression>
    </opinion>
    <opinion oid="o_4">
      <opinion_target>
        <span>
          <target id="t_46"/>
        </span>
      </opinion_target>
      <opinion_expression polarity="positive" strength="2">
        <span>
          <target id="t_43"/>
          <target id="t_42"/>
        </span>
      </opinion_expression>
    </opinion>
    <opinion oid="o_5">
      <opinion_target>
        <span>
          <target id="t_67"/>
        </span>
      </opinion_target>
      <opinion_expression polarity="positive" strength="1">
        <span>
          <target id="t_68"/>
        </span>
      </opinion_expression>
    </opinion>
    <opinion oid="o_6">
      <opinion_target>
        <span>
          <target id="t_76"/>
        </span>
      </opinion_target>
      <opinion_expression polarity="negative" strength="-1">
        <span>
          <target id="t_75"/>
        </span>
      </opinion_expression>
    </opinion>
    <opinion oid="o_7">
      <opinion_target>
        <span>
          <target id="t_79"/>
        </span>
      </opinion_target>
      <opinion_expression polarity="positive" strength="1">
        <span>
          <target id="t_78"/>
        </span>
      </opinion_expression>
    </opinion>
  </opinions>
</KAF>
