<?xml version='1.0' encoding='UTF-8'?>
<KAF xml:lang="nl">
  <linguisticProcessors layer="text">
    <lp timestamp="2013-01-06T18:31:33CET" version="2.0" name="SentenceTokenizer"/>
  </linguisticProcessors>
  <linguisticProcessors layer="terms">
    <lp timestamp="2013-01-06T18:31:33CET" version="2.0" name="SentenceTokenizer"/>
    <lp timestamp="2013-01-06T18:31:33CET" version="1.0" name="SimplePolarityTagger"/>
  </linguisticProcessors>
  <linguisticProcessor layer="opinions">
    <lp timestamp="2013-01-06T18:31:33CET" version="1.0" name="SimpleOpinionDetector"/>
  </linguisticProcessor>
  <linguisticProcessor layer="properties">
    <lp timestamp="2013-01-06T18:31:33CET" version="1.0" name="SimplePropRecognizer_lookup"/>
  </linguisticProcessor>
  <linguisticProcessor layer="entities">
    <lp timestamp="2013-01-06T18:31:33CET" version="1.0" name="SimpleNER_lookup"/>
  </linguisticProcessor>
  <text>
    <wf wid="w_1" para="1" sent="1">Door</wf>
    <wf wid="w_2" para="1" sent="1">overboeking</wf>
    <wf wid="w_3" para="1" sent="1">in</wf>
    <wf wid="w_4" para="1" sent="1">een</wf>
    <wf wid="w_5" para="1" sent="1">ander</wf>
    <wf wid="w_6" para="1" sent="1">hotel</wf>
    <wf wid="w_7" para="1" sent="1">ben</wf>
    <wf wid="w_8" para="1" sent="1">ik</wf>
    <wf wid="w_9" para="1" sent="1">hier</wf>
    <wf wid="w_10" para="1" sent="1">terecht</wf>
    <wf wid="w_11" para="1" sent="1">gekomen</wf>
    <wf wid="w_12" para="1" sent="1">.</wf>
    <wf wid="w_13" para="1" sent="2">Dit</wf>
    <wf wid="w_14" para="1" sent="2">is</wf>
    <wf wid="w_15" para="1" sent="2">een</wf>
    <wf wid="w_16" para="1" sent="2">uitstekend</wf>
    <wf wid="w_17" para="1" sent="2">hotel</wf>
    <wf wid="w_18" para="1" sent="2">,</wf>
    <wf wid="w_19" para="1" sent="2">ligging</wf>
    <wf wid="w_20" para="1" sent="2">direct</wf>
    <wf wid="w_21" para="1" sent="2">aan</wf>
    <wf wid="w_22" para="1" sent="2">belangrijke</wf>
    <wf wid="w_23" para="1" sent="2">uitvalswegen</wf>
    <wf wid="w_24" para="1" sent="2">,</wf>
    <wf wid="w_25" para="1" sent="2">prima</wf>
    <wf wid="w_26" para="1" sent="2">ontbijtbuffet</wf>
    <wf wid="w_27" para="1" sent="2">,</wf>
    <wf wid="w_28" para="1" sent="2">huisdier</wf>
    <wf wid="w_29" para="1" sent="2">vriendelijk</wf>
    <wf wid="w_30" para="1" sent="2">en</wf>
    <wf wid="w_31" para="1" sent="2">ruime</wf>
    <wf wid="w_32" para="1" sent="2">schone</wf>
    <wf wid="w_33" para="1" sent="2">kamers</wf>
    <wf wid="w_34" para="1" sent="2">.</wf>
  </text>
  <terms>
    <term tid="t_1" lemma="door" type="open">
      <span>
        <target id="w_1"/>
      </span>
    </term>
    <term tid="t_2" lemma="overboeking" type="open">
      <span>
        <target id="w_2"/>
      </span>
    </term>
    <term tid="t_3" lemma="in" type="open">
      <span>
        <target id="w_3"/>
      </span>
    </term>
    <term tid="t_4" lemma="een" type="open">
      <span>
        <target id="w_4"/>
      </span>
    </term>
    <term tid="t_5" lemma="ander" type="open">
      <span>
        <target id="w_5"/>
      </span>
    </term>
    <term tid="t_6" lemma="hotel" type="open">
      <span>
        <target id="w_6"/>
      </span>
    </term>
    <term tid="t_7" lemma="ben" type="open">
      <span>
        <target id="w_7"/>
      </span>
    </term>
    <term tid="t_8" lemma="ik" type="open">
      <span>
        <target id="w_8"/>
      </span>
    </term>
    <term tid="t_9" lemma="hier" type="open">
      <span>
        <target id="w_9"/>
      </span>
    </term>
    <term tid="t_10" lemma="terecht" type="open">
      <span>
        <target id="w_10"/>
      </span>
    </term>
    <term tid="t_11" lemma="gekomen" type="open">
      <span>
        <target id="w_11"/>
      </span>
    </term>
    <term tid="t_12" lemma="." type="open">
      <span>
        <target id="w_12"/>
      </span>
    </term>
    <term tid="t_13" lemma="dit" type="open">
      <span>
        <target id="w_13"/>
      </span>
    </term>
    <term tid="t_14" lemma="is" type="open">
      <span>
        <target id="w_14"/>
      </span>
    </term>
    <term tid="t_15" lemma="een" type="open">
      <span>
        <target id="w_15"/>
      </span>
    </term>
    <term tid="t_16" lemma="uitstekend" type="open" pos="G">
      <span>
        <target id="w_16"/>
      </span>
      <sentiment polarity="positive" resource="VUA_olery_lexicon_nl_lmf"/>
    </term>
    <term tid="t_17" lemma="hotel" type="open">
      <span>
        <target id="w_17"/>
      </span>
    </term>
    <term tid="t_18" lemma="," type="open">
      <span>
        <target id="w_18"/>
      </span>
    </term>
    <term tid="t_19" lemma="ligging" type="open">
      <span>
        <target id="w_19"/>
      </span>
    </term>
    <term tid="t_20" lemma="direct" type="open">
      <span>
        <target id="w_20"/>
      </span>
    </term>
    <term tid="t_21" lemma="aan" type="open">
      <span>
        <target id="w_21"/>
      </span>
    </term>
    <term tid="t_22" lemma="belangrijke" type="open">
      <span>
        <target id="w_22"/>
      </span>
    </term>
    <term tid="t_23" lemma="uitvalswegen" type="open">
      <span>
        <target id="w_23"/>
      </span>
    </term>
    <term tid="t_24" lemma="," type="open">
      <span>
        <target id="w_24"/>
      </span>
    </term>
    <term tid="t_25" lemma="prima" type="open" pos="G">
      <span>
        <target id="w_25"/>
      </span>
      <sentiment polarity="positive" resource="VUA_olery_lexicon_nl_lmf"/>
    </term>
    <term tid="t_26" lemma="ontbijtbuffet" type="open">
      <span>
        <target id="w_26"/>
      </span>
    </term>
    <term tid="t_27" lemma="," type="open">
      <span>
        <target id="w_27"/>
      </span>
    </term>
    <term tid="t_28" lemma="huisdier" type="open">
      <span>
        <target id="w_28"/>
      </span>
    </term>
    <term tid="t_29" lemma="vriendelijk" type="open" pos="G">
      <span>
        <target id="w_29"/>
      </span>
      <sentiment polarity="positive" resource="VUA_olery_lexicon_nl_lmf"/>
    </term>
    <term tid="t_30" lemma="en" type="open">
      <span>
        <target id="w_30"/>
      </span>
    </term>
    <term tid="t_31" lemma="ruime" type="open">
      <span>
        <target id="w_31"/>
      </span>
    </term>
    <term tid="t_32" lemma="schone" type="open">
      <span>
        <target id="w_32"/>
      </span>
    </term>
    <term tid="t_33" lemma="kamers" type="open">
      <span>
        <target id="w_33"/>
      </span>
    </term>
    <term tid="t_34" lemma="." type="open">
      <span>
        <target id="w_34"/>
      </span>
    </term>
  </terms>
  <entities>
    <entity type="PER" eid="e_1">
      <span>
        <target id="t_25"/>
      </span>
    </entity>
  </entities>
  <properties>
    <property type="cleanliness" pid="p_1">
      <span>
        <target id="t_32"/>
      </span>
    </property>
    <property type="facilities" pid="p_2">
      <span>
        <target id="t_28"/>
      </span>
    </property>
    <property type="restaurant" pid="p_3">
      <span>
        <target id="t_26"/>
      </span>
    </property>
    <property type="location" pid="p_4">
      <span>
        <target id="t_19"/>
      </span>
    </property>
    <property type="staff" pid="p_5">
      <span>
        <target id="t_2"/>
      </span>
      <span>
        <target id="t_29"/>
      </span>
    </property>
  </properties>
  <opinions>
    <opinion oid="o_1">
      <opinion_target>
        <span>
          <target id="t_17"/>
        </span>
      </opinion_target>
      <opinion_expression polarity="positive" strength="1">
        <span>
          <target id="t_16"/>
        </span>
      </opinion_expression>
    </opinion>
    <opinion oid="o_2">
      <opinion_target>
        <span>
          <target id="t_26"/>
        </span>
      </opinion_target>
      <opinion_expression polarity="positive" strength="1">
        <span>
          <target id="t_25"/>
        </span>
      </opinion_expression>
    </opinion>
    <opinion oid="o_3">
      <opinion_target>
        <span>
          <target id="t_31"/>
        </span>
      </opinion_target>
      <opinion_expression polarity="positive" strength="1">
        <span>
          <target id="t_29"/>
        </span>
      </opinion_expression>
    </opinion>
  </opinions>
</KAF>
