<?xml version='1.0' encoding='UTF-8'?>
<KAF xml:lang="nl">
  <linguisticProcessors layer="text">
    <lp timestamp="2013-01-06T18:27:53CET" version="2.0" name="SentenceTokenizer"/>
  </linguisticProcessors>
  <linguisticProcessors layer="terms">
    <lp timestamp="2013-01-06T18:27:53CET" version="2.0" name="SentenceTokenizer"/>
    <lp timestamp="2013-01-06T18:27:53CET" version="1.0" name="SimplePolarityTagger"/>
  </linguisticProcessors>
  <linguisticProcessor layer="opinions">
    <lp timestamp="2013-01-06T18:27:53CET" version="1.0" name="SimpleOpinionDetector"/>
  </linguisticProcessor>
  <linguisticProcessor layer="properties">
    <lp timestamp="2013-01-06T18:27:53CET" version="1.0" name="SimplePropRecognizer_lookup"/>
  </linguisticProcessor>
  <linguisticProcessor layer="entities">
    <lp timestamp="2013-01-06T18:27:53CET" version="1.0" name="SimpleNER_lookup"/>
  </linguisticProcessor>
  <text>
    <wf wid="w_1" para="1" sent="1">Wij</wf>
    <wf wid="w_2" para="1" sent="1">waren</wf>
    <wf wid="w_3" para="1" sent="1">positief</wf>
    <wf wid="w_4" para="1" sent="1">verbaasd</wf>
    <wf wid="w_5" para="1" sent="1">!!</wf>
    <wf wid="w_6" para="1" sent="2">Hadden</wf>
    <wf wid="w_7" para="1" sent="2">nl</wf>
    <wf wid="w_8" para="1" sent="2">maar</wf>
    <wf wid="w_9" para="1" sent="2">erg</wf>
    <wf wid="w_10" para="1" sent="2">weining</wf>
    <wf wid="w_11" para="1" sent="2">betaald</wf>
    <wf wid="w_12" para="1" sent="2">voor</wf>
    <wf wid="w_13" para="1" sent="2">kamer</wf>
    <wf wid="w_14" para="1" sent="2">,</wf>
    <wf wid="w_15" para="1" sent="2">dus</wf>
    <wf wid="w_16" para="1" sent="2">kon</wf>
    <wf wid="w_17" para="1" sent="2">in</wf>
    <wf wid="w_18" para="1" sent="2">onze</wf>
    <wf wid="w_19" para="1" sent="2">beleving</wf>
    <wf wid="w_20" para="1" sent="2">niet</wf>
    <wf wid="w_21" para="1" sent="2">veel</wf>
    <wf wid="w_22" para="1" sent="2">zijn</wf>
    <wf wid="w_23" para="1" sent="2">.</wf>
    <wf wid="w_24" para="1" sent="3">Maar</wf>
    <wf wid="w_25" para="1" sent="3">het</wf>
    <wf wid="w_26" para="1" sent="3">waren</wf>
    <wf wid="w_27" para="1" sent="3">zeer</wf>
    <wf wid="w_28" para="1" sent="3">nette</wf>
    <wf wid="w_29" para="1" sent="3">en</wf>
    <wf wid="w_30" para="1" sent="3">ruime</wf>
    <wf wid="w_31" para="1" sent="3">kamers</wf>
    <wf wid="w_32" para="1" sent="3">,</wf>
    <wf wid="w_33" para="1" sent="3">met</wf>
    <wf wid="w_34" para="1" sent="3">een</wf>
    <wf wid="w_35" para="1" sent="3">zeer</wf>
    <wf wid="w_36" para="1" sent="3">mooie</wf>
    <wf wid="w_37" para="1" sent="3">en</wf>
    <wf wid="w_38" para="1" sent="3">schone</wf>
    <wf wid="w_39" para="1" sent="3">badkamer</wf>
    <wf wid="w_40" para="1" sent="3">.</wf>
    <wf wid="w_41" para="1" sent="4">Alles</wf>
    <wf wid="w_42" para="1" sent="4">was</wf>
    <wf wid="w_43" para="1" sent="4">keurig</wf>
    <wf wid="w_44" para="1" sent="4">verzorgd</wf>
    <wf wid="w_45" para="1" sent="4">en</wf>
    <wf wid="w_46" para="1" sent="4">je</wf>
    <wf wid="w_47" para="1" sent="4">zit</wf>
    <wf wid="w_48" para="1" sent="4">direct</wf>
    <wf wid="w_49" para="1" sent="4">aan</wf>
    <wf wid="w_50" para="1" sent="4">het</wf>
    <wf wid="w_51" para="1" sent="4">strand</wf>
    <wf wid="w_52" para="1" sent="4">.</wf>
    <wf wid="w_53" para="1" sent="5">Heerlijk</wf>
    <wf wid="w_54" para="1" sent="5">om</wf>
    <wf wid="w_55" para="1" sent="5">de</wf>
    <wf wid="w_56" para="1" sent="5">volgende</wf>
    <wf wid="w_57" para="1" sent="5">ochtend</wf>
    <wf wid="w_58" para="1" sent="5">even</wf>
    <wf wid="w_59" para="1" sent="5">uit</wf>
    <wf wid="w_60" para="1" sent="5">te</wf>
    <wf wid="w_61" para="1" sent="5">waaien</wf>
    <wf wid="w_62" para="1" sent="5">.</wf>
    <wf wid="w_63" para="1" sent="6">Net</wf>
    <wf wid="w_64" para="1" sent="6">over</wf>
    <wf wid="w_65" para="1" sent="6">de</wf>
    <wf wid="w_66" para="1" sent="6">duinen</wf>
    <wf wid="w_67" para="1" sent="6">zit</wf>
    <wf wid="w_68" para="1" sent="6">een</wf>
    <wf wid="w_69" para="1" sent="6">zeer</wf>
    <wf wid="w_70" para="1" sent="6">leuke</wf>
    <wf wid="w_71" para="1" sent="6">en</wf>
    <wf wid="w_72" para="1" sent="6">hippe</wf>
    <wf wid="w_73" para="1" sent="6">strandtent</wf>
    <wf wid="w_74" para="1" sent="6">.</wf>
    <wf wid="w_75" para="1" sent="7">Maar</wf>
    <wf wid="w_76" para="1" sent="7">verder</wf>
    <wf wid="w_77" para="1" sent="7">is</wf>
    <wf wid="w_78" para="1" sent="7">er</wf>
    <wf wid="w_79" para="1" sent="7">in</wf>
    <wf wid="w_80" para="1" sent="7">de</wf>
    <wf wid="w_81" para="1" sent="7">buurt</wf>
    <wf wid="w_82" para="1" sent="7">weinig</wf>
    <wf wid="w_83" para="1" sent="7">te</wf>
    <wf wid="w_84" para="1" sent="7">doen</wf>
    <wf wid="w_85" para="1" sent="7">,</wf>
    <wf wid="w_86" para="1" sent="7">dus</wf>
    <wf wid="w_87" para="1" sent="7">'s</wf>
    <wf wid="w_88" para="1" sent="7">avonds</wf>
    <wf wid="w_89" para="1" sent="7">moet</wf>
    <wf wid="w_90" para="1" sent="7">je</wf>
    <wf wid="w_91" para="1" sent="7">wel</wf>
    <wf wid="w_92" para="1" sent="7">echt</wf>
    <wf wid="w_93" para="1" sent="7">iets</wf>
    <wf wid="w_94" para="1" sent="7">verder</wf>
    <wf wid="w_95" para="1" sent="7">weg</wf>
    <wf wid="w_96" para="1" sent="7">.</wf>
    <wf wid="w_97" para="1" sent="8">Hotel</wf>
    <wf wid="w_98" para="1" sent="8">is</wf>
    <wf wid="w_99" para="1" sent="8">een</wf>
    <wf wid="w_100" para="1" sent="8">zeker</wf>
    <wf wid="w_101" para="1" sent="8">een</wf>
    <wf wid="w_102" para="1" sent="8">aanrader</wf>
    <wf wid="w_103" para="1" sent="8">!</wf>
  </text>
  <terms>
    <term tid="t_1" lemma="wij" type="open">
      <span>
        <target id="w_1"/>
      </span>
    </term>
    <term tid="t_2" lemma="waren" type="open">
      <span>
        <target id="w_2"/>
      </span>
    </term>
    <term tid="t_3" lemma="positief" type="open" pos="G">
      <span>
        <target id="w_3"/>
      </span>
      <sentiment polarity="positive" resource="VUA_olery_lexicon_nl_lmf"/>
    </term>
    <term tid="t_4" lemma="verbaasd" type="open">
      <span>
        <target id="w_4"/>
      </span>
    </term>
    <term tid="t_5" lemma="!!" type="open">
      <span>
        <target id="w_5"/>
      </span>
    </term>
    <term tid="t_6" lemma="hadden" type="open">
      <span>
        <target id="w_6"/>
      </span>
    </term>
    <term tid="t_7" lemma="nl" type="open">
      <span>
        <target id="w_7"/>
      </span>
    </term>
    <term tid="t_8" lemma="maar" type="open">
      <span>
        <target id="w_8"/>
      </span>
    </term>
    <term tid="t_9" lemma="erg" type="open">
      <span>
        <target id="w_9"/>
      </span>
      <sentiment sentiment_modifier="intensifier" resource="VUA_olery_lexicon_nl_lmf"/>
    </term>
    <term tid="t_10" lemma="weining" type="open">
      <span>
        <target id="w_10"/>
      </span>
    </term>
    <term tid="t_11" lemma="betaald" type="open">
      <span>
        <target id="w_11"/>
      </span>
    </term>
    <term tid="t_12" lemma="voor" type="open">
      <span>
        <target id="w_12"/>
      </span>
    </term>
    <term tid="t_13" lemma="kamer" type="open">
      <span>
        <target id="w_13"/>
      </span>
    </term>
    <term tid="t_14" lemma="," type="open">
      <span>
        <target id="w_14"/>
      </span>
    </term>
    <term tid="t_15" lemma="dus" type="open">
      <span>
        <target id="w_15"/>
      </span>
    </term>
    <term tid="t_16" lemma="kon" type="open">
      <span>
        <target id="w_16"/>
      </span>
    </term>
    <term tid="t_17" lemma="in" type="open">
      <span>
        <target id="w_17"/>
      </span>
    </term>
    <term tid="t_18" lemma="onze" type="open">
      <span>
        <target id="w_18"/>
      </span>
    </term>
    <term tid="t_19" lemma="beleving" type="open">
      <span>
        <target id="w_19"/>
      </span>
    </term>
    <term tid="t_20" lemma="niet" type="open">
      <span>
        <target id="w_20"/>
      </span>
      <sentiment sentiment_modifier="shifter" resource="VUA_olery_lexicon_nl_lmf"/>
    </term>
    <term tid="t_21" lemma="veel" type="open">
      <span>
        <target id="w_21"/>
      </span>
    </term>
    <term tid="t_22" lemma="zijn" type="open">
      <span>
        <target id="w_22"/>
      </span>
    </term>
    <term tid="t_23" lemma="." type="open">
      <span>
        <target id="w_23"/>
      </span>
    </term>
    <term tid="t_24" lemma="maar" type="open">
      <span>
        <target id="w_24"/>
      </span>
    </term>
    <term tid="t_25" lemma="het" type="open">
      <span>
        <target id="w_25"/>
      </span>
    </term>
    <term tid="t_26" lemma="waren" type="open">
      <span>
        <target id="w_26"/>
      </span>
    </term>
    <term tid="t_27" lemma="zeer" type="open">
      <span>
        <target id="w_27"/>
      </span>
      <sentiment sentiment_modifier="intensifier" resource="VUA_olery_lexicon_nl_lmf"/>
    </term>
    <term tid="t_28" lemma="nette" type="open">
      <span>
        <target id="w_28"/>
      </span>
    </term>
    <term tid="t_29" lemma="en" type="open">
      <span>
        <target id="w_29"/>
      </span>
    </term>
    <term tid="t_30" lemma="ruime" type="open">
      <span>
        <target id="w_30"/>
      </span>
    </term>
    <term tid="t_31" lemma="kamers" type="open">
      <span>
        <target id="w_31"/>
      </span>
    </term>
    <term tid="t_32" lemma="," type="open">
      <span>
        <target id="w_32"/>
      </span>
    </term>
    <term tid="t_33" lemma="met" type="open">
      <span>
        <target id="w_33"/>
      </span>
    </term>
    <term tid="t_34" lemma="een" type="open">
      <span>
        <target id="w_34"/>
      </span>
    </term>
    <term tid="t_35" lemma="zeer" type="open">
      <span>
        <target id="w_35"/>
      </span>
      <sentiment sentiment_modifier="intensifier" resource="VUA_olery_lexicon_nl_lmf"/>
    </term>
    <term tid="t_36" lemma="mooie" type="open">
      <span>
        <target id="w_36"/>
      </span>
    </term>
    <term tid="t_37" lemma="en" type="open">
      <span>
        <target id="w_37"/>
      </span>
    </term>
    <term tid="t_38" lemma="schone" type="open">
      <span>
        <target id="w_38"/>
      </span>
    </term>
    <term tid="t_39" lemma="badkamer" type="open">
      <span>
        <target id="w_39"/>
      </span>
    </term>
    <term tid="t_40" lemma="." type="open">
      <span>
        <target id="w_40"/>
      </span>
    </term>
    <term tid="t_41" lemma="alles" type="open">
      <span>
        <target id="w_41"/>
      </span>
    </term>
    <term tid="t_42" lemma="was" type="open">
      <span>
        <target id="w_42"/>
      </span>
    </term>
    <term tid="t_43" lemma="keurig" type="open" pos="G">
      <span>
        <target id="w_43"/>
      </span>
      <sentiment polarity="positive" resource="VUA_olery_lexicon_nl_lmf"/>
    </term>
    <term tid="t_44" lemma="verzorgd" type="open" pos="G">
      <span>
        <target id="w_44"/>
      </span>
      <sentiment polarity="positive" resource="VUA_olery_lexicon_nl_lmf"/>
    </term>
    <term tid="t_45" lemma="en" type="open">
      <span>
        <target id="w_45"/>
      </span>
    </term>
    <term tid="t_46" lemma="je" type="open">
      <span>
        <target id="w_46"/>
      </span>
    </term>
    <term tid="t_47" lemma="zit" type="open">
      <span>
        <target id="w_47"/>
      </span>
    </term>
    <term tid="t_48" lemma="direct" type="open">
      <span>
        <target id="w_48"/>
      </span>
    </term>
    <term tid="t_49" lemma="aan" type="open">
      <span>
        <target id="w_49"/>
      </span>
    </term>
    <term tid="t_50" lemma="het" type="open">
      <span>
        <target id="w_50"/>
      </span>
    </term>
    <term tid="t_51" lemma="strand" type="open">
      <span>
        <target id="w_51"/>
      </span>
    </term>
    <term tid="t_52" lemma="." type="open">
      <span>
        <target id="w_52"/>
      </span>
    </term>
    <term tid="t_53" lemma="heerlijk" type="open" pos="G">
      <span>
        <target id="w_53"/>
      </span>
      <sentiment polarity="positive" resource="VUA_olery_lexicon_nl_lmf"/>
    </term>
    <term tid="t_54" lemma="om" type="open">
      <span>
        <target id="w_54"/>
      </span>
    </term>
    <term tid="t_55" lemma="de" type="open">
      <span>
        <target id="w_55"/>
      </span>
    </term>
    <term tid="t_56" lemma="volgende" type="open">
      <span>
        <target id="w_56"/>
      </span>
    </term>
    <term tid="t_57" lemma="ochtend" type="open">
      <span>
        <target id="w_57"/>
      </span>
    </term>
    <term tid="t_58" lemma="even" type="open">
      <span>
        <target id="w_58"/>
      </span>
    </term>
    <term tid="t_59" lemma="uit" type="open">
      <span>
        <target id="w_59"/>
      </span>
    </term>
    <term tid="t_60" lemma="te" type="open">
      <span>
        <target id="w_60"/>
      </span>
    </term>
    <term tid="t_61" lemma="waaien" type="open">
      <span>
        <target id="w_61"/>
      </span>
    </term>
    <term tid="t_62" lemma="." type="open">
      <span>
        <target id="w_62"/>
      </span>
    </term>
    <term tid="t_63" lemma="net" type="open" pos="G">
      <span>
        <target id="w_63"/>
      </span>
      <sentiment polarity="positive" resource="VUA_olery_lexicon_nl_lmf"/>
    </term>
    <term tid="t_64" lemma="over" type="open">
      <span>
        <target id="w_64"/>
      </span>
    </term>
    <term tid="t_65" lemma="de" type="open">
      <span>
        <target id="w_65"/>
      </span>
    </term>
    <term tid="t_66" lemma="duinen" type="open">
      <span>
        <target id="w_66"/>
      </span>
    </term>
    <term tid="t_67" lemma="zit" type="open">
      <span>
        <target id="w_67"/>
      </span>
    </term>
    <term tid="t_68" lemma="een" type="open">
      <span>
        <target id="w_68"/>
      </span>
    </term>
    <term tid="t_69" lemma="zeer" type="open">
      <span>
        <target id="w_69"/>
      </span>
      <sentiment sentiment_modifier="intensifier" resource="VUA_olery_lexicon_nl_lmf"/>
    </term>
    <term tid="t_70" lemma="leuke" type="open">
      <span>
        <target id="w_70"/>
      </span>
    </term>
    <term tid="t_71" lemma="en" type="open">
      <span>
        <target id="w_71"/>
      </span>
    </term>
    <term tid="t_72" lemma="hippe" type="open">
      <span>
        <target id="w_72"/>
      </span>
    </term>
    <term tid="t_73" lemma="strandtent" type="open">
      <span>
        <target id="w_73"/>
      </span>
    </term>
    <term tid="t_74" lemma="." type="open">
      <span>
        <target id="w_74"/>
      </span>
    </term>
    <term tid="t_75" lemma="maar" type="open">
      <span>
        <target id="w_75"/>
      </span>
    </term>
    <term tid="t_76" lemma="verder" type="open">
      <span>
        <target id="w_76"/>
      </span>
    </term>
    <term tid="t_77" lemma="is" type="open">
      <span>
        <target id="w_77"/>
      </span>
    </term>
    <term tid="t_78" lemma="er" type="open">
      <span>
        <target id="w_78"/>
      </span>
    </term>
    <term tid="t_79" lemma="in" type="open">
      <span>
        <target id="w_79"/>
      </span>
    </term>
    <term tid="t_80" lemma="de" type="open">
      <span>
        <target id="w_80"/>
      </span>
    </term>
    <term tid="t_81" lemma="buurt" type="open">
      <span>
        <target id="w_81"/>
      </span>
    </term>
    <term tid="t_82" lemma="weinig" type="open">
      <span>
        <target id="w_82"/>
      </span>
      <sentiment sentiment_modifier="shifter" resource="VUA_olery_lexicon_nl_lmf"/>
    </term>
    <term tid="t_83" lemma="te" type="open">
      <span>
        <target id="w_83"/>
      </span>
    </term>
    <term tid="t_84" lemma="doen" type="open">
      <span>
        <target id="w_84"/>
      </span>
    </term>
    <term tid="t_85" lemma="," type="open">
      <span>
        <target id="w_85"/>
      </span>
    </term>
    <term tid="t_86" lemma="dus" type="open">
      <span>
        <target id="w_86"/>
      </span>
    </term>
    <term tid="t_87" lemma="'s" type="open">
      <span>
        <target id="w_87"/>
      </span>
    </term>
    <term tid="t_88" lemma="avonds" type="open">
      <span>
        <target id="w_88"/>
      </span>
    </term>
    <term tid="t_89" lemma="moet" type="open">
      <span>
        <target id="w_89"/>
      </span>
    </term>
    <term tid="t_90" lemma="je" type="open">
      <span>
        <target id="w_90"/>
      </span>
    </term>
    <term tid="t_91" lemma="wel" type="open">
      <span>
        <target id="w_91"/>
      </span>
    </term>
    <term tid="t_92" lemma="echt" type="open">
      <span>
        <target id="w_92"/>
      </span>
      <sentiment sentiment_modifier="intensifier" resource="VUA_olery_lexicon_nl_lmf"/>
    </term>
    <term tid="t_93" lemma="iets" type="open">
      <span>
        <target id="w_93"/>
      </span>
    </term>
    <term tid="t_94" lemma="verder" type="open">
      <span>
        <target id="w_94"/>
      </span>
    </term>
    <term tid="t_95" lemma="weg" type="open">
      <span>
        <target id="w_95"/>
      </span>
    </term>
    <term tid="t_96" lemma="." type="open">
      <span>
        <target id="w_96"/>
      </span>
    </term>
    <term tid="t_97" lemma="hotel" type="open">
      <span>
        <target id="w_97"/>
      </span>
    </term>
    <term tid="t_98" lemma="is" type="open">
      <span>
        <target id="w_98"/>
      </span>
    </term>
    <term tid="t_99" lemma="een" type="open">
      <span>
        <target id="w_99"/>
      </span>
    </term>
    <term tid="t_100" lemma="zeker" type="open">
      <span>
        <target id="w_100"/>
      </span>
    </term>
    <term tid="t_101" lemma="een" type="open">
      <span>
        <target id="w_101"/>
      </span>
    </term>
    <term tid="t_102" lemma="aanrader" type="open" pos="N">
      <span>
        <target id="w_102"/>
      </span>
      <sentiment polarity="positive" resource="VUA_olery_lexicon_nl_lmf"/>
    </term>
    <term tid="t_103" lemma="!" type="open">
      <span>
        <target id="w_103"/>
      </span>
      <sentiment sentiment_modifier="intensifier" resource="VUA_olery_lexicon_nl_lmf"/>
    </term>
  </terms>
  <entities>
    <entity type="MISC" eid="e_1">
      <span>
        <target id="t_22"/>
      </span>
    </entity>
    <entity type="ORG" eid="e_2">
      <span>
        <target id="t_13"/>
      </span>
    </entity>
  </entities>
  <properties>
    <property type="cleanliness" pid="p_1">
      <span>
        <target id="t_38"/>
      </span>
      <span>
        <target id="t_63"/>
      </span>
    </property>
    <property type="facilities" pid="p_2">
      <span>
        <target id="t_51"/>
      </span>
    </property>
    <property type="bathroom" pid="p_3">
      <span>
        <target id="t_39"/>
      </span>
    </property>
    <property type="room" pid="p_4">
      <span>
        <target id="t_13"/>
      </span>
    </property>
    <property type="location" pid="p_5">
      <span>
        <target id="t_81"/>
      </span>
    </property>
  </properties>
  <opinions>
    <opinion oid="o_1">
      <opinion_target>
        <span>
          <target id="t_4"/>
        </span>
      </opinion_target>
      <opinion_expression polarity="positive" strength="1">
        <span>
          <target id="t_3"/>
        </span>
      </opinion_expression>
    </opinion>
    <opinion oid="o_2">
      <opinion_target>
        <span>
          <target id="t_47"/>
        </span>
      </opinion_target>
      <opinion_expression polarity="positive" strength="2">
        <span>
          <target id="t_43"/>
          <target id="t_44"/>
        </span>
      </opinion_expression>
    </opinion>
    <opinion oid="o_3">
      <opinion_target>
        <span>
          <target id="t_56"/>
        </span>
      </opinion_target>
      <opinion_expression polarity="positive" strength="1">
        <span>
          <target id="t_53"/>
        </span>
      </opinion_expression>
    </opinion>
    <opinion oid="o_4">
      <opinion_target>
        <span>
          <target id="t_66"/>
        </span>
      </opinion_target>
      <opinion_expression polarity="positive" strength="1">
        <span>
          <target id="t_63"/>
        </span>
      </opinion_expression>
    </opinion>
    <opinion oid="o_5">
      <opinion_target>
        <span>
          <target id="t_100"/>
        </span>
      </opinion_target>
      <opinion_expression polarity="positive" strength="1">
        <span>
          <target id="t_102"/>
        </span>
      </opinion_expression>
    </opinion>
  </opinions>
</KAF>
