<?xml version='1.0' encoding='UTF-8'?>
<KAF xml:lang="nl">
  <linguisticProcessors layer="text">
    <lp timestamp="2013-01-06T18:33:11CET" version="2.0" name="SentenceTokenizer"/>
  </linguisticProcessors>
  <linguisticProcessors layer="terms">
    <lp timestamp="2013-01-06T18:33:11CET" version="2.0" name="SentenceTokenizer"/>
    <lp timestamp="2013-01-06T18:33:11CET" version="1.0" name="SimplePolarityTagger"/>
  </linguisticProcessors>
  <linguisticProcessor layer="opinions">
    <lp timestamp="2013-01-06T18:33:11CET" version="1.0" name="SimpleOpinionDetector"/>
  </linguisticProcessor>
  <linguisticProcessor layer="properties">
    <lp timestamp="2013-01-06T18:33:11CET" version="1.0" name="SimplePropRecognizer_lookup"/>
  </linguisticProcessor>
  <linguisticProcessor layer="entities">
    <lp timestamp="2013-01-06T18:33:11CET" version="1.0" name="SimpleNER_lookup"/>
  </linguisticProcessor>
  <text>
    <wf wid="w_1" para="1" sent="1">Geweldig</wf>
    <wf wid="w_2" para="1" sent="1">om</wf>
    <wf wid="w_3" para="1" sent="1">een</wf>
    <wf wid="w_4" para="1" sent="1">keertje</wf>
    <wf wid="w_5" para="1" sent="1">mee</wf>
    <wf wid="w_6" para="1" sent="1">te</wf>
    <wf wid="w_7" para="1" sent="1">maken</wf>
    <wf wid="w_8" para="1" sent="1">.</wf>
    <wf wid="w_9" para="1" sent="2">Over</wf>
    <wf wid="w_10" para="1" sent="2">the</wf>
    <wf wid="w_11" para="1" sent="2">top</wf>
    <wf wid="w_12" para="1" sent="2">!</wf>
    <wf wid="w_13" para="1" sent="3">Fantastische</wf>
    <wf wid="w_14" para="1" sent="3">service</wf>
    <wf wid="w_15" para="1" sent="3">.</wf>
    <wf wid="w_16" para="1" sent="4">Eten</wf>
    <wf wid="w_17" para="1" sent="4">in</wf>
    <wf wid="w_18" para="1" sent="4">de</wf>
    <wf wid="w_19" para="1" sent="4">restaurants</wf>
    <wf wid="w_20" para="1" sent="4">extreem</wf>
    <wf wid="w_21" para="1" sent="4">duur</wf>
    <wf wid="w_22" para="1" sent="4">(</wf>
    <wf wid="w_23" para="1" sent="4">tournedos</wf>
    <wf wid="w_24" para="1" sent="4">was</wf>
    <wf wid="w_25" para="1" sent="4">350</wf>
    <wf wid="w_26" para="1" sent="4">dollar</wf>
    <wf wid="w_27" para="1" sent="4">!!</wf>
    <wf wid="w_28" para="1" sent="5">)</wf>
    <wf wid="w_29" para="1" sent="5">,</wf>
    <wf wid="w_30" para="1" sent="5">maar</wf>
    <wf wid="w_31" para="1" sent="5">ach</wf>
    <wf wid="w_32" para="1" sent="5">het</wf>
    <wf wid="w_33" para="1" sent="5">was</wf>
    <wf wid="w_34" para="1" sent="5">maar</wf>
    <wf wid="w_35" para="1" sent="5">voor</wf>
    <wf wid="w_36" para="1" sent="5">één</wf>
    <wf wid="w_37" para="1" sent="5">keertje</wf>
    <wf wid="w_38" para="1" sent="5">.</wf>
    <wf wid="w_39" para="1" sent="6">De</wf>
    <wf wid="w_40" para="1" sent="6">kamer</wf>
    <wf wid="w_41" para="1" sent="6">was</wf>
    <wf wid="w_42" para="1" sent="6">bijna</wf>
    <wf wid="w_43" para="1" sent="6">net</wf>
    <wf wid="w_44" para="1" sent="6">zo</wf>
    <wf wid="w_45" para="1" sent="6">groot</wf>
    <wf wid="w_46" para="1" sent="6">als</wf>
    <wf wid="w_47" para="1" sent="6">ons</wf>
    <wf wid="w_48" para="1" sent="6">huis</wf>
    <wf wid="w_49" para="1" sent="6">!</wf>
    <wf wid="w_50" para="1" sent="7">Heerlijk</wf>
    <wf wid="w_51" para="1" sent="7">genoten</wf>
    <wf wid="w_52" para="1" sent="7">van</wf>
    <wf wid="w_53" para="1" sent="7">het</wf>
    <wf wid="w_54" para="1" sent="7">bubbelbad</wf>
    <wf wid="w_55" para="1" sent="7">en</wf>
    <wf wid="w_56" para="1" sent="7">alle</wf>
    <wf wid="w_57" para="1" sent="7">luxe</wf>
    <wf wid="w_58" para="1" sent="7">.</wf>
  </text>
  <terms>
    <term tid="t_1" lemma="geweldig" type="open" pos="N">
      <span>
        <target id="w_1"/>
      </span>
      <sentiment polarity="positive" resource="VUA_olery_lexicon_nl_lmf"/>
    </term>
    <term tid="t_2" lemma="om" type="open">
      <span>
        <target id="w_2"/>
      </span>
    </term>
    <term tid="t_3" lemma="een" type="open">
      <span>
        <target id="w_3"/>
      </span>
    </term>
    <term tid="t_4" lemma="keertje" type="open">
      <span>
        <target id="w_4"/>
      </span>
    </term>
    <term tid="t_5" lemma="mee" type="open">
      <span>
        <target id="w_5"/>
      </span>
    </term>
    <term tid="t_6" lemma="te" type="open">
      <span>
        <target id="w_6"/>
      </span>
    </term>
    <term tid="t_7" lemma="maken" type="open">
      <span>
        <target id="w_7"/>
      </span>
    </term>
    <term tid="t_8" lemma="." type="open">
      <span>
        <target id="w_8"/>
      </span>
    </term>
    <term tid="t_9" lemma="over" type="open">
      <span>
        <target id="w_9"/>
      </span>
    </term>
    <term tid="t_10" lemma="the" type="open">
      <span>
        <target id="w_10"/>
      </span>
    </term>
    <term tid="t_11" lemma="top" type="open" pos="N">
      <span>
        <target id="w_11"/>
      </span>
      <sentiment polarity="positive" resource="VUA_olery_lexicon_nl_lmf"/>
    </term>
    <term tid="t_12" lemma="!" type="open">
      <span>
        <target id="w_12"/>
      </span>
      <sentiment sentiment_modifier="intensifier" resource="VUA_olery_lexicon_nl_lmf"/>
    </term>
    <term tid="t_13" lemma="fantastische" type="open">
      <span>
        <target id="w_13"/>
      </span>
    </term>
    <term tid="t_14" lemma="service" type="open">
      <span>
        <target id="w_14"/>
      </span>
    </term>
    <term tid="t_15" lemma="." type="open">
      <span>
        <target id="w_15"/>
      </span>
    </term>
    <term tid="t_16" lemma="eten" type="open">
      <span>
        <target id="w_16"/>
      </span>
    </term>
    <term tid="t_17" lemma="in" type="open">
      <span>
        <target id="w_17"/>
      </span>
    </term>
    <term tid="t_18" lemma="de" type="open">
      <span>
        <target id="w_18"/>
      </span>
    </term>
    <term tid="t_19" lemma="restaurants" type="open">
      <span>
        <target id="w_19"/>
      </span>
    </term>
    <term tid="t_20" lemma="extreem" type="open">
      <span>
        <target id="w_20"/>
      </span>
      <sentiment sentiment_modifier="intensifier" resource="VUA_olery_lexicon_nl_lmf"/>
    </term>
    <term tid="t_21" lemma="duur" type="open" pos="G">
      <span>
        <target id="w_21"/>
      </span>
      <sentiment polarity="negative" resource="VUA_olery_lexicon_nl_lmf"/>
    </term>
    <term tid="t_22" lemma="(" type="open">
      <span>
        <target id="w_22"/>
      </span>
    </term>
    <term tid="t_23" lemma="tournedos" type="open">
      <span>
        <target id="w_23"/>
      </span>
    </term>
    <term tid="t_24" lemma="was" type="open">
      <span>
        <target id="w_24"/>
      </span>
    </term>
    <term tid="t_25" lemma="350" type="open">
      <span>
        <target id="w_25"/>
      </span>
    </term>
    <term tid="t_26" lemma="dollar" type="open">
      <span>
        <target id="w_26"/>
      </span>
    </term>
    <term tid="t_27" lemma="!!" type="open">
      <span>
        <target id="w_27"/>
      </span>
    </term>
    <term tid="t_28" lemma=")" type="open">
      <span>
        <target id="w_28"/>
      </span>
    </term>
    <term tid="t_29" lemma="," type="open">
      <span>
        <target id="w_29"/>
      </span>
    </term>
    <term tid="t_30" lemma="maar" type="open">
      <span>
        <target id="w_30"/>
      </span>
    </term>
    <term tid="t_31" lemma="ach" type="open">
      <span>
        <target id="w_31"/>
      </span>
    </term>
    <term tid="t_32" lemma="het" type="open">
      <span>
        <target id="w_32"/>
      </span>
    </term>
    <term tid="t_33" lemma="was" type="open">
      <span>
        <target id="w_33"/>
      </span>
    </term>
    <term tid="t_34" lemma="maar" type="open">
      <span>
        <target id="w_34"/>
      </span>
    </term>
    <term tid="t_35" lemma="voor" type="open">
      <span>
        <target id="w_35"/>
      </span>
    </term>
    <term tid="t_36" lemma="één" type="open">
      <span>
        <target id="w_36"/>
      </span>
    </term>
    <term tid="t_37" lemma="keertje" type="open">
      <span>
        <target id="w_37"/>
      </span>
    </term>
    <term tid="t_38" lemma="." type="open">
      <span>
        <target id="w_38"/>
      </span>
    </term>
    <term tid="t_39" lemma="de" type="open">
      <span>
        <target id="w_39"/>
      </span>
    </term>
    <term tid="t_40" lemma="kamer" type="open">
      <span>
        <target id="w_40"/>
      </span>
    </term>
    <term tid="t_41" lemma="was" type="open">
      <span>
        <target id="w_41"/>
      </span>
    </term>
    <term tid="t_42" lemma="bijna" type="open">
      <span>
        <target id="w_42"/>
      </span>
    </term>
    <term tid="t_43" lemma="net" type="open" pos="G">
      <span>
        <target id="w_43"/>
      </span>
      <sentiment polarity="positive" resource="VUA_olery_lexicon_nl_lmf"/>
    </term>
    <term tid="t_44" lemma="zo" type="open">
      <span>
        <target id="w_44"/>
      </span>
    </term>
    <term tid="t_45" lemma="groot" type="open">
      <span>
        <target id="w_45"/>
      </span>
    </term>
    <term tid="t_46" lemma="als" type="open">
      <span>
        <target id="w_46"/>
      </span>
    </term>
    <term tid="t_47" lemma="ons" type="open">
      <span>
        <target id="w_47"/>
      </span>
    </term>
    <term tid="t_48" lemma="huis" type="open">
      <span>
        <target id="w_48"/>
      </span>
    </term>
    <term tid="t_49" lemma="!" type="open">
      <span>
        <target id="w_49"/>
      </span>
      <sentiment sentiment_modifier="intensifier" resource="VUA_olery_lexicon_nl_lmf"/>
    </term>
    <term tid="t_50" lemma="heerlijk" type="open" pos="G">
      <span>
        <target id="w_50"/>
      </span>
      <sentiment polarity="positive" resource="VUA_olery_lexicon_nl_lmf"/>
    </term>
    <term tid="t_51" lemma="genoten" type="open">
      <span>
        <target id="w_51"/>
      </span>
    </term>
    <term tid="t_52" lemma="van" type="open">
      <span>
        <target id="w_52"/>
      </span>
    </term>
    <term tid="t_53" lemma="het" type="open">
      <span>
        <target id="w_53"/>
      </span>
    </term>
    <term tid="t_54" lemma="bubbelbad" type="open">
      <span>
        <target id="w_54"/>
      </span>
    </term>
    <term tid="t_55" lemma="en" type="open">
      <span>
        <target id="w_55"/>
      </span>
    </term>
    <term tid="t_56" lemma="alle" type="open">
      <span>
        <target id="w_56"/>
      </span>
    </term>
    <term tid="t_57" lemma="luxe" type="open" pos="N">
      <span>
        <target id="w_57"/>
      </span>
      <sentiment polarity="positive" resource="VUA_olery_lexicon_nl_lmf"/>
    </term>
    <term tid="t_58" lemma="." type="open">
      <span>
        <target id="w_58"/>
      </span>
    </term>
  </terms>
  <entities>
    <entity type="MISC" eid="e_1">
      <span>
        <target id="t_14"/>
      </span>
    </entity>
    <entity type="ORG" eid="e_2">
      <span>
        <target id="t_40"/>
      </span>
    </entity>
  </entities>
  <properties>
    <property type="value_for_money" pid="p_1">
      <span>
        <target id="t_21"/>
      </span>
    </property>
    <property type="bathroom" pid="p_2">
      <span>
        <target id="t_54"/>
      </span>
    </property>
    <property type="room" pid="p_3">
      <span>
        <target id="t_40"/>
      </span>
    </property>
    <property type="restaurant" pid="p_4">
      <span>
        <target id="t_16"/>
      </span>
      <span>
        <target id="t_23"/>
      </span>
    </property>
    <property type="cleanliness" pid="p_5">
      <span>
        <target id="t_43"/>
      </span>
    </property>
    <property type="staff" pid="p_6">
      <span>
        <target id="t_14"/>
      </span>
    </property>
  </properties>
  <opinions>
    <opinion oid="o_1">
      <opinion_target>
        <span>
          <target id="t_4"/>
        </span>
      </opinion_target>
      <opinion_expression polarity="positive" strength="1">
        <span>
          <target id="t_1"/>
        </span>
      </opinion_expression>
    </opinion>
    <opinion oid="o_2">
      <opinion_target>
        <span>
          <target id="t_10"/>
        </span>
      </opinion_target>
      <opinion_expression polarity="positive" strength="1">
        <span>
          <target id="t_11"/>
        </span>
      </opinion_expression>
    </opinion>
    <opinion oid="o_3">
      <opinion_target>
        <span>
          <target id="t_23"/>
        </span>
      </opinion_target>
      <opinion_expression polarity="negative" strength="-2">
        <span>
          <target id="t_21"/>
          <target id="t_20"/>
        </span>
      </opinion_expression>
    </opinion>
    <opinion oid="o_4">
      <opinion_target>
        <span>
          <target id="t_45"/>
        </span>
      </opinion_target>
      <opinion_expression polarity="positive" strength="1">
        <span>
          <target id="t_43"/>
        </span>
      </opinion_expression>
    </opinion>
    <opinion oid="o_5">
      <opinion_target>
        <span>
          <target id="t_51"/>
        </span>
      </opinion_target>
      <opinion_expression polarity="positive" strength="2">
        <span>
          <target id="t_50"/>
          <target id="t_49"/>
        </span>
      </opinion_expression>
    </opinion>
    <opinion oid="o_6">
      <opinion_target>
        <span>
          <target id="t_56"/>
        </span>
      </opinion_target>
      <opinion_expression polarity="positive" strength="1">
        <span>
          <target id="t_57"/>
        </span>
      </opinion_expression>
    </opinion>
  </opinions>
</KAF>
