<?xml version='1.0' encoding='UTF-8'?>
<KAF xml:lang="nl">
  <linguisticProcessors layer="text">
    <lp timestamp="2013-01-06T18:43:43CET" version="2.0" name="SentenceTokenizer"/>
  </linguisticProcessors>
  <linguisticProcessors layer="terms">
    <lp timestamp="2013-01-06T18:43:43CET" version="2.0" name="SentenceTokenizer"/>
    <lp timestamp="2013-01-06T18:43:43CET" version="1.0" name="SimplePolarityTagger"/>
  </linguisticProcessors>
  <linguisticProcessor layer="opinions">
    <lp timestamp="2013-01-06T18:43:43CET" version="1.0" name="SimpleOpinionDetector"/>
  </linguisticProcessor>
  <linguisticProcessor layer="properties">
    <lp timestamp="2013-01-06T18:43:43CET" version="1.0" name="SimplePropRecognizer_lookup"/>
  </linguisticProcessor>
  <linguisticProcessor layer="entities">
    <lp timestamp="2013-01-06T18:43:43CET" version="1.0" name="SimpleNER_lookup"/>
  </linguisticProcessor>
  <text>
    <wf wid="w_1" para="1" sent="1">Goede</wf>
    <wf wid="w_2" para="1" sent="1">locatie</wf>
    <wf wid="w_3" para="1" sent="1">en</wf>
    <wf wid="w_4" para="1" sent="1">service</wf>
    <wf wid="w_5" para="1" sent="1">,</wf>
    <wf wid="w_6" para="1" sent="1">maar</wf>
    <wf wid="w_7" para="1" sent="1">dat</wf>
    <wf wid="w_8" para="1" sent="1">was</wf>
    <wf wid="w_9" para="1" sent="1">het</wf>
    <wf wid="w_10" para="1" sent="1">wel</wf>
    <wf wid="w_11" para="1" sent="1">..</wf>
    <wf wid="w_12" para="1" sent="2">De</wf>
    <wf wid="w_13" para="1" sent="2">locatie</wf>
    <wf wid="w_14" para="1" sent="2">,</wf>
    <wf wid="w_15" para="1" sent="2">service</wf>
    <wf wid="w_16" para="1" sent="2">en</wf>
    <wf wid="w_17" para="1" sent="2">hygiene</wf>
    <wf wid="w_18" para="1" sent="2">zijn</wf>
    <wf wid="w_19" para="1" sent="2">prima</wf>
    <wf wid="w_20" para="1" sent="2">.</wf>
    <wf wid="w_21" para="1" sent="3">Hotel</wf>
    <wf wid="w_22" para="1" sent="3">zelf</wf>
    <wf wid="w_23" para="1" sent="3">is</wf>
    <wf wid="w_24" para="1" sent="3">alleen</wf>
    <wf wid="w_25" para="1" sent="3">zwaar</wf>
    <wf wid="w_26" para="1" sent="3">gedateerd</wf>
    <wf wid="w_27" para="1" sent="3">.</wf>
    <wf wid="w_28" para="1" sent="4">We</wf>
    <wf wid="w_29" para="1" sent="4">hadden</wf>
    <wf wid="w_30" para="1" sent="4">een</wf>
    <wf wid="w_31" para="1" sent="4">redelijke</wf>
    <wf wid="w_32" para="1" sent="4">kamer</wf>
    <wf wid="w_33" para="1" sent="4">qua</wf>
    <wf wid="w_34" para="1" sent="4">grootte</wf>
    <wf wid="w_35" para="1" sent="4">,</wf>
    <wf wid="w_36" para="1" sent="4">op</wf>
    <wf wid="w_37" para="1" sent="4">het</wf>
    <wf wid="w_38" para="1" sent="4">ontruimingsplan</wf>
    <wf wid="w_39" para="1" sent="4">te</wf>
    <wf wid="w_40" para="1" sent="4">zien</wf>
    <wf wid="w_41" para="1" sent="4">was</wf>
    <wf wid="w_42" para="1" sent="4">dit</wf>
    <wf wid="w_43" para="1" sent="4">zelfs</wf>
    <wf wid="w_44" para="1" sent="4">de</wf>
    <wf wid="w_45" para="1" sent="4">grootste</wf>
    <wf wid="w_46" para="1" sent="4">op</wf>
    <wf wid="w_47" para="1" sent="4">de</wf>
    <wf wid="w_48" para="1" sent="4">verdieping</wf>
    <wf wid="w_49" para="1" sent="4">.</wf>
    <wf wid="w_50" para="1" sent="5">De</wf>
    <wf wid="w_51" para="1" sent="5">kamer</wf>
    <wf wid="w_52" para="1" sent="5">zag</wf>
    <wf wid="w_53" para="1" sent="5">er</wf>
    <wf wid="w_54" para="1" sent="5">erg</wf>
    <wf wid="w_55" para="1" sent="5">saai</wf>
    <wf wid="w_56" para="1" sent="5">,</wf>
    <wf wid="w_57" para="1" sent="5">maar</wf>
    <wf wid="w_58" para="1" sent="5">vooral</wf>
    <wf wid="w_59" para="1" sent="5">goedkoop</wf>
    <wf wid="w_60" para="1" sent="5">uit</wf>
    <wf wid="w_61" para="1" sent="5">met</wf>
    <wf wid="w_62" para="1" sent="5">&amp;quot</wf>
    <wf wid="w_63" para="1" sent="5">.</wf>
    <wf wid="w_64" para="1" sent="6">kwantum</wf>
    <wf wid="w_65" para="1" sent="6">leenbakker</wf>
    <wf wid="w_66" para="1" sent="6">&amp;quot</wf>
    <wf wid="w_67" para="1" sent="6">;</wf>
    <wf wid="w_68" para="1" sent="6">meubels</wf>
    <wf wid="w_69" para="1" sent="6">.</wf>
    <wf wid="w_70" para="1" sent="7">Het</wf>
    <wf wid="w_71" para="1" sent="7">bed</wf>
    <wf wid="w_72" para="1" sent="7">was</wf>
    <wf wid="w_73" para="1" sent="7">erg</wf>
    <wf wid="w_74" para="1" sent="7">slecht</wf>
    <wf wid="w_75" para="1" sent="7">en</wf>
    <wf wid="w_76" para="1" sent="7">bestond</wf>
    <wf wid="w_77" para="1" sent="7">uit</wf>
    <wf wid="w_78" para="1" sent="7">2</wf>
    <wf wid="w_79" para="1" sent="7">delen</wf>
    <wf wid="w_80" para="1" sent="7">op</wf>
    <wf wid="w_81" para="1" sent="7">wieltjes</wf>
    <wf wid="w_82" para="1" sent="7">,</wf>
    <wf wid="w_83" para="1" sent="7">waardoor</wf>
    <wf wid="w_84" para="1" sent="7">ze</wf>
    <wf wid="w_85" para="1" sent="7">uit</wf>
    <wf wid="w_86" para="1" sent="7">elkaar</wf>
    <wf wid="w_87" para="1" sent="7">schuiven</wf>
    <wf wid="w_88" para="1" sent="7">.</wf>
    <wf wid="w_89" para="1" sent="8">De</wf>
    <wf wid="w_90" para="1" sent="8">kussens</wf>
    <wf wid="w_91" para="1" sent="8">waren</wf>
    <wf wid="w_92" para="1" sent="8">van</wf>
    <wf wid="w_93" para="1" sent="8">de</wf>
    <wf wid="w_94" para="1" sent="8">minste</wf>
    <wf wid="w_95" para="1" sent="8">kwaliteit</wf>
    <wf wid="w_96" para="1" sent="8">.</wf>
    <wf wid="w_97" para="1" sent="9">TV</wf>
    <wf wid="w_98" para="1" sent="9">is</wf>
    <wf wid="w_99" para="1" sent="9">zwaar</wf>
    <wf wid="w_100" para="1" sent="9">gedateerd</wf>
    <wf wid="w_101" para="1" sent="9">en</wf>
    <wf wid="w_102" para="1" sent="9">microscopisch</wf>
    <wf wid="w_103" para="1" sent="9">qua</wf>
    <wf wid="w_104" para="1" sent="9">formaat</wf>
    <wf wid="w_105" para="1" sent="9">.</wf>
    <wf wid="w_106" para="1" sent="10">De</wf>
    <wf wid="w_107" para="1" sent="10">badkamer</wf>
    <wf wid="w_108" para="1" sent="10">was</wf>
    <wf wid="w_109" para="1" sent="10">wel</wf>
    <wf wid="w_110" para="1" sent="10">redelijk</wf>
    <wf wid="w_111" para="1" sent="10">netjes</wf>
    <wf wid="w_112" para="1" sent="10">met</wf>
    <wf wid="w_113" para="1" sent="10">&amp;quot</wf>
    <wf wid="w_114" para="1" sent="10">;</wf>
    <wf wid="w_115" para="1" sent="10">whirlpool</wf>
    <wf wid="w_116" para="1" sent="10">&amp;quot</wf>
    <wf wid="w_117" para="1" sent="10">;</wf>
    <wf wid="w_118" para="1" sent="10">,</wf>
    <wf wid="w_119" para="1" sent="10">paar</wf>
    <wf wid="w_120" para="1" sent="10">jets</wf>
    <wf wid="w_121" para="1" sent="10">aan</wf>
    <wf wid="w_122" para="1" sent="10">de</wf>
    <wf wid="w_123" para="1" sent="10">zijkant</wf>
    <wf wid="w_124" para="1" sent="10">van</wf>
    <wf wid="w_125" para="1" sent="10">het</wf>
    <wf wid="w_126" para="1" sent="10">bad</wf>
    <wf wid="w_127" para="1" sent="10">,</wf>
    <wf wid="w_128" para="1" sent="10">maar</wf>
    <wf wid="w_129" para="1" sent="10">ook</wf>
    <wf wid="w_130" para="1" sent="10">klein</wf>
    <wf wid="w_131" para="1" sent="10">en</wf>
    <wf wid="w_132" para="1" sent="10">slecht</wf>
    <wf wid="w_133" para="1" sent="10">ingedeeld</wf>
    <wf wid="w_134" para="1" sent="10">.</wf>
    <wf wid="w_135" para="1" sent="11">Daarbij</wf>
    <wf wid="w_136" para="1" sent="11">komt</wf>
    <wf wid="w_137" para="1" sent="11">dat</wf>
    <wf wid="w_138" para="1" sent="11">een</wf>
    <wf wid="w_139" para="1" sent="11">douchescherm</wf>
    <wf wid="w_140" para="1" sent="11">ontbrak</wf>
    <wf wid="w_141" para="1" sent="11">,</wf>
    <wf wid="w_142" para="1" sent="11">waardoor</wf>
    <wf wid="w_143" para="1" sent="11">alles</wf>
    <wf wid="w_144" para="1" sent="11">nat</wf>
    <wf wid="w_145" para="1" sent="11">wordt</wf>
    <wf wid="w_146" para="1" sent="11">wanneer</wf>
    <wf wid="w_147" para="1" sent="11">men</wf>
    <wf wid="w_148" para="1" sent="11">gaat</wf>
    <wf wid="w_149" para="1" sent="11">douchen</wf>
    <wf wid="w_150" para="1" sent="11">.</wf>
    <wf wid="w_151" para="1" sent="12">Kamers</wf>
    <wf wid="w_152" para="1" sent="12">zijn</wf>
    <wf wid="w_153" para="1" sent="12">daarnaast</wf>
    <wf wid="w_154" para="1" sent="12">gehorig</wf>
    <wf wid="w_155" para="1" sent="12">en</wf>
    <wf wid="w_156" para="1" sent="12">blijkbaar</wf>
    <wf wid="w_157" para="1" sent="12">vinden</wf>
    <wf wid="w_158" para="1" sent="12">sommige</wf>
    <wf wid="w_159" para="1" sent="12">gasten</wf>
    <wf wid="w_160" para="1" sent="12">het</wf>
    <wf wid="w_161" para="1" sent="12">normaal</wf>
    <wf wid="w_162" para="1" sent="12">om</wf>
    <wf wid="w_163" para="1" sent="12">te</wf>
    <wf wid="w_164" para="1" sent="12">roken</wf>
    <wf wid="w_165" para="1" sent="12">op</wf>
    <wf wid="w_166" para="1" sent="12">de</wf>
    <wf wid="w_167" para="1" sent="12">kamer</wf>
    <wf wid="w_168" para="1" sent="12">,</wf>
    <wf wid="w_169" para="1" sent="12">waardoor</wf>
    <wf wid="w_170" para="1" sent="12">de</wf>
    <wf wid="w_171" para="1" sent="12">gang</wf>
    <wf wid="w_172" para="1" sent="12">en</wf>
    <wf wid="w_173" para="1" sent="12">'s</wf>
    <wf wid="w_174" para="1" sent="12">ochtends</wf>
    <wf wid="w_175" para="1" sent="12">je</wf>
    <wf wid="w_176" para="1" sent="12">eigen</wf>
    <wf wid="w_177" para="1" sent="12">kamer</wf>
    <wf wid="w_178" para="1" sent="12">naar</wf>
    <wf wid="w_179" para="1" sent="12">asbak</wf>
    <wf wid="w_180" para="1" sent="12">ruikt</wf>
    <wf wid="w_181" para="1" sent="12">.</wf>
    <wf wid="w_182" para="1" sent="13">Voor</wf>
    <wf wid="w_183" para="1" sent="13">de</wf>
    <wf wid="w_184" para="1" sent="13">prijs</wf>
    <wf wid="w_185" para="1" sent="13">die</wf>
    <wf wid="w_186" para="1" sent="13">ze</wf>
    <wf wid="w_187" para="1" sent="13">vragen</wf>
    <wf wid="w_188" para="1" sent="13">,</wf>
    <wf wid="w_189" para="1" sent="13">vond</wf>
    <wf wid="w_190" para="1" sent="13">ik</wf>
    <wf wid="w_191" para="1" sent="13">het</wf>
    <wf wid="w_192" para="1" sent="13">erg</wf>
    <wf wid="w_193" para="1" sent="13">slecht</wf>
    <wf wid="w_194" para="1" sent="13">.</wf>
    <wf wid="w_195" para="1" sent="14">Voor</wf>
    <wf wid="w_196" para="1" sent="14">hetzelfde</wf>
    <wf wid="w_197" para="1" sent="14">geld</wf>
    <wf wid="w_198" para="1" sent="14">heb</wf>
    <wf wid="w_199" para="1" sent="14">je</wf>
    <wf wid="w_200" para="1" sent="14">een</wf>
    <wf wid="w_201" para="1" sent="14">super</wf>
    <wf wid="w_202" para="1" sent="14">deluxe</wf>
    <wf wid="w_203" para="1" sent="14">suite</wf>
    <wf wid="w_204" para="1" sent="14">midden</wf>
    <wf wid="w_205" para="1" sent="14">in</wf>
    <wf wid="w_206" para="1" sent="14">Berlijn</wf>
    <wf wid="w_207" para="1" sent="14">bijv</wf>
    <wf wid="w_208" para="1" sent="14">.</wf>
    <wf wid="w_209" para="1" sent="15">Ontbijt</wf>
    <wf wid="w_210" para="1" sent="15">was</wf>
    <wf wid="w_211" para="1" sent="15">redelijk</wf>
    <wf wid="w_212" para="1" sent="15">,</wf>
    <wf wid="w_213" para="1" sent="15">maar</wf>
    <wf wid="w_214" para="1" sent="15">het</wf>
    <wf wid="w_215" para="1" sent="15">diner</wf>
    <wf wid="w_216" para="1" sent="15">is</wf>
    <wf wid="w_217" para="1" sent="15">zeer</wf>
    <wf wid="w_218" para="1" sent="15">matig</wf>
    <wf wid="w_219" para="1" sent="15">..</wf>
    <wf wid="w_220" para="1" sent="16">een</wf>
    <wf wid="w_221" para="1" sent="16">plakje</wf>
    <wf wid="w_222" para="1" sent="16">vienetta</wf>
    <wf wid="w_223" para="1" sent="16">als</wf>
    <wf wid="w_224" para="1" sent="16">dessert</wf>
    <wf wid="w_225" para="1" sent="16">!?</wf>
    <wf wid="w_226" para="1" sent="17">In</wf>
    <wf wid="w_227" para="1" sent="17">valkenburg</wf>
    <wf wid="w_228" para="1" sent="17">zelf</wf>
    <wf wid="w_229" para="1" sent="17">zijn</wf>
    <wf wid="w_230" para="1" sent="17">genoeg</wf>
    <wf wid="w_231" para="1" sent="17">leuke</wf>
    <wf wid="w_232" para="1" sent="17">restaurantjes</wf>
    <wf wid="w_233" para="1" sent="17">,</wf>
    <wf wid="w_234" para="1" sent="17">ga</wf>
    <wf wid="w_235" para="1" sent="17">lekker</wf>
    <wf wid="w_236" para="1" sent="17">daar</wf>
    <wf wid="w_237" para="1" sent="17">dineren</wf>
    <wf wid="w_238" para="1" sent="17">;</wf>
    <wf wid="w_239" para="1" sent="17">)</wf>
  </text>
  <terms>
    <term tid="t_1" lemma="goede" type="open" pos="G">
      <span>
        <target id="w_1"/>
      </span>
      <sentiment polarity="positive" resource="VUA_olery_lexicon_nl_lmf"/>
    </term>
    <term tid="t_2" lemma="locatie" type="open">
      <span>
        <target id="w_2"/>
      </span>
    </term>
    <term tid="t_3" lemma="en" type="open">
      <span>
        <target id="w_3"/>
      </span>
    </term>
    <term tid="t_4" lemma="service" type="open">
      <span>
        <target id="w_4"/>
      </span>
    </term>
    <term tid="t_5" lemma="," type="open">
      <span>
        <target id="w_5"/>
      </span>
    </term>
    <term tid="t_6" lemma="maar" type="open">
      <span>
        <target id="w_6"/>
      </span>
    </term>
    <term tid="t_7" lemma="dat" type="open">
      <span>
        <target id="w_7"/>
      </span>
    </term>
    <term tid="t_8" lemma="was" type="open">
      <span>
        <target id="w_8"/>
      </span>
    </term>
    <term tid="t_9" lemma="het" type="open">
      <span>
        <target id="w_9"/>
      </span>
    </term>
    <term tid="t_10" lemma="wel" type="open">
      <span>
        <target id="w_10"/>
      </span>
    </term>
    <term tid="t_11" lemma=".." type="open">
      <span>
        <target id="w_11"/>
      </span>
    </term>
    <term tid="t_12" lemma="de" type="open">
      <span>
        <target id="w_12"/>
      </span>
    </term>
    <term tid="t_13" lemma="locatie" type="open">
      <span>
        <target id="w_13"/>
      </span>
    </term>
    <term tid="t_14" lemma="," type="open">
      <span>
        <target id="w_14"/>
      </span>
    </term>
    <term tid="t_15" lemma="service" type="open">
      <span>
        <target id="w_15"/>
      </span>
    </term>
    <term tid="t_16" lemma="en" type="open">
      <span>
        <target id="w_16"/>
      </span>
    </term>
    <term tid="t_17" lemma="hygiene" type="open">
      <span>
        <target id="w_17"/>
      </span>
    </term>
    <term tid="t_18" lemma="zijn" type="open">
      <span>
        <target id="w_18"/>
      </span>
    </term>
    <term tid="t_19" lemma="prima" type="open" pos="G">
      <span>
        <target id="w_19"/>
      </span>
      <sentiment polarity="positive" resource="VUA_olery_lexicon_nl_lmf"/>
    </term>
    <term tid="t_20" lemma="." type="open">
      <span>
        <target id="w_20"/>
      </span>
    </term>
    <term tid="t_21" lemma="hotel" type="open">
      <span>
        <target id="w_21"/>
      </span>
    </term>
    <term tid="t_22" lemma="zelf" type="open">
      <span>
        <target id="w_22"/>
      </span>
    </term>
    <term tid="t_23" lemma="is" type="open">
      <span>
        <target id="w_23"/>
      </span>
    </term>
    <term tid="t_24" lemma="alleen" type="open">
      <span>
        <target id="w_24"/>
      </span>
    </term>
    <term tid="t_25" lemma="zwaar" type="open" pos="G">
      <span>
        <target id="w_25"/>
      </span>
      <sentiment polarity="negative" resource="VUA_olery_lexicon_nl_lmf"/>
    </term>
    <term tid="t_26" lemma="gedateerd" type="open">
      <span>
        <target id="w_26"/>
      </span>
    </term>
    <term tid="t_27" lemma="." type="open">
      <span>
        <target id="w_27"/>
      </span>
    </term>
    <term tid="t_28" lemma="we" type="open">
      <span>
        <target id="w_28"/>
      </span>
    </term>
    <term tid="t_29" lemma="hadden" type="open">
      <span>
        <target id="w_29"/>
      </span>
    </term>
    <term tid="t_30" lemma="een" type="open">
      <span>
        <target id="w_30"/>
      </span>
    </term>
    <term tid="t_31" lemma="redelijke" type="open">
      <span>
        <target id="w_31"/>
      </span>
    </term>
    <term tid="t_32" lemma="kamer" type="open">
      <span>
        <target id="w_32"/>
      </span>
    </term>
    <term tid="t_33" lemma="qua" type="open">
      <span>
        <target id="w_33"/>
      </span>
    </term>
    <term tid="t_34" lemma="grootte" type="open">
      <span>
        <target id="w_34"/>
      </span>
    </term>
    <term tid="t_35" lemma="," type="open">
      <span>
        <target id="w_35"/>
      </span>
    </term>
    <term tid="t_36" lemma="op" type="open">
      <span>
        <target id="w_36"/>
      </span>
    </term>
    <term tid="t_37" lemma="het" type="open">
      <span>
        <target id="w_37"/>
      </span>
    </term>
    <term tid="t_38" lemma="ontruimingsplan" type="open">
      <span>
        <target id="w_38"/>
      </span>
    </term>
    <term tid="t_39" lemma="te" type="open">
      <span>
        <target id="w_39"/>
      </span>
    </term>
    <term tid="t_40" lemma="zien" type="open">
      <span>
        <target id="w_40"/>
      </span>
    </term>
    <term tid="t_41" lemma="was" type="open">
      <span>
        <target id="w_41"/>
      </span>
    </term>
    <term tid="t_42" lemma="dit" type="open">
      <span>
        <target id="w_42"/>
      </span>
    </term>
    <term tid="t_43" lemma="zelfs" type="open">
      <span>
        <target id="w_43"/>
      </span>
    </term>
    <term tid="t_44" lemma="de" type="open">
      <span>
        <target id="w_44"/>
      </span>
    </term>
    <term tid="t_45" lemma="grootste" type="open">
      <span>
        <target id="w_45"/>
      </span>
    </term>
    <term tid="t_46" lemma="op" type="open">
      <span>
        <target id="w_46"/>
      </span>
    </term>
    <term tid="t_47" lemma="de" type="open">
      <span>
        <target id="w_47"/>
      </span>
    </term>
    <term tid="t_48" lemma="verdieping" type="open">
      <span>
        <target id="w_48"/>
      </span>
    </term>
    <term tid="t_49" lemma="." type="open">
      <span>
        <target id="w_49"/>
      </span>
    </term>
    <term tid="t_50" lemma="de" type="open">
      <span>
        <target id="w_50"/>
      </span>
    </term>
    <term tid="t_51" lemma="kamer" type="open">
      <span>
        <target id="w_51"/>
      </span>
    </term>
    <term tid="t_52" lemma="zag" type="open">
      <span>
        <target id="w_52"/>
      </span>
    </term>
    <term tid="t_53" lemma="er" type="open">
      <span>
        <target id="w_53"/>
      </span>
    </term>
    <term tid="t_54" lemma="erg" type="open">
      <span>
        <target id="w_54"/>
      </span>
      <sentiment sentiment_modifier="intensifier" resource="VUA_olery_lexicon_nl_lmf"/>
    </term>
    <term tid="t_55" lemma="saai" type="open" pos="G">
      <span>
        <target id="w_55"/>
      </span>
      <sentiment polarity="negative" resource="VUA_olery_lexicon_nl_lmf"/>
    </term>
    <term tid="t_56" lemma="," type="open">
      <span>
        <target id="w_56"/>
      </span>
    </term>
    <term tid="t_57" lemma="maar" type="open">
      <span>
        <target id="w_57"/>
      </span>
    </term>
    <term tid="t_58" lemma="vooral" type="open">
      <span>
        <target id="w_58"/>
      </span>
    </term>
    <term tid="t_59" lemma="goedkoop" type="open" pos="G">
      <span>
        <target id="w_59"/>
      </span>
      <sentiment polarity="positive" resource="VUA_olery_lexicon_nl_lmf"/>
    </term>
    <term tid="t_60" lemma="uit" type="open">
      <span>
        <target id="w_60"/>
      </span>
    </term>
    <term tid="t_61" lemma="met" type="open">
      <span>
        <target id="w_61"/>
      </span>
    </term>
    <term tid="t_62" lemma="&amp;quot" type="open">
      <span>
        <target id="w_62"/>
      </span>
    </term>
    <term tid="t_63" lemma="." type="open">
      <span>
        <target id="w_63"/>
      </span>
    </term>
    <term tid="t_64" lemma="kwantum" type="open">
      <span>
        <target id="w_64"/>
      </span>
    </term>
    <term tid="t_65" lemma="leenbakker" type="open">
      <span>
        <target id="w_65"/>
      </span>
    </term>
    <term tid="t_66" lemma="&amp;quot" type="open">
      <span>
        <target id="w_66"/>
      </span>
    </term>
    <term tid="t_67" lemma=";" type="open">
      <span>
        <target id="w_67"/>
      </span>
    </term>
    <term tid="t_68" lemma="meubels" type="open">
      <span>
        <target id="w_68"/>
      </span>
    </term>
    <term tid="t_69" lemma="." type="open">
      <span>
        <target id="w_69"/>
      </span>
    </term>
    <term tid="t_70" lemma="het" type="open">
      <span>
        <target id="w_70"/>
      </span>
    </term>
    <term tid="t_71" lemma="bed" type="open">
      <span>
        <target id="w_71"/>
      </span>
    </term>
    <term tid="t_72" lemma="was" type="open">
      <span>
        <target id="w_72"/>
      </span>
    </term>
    <term tid="t_73" lemma="erg" type="open">
      <span>
        <target id="w_73"/>
      </span>
      <sentiment sentiment_modifier="intensifier" resource="VUA_olery_lexicon_nl_lmf"/>
    </term>
    <term tid="t_74" lemma="slecht" type="open" pos="G">
      <span>
        <target id="w_74"/>
      </span>
      <sentiment polarity="negative" resource="VUA_olery_lexicon_nl_lmf"/>
    </term>
    <term tid="t_75" lemma="en" type="open">
      <span>
        <target id="w_75"/>
      </span>
    </term>
    <term tid="t_76" lemma="bestond" type="open">
      <span>
        <target id="w_76"/>
      </span>
    </term>
    <term tid="t_77" lemma="uit" type="open">
      <span>
        <target id="w_77"/>
      </span>
    </term>
    <term tid="t_78" lemma="2" type="open">
      <span>
        <target id="w_78"/>
      </span>
    </term>
    <term tid="t_79" lemma="delen" type="open">
      <span>
        <target id="w_79"/>
      </span>
    </term>
    <term tid="t_80" lemma="op" type="open">
      <span>
        <target id="w_80"/>
      </span>
    </term>
    <term tid="t_81" lemma="wieltjes" type="open">
      <span>
        <target id="w_81"/>
      </span>
    </term>
    <term tid="t_82" lemma="," type="open">
      <span>
        <target id="w_82"/>
      </span>
    </term>
    <term tid="t_83" lemma="waardoor" type="open">
      <span>
        <target id="w_83"/>
      </span>
    </term>
    <term tid="t_84" lemma="ze" type="open">
      <span>
        <target id="w_84"/>
      </span>
    </term>
    <term tid="t_85" lemma="uit" type="open">
      <span>
        <target id="w_85"/>
      </span>
    </term>
    <term tid="t_86" lemma="elkaar" type="open">
      <span>
        <target id="w_86"/>
      </span>
    </term>
    <term tid="t_87" lemma="schuiven" type="open">
      <span>
        <target id="w_87"/>
      </span>
    </term>
    <term tid="t_88" lemma="." type="open">
      <span>
        <target id="w_88"/>
      </span>
    </term>
    <term tid="t_89" lemma="de" type="open">
      <span>
        <target id="w_89"/>
      </span>
    </term>
    <term tid="t_90" lemma="kussens" type="open">
      <span>
        <target id="w_90"/>
      </span>
    </term>
    <term tid="t_91" lemma="waren" type="open">
      <span>
        <target id="w_91"/>
      </span>
    </term>
    <term tid="t_92" lemma="van" type="open">
      <span>
        <target id="w_92"/>
      </span>
    </term>
    <term tid="t_93" lemma="de" type="open">
      <span>
        <target id="w_93"/>
      </span>
    </term>
    <term tid="t_94" lemma="minste" type="open">
      <span>
        <target id="w_94"/>
      </span>
    </term>
    <term tid="t_95" lemma="kwaliteit" type="open">
      <span>
        <target id="w_95"/>
      </span>
    </term>
    <term tid="t_96" lemma="." type="open">
      <span>
        <target id="w_96"/>
      </span>
    </term>
    <term tid="t_97" lemma="tv" type="open">
      <span>
        <target id="w_97"/>
      </span>
    </term>
    <term tid="t_98" lemma="is" type="open">
      <span>
        <target id="w_98"/>
      </span>
    </term>
    <term tid="t_99" lemma="zwaar" type="open" pos="G">
      <span>
        <target id="w_99"/>
      </span>
      <sentiment polarity="negative" resource="VUA_olery_lexicon_nl_lmf"/>
    </term>
    <term tid="t_100" lemma="gedateerd" type="open">
      <span>
        <target id="w_100"/>
      </span>
    </term>
    <term tid="t_101" lemma="en" type="open">
      <span>
        <target id="w_101"/>
      </span>
    </term>
    <term tid="t_102" lemma="microscopisch" type="open">
      <span>
        <target id="w_102"/>
      </span>
    </term>
    <term tid="t_103" lemma="qua" type="open">
      <span>
        <target id="w_103"/>
      </span>
    </term>
    <term tid="t_104" lemma="formaat" type="open">
      <span>
        <target id="w_104"/>
      </span>
    </term>
    <term tid="t_105" lemma="." type="open">
      <span>
        <target id="w_105"/>
      </span>
    </term>
    <term tid="t_106" lemma="de" type="open">
      <span>
        <target id="w_106"/>
      </span>
    </term>
    <term tid="t_107" lemma="badkamer" type="open">
      <span>
        <target id="w_107"/>
      </span>
    </term>
    <term tid="t_108" lemma="was" type="open">
      <span>
        <target id="w_108"/>
      </span>
    </term>
    <term tid="t_109" lemma="wel" type="open">
      <span>
        <target id="w_109"/>
      </span>
    </term>
    <term tid="t_110" lemma="redelijk" type="open">
      <span>
        <target id="w_110"/>
      </span>
    </term>
    <term tid="t_111" lemma="netjes" type="open" pos="G">
      <span>
        <target id="w_111"/>
      </span>
      <sentiment polarity="positive" resource="VUA_olery_lexicon_nl_lmf"/>
    </term>
    <term tid="t_112" lemma="met" type="open">
      <span>
        <target id="w_112"/>
      </span>
    </term>
    <term tid="t_113" lemma="&amp;quot" type="open">
      <span>
        <target id="w_113"/>
      </span>
    </term>
    <term tid="t_114" lemma=";" type="open">
      <span>
        <target id="w_114"/>
      </span>
    </term>
    <term tid="t_115" lemma="whirlpool" type="open">
      <span>
        <target id="w_115"/>
      </span>
    </term>
    <term tid="t_116" lemma="&amp;quot" type="open">
      <span>
        <target id="w_116"/>
      </span>
    </term>
    <term tid="t_117" lemma=";" type="open">
      <span>
        <target id="w_117"/>
      </span>
    </term>
    <term tid="t_118" lemma="," type="open">
      <span>
        <target id="w_118"/>
      </span>
    </term>
    <term tid="t_119" lemma="paar" type="open">
      <span>
        <target id="w_119"/>
      </span>
    </term>
    <term tid="t_120" lemma="jets" type="open">
      <span>
        <target id="w_120"/>
      </span>
    </term>
    <term tid="t_121" lemma="aan" type="open">
      <span>
        <target id="w_121"/>
      </span>
    </term>
    <term tid="t_122" lemma="de" type="open">
      <span>
        <target id="w_122"/>
      </span>
    </term>
    <term tid="t_123" lemma="zijkant" type="open">
      <span>
        <target id="w_123"/>
      </span>
    </term>
    <term tid="t_124" lemma="van" type="open">
      <span>
        <target id="w_124"/>
      </span>
    </term>
    <term tid="t_125" lemma="het" type="open">
      <span>
        <target id="w_125"/>
      </span>
    </term>
    <term tid="t_126" lemma="bad" type="open">
      <span>
        <target id="w_126"/>
      </span>
    </term>
    <term tid="t_127" lemma="," type="open">
      <span>
        <target id="w_127"/>
      </span>
    </term>
    <term tid="t_128" lemma="maar" type="open">
      <span>
        <target id="w_128"/>
      </span>
    </term>
    <term tid="t_129" lemma="ook" type="open">
      <span>
        <target id="w_129"/>
      </span>
    </term>
    <term tid="t_130" lemma="klein" type="open">
      <span>
        <target id="w_130"/>
      </span>
    </term>
    <term tid="t_131" lemma="en" type="open">
      <span>
        <target id="w_131"/>
      </span>
    </term>
    <term tid="t_132" lemma="slecht" type="open" pos="G">
      <span>
        <target id="w_132"/>
      </span>
      <sentiment polarity="negative" resource="VUA_olery_lexicon_nl_lmf"/>
    </term>
    <term tid="t_133" lemma="ingedeeld" type="open">
      <span>
        <target id="w_133"/>
      </span>
    </term>
    <term tid="t_134" lemma="." type="open">
      <span>
        <target id="w_134"/>
      </span>
    </term>
    <term tid="t_135" lemma="daarbij" type="open">
      <span>
        <target id="w_135"/>
      </span>
    </term>
    <term tid="t_136" lemma="komt" type="open">
      <span>
        <target id="w_136"/>
      </span>
    </term>
    <term tid="t_137" lemma="dat" type="open">
      <span>
        <target id="w_137"/>
      </span>
    </term>
    <term tid="t_138" lemma="een" type="open">
      <span>
        <target id="w_138"/>
      </span>
    </term>
    <term tid="t_139" lemma="douchescherm" type="open">
      <span>
        <target id="w_139"/>
      </span>
    </term>
    <term tid="t_140" lemma="ontbrak" type="open">
      <span>
        <target id="w_140"/>
      </span>
    </term>
    <term tid="t_141" lemma="," type="open">
      <span>
        <target id="w_141"/>
      </span>
    </term>
    <term tid="t_142" lemma="waardoor" type="open">
      <span>
        <target id="w_142"/>
      </span>
    </term>
    <term tid="t_143" lemma="alles" type="open">
      <span>
        <target id="w_143"/>
      </span>
    </term>
    <term tid="t_144" lemma="nat" type="open" pos="G">
      <span>
        <target id="w_144"/>
      </span>
      <sentiment polarity="negative" resource="VUA_olery_lexicon_nl_lmf"/>
    </term>
    <term tid="t_145" lemma="wordt" type="open">
      <span>
        <target id="w_145"/>
      </span>
    </term>
    <term tid="t_146" lemma="wanneer" type="open">
      <span>
        <target id="w_146"/>
      </span>
    </term>
    <term tid="t_147" lemma="men" type="open">
      <span>
        <target id="w_147"/>
      </span>
    </term>
    <term tid="t_148" lemma="gaat" type="open">
      <span>
        <target id="w_148"/>
      </span>
    </term>
    <term tid="t_149" lemma="douchen" type="open">
      <span>
        <target id="w_149"/>
      </span>
    </term>
    <term tid="t_150" lemma="." type="open">
      <span>
        <target id="w_150"/>
      </span>
    </term>
    <term tid="t_151" lemma="kamers" type="open">
      <span>
        <target id="w_151"/>
      </span>
    </term>
    <term tid="t_152" lemma="zijn" type="open">
      <span>
        <target id="w_152"/>
      </span>
    </term>
    <term tid="t_153" lemma="daarnaast" type="open">
      <span>
        <target id="w_153"/>
      </span>
    </term>
    <term tid="t_154" lemma="gehorig" type="open" pos="G">
      <span>
        <target id="w_154"/>
      </span>
      <sentiment polarity="negative" resource="VUA_olery_lexicon_nl_lmf"/>
    </term>
    <term tid="t_155" lemma="en" type="open">
      <span>
        <target id="w_155"/>
      </span>
    </term>
    <term tid="t_156" lemma="blijkbaar" type="open">
      <span>
        <target id="w_156"/>
      </span>
    </term>
    <term tid="t_157" lemma="vinden" type="open">
      <span>
        <target id="w_157"/>
      </span>
    </term>
    <term tid="t_158" lemma="sommige" type="open">
      <span>
        <target id="w_158"/>
      </span>
    </term>
    <term tid="t_159" lemma="gasten" type="open">
      <span>
        <target id="w_159"/>
      </span>
    </term>
    <term tid="t_160" lemma="het" type="open">
      <span>
        <target id="w_160"/>
      </span>
    </term>
    <term tid="t_161" lemma="normaal" type="open">
      <span>
        <target id="w_161"/>
      </span>
    </term>
    <term tid="t_162" lemma="om" type="open">
      <span>
        <target id="w_162"/>
      </span>
    </term>
    <term tid="t_163" lemma="te" type="open">
      <span>
        <target id="w_163"/>
      </span>
    </term>
    <term tid="t_164" lemma="roken" type="open">
      <span>
        <target id="w_164"/>
      </span>
    </term>
    <term tid="t_165" lemma="op" type="open">
      <span>
        <target id="w_165"/>
      </span>
    </term>
    <term tid="t_166" lemma="de" type="open">
      <span>
        <target id="w_166"/>
      </span>
    </term>
    <term tid="t_167" lemma="kamer" type="open">
      <span>
        <target id="w_167"/>
      </span>
    </term>
    <term tid="t_168" lemma="," type="open">
      <span>
        <target id="w_168"/>
      </span>
    </term>
    <term tid="t_169" lemma="waardoor" type="open">
      <span>
        <target id="w_169"/>
      </span>
    </term>
    <term tid="t_170" lemma="de" type="open">
      <span>
        <target id="w_170"/>
      </span>
    </term>
    <term tid="t_171" lemma="gang" type="open">
      <span>
        <target id="w_171"/>
      </span>
    </term>
    <term tid="t_172" lemma="en" type="open">
      <span>
        <target id="w_172"/>
      </span>
    </term>
    <term tid="t_173" lemma="'s" type="open">
      <span>
        <target id="w_173"/>
      </span>
    </term>
    <term tid="t_174" lemma="ochtends" type="open">
      <span>
        <target id="w_174"/>
      </span>
    </term>
    <term tid="t_175" lemma="je" type="open">
      <span>
        <target id="w_175"/>
      </span>
    </term>
    <term tid="t_176" lemma="eigen" type="open">
      <span>
        <target id="w_176"/>
      </span>
    </term>
    <term tid="t_177" lemma="kamer" type="open">
      <span>
        <target id="w_177"/>
      </span>
    </term>
    <term tid="t_178" lemma="naar" type="open" pos="G">
      <span>
        <target id="w_178"/>
      </span>
      <sentiment polarity="negative" resource="VUA_olery_lexicon_nl_lmf"/>
    </term>
    <term tid="t_179" lemma="asbak" type="open">
      <span>
        <target id="w_179"/>
      </span>
    </term>
    <term tid="t_180" lemma="ruikt" type="open">
      <span>
        <target id="w_180"/>
      </span>
    </term>
    <term tid="t_181" lemma="." type="open">
      <span>
        <target id="w_181"/>
      </span>
    </term>
    <term tid="t_182" lemma="voor" type="open">
      <span>
        <target id="w_182"/>
      </span>
    </term>
    <term tid="t_183" lemma="de" type="open">
      <span>
        <target id="w_183"/>
      </span>
    </term>
    <term tid="t_184" lemma="prijs" type="open">
      <span>
        <target id="w_184"/>
      </span>
    </term>
    <term tid="t_185" lemma="die" type="open">
      <span>
        <target id="w_185"/>
      </span>
    </term>
    <term tid="t_186" lemma="ze" type="open">
      <span>
        <target id="w_186"/>
      </span>
    </term>
    <term tid="t_187" lemma="vragen" type="open">
      <span>
        <target id="w_187"/>
      </span>
    </term>
    <term tid="t_188" lemma="," type="open">
      <span>
        <target id="w_188"/>
      </span>
    </term>
    <term tid="t_189" lemma="vond" type="open">
      <span>
        <target id="w_189"/>
      </span>
    </term>
    <term tid="t_190" lemma="ik" type="open">
      <span>
        <target id="w_190"/>
      </span>
    </term>
    <term tid="t_191" lemma="het" type="open">
      <span>
        <target id="w_191"/>
      </span>
    </term>
    <term tid="t_192" lemma="erg" type="open">
      <span>
        <target id="w_192"/>
      </span>
      <sentiment sentiment_modifier="intensifier" resource="VUA_olery_lexicon_nl_lmf"/>
    </term>
    <term tid="t_193" lemma="slecht" type="open" pos="G">
      <span>
        <target id="w_193"/>
      </span>
      <sentiment polarity="negative" resource="VUA_olery_lexicon_nl_lmf"/>
    </term>
    <term tid="t_194" lemma="." type="open">
      <span>
        <target id="w_194"/>
      </span>
    </term>
    <term tid="t_195" lemma="voor" type="open">
      <span>
        <target id="w_195"/>
      </span>
    </term>
    <term tid="t_196" lemma="hetzelfde" type="open">
      <span>
        <target id="w_196"/>
      </span>
    </term>
    <term tid="t_197" lemma="geld" type="open">
      <span>
        <target id="w_197"/>
      </span>
    </term>
    <term tid="t_198" lemma="heb" type="open">
      <span>
        <target id="w_198"/>
      </span>
    </term>
    <term tid="t_199" lemma="je" type="open">
      <span>
        <target id="w_199"/>
      </span>
    </term>
    <term tid="t_200" lemma="een" type="open">
      <span>
        <target id="w_200"/>
      </span>
    </term>
    <term tid="t_201" lemma="super" type="open" pos="N">
      <span>
        <target id="w_201"/>
      </span>
      <sentiment polarity="positive" resource="VUA_olery_lexicon_nl_lmf"/>
    </term>
    <term tid="t_202" lemma="deluxe" type="open">
      <span>
        <target id="w_202"/>
      </span>
    </term>
    <term tid="t_203" lemma="suite" type="open">
      <span>
        <target id="w_203"/>
      </span>
    </term>
    <term tid="t_204" lemma="midden" type="open">
      <span>
        <target id="w_204"/>
      </span>
    </term>
    <term tid="t_205" lemma="in" type="open">
      <span>
        <target id="w_205"/>
      </span>
    </term>
    <term tid="t_206" lemma="berlijn" type="open">
      <span>
        <target id="w_206"/>
      </span>
    </term>
    <term tid="t_207" lemma="bijv" type="open">
      <span>
        <target id="w_207"/>
      </span>
    </term>
    <term tid="t_208" lemma="." type="open">
      <span>
        <target id="w_208"/>
      </span>
    </term>
    <term tid="t_209" lemma="ontbijt" type="open">
      <span>
        <target id="w_209"/>
      </span>
    </term>
    <term tid="t_210" lemma="was" type="open">
      <span>
        <target id="w_210"/>
      </span>
    </term>
    <term tid="t_211" lemma="redelijk" type="open">
      <span>
        <target id="w_211"/>
      </span>
    </term>
    <term tid="t_212" lemma="," type="open">
      <span>
        <target id="w_212"/>
      </span>
    </term>
    <term tid="t_213" lemma="maar" type="open">
      <span>
        <target id="w_213"/>
      </span>
    </term>
    <term tid="t_214" lemma="het" type="open">
      <span>
        <target id="w_214"/>
      </span>
    </term>
    <term tid="t_215" lemma="diner" type="open">
      <span>
        <target id="w_215"/>
      </span>
    </term>
    <term tid="t_216" lemma="is" type="open">
      <span>
        <target id="w_216"/>
      </span>
    </term>
    <term tid="t_217" lemma="zeer" type="open">
      <span>
        <target id="w_217"/>
      </span>
      <sentiment sentiment_modifier="intensifier" resource="VUA_olery_lexicon_nl_lmf"/>
    </term>
    <term tid="t_218" lemma="matig" type="open" pos="G">
      <span>
        <target id="w_218"/>
      </span>
      <sentiment polarity="negative" resource="VUA_olery_lexicon_nl_lmf"/>
    </term>
    <term tid="t_219" lemma=".." type="open">
      <span>
        <target id="w_219"/>
      </span>
    </term>
    <term tid="t_220" lemma="een" type="open">
      <span>
        <target id="w_220"/>
      </span>
    </term>
    <term tid="t_221" lemma="plakje" type="open">
      <span>
        <target id="w_221"/>
      </span>
    </term>
    <term tid="t_222" lemma="vienetta" type="open">
      <span>
        <target id="w_222"/>
      </span>
    </term>
    <term tid="t_223" lemma="als" type="open">
      <span>
        <target id="w_223"/>
      </span>
    </term>
    <term tid="t_224" lemma="dessert" type="open">
      <span>
        <target id="w_224"/>
      </span>
    </term>
    <term tid="t_225" lemma="!?" type="open">
      <span>
        <target id="w_225"/>
      </span>
    </term>
    <term tid="t_226" lemma="in" type="open">
      <span>
        <target id="w_226"/>
      </span>
    </term>
    <term tid="t_227" lemma="valkenburg" type="open">
      <span>
        <target id="w_227"/>
      </span>
    </term>
    <term tid="t_228" lemma="zelf" type="open">
      <span>
        <target id="w_228"/>
      </span>
    </term>
    <term tid="t_229" lemma="zijn" type="open">
      <span>
        <target id="w_229"/>
      </span>
    </term>
    <term tid="t_230" lemma="genoeg" type="open">
      <span>
        <target id="w_230"/>
      </span>
    </term>
    <term tid="t_231" lemma="leuke" type="open">
      <span>
        <target id="w_231"/>
      </span>
    </term>
    <term tid="t_232" lemma="restaurantjes" type="open">
      <span>
        <target id="w_232"/>
      </span>
    </term>
    <term tid="t_233" lemma="," type="open">
      <span>
        <target id="w_233"/>
      </span>
    </term>
    <term tid="t_234" lemma="ga" type="open">
      <span>
        <target id="w_234"/>
      </span>
    </term>
    <term tid="t_235" lemma="lekker" type="open" pos="G">
      <span>
        <target id="w_235"/>
      </span>
      <sentiment polarity="positive" resource="VUA_olery_lexicon_nl_lmf"/>
    </term>
    <term tid="t_236" lemma="daar" type="open">
      <span>
        <target id="w_236"/>
      </span>
    </term>
    <term tid="t_237" lemma="dineren" type="open">
      <span>
        <target id="w_237"/>
      </span>
    </term>
    <term tid="t_238" lemma=";" type="open">
      <span>
        <target id="w_238"/>
      </span>
    </term>
    <term tid="t_239" lemma=")" type="open">
      <span>
        <target id="w_239"/>
      </span>
    </term>
  </terms>
  <entities>
    <entity type="PER" eid="e_1">
      <span>
        <target id="t_19"/>
      </span>
    </entity>
    <entity type="PER" eid="e_2">
      <span>
        <target id="t_78"/>
      </span>
    </entity>
    <entity type="PER" eid="e_3">
      <span>
        <target id="t_176"/>
      </span>
    </entity>
    <entity type="ORG" eid="e_4">
      <span>
        <target id="t_32"/>
      </span>
      <span>
        <target id="t_51"/>
      </span>
      <span>
        <target id="t_167"/>
      </span>
      <span>
        <target id="t_177"/>
      </span>
    </entity>
    <entity type="MISC" eid="e_5">
      <span>
        <target id="t_18"/>
      </span>
      <span>
        <target id="t_152"/>
      </span>
      <span>
        <target id="t_229"/>
      </span>
    </entity>
    <entity type="MISC" eid="e_6">
      <span>
        <target id="t_4"/>
      </span>
      <span>
        <target id="t_15"/>
      </span>
    </entity>
    <entity type="PER" eid="e_7">
      <span>
        <target id="t_28"/>
      </span>
    </entity>
    <entity type="LOC" eid="e_8">
      <span>
        <target id="t_206"/>
      </span>
    </entity>
  </entities>
  <properties>
    <property type="value_for_money" pid="p_1">
      <span>
        <target id="t_59"/>
      </span>
      <span>
        <target id="t_184"/>
      </span>
      <span>
        <target id="t_197"/>
      </span>
    </property>
    <property type="bathroom" pid="p_2">
      <span>
        <target id="t_107"/>
      </span>
      <span>
        <target id="t_126"/>
      </span>
      <span>
        <target id="t_144"/>
      </span>
      <span>
        <target id="t_149"/>
      </span>
    </property>
    <property type="noise" pid="p_3">
      <span>
        <target id="t_154"/>
      </span>
    </property>
    <property type="room" pid="p_4">
      <span>
        <target id="t_32"/>
      </span>
      <span>
        <target id="t_51"/>
      </span>
      <span>
        <target id="t_111"/>
      </span>
      <span>
        <target id="t_167"/>
      </span>
      <span>
        <target id="t_177"/>
      </span>
      <span>
        <target id="t_203"/>
      </span>
    </property>
    <property type="swimming_pool" pid="p_5">
      <span>
        <target id="t_115"/>
      </span>
    </property>
    <property type="restaurant" pid="p_6">
      <span>
        <target id="t_209"/>
      </span>
      <span>
        <target id="t_215"/>
      </span>
      <span>
        <target id="t_224"/>
      </span>
      <span>
        <target id="t_235"/>
      </span>
      <span>
        <target id="t_237"/>
      </span>
    </property>
    <property type="sleeping_comfort" pid="p_7">
      <span>
        <target id="t_71"/>
      </span>
    </property>
    <property type="facilities" pid="p_8">
      <span>
        <target id="t_97"/>
      </span>
      <span>
        <target id="t_164"/>
      </span>
      <span>
        <target id="t_202"/>
      </span>
    </property>
    <property type="location" pid="p_9">
      <span>
        <target id="t_2"/>
      </span>
      <span>
        <target id="t_13"/>
      </span>
    </property>
    <property type="staff" pid="p_10">
      <span>
        <target id="t_4"/>
      </span>
      <span>
        <target id="t_15"/>
      </span>
    </property>
  </properties>
  <opinions>
    <opinion oid="o_1">
      <opinion_target>
        <span>
          <target id="t_2"/>
        </span>
      </opinion_target>
      <opinion_expression polarity="positive" strength="1">
        <span>
          <target id="t_1"/>
        </span>
      </opinion_expression>
    </opinion>
    <opinion oid="o_2">
      <opinion_target>
        <span>
          <target id="t_17"/>
        </span>
      </opinion_target>
      <opinion_expression polarity="positive" strength="1">
        <span>
          <target id="t_19"/>
        </span>
      </opinion_expression>
    </opinion>
    <opinion oid="o_3">
      <opinion_target>
        <span>
          <target id="t_26"/>
        </span>
      </opinion_target>
      <opinion_expression polarity="negative" strength="-1">
        <span>
          <target id="t_25"/>
        </span>
      </opinion_expression>
    </opinion>
    <opinion oid="o_4">
      <opinion_target>
        <span>
          <target id="t_58"/>
        </span>
      </opinion_target>
      <opinion_expression polarity="negative" strength="-2">
        <span>
          <target id="t_55"/>
          <target id="t_54"/>
        </span>
      </opinion_expression>
    </opinion>
    <opinion oid="o_5">
      <opinion_target>
        <span>
          <target id="t_62"/>
        </span>
      </opinion_target>
      <opinion_expression polarity="positive" strength="1">
        <span>
          <target id="t_59"/>
        </span>
      </opinion_expression>
    </opinion>
    <opinion oid="o_6">
      <opinion_target>
        <span>
          <target id="t_76"/>
        </span>
      </opinion_target>
      <opinion_expression polarity="negative" strength="-2">
        <span>
          <target id="t_74"/>
          <target id="t_73"/>
        </span>
      </opinion_expression>
    </opinion>
    <opinion oid="o_7">
      <opinion_target>
        <span>
          <target id="t_100"/>
        </span>
      </opinion_target>
      <opinion_expression polarity="negative" strength="-1">
        <span>
          <target id="t_99"/>
        </span>
      </opinion_expression>
    </opinion>
    <opinion oid="o_8">
      <opinion_target>
        <span>
          <target id="t_113"/>
        </span>
      </opinion_target>
      <opinion_expression polarity="positive" strength="1">
        <span>
          <target id="t_111"/>
        </span>
      </opinion_expression>
    </opinion>
    <opinion oid="o_9">
      <opinion_target>
        <span>
          <target id="t_133"/>
        </span>
      </opinion_target>
      <opinion_expression polarity="negative" strength="-1">
        <span>
          <target id="t_132"/>
        </span>
      </opinion_expression>
    </opinion>
    <opinion oid="o_10">
      <opinion_target>
        <span>
          <target id="t_146"/>
        </span>
      </opinion_target>
      <opinion_expression polarity="negative" strength="-1">
        <span>
          <target id="t_144"/>
        </span>
      </opinion_expression>
    </opinion>
    <opinion oid="o_11">
      <opinion_target>
        <span>
          <target id="t_156"/>
        </span>
      </opinion_target>
      <opinion_expression polarity="negative" strength="-1">
        <span>
          <target id="t_154"/>
        </span>
      </opinion_expression>
    </opinion>
    <opinion oid="o_12">
      <opinion_target>
        <span>
          <target id="t_179"/>
        </span>
      </opinion_target>
      <opinion_expression polarity="negative" strength="-1">
        <span>
          <target id="t_178"/>
        </span>
      </opinion_expression>
    </opinion>
    <opinion oid="o_13">
      <opinion_holder>
        <span>
          <target id="t_190"/>
        </span>
      </opinion_holder>
      <opinion_target>
        <span>
          <target id="t_189"/>
        </span>
      </opinion_target>
      <opinion_expression polarity="negative" strength="-2">
        <span>
          <target id="t_193"/>
          <target id="t_192"/>
        </span>
      </opinion_expression>
    </opinion>
    <opinion oid="o_14">
      <opinion_target>
        <span>
          <target id="t_202"/>
        </span>
      </opinion_target>
      <opinion_expression polarity="positive" strength="1">
        <span>
          <target id="t_201"/>
        </span>
      </opinion_expression>
    </opinion>
    <opinion oid="o_15">
      <opinion_target>
        <span>
          <target id="t_215"/>
        </span>
      </opinion_target>
      <opinion_expression polarity="negative" strength="-2">
        <span>
          <target id="t_218"/>
          <target id="t_217"/>
        </span>
      </opinion_expression>
    </opinion>
    <opinion oid="o_16">
      <opinion_target>
        <span>
          <target id="t_237"/>
        </span>
      </opinion_target>
      <opinion_expression polarity="positive" strength="1">
        <span>
          <target id="t_235"/>
        </span>
      </opinion_expression>
    </opinion>
  </opinions>
</KAF>
