<?xml version='1.0' encoding='UTF-8'?>
<KAF xml:lang="nl">
  <linguisticProcessors layer="text">
    <lp timestamp="2013-01-06T18:33:29CET" version="2.0" name="SentenceTokenizer"/>
  </linguisticProcessors>
  <linguisticProcessors layer="terms">
    <lp timestamp="2013-01-06T18:33:29CET" version="2.0" name="SentenceTokenizer"/>
    <lp timestamp="2013-01-06T18:33:29CET" version="1.0" name="SimplePolarityTagger"/>
  </linguisticProcessors>
  <linguisticProcessor layer="opinions">
    <lp timestamp="2013-01-06T18:33:29CET" version="1.0" name="SimpleOpinionDetector"/>
  </linguisticProcessor>
  <linguisticProcessor layer="properties">
    <lp timestamp="2013-01-06T18:33:29CET" version="1.0" name="SimplePropRecognizer_lookup"/>
  </linguisticProcessor>
  <linguisticProcessor layer="entities">
    <lp timestamp="2013-01-06T18:33:29CET" version="1.0" name="SimpleNER_lookup"/>
  </linguisticProcessor>
  <text>
    <wf wid="w_1" para="1" sent="1">Zoek</wf>
    <wf wid="w_2" para="1" sent="1">je</wf>
    <wf wid="w_3" para="1" sent="1">een</wf>
    <wf wid="w_4" para="1" sent="1">hotel</wf>
    <wf wid="w_5" para="1" sent="1">vlak</wf>
    <wf wid="w_6" para="1" sent="1">bij</wf>
    <wf wid="w_7" para="1" sent="1">het</wf>
    <wf wid="w_8" para="1" sent="1">centrum</wf>
    <wf wid="w_9" para="1" sent="1">,</wf>
    <wf wid="w_10" para="1" sent="1">maar</wf>
    <wf wid="w_11" para="1" sent="1">zelf</wf>
    <wf wid="w_12" para="1" sent="1">rustig</wf>
    <wf wid="w_13" para="1" sent="1">gelegen</wf>
    <wf wid="w_14" para="1" sent="1">,</wf>
    <wf wid="w_15" para="1" sent="1">dan</wf>
    <wf wid="w_16" para="1" sent="1">is</wf>
    <wf wid="w_17" para="1" sent="1">dit</wf>
    <wf wid="w_18" para="1" sent="1">een</wf>
    <wf wid="w_19" para="1" sent="1">prima</wf>
    <wf wid="w_20" para="1" sent="1">plek</wf>
    <wf wid="w_21" para="1" sent="1">om</wf>
    <wf wid="w_22" para="1" sent="1">te</wf>
    <wf wid="w_23" para="1" sent="1">vertoeven</wf>
    <wf wid="w_24" para="1" sent="1">.</wf>
    <wf wid="w_25" para="1" sent="2">Goede</wf>
    <wf wid="w_26" para="1" sent="2">ontvangst</wf>
    <wf wid="w_27" para="1" sent="2">.</wf>
    <wf wid="w_28" para="1" sent="3">Kamer</wf>
    <wf wid="w_29" para="1" sent="3">was</wf>
    <wf wid="w_30" para="1" sent="3">netjes</wf>
    <wf wid="w_31" para="1" sent="3">maar</wf>
    <wf wid="w_32" para="1" sent="3">klein</wf>
    <wf wid="w_33" para="1" sent="3">.</wf>
    <wf wid="w_34" para="1" sent="4">Uitgebreid</wf>
    <wf wid="w_35" para="1" sent="4">ontbijtbuffet</wf>
    <wf wid="w_36" para="1" sent="4">,</wf>
    <wf wid="w_37" para="1" sent="4">waar</wf>
    <wf wid="w_38" para="1" sent="4">we</wf>
    <wf wid="w_39" para="1" sent="4">zeer</wf>
    <wf wid="w_40" para="1" sent="4">van</wf>
    <wf wid="w_41" para="1" sent="4">hebben</wf>
    <wf wid="w_42" para="1" sent="4">genoten</wf>
    <wf wid="w_43" para="1" sent="4">.</wf>
    <wf wid="w_44" para="1" sent="5">Helaas</wf>
    <wf wid="w_45" para="1" sent="5">was</wf>
    <wf wid="w_46" para="1" sent="5">de</wf>
    <wf wid="w_47" para="1" sent="5">bar</wf>
    <wf wid="w_48" para="1" sent="5">zonder</wf>
    <wf wid="w_49" para="1" sent="5">personeel</wf>
    <wf wid="w_50" para="1" sent="5">,</wf>
    <wf wid="w_51" para="1" sent="5">maar</wf>
    <wf wid="w_52" para="1" sent="5">de</wf>
    <wf wid="w_53" para="1" sent="5">receptionist</wf>
    <wf wid="w_54" para="1" sent="5">was</wf>
    <wf wid="w_55" para="1" sent="5">zo</wf>
    <wf wid="w_56" para="1" sent="5">vriendelijk</wf>
    <wf wid="w_57" para="1" sent="5">om</wf>
    <wf wid="w_58" para="1" sent="5">ons</wf>
    <wf wid="w_59" para="1" sent="5">toch</wf>
    <wf wid="w_60" para="1" sent="5">van</wf>
    <wf wid="w_61" para="1" sent="5">het</wf>
    <wf wid="w_62" para="1" sent="5">een</wf>
    <wf wid="w_63" para="1" sent="5">en</wf>
    <wf wid="w_64" para="1" sent="5">ander</wf>
    <wf wid="w_65" para="1" sent="5">te</wf>
    <wf wid="w_66" para="1" sent="5">voorzien</wf>
    <wf wid="w_67" para="1" sent="5">.</wf>
  </text>
  <terms>
    <term tid="t_1" lemma="zoek" type="open">
      <span>
        <target id="w_1"/>
      </span>
    </term>
    <term tid="t_2" lemma="je" type="open">
      <span>
        <target id="w_2"/>
      </span>
    </term>
    <term tid="t_3" lemma="een" type="open">
      <span>
        <target id="w_3"/>
      </span>
    </term>
    <term tid="t_4" lemma="hotel" type="open">
      <span>
        <target id="w_4"/>
      </span>
    </term>
    <term tid="t_5" lemma="vlak" type="open">
      <span>
        <target id="w_5"/>
      </span>
    </term>
    <term tid="t_6" lemma="bij" type="open">
      <span>
        <target id="w_6"/>
      </span>
    </term>
    <term tid="t_7" lemma="het" type="open">
      <span>
        <target id="w_7"/>
      </span>
    </term>
    <term tid="t_8" lemma="centrum" type="open">
      <span>
        <target id="w_8"/>
      </span>
    </term>
    <term tid="t_9" lemma="," type="open">
      <span>
        <target id="w_9"/>
      </span>
    </term>
    <term tid="t_10" lemma="maar" type="open">
      <span>
        <target id="w_10"/>
      </span>
    </term>
    <term tid="t_11" lemma="zelf" type="open">
      <span>
        <target id="w_11"/>
      </span>
    </term>
    <term tid="t_12" lemma="rustig" type="open" pos="G">
      <span>
        <target id="w_12"/>
      </span>
      <sentiment polarity="positive" resource="VUA_olery_lexicon_nl_lmf"/>
    </term>
    <term tid="t_13" lemma="gelegen" type="open">
      <span>
        <target id="w_13"/>
      </span>
    </term>
    <term tid="t_14" lemma="," type="open">
      <span>
        <target id="w_14"/>
      </span>
    </term>
    <term tid="t_15" lemma="dan" type="open">
      <span>
        <target id="w_15"/>
      </span>
    </term>
    <term tid="t_16" lemma="is" type="open">
      <span>
        <target id="w_16"/>
      </span>
    </term>
    <term tid="t_17" lemma="dit" type="open">
      <span>
        <target id="w_17"/>
      </span>
    </term>
    <term tid="t_18" lemma="een" type="open">
      <span>
        <target id="w_18"/>
      </span>
    </term>
    <term tid="t_19" lemma="prima" type="open" pos="G">
      <span>
        <target id="w_19"/>
      </span>
      <sentiment polarity="positive" resource="VUA_olery_lexicon_nl_lmf"/>
    </term>
    <term tid="t_20" lemma="plek" type="open">
      <span>
        <target id="w_20"/>
      </span>
    </term>
    <term tid="t_21" lemma="om" type="open">
      <span>
        <target id="w_21"/>
      </span>
    </term>
    <term tid="t_22" lemma="te" type="open">
      <span>
        <target id="w_22"/>
      </span>
    </term>
    <term tid="t_23" lemma="vertoeven" type="open" pos="V">
      <span>
        <target id="w_23"/>
      </span>
      <sentiment polarity="positive" resource="VUA_olery_lexicon_nl_lmf"/>
    </term>
    <term tid="t_24" lemma="." type="open">
      <span>
        <target id="w_24"/>
      </span>
    </term>
    <term tid="t_25" lemma="goede" type="open" pos="G">
      <span>
        <target id="w_25"/>
      </span>
      <sentiment polarity="positive" resource="VUA_olery_lexicon_nl_lmf"/>
    </term>
    <term tid="t_26" lemma="ontvangst" type="open">
      <span>
        <target id="w_26"/>
      </span>
    </term>
    <term tid="t_27" lemma="." type="open">
      <span>
        <target id="w_27"/>
      </span>
    </term>
    <term tid="t_28" lemma="kamer" type="open">
      <span>
        <target id="w_28"/>
      </span>
    </term>
    <term tid="t_29" lemma="was" type="open">
      <span>
        <target id="w_29"/>
      </span>
    </term>
    <term tid="t_30" lemma="netjes" type="open" pos="G">
      <span>
        <target id="w_30"/>
      </span>
      <sentiment polarity="positive" resource="VUA_olery_lexicon_nl_lmf"/>
    </term>
    <term tid="t_31" lemma="maar" type="open">
      <span>
        <target id="w_31"/>
      </span>
    </term>
    <term tid="t_32" lemma="klein" type="open">
      <span>
        <target id="w_32"/>
      </span>
    </term>
    <term tid="t_33" lemma="." type="open">
      <span>
        <target id="w_33"/>
      </span>
    </term>
    <term tid="t_34" lemma="uitgebreid" type="open" pos="V">
      <span>
        <target id="w_34"/>
      </span>
      <sentiment polarity="positive" resource="VUA_olery_lexicon_nl_lmf"/>
    </term>
    <term tid="t_35" lemma="ontbijtbuffet" type="open">
      <span>
        <target id="w_35"/>
      </span>
    </term>
    <term tid="t_36" lemma="," type="open">
      <span>
        <target id="w_36"/>
      </span>
    </term>
    <term tid="t_37" lemma="waar" type="open">
      <span>
        <target id="w_37"/>
      </span>
    </term>
    <term tid="t_38" lemma="we" type="open">
      <span>
        <target id="w_38"/>
      </span>
    </term>
    <term tid="t_39" lemma="zeer" type="open">
      <span>
        <target id="w_39"/>
      </span>
      <sentiment sentiment_modifier="intensifier" resource="VUA_olery_lexicon_nl_lmf"/>
    </term>
    <term tid="t_40" lemma="van" type="open">
      <span>
        <target id="w_40"/>
      </span>
    </term>
    <term tid="t_41" lemma="hebben" type="open">
      <span>
        <target id="w_41"/>
      </span>
    </term>
    <term tid="t_42" lemma="genoten" type="open">
      <span>
        <target id="w_42"/>
      </span>
    </term>
    <term tid="t_43" lemma="." type="open">
      <span>
        <target id="w_43"/>
      </span>
    </term>
    <term tid="t_44" lemma="helaas" type="open" pos="A">
      <span>
        <target id="w_44"/>
      </span>
      <sentiment polarity="negative" resource="VUA_olery_lexicon_nl_lmf"/>
    </term>
    <term tid="t_45" lemma="was" type="open">
      <span>
        <target id="w_45"/>
      </span>
    </term>
    <term tid="t_46" lemma="de" type="open">
      <span>
        <target id="w_46"/>
      </span>
    </term>
    <term tid="t_47" lemma="bar" type="open">
      <span>
        <target id="w_47"/>
      </span>
    </term>
    <term tid="t_48" lemma="zonder" type="open">
      <span>
        <target id="w_48"/>
      </span>
      <sentiment sentiment_modifier="shifter" resource="VUA_olery_lexicon_nl_lmf"/>
    </term>
    <term tid="t_49" lemma="personeel" type="open">
      <span>
        <target id="w_49"/>
      </span>
    </term>
    <term tid="t_50" lemma="," type="open">
      <span>
        <target id="w_50"/>
      </span>
    </term>
    <term tid="t_51" lemma="maar" type="open">
      <span>
        <target id="w_51"/>
      </span>
    </term>
    <term tid="t_52" lemma="de" type="open">
      <span>
        <target id="w_52"/>
      </span>
    </term>
    <term tid="t_53" lemma="receptionist" type="open">
      <span>
        <target id="w_53"/>
      </span>
    </term>
    <term tid="t_54" lemma="was" type="open">
      <span>
        <target id="w_54"/>
      </span>
    </term>
    <term tid="t_55" lemma="zo" type="open">
      <span>
        <target id="w_55"/>
      </span>
    </term>
    <term tid="t_56" lemma="vriendelijk" type="open" pos="G">
      <span>
        <target id="w_56"/>
      </span>
      <sentiment polarity="positive" resource="VUA_olery_lexicon_nl_lmf"/>
    </term>
    <term tid="t_57" lemma="om" type="open">
      <span>
        <target id="w_57"/>
      </span>
    </term>
    <term tid="t_58" lemma="ons" type="open">
      <span>
        <target id="w_58"/>
      </span>
    </term>
    <term tid="t_59" lemma="toch" type="open">
      <span>
        <target id="w_59"/>
      </span>
    </term>
    <term tid="t_60" lemma="van" type="open">
      <span>
        <target id="w_60"/>
      </span>
    </term>
    <term tid="t_61" lemma="het" type="open">
      <span>
        <target id="w_61"/>
      </span>
    </term>
    <term tid="t_62" lemma="een" type="open">
      <span>
        <target id="w_62"/>
      </span>
    </term>
    <term tid="t_63" lemma="en" type="open">
      <span>
        <target id="w_63"/>
      </span>
    </term>
    <term tid="t_64" lemma="ander" type="open">
      <span>
        <target id="w_64"/>
      </span>
    </term>
    <term tid="t_65" lemma="te" type="open">
      <span>
        <target id="w_65"/>
      </span>
    </term>
    <term tid="t_66" lemma="voorzien" type="open">
      <span>
        <target id="w_66"/>
      </span>
    </term>
    <term tid="t_67" lemma="." type="open">
      <span>
        <target id="w_67"/>
      </span>
    </term>
  </terms>
  <entities>
    <entity type="PER" eid="e_1">
      <span>
        <target id="t_38"/>
      </span>
    </entity>
    <entity type="ORG" eid="e_2">
      <span>
        <target id="t_47"/>
      </span>
    </entity>
    <entity type="PER" eid="e_3">
      <span>
        <target id="t_19"/>
      </span>
    </entity>
    <entity type="ORG" eid="e_4">
      <span>
        <target id="t_28"/>
      </span>
    </entity>
  </entities>
  <properties>
    <property type="facilities" pid="p_1">
      <span>
        <target id="t_47"/>
      </span>
    </property>
    <property type="restaurant" pid="p_2">
      <span>
        <target id="t_34"/>
      </span>
      <span>
        <target id="t_35"/>
      </span>
    </property>
    <property type="room" pid="p_3">
      <span>
        <target id="t_28"/>
      </span>
      <span>
        <target id="t_30"/>
      </span>
    </property>
    <property type="location" pid="p_4">
      <span>
        <target id="t_5"/>
      </span>
      <span>
        <target id="t_8"/>
      </span>
    </property>
    <property type="staff" pid="p_5">
      <span>
        <target id="t_26"/>
      </span>
      <span>
        <target id="t_49"/>
      </span>
      <span>
        <target id="t_53"/>
      </span>
      <span>
        <target id="t_56"/>
      </span>
    </property>
  </properties>
  <opinions>
    <opinion oid="o_1">
      <opinion_target>
        <span>
          <target id="t_13"/>
        </span>
      </opinion_target>
      <opinion_expression polarity="positive" strength="1">
        <span>
          <target id="t_12"/>
        </span>
      </opinion_expression>
    </opinion>
    <opinion oid="o_2">
      <opinion_target>
        <span>
          <target id="t_20"/>
        </span>
      </opinion_target>
      <opinion_expression polarity="positive" strength="1">
        <span>
          <target id="t_19"/>
        </span>
      </opinion_expression>
    </opinion>
    <opinion oid="o_3">
      <opinion_target>
        <span>
          <target id="t_26"/>
        </span>
      </opinion_target>
      <opinion_expression polarity="positive" strength="1">
        <span>
          <target id="t_25"/>
        </span>
      </opinion_expression>
    </opinion>
    <opinion oid="o_4">
      <opinion_target>
        <span>
          <target id="t_32"/>
        </span>
      </opinion_target>
      <opinion_expression polarity="positive" strength="1">
        <span>
          <target id="t_30"/>
        </span>
      </opinion_expression>
    </opinion>
    <opinion oid="o_5">
      <opinion_holder>
        <span>
          <target id="t_38"/>
        </span>
      </opinion_holder>
      <opinion_target>
        <span>
          <target id="t_35"/>
        </span>
      </opinion_target>
      <opinion_expression polarity="positive" strength="1">
        <span>
          <target id="t_34"/>
        </span>
      </opinion_expression>
    </opinion>
    <opinion oid="o_6">
      <opinion_target>
        <span>
          <target id="t_47"/>
        </span>
      </opinion_target>
      <opinion_expression polarity="negative" strength="-1">
        <span>
          <target id="t_44"/>
        </span>
      </opinion_expression>
    </opinion>
    <opinion oid="o_7">
      <opinion_target>
        <span>
          <target id="t_53"/>
        </span>
      </opinion_target>
      <opinion_expression polarity="positive" strength="1">
        <span>
          <target id="t_56"/>
        </span>
      </opinion_expression>
    </opinion>
  </opinions>
</KAF>
