<?xml version='1.0' encoding='UTF-8'?>
<KAF xml:lang="nl">
  <linguisticProcessors layer="text">
    <lp timestamp="2013-01-06T18:44:07CET" version="2.0" name="SentenceTokenizer"/>
  </linguisticProcessors>
  <linguisticProcessors layer="terms">
    <lp timestamp="2013-01-06T18:44:07CET" version="2.0" name="SentenceTokenizer"/>
    <lp timestamp="2013-01-06T18:44:07CET" version="1.0" name="SimplePolarityTagger"/>
  </linguisticProcessors>
  <linguisticProcessor layer="opinions">
    <lp timestamp="2013-01-06T18:44:07CET" version="1.0" name="SimpleOpinionDetector"/>
  </linguisticProcessor>
  <linguisticProcessor layer="properties">
    <lp timestamp="2013-01-06T18:44:07CET" version="1.0" name="SimplePropRecognizer_lookup"/>
  </linguisticProcessor>
  <linguisticProcessor layer="entities">
    <lp timestamp="2013-01-06T18:44:07CET" version="1.0" name="SimpleNER_lookup"/>
  </linguisticProcessor>
  <text>
    <wf wid="w_1" para="1" sent="1">Leuk</wf>
    <wf wid="w_2" para="1" sent="1">terras</wf>
    <wf wid="w_3" para="1" sent="1">,</wf>
    <wf wid="w_4" para="1" sent="1">maar</wf>
    <wf wid="w_5" para="1" sent="1">verder</wf>
    <wf wid="w_6" para="1" sent="1">niks</wf>
    <wf wid="w_7" para="1" sent="1">bijzonders</wf>
    <wf wid="w_8" para="1" sent="1">!.</wf>
    <wf wid="w_9" para="1" sent="2">Toen</wf>
    <wf wid="w_10" para="1" sent="2">wij</wf>
    <wf wid="w_11" para="1" sent="2">aankwamen</wf>
    <wf wid="w_12" para="1" sent="2">was</wf>
    <wf wid="w_13" para="1" sent="2">het</wf>
    <wf wid="w_14" para="1" sent="2">niet</wf>
    <wf wid="w_15" para="1" sent="2">druk</wf>
    <wf wid="w_16" para="1" sent="2">.</wf>
    <wf wid="w_17" para="1" sent="3">drie</wf>
    <wf wid="w_18" para="1" sent="3">tafeltjes</wf>
    <wf wid="w_19" para="1" sent="3">bezet</wf>
    <wf wid="w_20" para="1" sent="3">.</wf>
    <wf wid="w_21" para="1" sent="4">De</wf>
    <wf wid="w_22" para="1" sent="4">serveerster</wf>
    <wf wid="w_23" para="1" sent="4">groette</wf>
    <wf wid="w_24" para="1" sent="4">ons</wf>
    <wf wid="w_25" para="1" sent="4">vriendelijk</wf>
    <wf wid="w_26" para="1" sent="4">,</wf>
    <wf wid="w_27" para="1" sent="4">maar</wf>
    <wf wid="w_28" para="1" sent="4">wachtte</wf>
    <wf wid="w_29" para="1" sent="4">vervolgens</wf>
    <wf wid="w_30" para="1" sent="4">een</wf>
    <wf wid="w_31" para="1" sent="4">kwartier</wf>
    <wf wid="w_32" para="1" sent="4">voor</wf>
    <wf wid="w_33" para="1" sent="4">ze</wf>
    <wf wid="w_34" para="1" sent="4">naar</wf>
    <wf wid="w_35" para="1" sent="4">onze</wf>
    <wf wid="w_36" para="1" sent="4">tafel</wf>
    <wf wid="w_37" para="1" sent="4">kwam</wf>
    <wf wid="w_38" para="1" sent="4">.</wf>
    <wf wid="w_39" para="1" sent="5">We</wf>
    <wf wid="w_40" para="1" sent="5">bestelden</wf>
    <wf wid="w_41" para="1" sent="5">twee</wf>
    <wf wid="w_42" para="1" sent="5">thee</wf>
    <wf wid="w_43" para="1" sent="5">en</wf>
    <wf wid="w_44" para="1" sent="5">vroegen</wf>
    <wf wid="w_45" para="1" sent="5">om</wf>
    <wf wid="w_46" para="1" sent="5">de</wf>
    <wf wid="w_47" para="1" sent="5">lunchkaart</wf>
    <wf wid="w_48" para="1" sent="5">.</wf>
    <wf wid="w_49" para="1" sent="6">Na</wf>
    <wf wid="w_50" para="1" sent="6">weer</wf>
    <wf wid="w_51" para="1" sent="6">ruim</wf>
    <wf wid="w_52" para="1" sent="6">10</wf>
    <wf wid="w_53" para="1" sent="6">minuten</wf>
    <wf wid="w_54" para="1" sent="6">wachten</wf>
    <wf wid="w_55" para="1" sent="6">,</wf>
    <wf wid="w_56" para="1" sent="6">wisten</wf>
    <wf wid="w_57" para="1" sent="6">we</wf>
    <wf wid="w_58" para="1" sent="6">via</wf>
    <wf wid="w_59" para="1" sent="6">een</wf>
    <wf wid="w_60" para="1" sent="6">tweede</wf>
    <wf wid="w_61" para="1" sent="6">lid</wf>
    <wf wid="w_62" para="1" sent="6">van</wf>
    <wf wid="w_63" para="1" sent="6">de</wf>
    <wf wid="w_64" para="1" sent="6">bedieningsbrigade</wf>
    <wf wid="w_65" para="1" sent="6">een</wf>
    <wf wid="w_66" para="1" sent="6">lunchkaart</wf>
    <wf wid="w_67" para="1" sent="6">te</wf>
    <wf wid="w_68" para="1" sent="6">bemachtigen</wf>
    <wf wid="w_69" para="1" sent="6">.</wf>
    <wf wid="w_70" para="1" sent="7">We</wf>
    <wf wid="w_71" para="1" sent="7">bestelden</wf>
    <wf wid="w_72" para="1" sent="7">de</wf>
    <wf wid="w_73" para="1" sent="7">lunchsalade</wf>
    <wf wid="w_74" para="1" sent="7">,</wf>
    <wf wid="w_75" para="1" sent="7">variant</wf>
    <wf wid="w_76" para="1" sent="7">vlees</wf>
    <wf wid="w_77" para="1" sent="7">.</wf>
    <wf wid="w_78" para="1" sent="8">We</wf>
    <wf wid="w_79" para="1" sent="8">hoefden</wf>
    <wf wid="w_80" para="1" sent="8">niet</wf>
    <wf wid="w_81" para="1" sent="8">lang</wf>
    <wf wid="w_82" para="1" sent="8">te</wf>
    <wf wid="w_83" para="1" sent="8">wachten</wf>
    <wf wid="w_84" para="1" sent="8">en</wf>
    <wf wid="w_85" para="1" sent="8">dat</wf>
    <wf wid="w_86" para="1" sent="8">verbaast</wf>
    <wf wid="w_87" para="1" sent="8">ons</wf>
    <wf wid="w_88" para="1" sent="8">niets</wf>
    <wf wid="w_89" para="1" sent="8">.</wf>
    <wf wid="w_90" para="1" sent="9">Een</wf>
    <wf wid="w_91" para="1" sent="9">bord</wf>
    <wf wid="w_92" para="1" sent="9">vol</wf>
    <wf wid="w_93" para="1" sent="9">met</wf>
    <wf wid="w_94" para="1" sent="9">sla</wf>
    <wf wid="w_95" para="1" sent="9">leggen</wf>
    <wf wid="w_96" para="1" sent="9">is</wf>
    <wf wid="w_97" para="1" sent="9">voor</wf>
    <wf wid="w_98" para="1" sent="9">geen</wf>
    <wf wid="w_99" para="1" sent="9">enkele</wf>
    <wf wid="w_100" para="1" sent="9">kok</wf>
    <wf wid="w_101" para="1" sent="9">ingewikkeld</wf>
    <wf wid="w_102" para="1" sent="9">.</wf>
    <wf wid="w_103" para="1" sent="10">Vervolgens</wf>
    <wf wid="w_104" para="1" sent="10">2</wf>
    <wf wid="w_105" para="1" sent="10">plakjes</wf>
    <wf wid="w_106" para="1" sent="10">rookvlees</wf>
    <wf wid="w_107" para="1" sent="10">,</wf>
    <wf wid="w_108" para="1" sent="10">2</wf>
    <wf wid="w_109" para="1" sent="10">plakjes</wf>
    <wf wid="w_110" para="1" sent="10">oranje</wf>
    <wf wid="w_111" para="1" sent="10">metworst</wf>
    <wf wid="w_112" para="1" sent="10">en</wf>
    <wf wid="w_113" para="1" sent="10">een</wf>
    <wf wid="w_114" para="1" sent="10">beetje</wf>
    <wf wid="w_115" para="1" sent="10">dressing</wf>
    <wf wid="w_116" para="1" sent="10">en</wf>
    <wf wid="w_117" para="1" sent="10">dat</wf>
    <wf wid="w_118" para="1" sent="10">is</wf>
    <wf wid="w_119" para="1" sent="10">het</wf>
    <wf wid="w_120" para="1" sent="10">.</wf>
    <wf wid="w_121" para="1" sent="11">We</wf>
    <wf wid="w_122" para="1" sent="11">voelden</wf>
    <wf wid="w_123" para="1" sent="11">ons</wf>
    <wf wid="w_124" para="1" sent="11">net</wf>
    <wf wid="w_125" para="1" sent="11">twee</wf>
    <wf wid="w_126" para="1" sent="11">konijnen</wf>
    <wf wid="w_127" para="1" sent="11">.</wf>
    <wf wid="w_128" para="1" sent="12">Voor</wf>
    <wf wid="w_129" para="1" sent="12">zo</wf>
    <wf wid="w_130" para="1" sent="12">'n</wf>
    <wf wid="w_131" para="1" sent="12">'gerecht</wf>
    <wf wid="w_132" para="1" sent="12">'</wf>
    <wf wid="w_133" para="1" sent="12">â¬</wf>
    <wf wid="w_134" para="1" sent="12">12</wf>
    <wf wid="w_135" para="1" sent="12">,</wf>
    <wf wid="w_136" para="1" sent="12">50</wf>
    <wf wid="w_137" para="1" sent="12">vragen</wf>
    <wf wid="w_138" para="1" sent="12">is</wf>
    <wf wid="w_139" para="1" sent="12">echt</wf>
    <wf wid="w_140" para="1" sent="12">bespottelijk</wf>
    <wf wid="w_141" para="1" sent="12">.</wf>
    <wf wid="w_142" para="1" sent="13">Toen</wf>
    <wf wid="w_143" para="1" sent="13">we</wf>
    <wf wid="w_144" para="1" sent="13">dat</wf>
    <wf wid="w_145" para="1" sent="13">meldden</wf>
    <wf wid="w_146" para="1" sent="13">,</wf>
    <wf wid="w_147" para="1" sent="13">deed</wf>
    <wf wid="w_148" para="1" sent="13">de</wf>
    <wf wid="w_149" para="1" sent="13">bediening</wf>
    <wf wid="w_150" para="1" sent="13">er</wf>
    <wf wid="w_151" para="1" sent="13">niks</wf>
    <wf wid="w_152" para="1" sent="13">mee</wf>
    <wf wid="w_153" para="1" sent="13">.</wf>
    <wf wid="w_154" para="1" sent="14">Ze</wf>
    <wf wid="w_155" para="1" sent="14">zou</wf>
    <wf wid="w_156" para="1" sent="14">het</wf>
    <wf wid="w_157" para="1" sent="14">doorgeven</wf>
    <wf wid="w_158" para="1" sent="14">aan</wf>
    <wf wid="w_159" para="1" sent="14">de</wf>
    <wf wid="w_160" para="1" sent="14">keuken</wf>
    <wf wid="w_161" para="1" sent="14">.</wf>
    <wf wid="w_162" para="1" sent="15">Vooruit</wf>
    <wf wid="w_163" para="1" sent="15">Ã©Ã©n</wf>
    <wf wid="w_164" para="1" sent="15">kopje</wf>
    <wf wid="w_165" para="1" sent="15">thee</wf>
    <wf wid="w_166" para="1" sent="15">gratis</wf>
    <wf wid="w_167" para="1" sent="15">.</wf>
    <wf wid="w_168" para="1" sent="16">Nou</wf>
    <wf wid="w_169" para="1" sent="16">,</wf>
    <wf wid="w_170" para="1" sent="16">twee</wf>
    <wf wid="w_171" para="1" sent="16">kopjes</wf>
    <wf wid="w_172" para="1" sent="16">thee</wf>
    <wf wid="w_173" para="1" sent="16">dan</wf>
    <wf wid="w_174" para="1" sent="16">.</wf>
    <wf wid="w_175" para="1" sent="17">Wij</wf>
    <wf wid="w_176" para="1" sent="17">rijden</wf>
    <wf wid="w_177" para="1" sent="17">voortaan</wf>
    <wf wid="w_178" para="1" sent="17">voorbij</wf>
    <wf wid="w_179" para="1" sent="17">,</wf>
    <wf wid="w_180" para="1" sent="17">hoeven</wf>
    <wf wid="w_181" para="1" sent="17">geen</wf>
    <wf wid="w_182" para="1" sent="17">gratis</wf>
    <wf wid="w_183" para="1" sent="17">thee</wf>
    <wf wid="w_184" para="1" sent="17">,</wf>
    <wf wid="w_185" para="1" sent="17">maar</wf>
    <wf wid="w_186" para="1" sent="17">verwachten</wf>
    <wf wid="w_187" para="1" sent="17">voor</wf>
    <wf wid="w_188" para="1" sent="17">dit</wf>
    <wf wid="w_189" para="1" sent="17">geld</wf>
    <wf wid="w_190" para="1" sent="17">minimaal</wf>
    <wf wid="w_191" para="1" sent="17">een</wf>
    <wf wid="w_192" para="1" sent="17">behoorlijk</wf>
    <wf wid="w_193" para="1" sent="17">gevarieerd</wf>
    <wf wid="w_194" para="1" sent="17">lunchgerecht</wf>
    <wf wid="w_195" para="1" sent="17">!</wf>
    <wf wid="w_196" para="1" sent="18">Gelukkig</wf>
    <wf wid="w_197" para="1" sent="18">zijn</wf>
    <wf wid="w_198" para="1" sent="18">er</wf>
    <wf wid="w_199" para="1" sent="18">meer</wf>
    <wf wid="w_200" para="1" sent="18">lunchadressen</wf>
    <wf wid="w_201" para="1" sent="18">.</wf>
  </text>
  <terms>
    <term tid="t_1" lemma="leuk" type="open" pos="G">
      <span>
        <target id="w_1"/>
      </span>
      <sentiment polarity="positive" resource="VUA_olery_lexicon_nl_lmf"/>
    </term>
    <term tid="t_2" lemma="terras" type="open">
      <span>
        <target id="w_2"/>
      </span>
    </term>
    <term tid="t_3" lemma="," type="open">
      <span>
        <target id="w_3"/>
      </span>
    </term>
    <term tid="t_4" lemma="maar" type="open">
      <span>
        <target id="w_4"/>
      </span>
    </term>
    <term tid="t_5" lemma="verder" type="open">
      <span>
        <target id="w_5"/>
      </span>
    </term>
    <term tid="t_6" lemma="niks" type="open">
      <span>
        <target id="w_6"/>
      </span>
      <sentiment sentiment_modifier="shifter" resource="VUA_olery_lexicon_nl_lmf"/>
    </term>
    <term tid="t_7" lemma="bijzonders" type="open">
      <span>
        <target id="w_7"/>
      </span>
    </term>
    <term tid="t_8" lemma="!." type="open">
      <span>
        <target id="w_8"/>
      </span>
    </term>
    <term tid="t_9" lemma="toen" type="open">
      <span>
        <target id="w_9"/>
      </span>
    </term>
    <term tid="t_10" lemma="wij" type="open">
      <span>
        <target id="w_10"/>
      </span>
    </term>
    <term tid="t_11" lemma="aankwamen" type="open">
      <span>
        <target id="w_11"/>
      </span>
    </term>
    <term tid="t_12" lemma="was" type="open">
      <span>
        <target id="w_12"/>
      </span>
    </term>
    <term tid="t_13" lemma="het" type="open">
      <span>
        <target id="w_13"/>
      </span>
    </term>
    <term tid="t_14" lemma="niet" type="open">
      <span>
        <target id="w_14"/>
      </span>
      <sentiment sentiment_modifier="shifter" resource="VUA_olery_lexicon_nl_lmf"/>
    </term>
    <term tid="t_15" lemma="druk" type="open">
      <span>
        <target id="w_15"/>
      </span>
    </term>
    <term tid="t_16" lemma="." type="open">
      <span>
        <target id="w_16"/>
      </span>
    </term>
    <term tid="t_17" lemma="drie" type="open">
      <span>
        <target id="w_17"/>
      </span>
    </term>
    <term tid="t_18" lemma="tafeltjes" type="open">
      <span>
        <target id="w_18"/>
      </span>
    </term>
    <term tid="t_19" lemma="bezet" type="open">
      <span>
        <target id="w_19"/>
      </span>
    </term>
    <term tid="t_20" lemma="." type="open">
      <span>
        <target id="w_20"/>
      </span>
    </term>
    <term tid="t_21" lemma="de" type="open">
      <span>
        <target id="w_21"/>
      </span>
    </term>
    <term tid="t_22" lemma="serveerster" type="open">
      <span>
        <target id="w_22"/>
      </span>
    </term>
    <term tid="t_23" lemma="groette" type="open">
      <span>
        <target id="w_23"/>
      </span>
    </term>
    <term tid="t_24" lemma="ons" type="open">
      <span>
        <target id="w_24"/>
      </span>
    </term>
    <term tid="t_25" lemma="vriendelijk" type="open" pos="G">
      <span>
        <target id="w_25"/>
      </span>
      <sentiment polarity="positive" resource="VUA_olery_lexicon_nl_lmf"/>
    </term>
    <term tid="t_26" lemma="," type="open">
      <span>
        <target id="w_26"/>
      </span>
    </term>
    <term tid="t_27" lemma="maar" type="open">
      <span>
        <target id="w_27"/>
      </span>
    </term>
    <term tid="t_28" lemma="wachtte" type="open">
      <span>
        <target id="w_28"/>
      </span>
    </term>
    <term tid="t_29" lemma="vervolgens" type="open">
      <span>
        <target id="w_29"/>
      </span>
    </term>
    <term tid="t_30" lemma="een" type="open">
      <span>
        <target id="w_30"/>
      </span>
    </term>
    <term tid="t_31" lemma="kwartier" type="open">
      <span>
        <target id="w_31"/>
      </span>
    </term>
    <term tid="t_32" lemma="voor" type="open">
      <span>
        <target id="w_32"/>
      </span>
    </term>
    <term tid="t_33" lemma="ze" type="open">
      <span>
        <target id="w_33"/>
      </span>
    </term>
    <term tid="t_34" lemma="naar" type="open" pos="G">
      <span>
        <target id="w_34"/>
      </span>
      <sentiment polarity="negative" resource="VUA_olery_lexicon_nl_lmf"/>
    </term>
    <term tid="t_35" lemma="onze" type="open">
      <span>
        <target id="w_35"/>
      </span>
    </term>
    <term tid="t_36" lemma="tafel" type="open">
      <span>
        <target id="w_36"/>
      </span>
    </term>
    <term tid="t_37" lemma="kwam" type="open">
      <span>
        <target id="w_37"/>
      </span>
    </term>
    <term tid="t_38" lemma="." type="open">
      <span>
        <target id="w_38"/>
      </span>
    </term>
    <term tid="t_39" lemma="we" type="open">
      <span>
        <target id="w_39"/>
      </span>
    </term>
    <term tid="t_40" lemma="bestelden" type="open">
      <span>
        <target id="w_40"/>
      </span>
    </term>
    <term tid="t_41" lemma="twee" type="open">
      <span>
        <target id="w_41"/>
      </span>
    </term>
    <term tid="t_42" lemma="thee" type="open">
      <span>
        <target id="w_42"/>
      </span>
    </term>
    <term tid="t_43" lemma="en" type="open">
      <span>
        <target id="w_43"/>
      </span>
    </term>
    <term tid="t_44" lemma="vroegen" type="open">
      <span>
        <target id="w_44"/>
      </span>
    </term>
    <term tid="t_45" lemma="om" type="open">
      <span>
        <target id="w_45"/>
      </span>
    </term>
    <term tid="t_46" lemma="de" type="open">
      <span>
        <target id="w_46"/>
      </span>
    </term>
    <term tid="t_47" lemma="lunchkaart" type="open">
      <span>
        <target id="w_47"/>
      </span>
    </term>
    <term tid="t_48" lemma="." type="open">
      <span>
        <target id="w_48"/>
      </span>
    </term>
    <term tid="t_49" lemma="na" type="open">
      <span>
        <target id="w_49"/>
      </span>
    </term>
    <term tid="t_50" lemma="weer" type="open">
      <span>
        <target id="w_50"/>
      </span>
    </term>
    <term tid="t_51" lemma="ruim" type="open">
      <span>
        <target id="w_51"/>
      </span>
    </term>
    <term tid="t_52" lemma="10" type="open">
      <span>
        <target id="w_52"/>
      </span>
    </term>
    <term tid="t_53" lemma="minuten" type="open">
      <span>
        <target id="w_53"/>
      </span>
    </term>
    <term tid="t_54" lemma="wachten" type="open">
      <span>
        <target id="w_54"/>
      </span>
    </term>
    <term tid="t_55" lemma="," type="open">
      <span>
        <target id="w_55"/>
      </span>
    </term>
    <term tid="t_56" lemma="wisten" type="open">
      <span>
        <target id="w_56"/>
      </span>
    </term>
    <term tid="t_57" lemma="we" type="open">
      <span>
        <target id="w_57"/>
      </span>
    </term>
    <term tid="t_58" lemma="via" type="open">
      <span>
        <target id="w_58"/>
      </span>
    </term>
    <term tid="t_59" lemma="een" type="open">
      <span>
        <target id="w_59"/>
      </span>
    </term>
    <term tid="t_60" lemma="tweede" type="open">
      <span>
        <target id="w_60"/>
      </span>
    </term>
    <term tid="t_61" lemma="lid" type="open">
      <span>
        <target id="w_61"/>
      </span>
    </term>
    <term tid="t_62" lemma="van" type="open">
      <span>
        <target id="w_62"/>
      </span>
    </term>
    <term tid="t_63" lemma="de" type="open">
      <span>
        <target id="w_63"/>
      </span>
    </term>
    <term tid="t_64" lemma="bedieningsbrigade" type="open">
      <span>
        <target id="w_64"/>
      </span>
    </term>
    <term tid="t_65" lemma="een" type="open">
      <span>
        <target id="w_65"/>
      </span>
    </term>
    <term tid="t_66" lemma="lunchkaart" type="open">
      <span>
        <target id="w_66"/>
      </span>
    </term>
    <term tid="t_67" lemma="te" type="open">
      <span>
        <target id="w_67"/>
      </span>
    </term>
    <term tid="t_68" lemma="bemachtigen" type="open">
      <span>
        <target id="w_68"/>
      </span>
    </term>
    <term tid="t_69" lemma="." type="open">
      <span>
        <target id="w_69"/>
      </span>
    </term>
    <term tid="t_70" lemma="we" type="open">
      <span>
        <target id="w_70"/>
      </span>
    </term>
    <term tid="t_71" lemma="bestelden" type="open">
      <span>
        <target id="w_71"/>
      </span>
    </term>
    <term tid="t_72" lemma="de" type="open">
      <span>
        <target id="w_72"/>
      </span>
    </term>
    <term tid="t_73" lemma="lunchsalade" type="open">
      <span>
        <target id="w_73"/>
      </span>
    </term>
    <term tid="t_74" lemma="," type="open">
      <span>
        <target id="w_74"/>
      </span>
    </term>
    <term tid="t_75" lemma="variant" type="open">
      <span>
        <target id="w_75"/>
      </span>
    </term>
    <term tid="t_76" lemma="vlees" type="open">
      <span>
        <target id="w_76"/>
      </span>
    </term>
    <term tid="t_77" lemma="." type="open">
      <span>
        <target id="w_77"/>
      </span>
    </term>
    <term tid="t_78" lemma="we" type="open">
      <span>
        <target id="w_78"/>
      </span>
    </term>
    <term tid="t_79" lemma="hoefden" type="open">
      <span>
        <target id="w_79"/>
      </span>
    </term>
    <term tid="t_80" lemma="niet" type="open">
      <span>
        <target id="w_80"/>
      </span>
      <sentiment sentiment_modifier="shifter" resource="VUA_olery_lexicon_nl_lmf"/>
    </term>
    <term tid="t_81" lemma="lang" type="open">
      <span>
        <target id="w_81"/>
      </span>
    </term>
    <term tid="t_82" lemma="te" type="open">
      <span>
        <target id="w_82"/>
      </span>
    </term>
    <term tid="t_83" lemma="wachten" type="open">
      <span>
        <target id="w_83"/>
      </span>
    </term>
    <term tid="t_84" lemma="en" type="open">
      <span>
        <target id="w_84"/>
      </span>
    </term>
    <term tid="t_85" lemma="dat" type="open">
      <span>
        <target id="w_85"/>
      </span>
    </term>
    <term tid="t_86" lemma="verbaast" type="open">
      <span>
        <target id="w_86"/>
      </span>
    </term>
    <term tid="t_87" lemma="ons" type="open">
      <span>
        <target id="w_87"/>
      </span>
    </term>
    <term tid="t_88" lemma="niets" type="open">
      <span>
        <target id="w_88"/>
      </span>
      <sentiment sentiment_modifier="shifter" resource="VUA_olery_lexicon_nl_lmf"/>
    </term>
    <term tid="t_89" lemma="." type="open">
      <span>
        <target id="w_89"/>
      </span>
    </term>
    <term tid="t_90" lemma="een" type="open">
      <span>
        <target id="w_90"/>
      </span>
    </term>
    <term tid="t_91" lemma="bord" type="open">
      <span>
        <target id="w_91"/>
      </span>
    </term>
    <term tid="t_92" lemma="vol" type="open">
      <span>
        <target id="w_92"/>
      </span>
    </term>
    <term tid="t_93" lemma="met" type="open">
      <span>
        <target id="w_93"/>
      </span>
    </term>
    <term tid="t_94" lemma="sla" type="open">
      <span>
        <target id="w_94"/>
      </span>
    </term>
    <term tid="t_95" lemma="leggen" type="open">
      <span>
        <target id="w_95"/>
      </span>
    </term>
    <term tid="t_96" lemma="is" type="open">
      <span>
        <target id="w_96"/>
      </span>
    </term>
    <term tid="t_97" lemma="voor" type="open">
      <span>
        <target id="w_97"/>
      </span>
    </term>
    <term tid="t_98" lemma="geen" type="open">
      <span>
        <target id="w_98"/>
      </span>
      <sentiment sentiment_modifier="shifter" resource="VUA_olery_lexicon_nl_lmf"/>
    </term>
    <term tid="t_99" lemma="enkele" type="open">
      <span>
        <target id="w_99"/>
      </span>
    </term>
    <term tid="t_100" lemma="kok" type="open">
      <span>
        <target id="w_100"/>
      </span>
    </term>
    <term tid="t_101" lemma="ingewikkeld" type="open">
      <span>
        <target id="w_101"/>
      </span>
    </term>
    <term tid="t_102" lemma="." type="open">
      <span>
        <target id="w_102"/>
      </span>
    </term>
    <term tid="t_103" lemma="vervolgens" type="open">
      <span>
        <target id="w_103"/>
      </span>
    </term>
    <term tid="t_104" lemma="2" type="open">
      <span>
        <target id="w_104"/>
      </span>
    </term>
    <term tid="t_105" lemma="plakjes" type="open">
      <span>
        <target id="w_105"/>
      </span>
    </term>
    <term tid="t_106" lemma="rookvlees" type="open">
      <span>
        <target id="w_106"/>
      </span>
    </term>
    <term tid="t_107" lemma="," type="open">
      <span>
        <target id="w_107"/>
      </span>
    </term>
    <term tid="t_108" lemma="2" type="open">
      <span>
        <target id="w_108"/>
      </span>
    </term>
    <term tid="t_109" lemma="plakjes" type="open">
      <span>
        <target id="w_109"/>
      </span>
    </term>
    <term tid="t_110" lemma="oranje" type="open">
      <span>
        <target id="w_110"/>
      </span>
    </term>
    <term tid="t_111" lemma="metworst" type="open">
      <span>
        <target id="w_111"/>
      </span>
    </term>
    <term tid="t_112" lemma="en" type="open">
      <span>
        <target id="w_112"/>
      </span>
    </term>
    <term tid="t_113" lemma="een" type="open">
      <span>
        <target id="w_113"/>
      </span>
    </term>
    <term tid="t_114" lemma="beetje" type="open">
      <span>
        <target id="w_114"/>
      </span>
    </term>
    <term tid="t_115" lemma="dressing" type="open">
      <span>
        <target id="w_115"/>
      </span>
    </term>
    <term tid="t_116" lemma="en" type="open">
      <span>
        <target id="w_116"/>
      </span>
    </term>
    <term tid="t_117" lemma="dat" type="open">
      <span>
        <target id="w_117"/>
      </span>
    </term>
    <term tid="t_118" lemma="is" type="open">
      <span>
        <target id="w_118"/>
      </span>
    </term>
    <term tid="t_119" lemma="het" type="open">
      <span>
        <target id="w_119"/>
      </span>
    </term>
    <term tid="t_120" lemma="." type="open">
      <span>
        <target id="w_120"/>
      </span>
    </term>
    <term tid="t_121" lemma="we" type="open">
      <span>
        <target id="w_121"/>
      </span>
    </term>
    <term tid="t_122" lemma="voelden" type="open">
      <span>
        <target id="w_122"/>
      </span>
    </term>
    <term tid="t_123" lemma="ons" type="open">
      <span>
        <target id="w_123"/>
      </span>
    </term>
    <term tid="t_124" lemma="net" type="open" pos="G">
      <span>
        <target id="w_124"/>
      </span>
      <sentiment polarity="positive" resource="VUA_olery_lexicon_nl_lmf"/>
    </term>
    <term tid="t_125" lemma="twee" type="open">
      <span>
        <target id="w_125"/>
      </span>
    </term>
    <term tid="t_126" lemma="konijnen" type="open">
      <span>
        <target id="w_126"/>
      </span>
    </term>
    <term tid="t_127" lemma="." type="open">
      <span>
        <target id="w_127"/>
      </span>
    </term>
    <term tid="t_128" lemma="voor" type="open">
      <span>
        <target id="w_128"/>
      </span>
    </term>
    <term tid="t_129" lemma="zo" type="open">
      <span>
        <target id="w_129"/>
      </span>
    </term>
    <term tid="t_130" lemma="'n" type="open">
      <span>
        <target id="w_130"/>
      </span>
    </term>
    <term tid="t_131" lemma="'gerecht" type="open">
      <span>
        <target id="w_131"/>
      </span>
    </term>
    <term tid="t_132" lemma="'" type="open">
      <span>
        <target id="w_132"/>
      </span>
    </term>
    <term tid="t_133" lemma="â¬" type="open">
      <span>
        <target id="w_133"/>
      </span>
    </term>
    <term tid="t_134" lemma="12" type="open">
      <span>
        <target id="w_134"/>
      </span>
    </term>
    <term tid="t_135" lemma="," type="open">
      <span>
        <target id="w_135"/>
      </span>
    </term>
    <term tid="t_136" lemma="50" type="open">
      <span>
        <target id="w_136"/>
      </span>
    </term>
    <term tid="t_137" lemma="vragen" type="open">
      <span>
        <target id="w_137"/>
      </span>
    </term>
    <term tid="t_138" lemma="is" type="open">
      <span>
        <target id="w_138"/>
      </span>
    </term>
    <term tid="t_139" lemma="echt" type="open">
      <span>
        <target id="w_139"/>
      </span>
      <sentiment sentiment_modifier="intensifier" resource="VUA_olery_lexicon_nl_lmf"/>
    </term>
    <term tid="t_140" lemma="bespottelijk" type="open">
      <span>
        <target id="w_140"/>
      </span>
    </term>
    <term tid="t_141" lemma="." type="open">
      <span>
        <target id="w_141"/>
      </span>
    </term>
    <term tid="t_142" lemma="toen" type="open">
      <span>
        <target id="w_142"/>
      </span>
    </term>
    <term tid="t_143" lemma="we" type="open">
      <span>
        <target id="w_143"/>
      </span>
    </term>
    <term tid="t_144" lemma="dat" type="open">
      <span>
        <target id="w_144"/>
      </span>
    </term>
    <term tid="t_145" lemma="meldden" type="open">
      <span>
        <target id="w_145"/>
      </span>
    </term>
    <term tid="t_146" lemma="," type="open">
      <span>
        <target id="w_146"/>
      </span>
    </term>
    <term tid="t_147" lemma="deed" type="open">
      <span>
        <target id="w_147"/>
      </span>
    </term>
    <term tid="t_148" lemma="de" type="open">
      <span>
        <target id="w_148"/>
      </span>
    </term>
    <term tid="t_149" lemma="bediening" type="open">
      <span>
        <target id="w_149"/>
      </span>
    </term>
    <term tid="t_150" lemma="er" type="open">
      <span>
        <target id="w_150"/>
      </span>
    </term>
    <term tid="t_151" lemma="niks" type="open">
      <span>
        <target id="w_151"/>
      </span>
      <sentiment sentiment_modifier="shifter" resource="VUA_olery_lexicon_nl_lmf"/>
    </term>
    <term tid="t_152" lemma="mee" type="open">
      <span>
        <target id="w_152"/>
      </span>
    </term>
    <term tid="t_153" lemma="." type="open">
      <span>
        <target id="w_153"/>
      </span>
    </term>
    <term tid="t_154" lemma="ze" type="open">
      <span>
        <target id="w_154"/>
      </span>
    </term>
    <term tid="t_155" lemma="zou" type="open">
      <span>
        <target id="w_155"/>
      </span>
    </term>
    <term tid="t_156" lemma="het" type="open">
      <span>
        <target id="w_156"/>
      </span>
    </term>
    <term tid="t_157" lemma="doorgeven" type="open">
      <span>
        <target id="w_157"/>
      </span>
    </term>
    <term tid="t_158" lemma="aan" type="open">
      <span>
        <target id="w_158"/>
      </span>
    </term>
    <term tid="t_159" lemma="de" type="open">
      <span>
        <target id="w_159"/>
      </span>
    </term>
    <term tid="t_160" lemma="keuken" type="open">
      <span>
        <target id="w_160"/>
      </span>
    </term>
    <term tid="t_161" lemma="." type="open">
      <span>
        <target id="w_161"/>
      </span>
    </term>
    <term tid="t_162" lemma="vooruit" type="open">
      <span>
        <target id="w_162"/>
      </span>
    </term>
    <term tid="t_163" lemma="Ã©Ã©n" type="open">
      <span>
        <target id="w_163"/>
      </span>
    </term>
    <term tid="t_164" lemma="kopje" type="open">
      <span>
        <target id="w_164"/>
      </span>
    </term>
    <term tid="t_165" lemma="thee" type="open">
      <span>
        <target id="w_165"/>
      </span>
    </term>
    <term tid="t_166" lemma="gratis" type="open" pos="G">
      <span>
        <target id="w_166"/>
      </span>
      <sentiment polarity="positive" resource="VUA_olery_lexicon_nl_lmf"/>
    </term>
    <term tid="t_167" lemma="." type="open">
      <span>
        <target id="w_167"/>
      </span>
    </term>
    <term tid="t_168" lemma="nou" type="open">
      <span>
        <target id="w_168"/>
      </span>
    </term>
    <term tid="t_169" lemma="," type="open">
      <span>
        <target id="w_169"/>
      </span>
    </term>
    <term tid="t_170" lemma="twee" type="open">
      <span>
        <target id="w_170"/>
      </span>
    </term>
    <term tid="t_171" lemma="kopjes" type="open">
      <span>
        <target id="w_171"/>
      </span>
    </term>
    <term tid="t_172" lemma="thee" type="open">
      <span>
        <target id="w_172"/>
      </span>
    </term>
    <term tid="t_173" lemma="dan" type="open">
      <span>
        <target id="w_173"/>
      </span>
    </term>
    <term tid="t_174" lemma="." type="open">
      <span>
        <target id="w_174"/>
      </span>
    </term>
    <term tid="t_175" lemma="wij" type="open">
      <span>
        <target id="w_175"/>
      </span>
    </term>
    <term tid="t_176" lemma="rijden" type="open">
      <span>
        <target id="w_176"/>
      </span>
    </term>
    <term tid="t_177" lemma="voortaan" type="open">
      <span>
        <target id="w_177"/>
      </span>
    </term>
    <term tid="t_178" lemma="voorbij" type="open">
      <span>
        <target id="w_178"/>
      </span>
    </term>
    <term tid="t_179" lemma="," type="open">
      <span>
        <target id="w_179"/>
      </span>
    </term>
    <term tid="t_180" lemma="hoeven" type="open">
      <span>
        <target id="w_180"/>
      </span>
    </term>
    <term tid="t_181" lemma="geen" type="open">
      <span>
        <target id="w_181"/>
      </span>
      <sentiment sentiment_modifier="shifter" resource="VUA_olery_lexicon_nl_lmf"/>
    </term>
    <term tid="t_182" lemma="gratis" type="open" pos="G">
      <span>
        <target id="w_182"/>
      </span>
      <sentiment polarity="positive" resource="VUA_olery_lexicon_nl_lmf"/>
    </term>
    <term tid="t_183" lemma="thee" type="open">
      <span>
        <target id="w_183"/>
      </span>
    </term>
    <term tid="t_184" lemma="," type="open">
      <span>
        <target id="w_184"/>
      </span>
    </term>
    <term tid="t_185" lemma="maar" type="open">
      <span>
        <target id="w_185"/>
      </span>
    </term>
    <term tid="t_186" lemma="verwachten" type="open">
      <span>
        <target id="w_186"/>
      </span>
    </term>
    <term tid="t_187" lemma="voor" type="open">
      <span>
        <target id="w_187"/>
      </span>
    </term>
    <term tid="t_188" lemma="dit" type="open">
      <span>
        <target id="w_188"/>
      </span>
    </term>
    <term tid="t_189" lemma="geld" type="open">
      <span>
        <target id="w_189"/>
      </span>
    </term>
    <term tid="t_190" lemma="minimaal" type="open">
      <span>
        <target id="w_190"/>
      </span>
    </term>
    <term tid="t_191" lemma="een" type="open">
      <span>
        <target id="w_191"/>
      </span>
    </term>
    <term tid="t_192" lemma="behoorlijk" type="open">
      <span>
        <target id="w_192"/>
      </span>
      <sentiment sentiment_modifier="intensifier" resource="VUA_olery_lexicon_nl_lmf"/>
    </term>
    <term tid="t_193" lemma="gevarieerd" type="open" pos="G">
      <span>
        <target id="w_193"/>
      </span>
      <sentiment polarity="positive" resource="VUA_olery_lexicon_nl_lmf"/>
    </term>
    <term tid="t_194" lemma="lunchgerecht" type="open">
      <span>
        <target id="w_194"/>
      </span>
    </term>
    <term tid="t_195" lemma="!" type="open">
      <span>
        <target id="w_195"/>
      </span>
      <sentiment sentiment_modifier="intensifier" resource="VUA_olery_lexicon_nl_lmf"/>
    </term>
    <term tid="t_196" lemma="gelukkig" type="open" pos="G">
      <span>
        <target id="w_196"/>
      </span>
      <sentiment polarity="positive" resource="VUA_olery_lexicon_nl_lmf"/>
    </term>
    <term tid="t_197" lemma="zijn" type="open">
      <span>
        <target id="w_197"/>
      </span>
    </term>
    <term tid="t_198" lemma="er" type="open">
      <span>
        <target id="w_198"/>
      </span>
    </term>
    <term tid="t_199" lemma="meer" type="open">
      <span>
        <target id="w_199"/>
      </span>
    </term>
    <term tid="t_200" lemma="lunchadressen" type="open">
      <span>
        <target id="w_200"/>
      </span>
    </term>
    <term tid="t_201" lemma="." type="open">
      <span>
        <target id="w_201"/>
      </span>
    </term>
  </terms>
  <entities>
    <entity type="PER" eid="e_1">
      <span>
        <target id="t_100"/>
      </span>
    </entity>
    <entity type="ORG" eid="e_2">
      <span>
        <target id="t_110"/>
      </span>
    </entity>
    <entity type="PER" eid="e_3">
      <span>
        <target id="t_81"/>
      </span>
    </entity>
    <entity type="MISC" eid="e_4">
      <span>
        <target id="t_196"/>
        <target id="t_197"/>
      </span>
    </entity>
    <entity type="PER" eid="e_5">
      <span>
        <target id="t_104"/>
      </span>
      <span>
        <target id="t_108"/>
      </span>
    </entity>
    <entity type="LOC" eid="e_6">
      <span>
        <target id="t_162"/>
      </span>
    </entity>
    <entity type="MISC" eid="e_7">
      <span>
        <target id="t_197"/>
      </span>
    </entity>
    <entity type="PER" eid="e_8">
      <span>
        <target id="t_39"/>
      </span>
      <span>
        <target id="t_57"/>
      </span>
      <span>
        <target id="t_70"/>
      </span>
      <span>
        <target id="t_78"/>
      </span>
      <span>
        <target id="t_121"/>
      </span>
      <span>
        <target id="t_143"/>
      </span>
    </entity>
  </entities>
  <properties>
    <property type="cleanliness" pid="p_1">
      <span>
        <target id="t_124"/>
      </span>
    </property>
    <property type="facilities" pid="p_2">
      <span>
        <target id="t_2"/>
      </span>
    </property>
    <property type="value_for_money" pid="p_3">
      <span>
        <target id="t_166"/>
      </span>
      <span>
        <target id="t_182"/>
      </span>
      <span>
        <target id="t_189"/>
      </span>
    </property>
    <property type="restaurant" pid="p_4">
      <span>
        <target id="t_36"/>
      </span>
      <span>
        <target id="t_42"/>
      </span>
      <span>
        <target id="t_76"/>
      </span>
      <span>
        <target id="t_91"/>
      </span>
      <span>
        <target id="t_94"/>
      </span>
      <span>
        <target id="t_100"/>
      </span>
      <span>
        <target id="t_165"/>
      </span>
      <span>
        <target id="t_172"/>
      </span>
      <span>
        <target id="t_183"/>
      </span>
    </property>
    <property type="staff" pid="p_5">
      <span>
        <target id="t_22"/>
      </span>
      <span>
        <target id="t_25"/>
      </span>
      <span>
        <target id="t_149"/>
      </span>
    </property>
  </properties>
  <opinions>
    <opinion oid="o_1">
      <opinion_target>
        <span>
          <target id="t_2"/>
        </span>
      </opinion_target>
      <opinion_expression polarity="positive" strength="1">
        <span>
          <target id="t_1"/>
        </span>
      </opinion_expression>
    </opinion>
    <opinion oid="o_2">
      <opinion_target>
        <span>
          <target id="t_28"/>
        </span>
      </opinion_target>
      <opinion_expression polarity="positive" strength="1">
        <span>
          <target id="t_25"/>
        </span>
      </opinion_expression>
    </opinion>
    <opinion oid="o_3">
      <opinion_target>
        <span>
          <target id="t_35"/>
        </span>
      </opinion_target>
      <opinion_expression polarity="negative" strength="-1">
        <span>
          <target id="t_34"/>
        </span>
      </opinion_expression>
    </opinion>
    <opinion oid="o_4">
      <opinion_holder>
        <span>
          <target id="t_121"/>
        </span>
      </opinion_holder>
      <opinion_target>
        <span>
          <target id="t_125"/>
        </span>
      </opinion_target>
      <opinion_expression polarity="positive" strength="1">
        <span>
          <target id="t_124"/>
        </span>
      </opinion_expression>
    </opinion>
    <opinion oid="o_5">
      <opinion_target>
        <span>
          <target id="t_165"/>
        </span>
      </opinion_target>
      <opinion_expression polarity="positive" strength="1">
        <span>
          <target id="t_166"/>
        </span>
      </opinion_expression>
    </opinion>
    <opinion oid="o_6">
      <opinion_target>
        <span>
          <target id="t_183"/>
        </span>
      </opinion_target>
      <opinion_expression polarity="negative" strength="-1">
        <span>
          <target id="t_182"/>
          <target id="t_181"/>
        </span>
      </opinion_expression>
    </opinion>
    <opinion oid="o_7">
      <opinion_target>
        <span>
          <target id="t_194"/>
        </span>
      </opinion_target>
      <opinion_expression polarity="positive" strength="2">
        <span>
          <target id="t_193"/>
          <target id="t_192"/>
        </span>
      </opinion_expression>
    </opinion>
  </opinions>
</KAF>
