<?xml version='1.0' encoding='UTF-8'?>
<KAF xml:lang="nl">
  <linguisticProcessors layer="text">
    <lp timestamp="2013-01-06T18:32:45CET" version="2.0" name="SentenceTokenizer"/>
  </linguisticProcessors>
  <linguisticProcessors layer="terms">
    <lp timestamp="2013-01-06T18:32:45CET" version="2.0" name="SentenceTokenizer"/>
    <lp timestamp="2013-01-06T18:32:45CET" version="1.0" name="SimplePolarityTagger"/>
  </linguisticProcessors>
  <linguisticProcessor layer="opinions">
    <lp timestamp="2013-01-06T18:32:46CET" version="1.0" name="SimpleOpinionDetector"/>
  </linguisticProcessor>
  <linguisticProcessor layer="properties">
    <lp timestamp="2013-01-06T18:32:46CET" version="1.0" name="SimplePropRecognizer_lookup"/>
  </linguisticProcessor>
  <linguisticProcessor layer="entities">
    <lp timestamp="2013-01-06T18:32:45CET" version="1.0" name="SimpleNER_lookup"/>
  </linguisticProcessor>
  <text>
    <wf wid="w_1" para="1" sent="1">Hotel</wf>
    <wf wid="w_2" para="1" sent="1">Van</wf>
    <wf wid="w_3" para="1" sent="1">der</wf>
    <wf wid="w_4" para="1" sent="1">Valk</wf>
    <wf wid="w_5" para="1" sent="1">Berliner</wf>
    <wf wid="w_6" para="1" sent="1">Ring</wf>
    <wf wid="w_7" para="1" sent="1">is</wf>
    <wf wid="w_8" para="1" sent="1">een</wf>
    <wf wid="w_9" para="1" sent="1">beetje</wf>
    <wf wid="w_10" para="1" sent="1">buiten</wf>
    <wf wid="w_11" para="1" sent="1">de</wf>
    <wf wid="w_12" para="1" sent="1">stad</wf>
    <wf wid="w_13" para="1" sent="1">,</wf>
    <wf wid="w_14" para="1" sent="1">maar</wf>
    <wf wid="w_15" para="1" sent="1">dat</wf>
    <wf wid="w_16" para="1" sent="1">is</wf>
    <wf wid="w_17" para="1" sent="1">het</wf>
    <wf wid="w_18" para="1" sent="1">zeker</wf>
    <wf wid="w_19" para="1" sent="1">waard</wf>
    <wf wid="w_20" para="1" sent="1">!</wf>
    <wf wid="w_21" para="1" sent="2">Mooie</wf>
    <wf wid="w_22" para="1" sent="2">ruime</wf>
    <wf wid="w_23" para="1" sent="2">kamers</wf>
    <wf wid="w_24" para="1" sent="2">en</wf>
    <wf wid="w_25" para="1" sent="2">dito</wf>
    <wf wid="w_26" para="1" sent="2">badkamer</wf>
    <wf wid="w_27" para="1" sent="2">.</wf>
    <wf wid="w_28" para="1" sent="3">Tot</wf>
    <wf wid="w_29" para="1" sent="3">23.00</wf>
    <wf wid="w_30" para="1" sent="3">uur</wf>
    <wf wid="w_31" para="1" sent="3">mogelijk</wf>
    <wf wid="w_32" para="1" sent="3">om</wf>
    <wf wid="w_33" para="1" sent="3">te</wf>
    <wf wid="w_34" para="1" sent="3">eten</wf>
    <wf wid="w_35" para="1" sent="3">in</wf>
    <wf wid="w_36" para="1" sent="3">het</wf>
    <wf wid="w_37" para="1" sent="3">restaurant</wf>
    <wf wid="w_38" para="1" sent="3">.</wf>
    <wf wid="w_39" para="1" sent="4">Geweldige</wf>
    <wf wid="w_40" para="1" sent="4">service</wf>
    <wf wid="w_41" para="1" sent="4">,</wf>
    <wf wid="w_42" para="1" sent="4">vriendelijk</wf>
    <wf wid="w_43" para="1" sent="4">personeel</wf>
    <wf wid="w_44" para="1" sent="4">!</wf>
  </text>
  <terms>
    <term tid="t_1" lemma="hotel" type="open">
      <span>
        <target id="w_1"/>
      </span>
    </term>
    <term tid="t_2" lemma="van" type="open">
      <span>
        <target id="w_2"/>
      </span>
    </term>
    <term tid="t_3" lemma="der" type="open">
      <span>
        <target id="w_3"/>
      </span>
    </term>
    <term tid="t_4" lemma="valk" type="open">
      <span>
        <target id="w_4"/>
      </span>
    </term>
    <term tid="t_5" lemma="berliner" type="open">
      <span>
        <target id="w_5"/>
      </span>
    </term>
    <term tid="t_6" lemma="ring" type="open">
      <span>
        <target id="w_6"/>
      </span>
    </term>
    <term tid="t_7" lemma="is" type="open">
      <span>
        <target id="w_7"/>
      </span>
    </term>
    <term tid="t_8" lemma="een" type="open">
      <span>
        <target id="w_8"/>
      </span>
    </term>
    <term tid="t_9" lemma="beetje" type="open">
      <span>
        <target id="w_9"/>
      </span>
    </term>
    <term tid="t_10" lemma="buiten" type="open">
      <span>
        <target id="w_10"/>
      </span>
    </term>
    <term tid="t_11" lemma="de" type="open">
      <span>
        <target id="w_11"/>
      </span>
    </term>
    <term tid="t_12" lemma="stad" type="open">
      <span>
        <target id="w_12"/>
      </span>
    </term>
    <term tid="t_13" lemma="," type="open">
      <span>
        <target id="w_13"/>
      </span>
    </term>
    <term tid="t_14" lemma="maar" type="open">
      <span>
        <target id="w_14"/>
      </span>
    </term>
    <term tid="t_15" lemma="dat" type="open">
      <span>
        <target id="w_15"/>
      </span>
    </term>
    <term tid="t_16" lemma="is" type="open">
      <span>
        <target id="w_16"/>
      </span>
    </term>
    <term tid="t_17" lemma="het" type="open">
      <span>
        <target id="w_17"/>
      </span>
    </term>
    <term tid="t_18" lemma="zeker" type="open">
      <span>
        <target id="w_18"/>
      </span>
    </term>
    <term tid="t_19" lemma="waard" type="open">
      <span>
        <target id="w_19"/>
      </span>
    </term>
    <term tid="t_20" lemma="!" type="open">
      <span>
        <target id="w_20"/>
      </span>
      <sentiment sentiment_modifier="intensifier" resource="VUA_olery_lexicon_nl_lmf"/>
    </term>
    <term tid="t_21" lemma="mooie" type="open">
      <span>
        <target id="w_21"/>
      </span>
    </term>
    <term tid="t_22" lemma="ruime" type="open">
      <span>
        <target id="w_22"/>
      </span>
    </term>
    <term tid="t_23" lemma="kamers" type="open">
      <span>
        <target id="w_23"/>
      </span>
    </term>
    <term tid="t_24" lemma="en" type="open">
      <span>
        <target id="w_24"/>
      </span>
    </term>
    <term tid="t_25" lemma="dito" type="open">
      <span>
        <target id="w_25"/>
      </span>
    </term>
    <term tid="t_26" lemma="badkamer" type="open">
      <span>
        <target id="w_26"/>
      </span>
    </term>
    <term tid="t_27" lemma="." type="open">
      <span>
        <target id="w_27"/>
      </span>
    </term>
    <term tid="t_28" lemma="tot" type="open">
      <span>
        <target id="w_28"/>
      </span>
    </term>
    <term tid="t_29" lemma="23.00" type="open">
      <span>
        <target id="w_29"/>
      </span>
    </term>
    <term tid="t_30" lemma="uur" type="open">
      <span>
        <target id="w_30"/>
      </span>
    </term>
    <term tid="t_31" lemma="mogelijk" type="open">
      <span>
        <target id="w_31"/>
      </span>
    </term>
    <term tid="t_32" lemma="om" type="open">
      <span>
        <target id="w_32"/>
      </span>
    </term>
    <term tid="t_33" lemma="te" type="open">
      <span>
        <target id="w_33"/>
      </span>
    </term>
    <term tid="t_34" lemma="eten" type="open">
      <span>
        <target id="w_34"/>
      </span>
    </term>
    <term tid="t_35" lemma="in" type="open">
      <span>
        <target id="w_35"/>
      </span>
    </term>
    <term tid="t_36" lemma="het" type="open">
      <span>
        <target id="w_36"/>
      </span>
    </term>
    <term tid="t_37" lemma="restaurant" type="open">
      <span>
        <target id="w_37"/>
      </span>
    </term>
    <term tid="t_38" lemma="." type="open">
      <span>
        <target id="w_38"/>
      </span>
    </term>
    <term tid="t_39" lemma="geweldige" type="open">
      <span>
        <target id="w_39"/>
      </span>
    </term>
    <term tid="t_40" lemma="service" type="open">
      <span>
        <target id="w_40"/>
      </span>
    </term>
    <term tid="t_41" lemma="," type="open">
      <span>
        <target id="w_41"/>
      </span>
    </term>
    <term tid="t_42" lemma="vriendelijk" type="open" pos="G">
      <span>
        <target id="w_42"/>
      </span>
      <sentiment polarity="positive" resource="VUA_olery_lexicon_nl_lmf"/>
    </term>
    <term tid="t_43" lemma="personeel" type="open">
      <span>
        <target id="w_43"/>
      </span>
    </term>
    <term tid="t_44" lemma="!" type="open">
      <span>
        <target id="w_44"/>
      </span>
      <sentiment sentiment_modifier="intensifier" resource="VUA_olery_lexicon_nl_lmf"/>
    </term>
  </terms>
  <entities>
    <entity type="MISC" eid="e_1">
      <span>
        <target id="t_40"/>
      </span>
    </entity>
  </entities>
  <properties>
    <property type="bathroom" pid="p_1">
      <span>
        <target id="t_26"/>
      </span>
    </property>
    <property type="staff" pid="p_2">
      <span>
        <target id="t_40"/>
      </span>
      <span>
        <target id="t_42"/>
      </span>
      <span>
        <target id="t_43"/>
      </span>
    </property>
    <property type="location" pid="p_3">
      <span>
        <target id="t_12"/>
      </span>
    </property>
    <property type="restaurant" pid="p_4">
      <span>
        <target id="t_34"/>
      </span>
      <span>
        <target id="t_37"/>
      </span>
    </property>
  </properties>
  <opinions>
    <opinion oid="o_1">
      <opinion_target>
        <span>
          <target id="t_43"/>
        </span>
      </opinion_target>
      <opinion_expression polarity="positive" strength="1">
        <span>
          <target id="t_42"/>
        </span>
      </opinion_expression>
    </opinion>
  </opinions>
</KAF>
