<?xml version='1.0' encoding='UTF-8'?>
<KAF xml:lang="nl">
  <linguisticProcessors layer="text">
    <lp timestamp="2013-01-06T18:42:05CET" version="2.0" name="SentenceTokenizer"/>
  </linguisticProcessors>
  <linguisticProcessors layer="terms">
    <lp timestamp="2013-01-06T18:42:05CET" version="2.0" name="SentenceTokenizer"/>
    <lp timestamp="2013-01-06T18:42:05CET" version="1.0" name="SimplePolarityTagger"/>
  </linguisticProcessors>
  <linguisticProcessor layer="opinions">
    <lp timestamp="2013-01-06T18:42:05CET" version="1.0" name="SimpleOpinionDetector"/>
  </linguisticProcessor>
  <linguisticProcessor layer="properties">
    <lp timestamp="2013-01-06T18:42:05CET" version="1.0" name="SimplePropRecognizer_lookup"/>
  </linguisticProcessor>
  <linguisticProcessor layer="entities">
    <lp timestamp="2013-01-06T18:42:05CET" version="1.0" name="SimpleNER_lookup"/>
  </linguisticProcessor>
  <text>
    <wf wid="w_1" para="1" sent="1">absoluut</wf>
    <wf wid="w_2" para="1" sent="1">het</wf>
    <wf wid="w_3" para="1" sent="1">geld</wf>
    <wf wid="w_4" para="1" sent="1">niet</wf>
    <wf wid="w_5" para="1" sent="1">waard</wf>
    <wf wid="w_6" para="1" sent="1">.</wf>
    <wf wid="w_7" para="1" sent="2">geslapen</wf>
    <wf wid="w_8" para="1" sent="2">in</wf>
    <wf wid="w_9" para="1" sent="2">een</wf>
    <wf wid="w_10" para="1" sent="2">waardeloze</wf>
    <wf wid="w_11" para="1" sent="2">kamer</wf>
    <wf wid="w_12" para="1" sent="2">,</wf>
    <wf wid="w_13" para="1" sent="2">zeer</wf>
    <wf wid="w_14" para="1" sent="2">gehorig</wf>
    <wf wid="w_15" para="1" sent="2">,</wf>
    <wf wid="w_16" para="1" sent="2">waardeloos</wf>
    <wf wid="w_17" para="1" sent="2">bed</wf>
    <wf wid="w_18" para="1" sent="2">.</wf>
    <wf wid="w_19" para="1" sent="3">Mijn</wf>
    <wf wid="w_20" para="1" sent="3">Poolse</wf>
    <wf wid="w_21" para="1" sent="3">collega</wf>
    <wf wid="w_22" para="1" sent="3">werd</wf>
    <wf wid="w_23" para="1" sent="3">behandeld</wf>
    <wf wid="w_24" para="1" sent="3">als</wf>
    <wf wid="w_25" para="1" sent="3">niet</wf>
    <wf wid="w_26" para="1" sent="3">te</wf>
    <wf wid="w_27" para="1" sent="3">vertrouwen</wf>
    <wf wid="w_28" para="1" sent="3">en</wf>
    <wf wid="w_29" para="1" sent="3">moest</wf>
    <wf wid="w_30" para="1" sent="3">vooruit</wf>
    <wf wid="w_31" para="1" sent="3">betalen</wf>
    <wf wid="w_32" para="1" sent="3">.</wf>
    <wf wid="w_33" para="1" sent="4">Restaurant</wf>
    <wf wid="w_34" para="1" sent="4">en</wf>
    <wf wid="w_35" para="1" sent="4">bar</wf>
    <wf wid="w_36" para="1" sent="4">zijn</wf>
    <wf wid="w_37" para="1" sent="4">in</wf>
    <wf wid="w_38" para="1" sent="4">orde</wf>
    <wf wid="w_39" para="1" sent="4">.</wf>
  </text>
  <terms>
    <term tid="t_1" lemma="absoluut" type="open">
      <span>
        <target id="w_1"/>
      </span>
      <sentiment sentiment_modifier="intensifier" resource="VUA_olery_lexicon_nl_lmf"/>
    </term>
    <term tid="t_2" lemma="het" type="open">
      <span>
        <target id="w_2"/>
      </span>
    </term>
    <term tid="t_3" lemma="geld" type="open">
      <span>
        <target id="w_3"/>
      </span>
    </term>
    <term tid="t_4" lemma="niet" type="open">
      <span>
        <target id="w_4"/>
      </span>
      <sentiment sentiment_modifier="shifter" resource="VUA_olery_lexicon_nl_lmf"/>
    </term>
    <term tid="t_5" lemma="waard" type="open">
      <span>
        <target id="w_5"/>
      </span>
    </term>
    <term tid="t_6" lemma="." type="open">
      <span>
        <target id="w_6"/>
      </span>
    </term>
    <term tid="t_7" lemma="geslapen" type="open">
      <span>
        <target id="w_7"/>
      </span>
    </term>
    <term tid="t_8" lemma="in" type="open">
      <span>
        <target id="w_8"/>
      </span>
    </term>
    <term tid="t_9" lemma="een" type="open">
      <span>
        <target id="w_9"/>
      </span>
    </term>
    <term tid="t_10" lemma="waardeloze" type="open">
      <span>
        <target id="w_10"/>
      </span>
    </term>
    <term tid="t_11" lemma="kamer" type="open">
      <span>
        <target id="w_11"/>
      </span>
    </term>
    <term tid="t_12" lemma="," type="open">
      <span>
        <target id="w_12"/>
      </span>
    </term>
    <term tid="t_13" lemma="zeer" type="open">
      <span>
        <target id="w_13"/>
      </span>
      <sentiment sentiment_modifier="intensifier" resource="VUA_olery_lexicon_nl_lmf"/>
    </term>
    <term tid="t_14" lemma="gehorig" type="open" pos="G">
      <span>
        <target id="w_14"/>
      </span>
      <sentiment polarity="negative" resource="VUA_olery_lexicon_nl_lmf"/>
    </term>
    <term tid="t_15" lemma="," type="open">
      <span>
        <target id="w_15"/>
      </span>
    </term>
    <term tid="t_16" lemma="waardeloos" type="open" pos="G">
      <span>
        <target id="w_16"/>
      </span>
      <sentiment polarity="negative" resource="VUA_olery_lexicon_nl_lmf"/>
    </term>
    <term tid="t_17" lemma="bed" type="open">
      <span>
        <target id="w_17"/>
      </span>
    </term>
    <term tid="t_18" lemma="." type="open">
      <span>
        <target id="w_18"/>
      </span>
    </term>
    <term tid="t_19" lemma="mijn" type="open">
      <span>
        <target id="w_19"/>
      </span>
    </term>
    <term tid="t_20" lemma="poolse" type="open">
      <span>
        <target id="w_20"/>
      </span>
    </term>
    <term tid="t_21" lemma="collega" type="open">
      <span>
        <target id="w_21"/>
      </span>
    </term>
    <term tid="t_22" lemma="werd" type="open">
      <span>
        <target id="w_22"/>
      </span>
    </term>
    <term tid="t_23" lemma="behandeld" type="open">
      <span>
        <target id="w_23"/>
      </span>
    </term>
    <term tid="t_24" lemma="als" type="open">
      <span>
        <target id="w_24"/>
      </span>
    </term>
    <term tid="t_25" lemma="niet" type="open">
      <span>
        <target id="w_25"/>
      </span>
      <sentiment sentiment_modifier="shifter" resource="VUA_olery_lexicon_nl_lmf"/>
    </term>
    <term tid="t_26" lemma="te" type="open">
      <span>
        <target id="w_26"/>
      </span>
    </term>
    <term tid="t_27" lemma="vertrouwen" type="open" pos="N">
      <span>
        <target id="w_27"/>
      </span>
      <sentiment polarity="positive" resource="VUA_olery_lexicon_nl_lmf"/>
    </term>
    <term tid="t_28" lemma="en" type="open">
      <span>
        <target id="w_28"/>
      </span>
    </term>
    <term tid="t_29" lemma="moest" type="open">
      <span>
        <target id="w_29"/>
      </span>
    </term>
    <term tid="t_30" lemma="vooruit" type="open">
      <span>
        <target id="w_30"/>
      </span>
    </term>
    <term tid="t_31" lemma="betalen" type="open">
      <span>
        <target id="w_31"/>
      </span>
    </term>
    <term tid="t_32" lemma="." type="open">
      <span>
        <target id="w_32"/>
      </span>
    </term>
    <term tid="t_33" lemma="restaurant" type="open">
      <span>
        <target id="w_33"/>
      </span>
    </term>
    <term tid="t_34" lemma="en" type="open">
      <span>
        <target id="w_34"/>
      </span>
    </term>
    <term tid="t_35" lemma="bar" type="open">
      <span>
        <target id="w_35"/>
      </span>
    </term>
    <term tid="t_36" lemma="zijn" type="open">
      <span>
        <target id="w_36"/>
      </span>
    </term>
    <term tid="t_37" lemma="in" type="open">
      <span>
        <target id="w_37"/>
      </span>
    </term>
    <term tid="t_38" lemma="orde" type="open">
      <span>
        <target id="w_38"/>
      </span>
    </term>
    <term tid="t_39" lemma="." type="open">
      <span>
        <target id="w_39"/>
      </span>
    </term>
  </terms>
  <entities>
    <entity type="MISC" eid="e_1">
      <span>
        <target id="t_36"/>
      </span>
    </entity>
    <entity type="LOC" eid="e_2">
      <span>
        <target id="t_30"/>
      </span>
    </entity>
    <entity type="MISC" eid="e_3">
      <span>
        <target id="t_20"/>
      </span>
    </entity>
    <entity type="ORG" eid="e_4">
      <span>
        <target id="t_35"/>
      </span>
    </entity>
    <entity type="ORG" eid="e_5">
      <span>
        <target id="t_11"/>
      </span>
    </entity>
  </entities>
  <properties>
    <property type="value_for_money" pid="p_1">
      <span>
        <target id="t_3"/>
      </span>
      <span>
        <target id="t_31"/>
      </span>
    </property>
    <property type="noise" pid="p_2">
      <span>
        <target id="t_14"/>
      </span>
    </property>
    <property type="room" pid="p_3">
      <span>
        <target id="t_11"/>
      </span>
    </property>
    <property type="restaurant" pid="p_4">
      <span>
        <target id="t_33"/>
      </span>
    </property>
    <property type="sleeping_comfort" pid="p_5">
      <span>
        <target id="t_17"/>
      </span>
    </property>
    <property type="facilities" pid="p_6">
      <span>
        <target id="t_35"/>
      </span>
    </property>
  </properties>
  <opinions>
    <opinion oid="o_1">
      <opinion_target>
        <span>
          <target id="t_17"/>
        </span>
      </opinion_target>
      <opinion_expression polarity="negative" strength="-3">
        <span>
          <target id="t_14"/>
          <target id="t_13"/>
          <target id="t_16"/>
        </span>
      </opinion_expression>
    </opinion>
    <opinion oid="o_2">
      <opinion_target>
        <span>
          <target id="t_29"/>
        </span>
      </opinion_target>
      <opinion_expression polarity="positive" strength="1">
        <span>
          <target id="t_27"/>
        </span>
      </opinion_expression>
    </opinion>
  </opinions>
</KAF>
