<?xml version='1.0' encoding='UTF-8'?>
<KAF xml:lang="nl">
  <linguisticProcessors layer="text">
    <lp timestamp="2013-01-06T18:42:00CET" version="2.0" name="SentenceTokenizer"/>
  </linguisticProcessors>
  <linguisticProcessors layer="terms">
    <lp timestamp="2013-01-06T18:42:00CET" version="2.0" name="SentenceTokenizer"/>
    <lp timestamp="2013-01-06T18:42:00CET" version="1.0" name="SimplePolarityTagger"/>
  </linguisticProcessors>
  <linguisticProcessor layer="opinions">
    <lp timestamp="2013-01-06T18:42:00CET" version="1.0" name="SimpleOpinionDetector"/>
  </linguisticProcessor>
  <linguisticProcessor layer="properties">
    <lp timestamp="2013-01-06T18:42:00CET" version="1.0" name="SimplePropRecognizer_lookup"/>
  </linguisticProcessor>
  <linguisticProcessor layer="entities">
    <lp timestamp="2013-01-06T18:42:00CET" version="1.0" name="SimpleNER_lookup"/>
  </linguisticProcessor>
  <text>
    <wf wid="w_1" para="1" sent="1">Geen</wf>
    <wf wid="w_2" para="1" sent="1">super</wf>
    <wf wid="w_3" para="1" sent="1">hotel</wf>
    <wf wid="w_4" para="1" sent="1">.</wf>
    <wf wid="w_5" para="1" sent="2">Hotel</wf>
    <wf wid="w_6" para="1" sent="2">stond</wf>
    <wf wid="w_7" para="1" sent="2">in</wf>
    <wf wid="w_8" para="1" sent="2">de</wf>
    <wf wid="w_9" para="1" sent="2">steigers</wf>
    <wf wid="w_10" para="1" sent="2">en</wf>
    <wf wid="w_11" para="1" sent="2">was</wf>
    <wf wid="w_12" para="1" sent="2">niet</wf>
    <wf wid="w_13" para="1" sent="2">van</wf>
    <wf wid="w_14" para="1" sent="2">te</wf>
    <wf wid="w_15" para="1" sent="2">voren</wf>
    <wf wid="w_16" para="1" sent="2">gemeld</wf>
    <wf wid="w_17" para="1" sent="2">,</wf>
    <wf wid="w_18" para="1" sent="2">zag</wf>
    <wf wid="w_19" para="1" sent="2">er</wf>
    <wf wid="w_20" para="1" sent="2">dus</wf>
    <wf wid="w_21" para="1" sent="2">niet</wf>
    <wf wid="w_22" para="1" sent="2">uit</wf>
    <wf wid="w_23" para="1" sent="2">van</wf>
    <wf wid="w_24" para="1" sent="2">buiten</wf>
    <wf wid="w_25" para="1" sent="2">.</wf>
    <wf wid="w_26" para="1" sent="3">Receptie</wf>
    <wf wid="w_27" para="1" sent="3">personeel</wf>
    <wf wid="w_28" para="1" sent="3">in</wf>
    <wf wid="w_29" para="1" sent="3">het</wf>
    <wf wid="w_30" para="1" sent="3">weekend</wf>
    <wf wid="w_31" para="1" sent="3">niet</wf>
    <wf wid="w_32" para="1" sent="3">ervaren</wf>
    <wf wid="w_33" para="1" sent="3">en</wf>
    <wf wid="w_34" para="1" sent="3">langzaam</wf>
    <wf wid="w_35" para="1" sent="3">bij</wf>
    <wf wid="w_36" para="1" sent="3">inchecken</wf>
    <wf wid="w_37" para="1" sent="3">.</wf>
    <wf wid="w_38" para="1" sent="4">Kamers</wf>
    <wf wid="w_39" para="1" sent="4">wel</wf>
    <wf wid="w_40" para="1" sent="4">groot</wf>
    <wf wid="w_41" para="1" sent="4">en</wf>
    <wf wid="w_42" para="1" sent="4">mooi</wf>
    <wf wid="w_43" para="1" sent="4">.</wf>
    <wf wid="w_44" para="1" sent="5">Groot</wf>
    <wf wid="w_45" para="1" sent="5">nadeel</wf>
    <wf wid="w_46" para="1" sent="5">geen</wf>
    <wf wid="w_47" para="1" sent="5">lift</wf>
    <wf wid="w_48" para="1" sent="5">,</wf>
    <wf wid="w_49" para="1" sent="5">maar</wf>
    <wf wid="w_50" para="1" sent="5">daardoor</wf>
    <wf wid="w_51" para="1" sent="5">ook</wf>
    <wf wid="w_52" para="1" sent="5">geen</wf>
    <wf wid="w_53" para="1" sent="5">service</wf>
    <wf wid="w_54" para="1" sent="5">om</wf>
    <wf wid="w_55" para="1" sent="5">2</wf>
    <wf wid="w_56" para="1" sent="5">vakantiekoffers</wf>
    <wf wid="w_57" para="1" sent="5">a</wf>
    <wf wid="w_58" para="1" sent="5">20</wf>
    <wf wid="w_59" para="1" sent="5">kg</wf>
    <wf wid="w_60" para="1" sent="5">naar</wf>
    <wf wid="w_61" para="1" sent="5">boven</wf>
    <wf wid="w_62" para="1" sent="5">te</wf>
    <wf wid="w_63" para="1" sent="5">brengen</wf>
    <wf wid="w_64" para="1" sent="5">+</wf>
    <wf wid="w_65" para="1" sent="5">2</wf>
    <wf wid="w_66" para="1" sent="5">x</wf>
    <wf wid="w_67" para="1" sent="5">handbagage</wf>
    <wf wid="w_68" para="1" sent="5">,</wf>
    <wf wid="w_69" para="1" sent="5">ik</wf>
    <wf wid="w_70" para="1" sent="5">heb</wf>
    <wf wid="w_71" para="1" sent="5">nl</wf>
    <wf wid="w_72" para="1" sent="5">een</wf>
    <wf wid="w_73" para="1" sent="5">chronische</wf>
    <wf wid="w_74" para="1" sent="5">Whiplash</wf>
    <wf wid="w_75" para="1" sent="5">en</wf>
    <wf wid="w_76" para="1" sent="5">alles</wf>
    <wf wid="w_77" para="1" sent="5">kwam</wf>
    <wf wid="w_78" para="1" sent="5">dus</wf>
    <wf wid="w_79" para="1" sent="5">op</wf>
    <wf wid="w_80" para="1" sent="5">mijn</wf>
    <wf wid="w_81" para="1" sent="5">man</wf>
    <wf wid="w_82" para="1" sent="5">neer</wf>
    <wf wid="w_83" para="1" sent="5">met</wf>
    <wf wid="w_84" para="1" sent="5">sjouwen</wf>
    <wf wid="w_85" para="1" sent="5">(waren</wf>
    <wf wid="w_86" para="1" sent="5">op</wf>
    <wf wid="w_87" para="1" sent="5">doorreis</wf>
    <wf wid="w_88" para="1" sent="5">naar</wf>
    <wf wid="w_89" para="1" sent="5">Schiphol</wf>
    <wf wid="w_90" para="1" sent="5">voor</wf>
    <wf wid="w_91" para="1" sent="5">vakantie</wf>
    <wf wid="w_92" para="1" sent="5">.</wf>
    <wf wid="w_93" para="1" sent="6">We</wf>
    <wf wid="w_94" para="1" sent="6">moesten</wf>
    <wf wid="w_95" para="1" sent="6">de</wf>
    <wf wid="w_96" para="1" sent="6">volgende</wf>
    <wf wid="w_97" para="1" sent="6">dag</wf>
    <wf wid="w_98" para="1" sent="6">10</wf>
    <wf wid="w_99" para="1" sent="6">uur</wf>
    <wf wid="w_100" para="1" sent="6">vliegen</wf>
    <wf wid="w_101" para="1" sent="6">en</wf>
    <wf wid="w_102" para="1" sent="6">wilden</wf>
    <wf wid="w_103" para="1" sent="6">daar</wf>
    <wf wid="w_104" para="1" sent="6">vooraan</wf>
    <wf wid="w_105" para="1" sent="6">ook</wf>
    <wf wid="w_106" para="1" sent="6">niet</wf>
    <wf wid="w_107" para="1" sent="6">nog</wf>
    <wf wid="w_108" para="1" sent="6">een</wf>
    <wf wid="w_109" para="1" sent="6">treinreis</wf>
    <wf wid="w_110" para="1" sent="6">van</wf>
    <wf wid="w_111" para="1" sent="6">Groningen</wf>
    <wf wid="w_112" para="1" sent="6">naar</wf>
    <wf wid="w_113" para="1" sent="6">Schiphol</wf>
    <wf wid="w_114" para="1" sent="6">ivm</wf>
    <wf wid="w_115" para="1" sent="6">met</wf>
    <wf wid="w_116" para="1" sent="6">mijn</wf>
    <wf wid="w_117" para="1" sent="6">klachten</wf>
    <wf wid="w_118" para="1" sent="6">.</wf>
    <wf wid="w_119" para="1" sent="7">Eerst</wf>
    <wf wid="w_120" para="1" sent="7">een</wf>
    <wf wid="w_121" para="1" sent="7">goede</wf>
    <wf wid="w_122" para="1" sent="7">nachtrust</wf>
    <wf wid="w_123" para="1" sent="7">vooraan</wf>
    <wf wid="w_124" para="1" sent="7">is</wf>
    <wf wid="w_125" para="1" sent="7">prettig</wf>
    <wf wid="w_126" para="1" sent="7">maar</wf>
    <wf wid="w_127" para="1" sent="7">ook</wf>
    <wf wid="w_128" para="1" sent="7">dat</wf>
    <wf wid="w_129" para="1" sent="7">kon</wf>
    <wf wid="w_130" para="1" sent="7">niet</wf>
    <wf wid="w_131" para="1" sent="7">feest</wf>
    <wf wid="w_132" para="1" sent="7">in</wf>
    <wf wid="w_133" para="1" sent="7">aalsmeer</wf>
    <wf wid="w_134" para="1" sent="7">en</wf>
    <wf wid="w_135" para="1" sent="7">dus</wf>
    <wf wid="w_136" para="1" sent="7">ook</wf>
    <wf wid="w_137" para="1" sent="7">tot</wf>
    <wf wid="w_138" para="1" sent="7">midden</wf>
    <wf wid="w_139" para="1" sent="7">in</wf>
    <wf wid="w_140" para="1" sent="7">de</wf>
    <wf wid="w_141" para="1" sent="7">nacht</wf>
    <wf wid="w_142" para="1" sent="7">in</wf>
    <wf wid="w_143" para="1" sent="7">de</wf>
    <wf wid="w_144" para="1" sent="7">aangrenzende</wf>
    <wf wid="w_145" para="1" sent="7">bar</wf>
    <wf wid="w_146" para="1" sent="7">vh</wf>
    <wf wid="w_147" para="1" sent="7">hotel</wf>
    <wf wid="w_148" para="1" sent="7">.</wf>
    <wf wid="w_149" para="1" sent="8">Hadden</wf>
    <wf wid="w_150" para="1" sent="8">dus</wf>
    <wf wid="w_151" para="1" sent="8">beter</wf>
    <wf wid="w_152" para="1" sent="8">thuis</wf>
    <wf wid="w_153" para="1" sent="8">kunnen</wf>
    <wf wid="w_154" para="1" sent="8">slapen</wf>
    <wf wid="w_155" para="1" sent="8">waardeloos</wf>
    <wf wid="w_156" para="1" sent="8">.</wf>
    <wf wid="w_157" para="1" sent="9">Was</wf>
    <wf wid="w_158" para="1" sent="9">ook</wf>
    <wf wid="w_159" para="1" sent="9">niet</wf>
    <wf wid="w_160" para="1" sent="9">voor</wf>
    <wf wid="w_161" para="1" sent="9">gewaarschuwd</wf>
    <wf wid="w_162" para="1" sent="9">beetje</wf>
    <wf wid="w_163" para="1" sent="9">erg</wf>
    <wf wid="w_164" para="1" sent="9">slordig</wf>
    <wf wid="w_165" para="1" sent="9">,</wf>
    <wf wid="w_166" para="1" sent="9">niet</wf>
    <wf wid="w_167" para="1" sent="9">uitgerust</wf>
    <wf wid="w_168" para="1" sent="9">dus</wf>
    <wf wid="w_169" para="1" sent="9">erge</wf>
    <wf wid="w_170" para="1" sent="9">tegenvaller</wf>
    <wf wid="w_171" para="1" sent="9">.</wf>
  </text>
  <terms>
    <term tid="t_1" lemma="geen" type="open">
      <span>
        <target id="w_1"/>
      </span>
      <sentiment sentiment_modifier="shifter" resource="VUA_olery_lexicon_nl_lmf"/>
    </term>
    <term tid="t_2" lemma="super" type="open" pos="N">
      <span>
        <target id="w_2"/>
      </span>
      <sentiment polarity="positive" resource="VUA_olery_lexicon_nl_lmf"/>
    </term>
    <term tid="t_3" lemma="hotel" type="open">
      <span>
        <target id="w_3"/>
      </span>
    </term>
    <term tid="t_4" lemma="." type="open">
      <span>
        <target id="w_4"/>
      </span>
    </term>
    <term tid="t_5" lemma="hotel" type="open">
      <span>
        <target id="w_5"/>
      </span>
    </term>
    <term tid="t_6" lemma="stond" type="open">
      <span>
        <target id="w_6"/>
      </span>
    </term>
    <term tid="t_7" lemma="in" type="open">
      <span>
        <target id="w_7"/>
      </span>
    </term>
    <term tid="t_8" lemma="de" type="open">
      <span>
        <target id="w_8"/>
      </span>
    </term>
    <term tid="t_9" lemma="steigers" type="open">
      <span>
        <target id="w_9"/>
      </span>
    </term>
    <term tid="t_10" lemma="en" type="open">
      <span>
        <target id="w_10"/>
      </span>
    </term>
    <term tid="t_11" lemma="was" type="open">
      <span>
        <target id="w_11"/>
      </span>
    </term>
    <term tid="t_12" lemma="niet" type="open">
      <span>
        <target id="w_12"/>
      </span>
      <sentiment sentiment_modifier="shifter" resource="VUA_olery_lexicon_nl_lmf"/>
    </term>
    <term tid="t_13" lemma="van" type="open">
      <span>
        <target id="w_13"/>
      </span>
    </term>
    <term tid="t_14" lemma="te" type="open">
      <span>
        <target id="w_14"/>
      </span>
    </term>
    <term tid="t_15" lemma="voren" type="open">
      <span>
        <target id="w_15"/>
      </span>
    </term>
    <term tid="t_16" lemma="gemeld" type="open">
      <span>
        <target id="w_16"/>
      </span>
    </term>
    <term tid="t_17" lemma="," type="open">
      <span>
        <target id="w_17"/>
      </span>
    </term>
    <term tid="t_18" lemma="zag" type="open">
      <span>
        <target id="w_18"/>
      </span>
    </term>
    <term tid="t_19" lemma="er" type="open">
      <span>
        <target id="w_19"/>
      </span>
    </term>
    <term tid="t_20" lemma="dus" type="open">
      <span>
        <target id="w_20"/>
      </span>
    </term>
    <term tid="t_21" lemma="niet" type="open">
      <span>
        <target id="w_21"/>
      </span>
      <sentiment sentiment_modifier="shifter" resource="VUA_olery_lexicon_nl_lmf"/>
    </term>
    <term tid="t_22" lemma="uit" type="open">
      <span>
        <target id="w_22"/>
      </span>
    </term>
    <term tid="t_23" lemma="van" type="open">
      <span>
        <target id="w_23"/>
      </span>
    </term>
    <term tid="t_24" lemma="buiten" type="open">
      <span>
        <target id="w_24"/>
      </span>
    </term>
    <term tid="t_25" lemma="." type="open">
      <span>
        <target id="w_25"/>
      </span>
    </term>
    <term tid="t_26" lemma="receptie" type="open">
      <span>
        <target id="w_26"/>
      </span>
    </term>
    <term tid="t_27" lemma="personeel" type="open">
      <span>
        <target id="w_27"/>
      </span>
    </term>
    <term tid="t_28" lemma="in" type="open">
      <span>
        <target id="w_28"/>
      </span>
    </term>
    <term tid="t_29" lemma="het" type="open">
      <span>
        <target id="w_29"/>
      </span>
    </term>
    <term tid="t_30" lemma="weekend" type="open">
      <span>
        <target id="w_30"/>
      </span>
    </term>
    <term tid="t_31" lemma="niet" type="open">
      <span>
        <target id="w_31"/>
      </span>
      <sentiment sentiment_modifier="shifter" resource="VUA_olery_lexicon_nl_lmf"/>
    </term>
    <term tid="t_32" lemma="ervaren" type="open">
      <span>
        <target id="w_32"/>
      </span>
    </term>
    <term tid="t_33" lemma="en" type="open">
      <span>
        <target id="w_33"/>
      </span>
    </term>
    <term tid="t_34" lemma="langzaam" type="open">
      <span>
        <target id="w_34"/>
      </span>
    </term>
    <term tid="t_35" lemma="bij" type="open">
      <span>
        <target id="w_35"/>
      </span>
    </term>
    <term tid="t_36" lemma="inchecken" type="open">
      <span>
        <target id="w_36"/>
      </span>
    </term>
    <term tid="t_37" lemma="." type="open">
      <span>
        <target id="w_37"/>
      </span>
    </term>
    <term tid="t_38" lemma="kamers" type="open">
      <span>
        <target id="w_38"/>
      </span>
    </term>
    <term tid="t_39" lemma="wel" type="open">
      <span>
        <target id="w_39"/>
      </span>
    </term>
    <term tid="t_40" lemma="groot" type="open">
      <span>
        <target id="w_40"/>
      </span>
    </term>
    <term tid="t_41" lemma="en" type="open">
      <span>
        <target id="w_41"/>
      </span>
    </term>
    <term tid="t_42" lemma="mooi" type="open" pos="G">
      <span>
        <target id="w_42"/>
      </span>
      <sentiment polarity="positive" resource="VUA_olery_lexicon_nl_lmf"/>
    </term>
    <term tid="t_43" lemma="." type="open">
      <span>
        <target id="w_43"/>
      </span>
    </term>
    <term tid="t_44" lemma="groot" type="open">
      <span>
        <target id="w_44"/>
      </span>
    </term>
    <term tid="t_45" lemma="nadeel" type="open" pos="N">
      <span>
        <target id="w_45"/>
      </span>
      <sentiment polarity="negative" resource="VUA_olery_lexicon_nl_lmf"/>
    </term>
    <term tid="t_46" lemma="geen" type="open">
      <span>
        <target id="w_46"/>
      </span>
      <sentiment sentiment_modifier="shifter" resource="VUA_olery_lexicon_nl_lmf"/>
    </term>
    <term tid="t_47" lemma="lift" type="open">
      <span>
        <target id="w_47"/>
      </span>
    </term>
    <term tid="t_48" lemma="," type="open">
      <span>
        <target id="w_48"/>
      </span>
    </term>
    <term tid="t_49" lemma="maar" type="open">
      <span>
        <target id="w_49"/>
      </span>
    </term>
    <term tid="t_50" lemma="daardoor" type="open">
      <span>
        <target id="w_50"/>
      </span>
    </term>
    <term tid="t_51" lemma="ook" type="open">
      <span>
        <target id="w_51"/>
      </span>
    </term>
    <term tid="t_52" lemma="geen" type="open">
      <span>
        <target id="w_52"/>
      </span>
      <sentiment sentiment_modifier="shifter" resource="VUA_olery_lexicon_nl_lmf"/>
    </term>
    <term tid="t_53" lemma="service" type="open">
      <span>
        <target id="w_53"/>
      </span>
    </term>
    <term tid="t_54" lemma="om" type="open">
      <span>
        <target id="w_54"/>
      </span>
    </term>
    <term tid="t_55" lemma="2" type="open">
      <span>
        <target id="w_55"/>
      </span>
    </term>
    <term tid="t_56" lemma="vakantiekoffers" type="open">
      <span>
        <target id="w_56"/>
      </span>
    </term>
    <term tid="t_57" lemma="a" type="open">
      <span>
        <target id="w_57"/>
      </span>
    </term>
    <term tid="t_58" lemma="20" type="open">
      <span>
        <target id="w_58"/>
      </span>
    </term>
    <term tid="t_59" lemma="kg" type="open">
      <span>
        <target id="w_59"/>
      </span>
    </term>
    <term tid="t_60" lemma="naar" type="open" pos="G">
      <span>
        <target id="w_60"/>
      </span>
      <sentiment polarity="negative" resource="VUA_olery_lexicon_nl_lmf"/>
    </term>
    <term tid="t_61" lemma="boven" type="open">
      <span>
        <target id="w_61"/>
      </span>
    </term>
    <term tid="t_62" lemma="te" type="open">
      <span>
        <target id="w_62"/>
      </span>
    </term>
    <term tid="t_63" lemma="brengen" type="open">
      <span>
        <target id="w_63"/>
      </span>
    </term>
    <term tid="t_64" lemma="+" type="open">
      <span>
        <target id="w_64"/>
      </span>
    </term>
    <term tid="t_65" lemma="2" type="open">
      <span>
        <target id="w_65"/>
      </span>
    </term>
    <term tid="t_66" lemma="x" type="open">
      <span>
        <target id="w_66"/>
      </span>
    </term>
    <term tid="t_67" lemma="handbagage" type="open">
      <span>
        <target id="w_67"/>
      </span>
    </term>
    <term tid="t_68" lemma="," type="open">
      <span>
        <target id="w_68"/>
      </span>
    </term>
    <term tid="t_69" lemma="ik" type="open">
      <span>
        <target id="w_69"/>
      </span>
    </term>
    <term tid="t_70" lemma="heb" type="open">
      <span>
        <target id="w_70"/>
      </span>
    </term>
    <term tid="t_71" lemma="nl" type="open">
      <span>
        <target id="w_71"/>
      </span>
    </term>
    <term tid="t_72" lemma="een" type="open">
      <span>
        <target id="w_72"/>
      </span>
    </term>
    <term tid="t_73" lemma="chronische" type="open">
      <span>
        <target id="w_73"/>
      </span>
    </term>
    <term tid="t_74" lemma="whiplash" type="open">
      <span>
        <target id="w_74"/>
      </span>
    </term>
    <term tid="t_75" lemma="en" type="open">
      <span>
        <target id="w_75"/>
      </span>
    </term>
    <term tid="t_76" lemma="alles" type="open">
      <span>
        <target id="w_76"/>
      </span>
    </term>
    <term tid="t_77" lemma="kwam" type="open">
      <span>
        <target id="w_77"/>
      </span>
    </term>
    <term tid="t_78" lemma="dus" type="open">
      <span>
        <target id="w_78"/>
      </span>
    </term>
    <term tid="t_79" lemma="op" type="open">
      <span>
        <target id="w_79"/>
      </span>
    </term>
    <term tid="t_80" lemma="mijn" type="open">
      <span>
        <target id="w_80"/>
      </span>
    </term>
    <term tid="t_81" lemma="man" type="open">
      <span>
        <target id="w_81"/>
      </span>
    </term>
    <term tid="t_82" lemma="neer" type="open">
      <span>
        <target id="w_82"/>
      </span>
    </term>
    <term tid="t_83" lemma="met" type="open">
      <span>
        <target id="w_83"/>
      </span>
    </term>
    <term tid="t_84" lemma="sjouwen" type="open">
      <span>
        <target id="w_84"/>
      </span>
    </term>
    <term tid="t_85" lemma="(waren" type="open">
      <span>
        <target id="w_85"/>
      </span>
    </term>
    <term tid="t_86" lemma="op" type="open">
      <span>
        <target id="w_86"/>
      </span>
    </term>
    <term tid="t_87" lemma="doorreis" type="open">
      <span>
        <target id="w_87"/>
      </span>
    </term>
    <term tid="t_88" lemma="naar" type="open" pos="G">
      <span>
        <target id="w_88"/>
      </span>
      <sentiment polarity="negative" resource="VUA_olery_lexicon_nl_lmf"/>
    </term>
    <term tid="t_89" lemma="schiphol" type="open">
      <span>
        <target id="w_89"/>
      </span>
    </term>
    <term tid="t_90" lemma="voor" type="open">
      <span>
        <target id="w_90"/>
      </span>
    </term>
    <term tid="t_91" lemma="vakantie" type="open">
      <span>
        <target id="w_91"/>
      </span>
    </term>
    <term tid="t_92" lemma="." type="open">
      <span>
        <target id="w_92"/>
      </span>
    </term>
    <term tid="t_93" lemma="we" type="open">
      <span>
        <target id="w_93"/>
      </span>
    </term>
    <term tid="t_94" lemma="moesten" type="open">
      <span>
        <target id="w_94"/>
      </span>
    </term>
    <term tid="t_95" lemma="de" type="open">
      <span>
        <target id="w_95"/>
      </span>
    </term>
    <term tid="t_96" lemma="volgende" type="open">
      <span>
        <target id="w_96"/>
      </span>
    </term>
    <term tid="t_97" lemma="dag" type="open">
      <span>
        <target id="w_97"/>
      </span>
    </term>
    <term tid="t_98" lemma="10" type="open">
      <span>
        <target id="w_98"/>
      </span>
    </term>
    <term tid="t_99" lemma="uur" type="open">
      <span>
        <target id="w_99"/>
      </span>
    </term>
    <term tid="t_100" lemma="vliegen" type="open">
      <span>
        <target id="w_100"/>
      </span>
    </term>
    <term tid="t_101" lemma="en" type="open">
      <span>
        <target id="w_101"/>
      </span>
    </term>
    <term tid="t_102" lemma="wilden" type="open">
      <span>
        <target id="w_102"/>
      </span>
    </term>
    <term tid="t_103" lemma="daar" type="open">
      <span>
        <target id="w_103"/>
      </span>
    </term>
    <term tid="t_104" lemma="vooraan" type="open">
      <span>
        <target id="w_104"/>
      </span>
    </term>
    <term tid="t_105" lemma="ook" type="open">
      <span>
        <target id="w_105"/>
      </span>
    </term>
    <term tid="t_106" lemma="niet" type="open">
      <span>
        <target id="w_106"/>
      </span>
      <sentiment sentiment_modifier="shifter" resource="VUA_olery_lexicon_nl_lmf"/>
    </term>
    <term tid="t_107" lemma="nog" type="open">
      <span>
        <target id="w_107"/>
      </span>
    </term>
    <term tid="t_108" lemma="een" type="open">
      <span>
        <target id="w_108"/>
      </span>
    </term>
    <term tid="t_109" lemma="treinreis" type="open">
      <span>
        <target id="w_109"/>
      </span>
    </term>
    <term tid="t_110" lemma="van" type="open">
      <span>
        <target id="w_110"/>
      </span>
    </term>
    <term tid="t_111" lemma="groningen" type="open">
      <span>
        <target id="w_111"/>
      </span>
    </term>
    <term tid="t_112" lemma="naar" type="open" pos="G">
      <span>
        <target id="w_112"/>
      </span>
      <sentiment polarity="negative" resource="VUA_olery_lexicon_nl_lmf"/>
    </term>
    <term tid="t_113" lemma="schiphol" type="open">
      <span>
        <target id="w_113"/>
      </span>
    </term>
    <term tid="t_114" lemma="ivm" type="open">
      <span>
        <target id="w_114"/>
      </span>
    </term>
    <term tid="t_115" lemma="met" type="open">
      <span>
        <target id="w_115"/>
      </span>
    </term>
    <term tid="t_116" lemma="mijn" type="open">
      <span>
        <target id="w_116"/>
      </span>
    </term>
    <term tid="t_117" lemma="klachten" type="open">
      <span>
        <target id="w_117"/>
      </span>
    </term>
    <term tid="t_118" lemma="." type="open">
      <span>
        <target id="w_118"/>
      </span>
    </term>
    <term tid="t_119" lemma="eerst" type="open">
      <span>
        <target id="w_119"/>
      </span>
    </term>
    <term tid="t_120" lemma="een" type="open">
      <span>
        <target id="w_120"/>
      </span>
    </term>
    <term tid="t_121" lemma="goede" type="open" pos="G">
      <span>
        <target id="w_121"/>
      </span>
      <sentiment polarity="positive" resource="VUA_olery_lexicon_nl_lmf"/>
    </term>
    <term tid="t_122" lemma="nachtrust" type="open">
      <span>
        <target id="w_122"/>
      </span>
    </term>
    <term tid="t_123" lemma="vooraan" type="open">
      <span>
        <target id="w_123"/>
      </span>
    </term>
    <term tid="t_124" lemma="is" type="open">
      <span>
        <target id="w_124"/>
      </span>
    </term>
    <term tid="t_125" lemma="prettig" type="open" pos="G">
      <span>
        <target id="w_125"/>
      </span>
      <sentiment polarity="positive" resource="VUA_olery_lexicon_nl_lmf"/>
    </term>
    <term tid="t_126" lemma="maar" type="open">
      <span>
        <target id="w_126"/>
      </span>
    </term>
    <term tid="t_127" lemma="ook" type="open">
      <span>
        <target id="w_127"/>
      </span>
    </term>
    <term tid="t_128" lemma="dat" type="open">
      <span>
        <target id="w_128"/>
      </span>
    </term>
    <term tid="t_129" lemma="kon" type="open">
      <span>
        <target id="w_129"/>
      </span>
    </term>
    <term tid="t_130" lemma="niet" type="open">
      <span>
        <target id="w_130"/>
      </span>
      <sentiment sentiment_modifier="shifter" resource="VUA_olery_lexicon_nl_lmf"/>
    </term>
    <term tid="t_131" lemma="feest" type="open">
      <span>
        <target id="w_131"/>
      </span>
    </term>
    <term tid="t_132" lemma="in" type="open">
      <span>
        <target id="w_132"/>
      </span>
    </term>
    <term tid="t_133" lemma="aalsmeer" type="open">
      <span>
        <target id="w_133"/>
      </span>
    </term>
    <term tid="t_134" lemma="en" type="open">
      <span>
        <target id="w_134"/>
      </span>
    </term>
    <term tid="t_135" lemma="dus" type="open">
      <span>
        <target id="w_135"/>
      </span>
    </term>
    <term tid="t_136" lemma="ook" type="open">
      <span>
        <target id="w_136"/>
      </span>
    </term>
    <term tid="t_137" lemma="tot" type="open">
      <span>
        <target id="w_137"/>
      </span>
    </term>
    <term tid="t_138" lemma="midden" type="open">
      <span>
        <target id="w_138"/>
      </span>
    </term>
    <term tid="t_139" lemma="in" type="open">
      <span>
        <target id="w_139"/>
      </span>
    </term>
    <term tid="t_140" lemma="de" type="open">
      <span>
        <target id="w_140"/>
      </span>
    </term>
    <term tid="t_141" lemma="nacht" type="open">
      <span>
        <target id="w_141"/>
      </span>
    </term>
    <term tid="t_142" lemma="in" type="open">
      <span>
        <target id="w_142"/>
      </span>
    </term>
    <term tid="t_143" lemma="de" type="open">
      <span>
        <target id="w_143"/>
      </span>
    </term>
    <term tid="t_144" lemma="aangrenzende" type="open">
      <span>
        <target id="w_144"/>
      </span>
    </term>
    <term tid="t_145" lemma="bar" type="open">
      <span>
        <target id="w_145"/>
      </span>
    </term>
    <term tid="t_146" lemma="vh" type="open">
      <span>
        <target id="w_146"/>
      </span>
    </term>
    <term tid="t_147" lemma="hotel" type="open">
      <span>
        <target id="w_147"/>
      </span>
    </term>
    <term tid="t_148" lemma="." type="open">
      <span>
        <target id="w_148"/>
      </span>
    </term>
    <term tid="t_149" lemma="hadden" type="open">
      <span>
        <target id="w_149"/>
      </span>
    </term>
    <term tid="t_150" lemma="dus" type="open">
      <span>
        <target id="w_150"/>
      </span>
    </term>
    <term tid="t_151" lemma="beter" type="open">
      <span>
        <target id="w_151"/>
      </span>
    </term>
    <term tid="t_152" lemma="thuis" type="open">
      <span>
        <target id="w_152"/>
      </span>
    </term>
    <term tid="t_153" lemma="kunnen" type="open">
      <span>
        <target id="w_153"/>
      </span>
    </term>
    <term tid="t_154" lemma="slapen" type="open">
      <span>
        <target id="w_154"/>
      </span>
    </term>
    <term tid="t_155" lemma="waardeloos" type="open" pos="G">
      <span>
        <target id="w_155"/>
      </span>
      <sentiment polarity="negative" resource="VUA_olery_lexicon_nl_lmf"/>
    </term>
    <term tid="t_156" lemma="." type="open">
      <span>
        <target id="w_156"/>
      </span>
    </term>
    <term tid="t_157" lemma="was" type="open">
      <span>
        <target id="w_157"/>
      </span>
    </term>
    <term tid="t_158" lemma="ook" type="open">
      <span>
        <target id="w_158"/>
      </span>
    </term>
    <term tid="t_159" lemma="niet" type="open">
      <span>
        <target id="w_159"/>
      </span>
      <sentiment sentiment_modifier="shifter" resource="VUA_olery_lexicon_nl_lmf"/>
    </term>
    <term tid="t_160" lemma="voor" type="open">
      <span>
        <target id="w_160"/>
      </span>
    </term>
    <term tid="t_161" lemma="gewaarschuwd" type="open">
      <span>
        <target id="w_161"/>
      </span>
    </term>
    <term tid="t_162" lemma="beetje" type="open">
      <span>
        <target id="w_162"/>
      </span>
    </term>
    <term tid="t_163" lemma="erg" type="open">
      <span>
        <target id="w_163"/>
      </span>
      <sentiment sentiment_modifier="intensifier" resource="VUA_olery_lexicon_nl_lmf"/>
    </term>
    <term tid="t_164" lemma="slordig" type="open" pos="G">
      <span>
        <target id="w_164"/>
      </span>
      <sentiment polarity="negative" resource="VUA_olery_lexicon_nl_lmf"/>
    </term>
    <term tid="t_165" lemma="," type="open">
      <span>
        <target id="w_165"/>
      </span>
    </term>
    <term tid="t_166" lemma="niet" type="open">
      <span>
        <target id="w_166"/>
      </span>
      <sentiment sentiment_modifier="shifter" resource="VUA_olery_lexicon_nl_lmf"/>
    </term>
    <term tid="t_167" lemma="uitgerust" type="open">
      <span>
        <target id="w_167"/>
      </span>
    </term>
    <term tid="t_168" lemma="dus" type="open">
      <span>
        <target id="w_168"/>
      </span>
    </term>
    <term tid="t_169" lemma="erge" type="open">
      <span>
        <target id="w_169"/>
      </span>
      <sentiment sentiment_modifier="intensifier" resource="VUA_olery_lexicon_nl_lmf"/>
    </term>
    <term tid="t_170" lemma="tegenvaller" type="open" pos="N">
      <span>
        <target id="w_170"/>
      </span>
      <sentiment polarity="negative" resource="VUA_olery_lexicon_nl_lmf"/>
    </term>
    <term tid="t_171" lemma="." type="open">
      <span>
        <target id="w_171"/>
      </span>
    </term>
  </terms>
  <entities>
    <entity type="LOC" eid="e_1">
      <span>
        <target id="t_111"/>
      </span>
    </entity>
    <entity type="PER" eid="e_2">
      <span>
        <target id="t_146"/>
      </span>
    </entity>
    <entity type="PER" eid="e_3">
      <span>
        <target id="t_61"/>
      </span>
    </entity>
    <entity type="PER" eid="e_4">
      <span>
        <target id="t_55"/>
      </span>
      <span>
        <target id="t_65"/>
      </span>
    </entity>
    <entity type="MISC" eid="e_5">
      <span>
        <target id="t_57"/>
      </span>
    </entity>
    <entity type="ORG" eid="e_6">
      <span>
        <target id="t_145"/>
      </span>
    </entity>
    <entity type="MISC" eid="e_7">
      <span>
        <target id="t_53"/>
      </span>
    </entity>
    <entity type="PER" eid="e_8">
      <span>
        <target id="t_93"/>
      </span>
    </entity>
  </entities>
  <properties>
    <property type="facilities" pid="p_1">
      <span>
        <target id="t_47"/>
      </span>
      <span>
        <target id="t_145"/>
      </span>
    </property>
    <property type="location" pid="p_2">
      <span>
        <target id="t_89"/>
      </span>
      <span>
        <target id="t_113"/>
      </span>
    </property>
    <property type="sleeping_comfort" pid="p_3">
      <span>
        <target id="t_122"/>
      </span>
      <span>
        <target id="t_154"/>
      </span>
    </property>
    <property type="staff" pid="p_4">
      <span>
        <target id="t_26"/>
      </span>
      <span>
        <target id="t_27"/>
      </span>
      <span>
        <target id="t_36"/>
      </span>
      <span>
        <target id="t_53"/>
      </span>
    </property>
  </properties>
  <opinions>
    <opinion oid="o_1">
      <opinion_target>
        <span>
          <target id="t_3"/>
        </span>
      </opinion_target>
      <opinion_expression polarity="negative" strength="-1">
        <span>
          <target id="t_2"/>
          <target id="t_1"/>
        </span>
      </opinion_expression>
    </opinion>
    <opinion oid="o_2">
      <opinion_target>
        <span>
          <target id="t_40"/>
        </span>
      </opinion_target>
      <opinion_expression polarity="positive" strength="1">
        <span>
          <target id="t_42"/>
        </span>
      </opinion_expression>
    </opinion>
    <opinion oid="o_3">
      <opinion_holder>
        <span>
          <target id="t_69"/>
        </span>
      </opinion_holder>
      <opinion_target>
        <span>
          <target id="t_47"/>
        </span>
      </opinion_target>
      <opinion_expression polarity="negative" strength="-1">
        <span>
          <target id="t_45"/>
        </span>
      </opinion_expression>
    </opinion>
    <opinion oid="o_4">
      <opinion_holder>
        <span>
          <target id="t_69"/>
        </span>
      </opinion_holder>
      <opinion_target>
        <span>
          <target id="t_61"/>
        </span>
      </opinion_target>
      <opinion_expression polarity="negative" strength="-1">
        <span>
          <target id="t_60"/>
        </span>
      </opinion_expression>
    </opinion>
    <opinion oid="o_5">
      <opinion_holder>
        <span>
          <target id="t_69"/>
        </span>
      </opinion_holder>
      <opinion_target>
        <span>
          <target id="t_89"/>
        </span>
      </opinion_target>
      <opinion_expression polarity="negative" strength="-1">
        <span>
          <target id="t_88"/>
        </span>
      </opinion_expression>
    </opinion>
    <opinion oid="o_6">
      <opinion_holder>
        <span>
          <target id="t_93"/>
        </span>
      </opinion_holder>
      <opinion_target>
        <span>
          <target id="t_113"/>
        </span>
      </opinion_target>
      <opinion_expression polarity="negative" strength="-1">
        <span>
          <target id="t_112"/>
        </span>
      </opinion_expression>
    </opinion>
    <opinion oid="o_7">
      <opinion_target>
        <span>
          <target id="t_122"/>
        </span>
      </opinion_target>
      <opinion_expression polarity="positive" strength="1">
        <span>
          <target id="t_121"/>
        </span>
      </opinion_expression>
    </opinion>
    <opinion oid="o_8">
      <opinion_target>
        <span>
          <target id="t_123"/>
        </span>
      </opinion_target>
      <opinion_expression polarity="positive" strength="1">
        <span>
          <target id="t_125"/>
        </span>
      </opinion_expression>
    </opinion>
    <opinion oid="o_9">
      <opinion_target>
        <span>
          <target id="t_154"/>
        </span>
      </opinion_target>
      <opinion_expression polarity="negative" strength="-1">
        <span>
          <target id="t_155"/>
        </span>
      </opinion_expression>
    </opinion>
    <opinion oid="o_10">
      <opinion_target>
        <span>
          <target id="t_167"/>
        </span>
      </opinion_target>
      <opinion_expression polarity="negative" strength="-2">
        <span>
          <target id="t_164"/>
          <target id="t_163"/>
        </span>
      </opinion_expression>
    </opinion>
  </opinions>
</KAF>
