<?xml version='1.0' encoding='UTF-8'?>
<KAF xml:lang="nl">
  <linguisticProcessors layer="text">
    <lp timestamp="2013-01-06T18:34:31CET" version="2.0" name="SentenceTokenizer"/>
  </linguisticProcessors>
  <linguisticProcessors layer="terms">
    <lp timestamp="2013-01-06T18:34:31CET" version="2.0" name="SentenceTokenizer"/>
    <lp timestamp="2013-01-06T18:34:31CET" version="1.0" name="SimplePolarityTagger"/>
  </linguisticProcessors>
  <linguisticProcessor layer="opinions">
    <lp timestamp="2013-01-06T18:34:32CET" version="1.0" name="SimpleOpinionDetector"/>
  </linguisticProcessor>
  <linguisticProcessor layer="properties">
    <lp timestamp="2013-01-06T18:34:32CET" version="1.0" name="SimplePropRecognizer_lookup"/>
  </linguisticProcessor>
  <linguisticProcessor layer="entities">
    <lp timestamp="2013-01-06T18:34:31CET" version="1.0" name="SimpleNER_lookup"/>
  </linguisticProcessor>
  <text>
    <wf wid="w_1" para="1" sent="1">De</wf>
    <wf wid="w_2" para="1" sent="1">ligging</wf>
    <wf wid="w_3" para="1" sent="1">van</wf>
    <wf wid="w_4" para="1" sent="1">de</wf>
    <wf wid="w_5" para="1" sent="1">kamer</wf>
    <wf wid="w_6" para="1" sent="1">aan</wf>
    <wf wid="w_7" para="1" sent="1">tuinzijde</wf>
    <wf wid="w_8" para="1" sent="1">,</wf>
    <wf wid="w_9" para="1" sent="1">heerlijk</wf>
    <wf wid="w_10" para="1" sent="1">rustig</wf>
    <wf wid="w_11" para="1" sent="1">.</wf>
    <wf wid="w_12" para="1" sent="2">De</wf>
    <wf wid="w_13" para="1" sent="2">nabijheid</wf>
    <wf wid="w_14" para="1" sent="2">van</wf>
    <wf wid="w_15" para="1" sent="2">het</wf>
    <wf wid="w_16" para="1" sent="2">Vondelpark</wf>
    <wf wid="w_17" para="1" sent="2">en</wf>
    <wf wid="w_18" para="1" sent="2">weg</wf>
    <wf wid="w_19" para="1" sent="2">van</wf>
    <wf wid="w_20" para="1" sent="2">de</wf>
    <wf wid="w_21" para="1" sent="2">stadsdrukte</wf>
    <wf wid="w_22" para="1" sent="2">..</wf>
    <wf wid="w_23" para="1" sent="3">De</wf>
    <wf wid="w_24" para="1" sent="3">regendouche</wf>
    <wf wid="w_25" para="1" sent="3">was</wf>
    <wf wid="w_26" para="1" sent="3">heerlijk</wf>
    <wf wid="w_27" para="1" sent="3">alleen</wf>
    <wf wid="w_28" para="1" sent="3">was</wf>
    <wf wid="w_29" para="1" sent="3">het</wf>
    <wf wid="w_30" para="1" sent="3">douchescherm</wf>
    <wf wid="w_31" para="1" sent="3">te</wf>
    <wf wid="w_32" para="1" sent="3">klein</wf>
    <wf wid="w_33" para="1" sent="3">zodat</wf>
    <wf wid="w_34" para="1" sent="3">de</wf>
    <wf wid="w_35" para="1" sent="3">hele</wf>
    <wf wid="w_36" para="1" sent="3">badkamer</wf>
    <wf wid="w_37" para="1" sent="3">nat</wf>
    <wf wid="w_38" para="1" sent="3">werd</wf>
    <wf wid="w_39" para="1" sent="3">.</wf>
  </text>
  <terms>
    <term tid="t_1" lemma="de" type="open">
      <span>
        <target id="w_1"/>
      </span>
    </term>
    <term tid="t_2" lemma="ligging" type="open">
      <span>
        <target id="w_2"/>
      </span>
    </term>
    <term tid="t_3" lemma="van" type="open">
      <span>
        <target id="w_3"/>
      </span>
    </term>
    <term tid="t_4" lemma="de" type="open">
      <span>
        <target id="w_4"/>
      </span>
    </term>
    <term tid="t_5" lemma="kamer" type="open">
      <span>
        <target id="w_5"/>
      </span>
    </term>
    <term tid="t_6" lemma="aan" type="open">
      <span>
        <target id="w_6"/>
      </span>
    </term>
    <term tid="t_7" lemma="tuinzijde" type="open">
      <span>
        <target id="w_7"/>
      </span>
    </term>
    <term tid="t_8" lemma="," type="open">
      <span>
        <target id="w_8"/>
      </span>
    </term>
    <term tid="t_9" lemma="heerlijk" type="open" pos="G">
      <span>
        <target id="w_9"/>
      </span>
      <sentiment polarity="positive" resource="VUA_olery_lexicon_nl_lmf"/>
    </term>
    <term tid="t_10" lemma="rustig" type="open" pos="G">
      <span>
        <target id="w_10"/>
      </span>
      <sentiment polarity="positive" resource="VUA_olery_lexicon_nl_lmf"/>
    </term>
    <term tid="t_11" lemma="." type="open">
      <span>
        <target id="w_11"/>
      </span>
    </term>
    <term tid="t_12" lemma="de" type="open">
      <span>
        <target id="w_12"/>
      </span>
    </term>
    <term tid="t_13" lemma="nabijheid" type="open" pos="N">
      <span>
        <target id="w_13"/>
      </span>
      <sentiment polarity="positive" resource="VUA_olery_lexicon_nl_lmf"/>
    </term>
    <term tid="t_14" lemma="van" type="open">
      <span>
        <target id="w_14"/>
      </span>
    </term>
    <term tid="t_15" lemma="het" type="open">
      <span>
        <target id="w_15"/>
      </span>
    </term>
    <term tid="t_16" lemma="vondelpark" type="open">
      <span>
        <target id="w_16"/>
      </span>
    </term>
    <term tid="t_17" lemma="en" type="open">
      <span>
        <target id="w_17"/>
      </span>
    </term>
    <term tid="t_18" lemma="weg" type="open">
      <span>
        <target id="w_18"/>
      </span>
    </term>
    <term tid="t_19" lemma="van" type="open">
      <span>
        <target id="w_19"/>
      </span>
    </term>
    <term tid="t_20" lemma="de" type="open">
      <span>
        <target id="w_20"/>
      </span>
    </term>
    <term tid="t_21" lemma="stadsdrukte" type="open">
      <span>
        <target id="w_21"/>
      </span>
    </term>
    <term tid="t_22" lemma=".." type="open">
      <span>
        <target id="w_22"/>
      </span>
    </term>
    <term tid="t_23" lemma="de" type="open">
      <span>
        <target id="w_23"/>
      </span>
    </term>
    <term tid="t_24" lemma="regendouche" type="open">
      <span>
        <target id="w_24"/>
      </span>
    </term>
    <term tid="t_25" lemma="was" type="open">
      <span>
        <target id="w_25"/>
      </span>
    </term>
    <term tid="t_26" lemma="heerlijk" type="open" pos="G">
      <span>
        <target id="w_26"/>
      </span>
      <sentiment polarity="positive" resource="VUA_olery_lexicon_nl_lmf"/>
    </term>
    <term tid="t_27" lemma="alleen" type="open">
      <span>
        <target id="w_27"/>
      </span>
    </term>
    <term tid="t_28" lemma="was" type="open">
      <span>
        <target id="w_28"/>
      </span>
    </term>
    <term tid="t_29" lemma="het" type="open">
      <span>
        <target id="w_29"/>
      </span>
    </term>
    <term tid="t_30" lemma="douchescherm" type="open">
      <span>
        <target id="w_30"/>
      </span>
    </term>
    <term tid="t_31" lemma="te" type="open">
      <span>
        <target id="w_31"/>
      </span>
    </term>
    <term tid="t_32" lemma="klein" type="open">
      <span>
        <target id="w_32"/>
      </span>
    </term>
    <term tid="t_33" lemma="zodat" type="open">
      <span>
        <target id="w_33"/>
      </span>
    </term>
    <term tid="t_34" lemma="de" type="open">
      <span>
        <target id="w_34"/>
      </span>
    </term>
    <term tid="t_35" lemma="hele" type="open">
      <span>
        <target id="w_35"/>
      </span>
    </term>
    <term tid="t_36" lemma="badkamer" type="open">
      <span>
        <target id="w_36"/>
      </span>
    </term>
    <term tid="t_37" lemma="nat" type="open" pos="G">
      <span>
        <target id="w_37"/>
      </span>
      <sentiment polarity="negative" resource="VUA_olery_lexicon_nl_lmf"/>
    </term>
    <term tid="t_38" lemma="werd" type="open">
      <span>
        <target id="w_38"/>
      </span>
    </term>
    <term tid="t_39" lemma="." type="open">
      <span>
        <target id="w_39"/>
      </span>
    </term>
  </terms>
  <entities>
    <entity type="ORG" eid="e_1">
      <span>
        <target id="t_5"/>
      </span>
    </entity>
  </entities>
  <properties>
    <property type="bathroom" pid="p_1">
      <span>
        <target id="t_24"/>
      </span>
      <span>
        <target id="t_36"/>
      </span>
      <span>
        <target id="t_37"/>
      </span>
    </property>
    <property type="location" pid="p_2">
      <span>
        <target id="t_2"/>
      </span>
      <span>
        <target id="t_13"/>
      </span>
    </property>
    <property type="room" pid="p_3">
      <span>
        <target id="t_5"/>
      </span>
    </property>
  </properties>
  <opinions>
    <opinion oid="o_1">
      <opinion_target>
        <span>
          <target id="t_7"/>
        </span>
      </opinion_target>
      <opinion_expression polarity="positive" strength="2">
        <span>
          <target id="t_9"/>
          <target id="t_10"/>
        </span>
      </opinion_expression>
    </opinion>
    <opinion oid="o_2">
      <opinion_target>
        <span>
          <target id="t_16"/>
        </span>
      </opinion_target>
      <opinion_expression polarity="positive" strength="1">
        <span>
          <target id="t_13"/>
        </span>
      </opinion_expression>
    </opinion>
    <opinion oid="o_3">
      <opinion_target>
        <span>
          <target id="t_27"/>
        </span>
      </opinion_target>
      <opinion_expression polarity="positive" strength="1">
        <span>
          <target id="t_26"/>
        </span>
      </opinion_expression>
    </opinion>
    <opinion oid="o_4">
      <opinion_target>
        <span>
          <target id="t_36"/>
        </span>
      </opinion_target>
      <opinion_expression polarity="negative" strength="-1">
        <span>
          <target id="t_37"/>
        </span>
      </opinion_expression>
    </opinion>
  </opinions>
</KAF>
