<?xml version='1.0' encoding='UTF-8'?>
<KAF xml:lang="nl">
  <linguisticProcessors layer="text">
    <lp timestamp="2013-01-06T18:33:20CET" version="2.0" name="SentenceTokenizer"/>
  </linguisticProcessors>
  <linguisticProcessors layer="terms">
    <lp timestamp="2013-01-06T18:33:20CET" version="2.0" name="SentenceTokenizer"/>
    <lp timestamp="2013-01-06T18:33:20CET" version="1.0" name="SimplePolarityTagger"/>
  </linguisticProcessors>
  <linguisticProcessor layer="opinions">
    <lp timestamp="2013-01-06T18:33:20CET" version="1.0" name="SimpleOpinionDetector"/>
  </linguisticProcessor>
  <linguisticProcessor layer="properties">
    <lp timestamp="2013-01-06T18:33:20CET" version="1.0" name="SimplePropRecognizer_lookup"/>
  </linguisticProcessor>
  <linguisticProcessor layer="entities">
    <lp timestamp="2013-01-06T18:33:20CET" version="1.0" name="SimpleNER_lookup"/>
  </linguisticProcessor>
  <text>
    <wf wid="w_1" para="1" sent="1">Goed</wf>
    <wf wid="w_2" para="1" sent="1">hotel</wf>
    <wf wid="w_3" para="1" sent="1">,</wf>
    <wf wid="w_4" para="1" sent="1">alleen</wf>
    <wf wid="w_5" para="1" sent="1">het</wf>
    <wf wid="w_6" para="1" sent="1">is</wf>
    <wf wid="w_7" para="1" sent="1">ver</wf>
    <wf wid="w_8" para="1" sent="1">van</wf>
    <wf wid="w_9" para="1" sent="1">het</wf>
    <wf wid="w_10" para="1" sent="1">centrum</wf>
    <wf wid="w_11" para="1" sent="1">vergeleken</wf>
    <wf wid="w_12" para="1" sent="1">met</wf>
    <wf wid="w_13" para="1" sent="1">andere</wf>
    <wf wid="w_14" para="1" sent="1">hotels</wf>
    <wf wid="w_15" para="1" sent="1">.</wf>
    <wf wid="w_16" para="1" sent="2">Kamers</wf>
    <wf wid="w_17" para="1" sent="2">prima</wf>
    <wf wid="w_18" para="1" sent="2">,</wf>
    <wf wid="w_19" para="1" sent="2">alleen</wf>
    <wf wid="w_20" para="1" sent="2">onze</wf>
    <wf wid="w_21" para="1" sent="2">kamer</wf>
    <wf wid="w_22" para="1" sent="2">was</wf>
    <wf wid="w_23" para="1" sent="2">nog</wf>
    <wf wid="w_24" para="1" sent="2">niet</wf>
    <wf wid="w_25" para="1" sent="2">klaar</wf>
    <wf wid="w_26" para="1" sent="2">toen</wf>
    <wf wid="w_27" para="1" sent="2">we</wf>
    <wf wid="w_28" para="1" sent="2">midden</wf>
    <wf wid="w_29" para="1" sent="2">in</wf>
    <wf wid="w_30" para="1" sent="2">de</wf>
    <wf wid="w_31" para="1" sent="2">nacht</wf>
    <wf wid="w_32" para="1" sent="2">aankwamen</wf>
    <wf wid="w_33" para="1" sent="2">.</wf>
    <wf wid="w_34" para="1" sent="3">Halfpension</wf>
    <wf wid="w_35" para="1" sent="3">beviel</wf>
    <wf wid="w_36" para="1" sent="3">heel</wf>
    <wf wid="w_37" para="1" sent="3">goed</wf>
    <wf wid="w_38" para="1" sent="3">,</wf>
    <wf wid="w_39" para="1" sent="3">een</wf>
    <wf wid="w_40" para="1" sent="3">echte</wf>
    <wf wid="w_41" para="1" sent="3">aanrader</wf>
    <wf wid="w_42" para="1" sent="3">.</wf>
    <wf wid="w_43" para="1" sent="4">Heel</wf>
    <wf wid="w_44" para="1" sent="4">veel</wf>
    <wf wid="w_45" para="1" sent="4">keuze</wf>
    <wf wid="w_46" para="1" sent="4">bij</wf>
    <wf wid="w_47" para="1" sent="4">ontbijt</wf>
    <wf wid="w_48" para="1" sent="4">en</wf>
    <wf wid="w_49" para="1" sent="4">diner</wf>
    <wf wid="w_50" para="1" sent="4">en</wf>
    <wf wid="w_51" para="1" sent="4">heerlijke</wf>
    <wf wid="w_52" para="1" sent="4">desert</wf>
    <wf wid="w_53" para="1" sent="4">bar</wf>
    <wf wid="w_54" para="1" sent="4">.</wf>
    <wf wid="w_55" para="1" sent="5">Er</wf>
    <wf wid="w_56" para="1" sent="5">is</wf>
    <wf wid="w_57" para="1" sent="5">iets</wf>
    <wf wid="w_58" para="1" sent="5">voor</wf>
    <wf wid="w_59" para="1" sent="5">iedereen</wf>
    <wf wid="w_60" para="1" sent="5">.</wf>
    <wf wid="w_61" para="1" sent="6">Elke</wf>
    <wf wid="w_62" para="1" sent="6">avond</wf>
    <wf wid="w_63" para="1" sent="6">is</wf>
    <wf wid="w_64" para="1" sent="6">er</wf>
    <wf wid="w_65" para="1" sent="6">een</wf>
    <wf wid="w_66" para="1" sent="6">ander</wf>
    <wf wid="w_67" para="1" sent="6">eetthema</wf>
    <wf wid="w_68" para="1" sent="6">.</wf>
    <wf wid="w_69" para="1" sent="7">Italiaans</wf>
    <wf wid="w_70" para="1" sent="7">,</wf>
    <wf wid="w_71" para="1" sent="7">Frans</wf>
    <wf wid="w_72" para="1" sent="7">,</wf>
    <wf wid="w_73" para="1" sent="7">Indiaas</wf>
    <wf wid="w_74" para="1" sent="7">en</wf>
    <wf wid="w_75" para="1" sent="7">op</wf>
    <wf wid="w_76" para="1" sent="7">vrijdag</wf>
    <wf wid="w_77" para="1" sent="7">is</wf>
    <wf wid="w_78" para="1" sent="7">er</wf>
    <wf wid="w_79" para="1" sent="7">een</wf>
    <wf wid="w_80" para="1" sent="7">GEWELDIGE</wf>
    <wf wid="w_81" para="1" sent="7">visbarbecue</wf>
    <wf wid="w_82" para="1" sent="7">aan</wf>
    <wf wid="w_83" para="1" sent="7">het</wf>
    <wf wid="w_84" para="1" sent="7">zwembad</wf>
    <wf wid="w_85" para="1" sent="7">.</wf>
    <wf wid="w_86" para="1" sent="8">Ontbijt</wf>
    <wf wid="w_87" para="1" sent="8">is</wf>
    <wf wid="w_88" para="1" sent="8">ook</wf>
    <wf wid="w_89" para="1" sent="8">goed</wf>
    <wf wid="w_90" para="1" sent="8">en</wf>
    <wf wid="w_91" para="1" sent="8">als</wf>
    <wf wid="w_92" para="1" sent="8">je</wf>
    <wf wid="w_93" para="1" sent="8">'s</wf>
    <wf wid="w_94" para="1" sent="8">avonds</wf>
    <wf wid="w_95" para="1" sent="8">buiten</wf>
    <wf wid="w_96" para="1" sent="8">de</wf>
    <wf wid="w_97" para="1" sent="8">deur</wf>
    <wf wid="w_98" para="1" sent="8">wil</wf>
    <wf wid="w_99" para="1" sent="8">eten</wf>
    <wf wid="w_100" para="1" sent="8">kun</wf>
    <wf wid="w_101" para="1" sent="8">je</wf>
    <wf wid="w_102" para="1" sent="8">ook</wf>
    <wf wid="w_103" para="1" sent="8">in</wf>
    <wf wid="w_104" para="1" sent="8">plaats</wf>
    <wf wid="w_105" para="1" sent="8">van</wf>
    <wf wid="w_106" para="1" sent="8">een</wf>
    <wf wid="w_107" para="1" sent="8">diner</wf>
    <wf wid="w_108" para="1" sent="8">,</wf>
    <wf wid="w_109" para="1" sent="8">de</wf>
    <wf wid="w_110" para="1" sent="8">lunch</wf>
    <wf wid="w_111" para="1" sent="8">kiezen</wf>
    <wf wid="w_112" para="1" sent="8">.</wf>
    <wf wid="w_113" para="1" sent="9">Buiten</wf>
    <wf wid="w_114" para="1" sent="9">is</wf>
    <wf wid="w_115" para="1" sent="9">er</wf>
    <wf wid="w_116" para="1" sent="9">een</wf>
    <wf wid="w_117" para="1" sent="9">echt</wf>
    <wf wid="w_118" para="1" sent="9">resort</wf>
    <wf wid="w_119" para="1" sent="9">met</wf>
    <wf wid="w_120" para="1" sent="9">vele</wf>
    <wf wid="w_121" para="1" sent="9">palmbomen</wf>
    <wf wid="w_122" para="1" sent="9">en</wf>
    <wf wid="w_123" para="1" sent="9">vijvertjes</wf>
    <wf wid="w_124" para="1" sent="9">.</wf>
    <wf wid="w_125" para="1" sent="10">Mooi</wf>
    <wf wid="w_126" para="1" sent="10">zwembad</wf>
    <wf wid="w_127" para="1" sent="10">met</wf>
    <wf wid="w_128" para="1" sent="10">bar</wf>
    <wf wid="w_129" para="1" sent="10">en</wf>
    <wf wid="w_130" para="1" sent="10">tropische</wf>
    <wf wid="w_131" para="1" sent="10">bar</wf>
    <wf wid="w_132" para="1" sent="10">aan</wf>
    <wf wid="w_133" para="1" sent="10">het</wf>
    <wf wid="w_134" para="1" sent="10">strand</wf>
    <wf wid="w_135" para="1" sent="10">.</wf>
    <wf wid="w_136" para="1" sent="11">De</wf>
    <wf wid="w_137" para="1" sent="11">conciërge</wf>
    <wf wid="w_138" para="1" sent="11">is</wf>
    <wf wid="w_139" para="1" sent="11">heel</wf>
    <wf wid="w_140" para="1" sent="11">handig</wf>
    <wf wid="w_141" para="1" sent="11">,</wf>
    <wf wid="w_142" para="1" sent="11">reserveren</wf>
    <wf wid="w_143" para="1" sent="11">voor</wf>
    <wf wid="w_144" para="1" sent="11">bijv</wf>
    <wf wid="w_145" para="1" sent="11">.</wf>
    <wf wid="w_146" para="1" sent="12">een</wf>
    <wf wid="w_147" para="1" sent="12">dhowcruise</wf>
    <wf wid="w_148" para="1" sent="12">doen</wf>
    <wf wid="w_149" para="1" sent="12">ze</wf>
    <wf wid="w_150" para="1" sent="12">zo</wf>
    <wf wid="w_151" para="1" sent="12">.</wf>
    <wf wid="w_152" para="1" sent="13">Taxi</wf>
    <wf wid="w_153" para="1" sent="13">'s</wf>
    <wf wid="w_154" para="1" sent="13">staan</wf>
    <wf wid="w_155" para="1" sent="13">voor</wf>
    <wf wid="w_156" para="1" sent="13">de</wf>
    <wf wid="w_157" para="1" sent="13">deur</wf>
    <wf wid="w_158" para="1" sent="13">en</wf>
    <wf wid="w_159" para="1" sent="13">voor</wf>
    <wf wid="w_160" para="1" sent="13">10</wf>
    <wf wid="w_161" para="1" sent="13">Euro</wf>
    <wf wid="w_162" para="1" sent="13">ben</wf>
    <wf wid="w_163" para="1" sent="13">je</wf>
    <wf wid="w_164" para="1" sent="13">in</wf>
    <wf wid="w_165" para="1" sent="13">het</wf>
    <wf wid="w_166" para="1" sent="13">centrum</wf>
    <wf wid="w_167" para="1" sent="13">.</wf>
    <wf wid="w_168" para="1" sent="14">Personeel</wf>
    <wf wid="w_169" para="1" sent="14">heel</wf>
    <wf wid="w_170" para="1" sent="14">vriendelijk</wf>
    <wf wid="w_171" para="1" sent="14">en</wf>
    <wf wid="w_172" para="1" sent="14">helpen</wf>
    <wf wid="w_173" para="1" sent="14">met</wf>
    <wf wid="w_174" para="1" sent="14">alles</wf>
    <wf wid="w_175" para="1" sent="14">.</wf>
    <wf wid="w_176" para="1" sent="15">Ik</wf>
    <wf wid="w_177" para="1" sent="15">ga</wf>
    <wf wid="w_178" para="1" sent="15">nog</wf>
    <wf wid="w_179" para="1" sent="15">een</wf>
    <wf wid="w_180" para="1" sent="15">keer</wf>
    <wf wid="w_181" para="1" sent="15">terug</wf>
    <wf wid="w_182" para="1" sent="15">naar</wf>
    <wf wid="w_183" para="1" sent="15">Dubai</wf>
    <wf wid="w_184" para="1" sent="15">en</wf>
    <wf wid="w_185" para="1" sent="15">dan</wf>
    <wf wid="w_186" para="1" sent="15">zeker</wf>
    <wf wid="w_187" para="1" sent="15">naar</wf>
    <wf wid="w_188" para="1" sent="15">Sheraton</wf>
  </text>
  <terms>
    <term tid="t_1" lemma="goed" type="open" pos="G">
      <span>
        <target id="w_1"/>
      </span>
      <sentiment polarity="positive" resource="VUA_olery_lexicon_nl_lmf"/>
    </term>
    <term tid="t_2" lemma="hotel" type="open">
      <span>
        <target id="w_2"/>
      </span>
    </term>
    <term tid="t_3" lemma="," type="open">
      <span>
        <target id="w_3"/>
      </span>
    </term>
    <term tid="t_4" lemma="alleen" type="open">
      <span>
        <target id="w_4"/>
      </span>
    </term>
    <term tid="t_5" lemma="het" type="open">
      <span>
        <target id="w_5"/>
      </span>
    </term>
    <term tid="t_6" lemma="is" type="open">
      <span>
        <target id="w_6"/>
      </span>
    </term>
    <term tid="t_7" lemma="ver" type="open" pos="G">
      <span>
        <target id="w_7"/>
      </span>
      <sentiment polarity="negative" resource="VUA_olery_lexicon_nl_lmf"/>
    </term>
    <term tid="t_8" lemma="van" type="open">
      <span>
        <target id="w_8"/>
      </span>
    </term>
    <term tid="t_9" lemma="het" type="open">
      <span>
        <target id="w_9"/>
      </span>
    </term>
    <term tid="t_10" lemma="centrum" type="open">
      <span>
        <target id="w_10"/>
      </span>
    </term>
    <term tid="t_11" lemma="vergeleken" type="open">
      <span>
        <target id="w_11"/>
      </span>
    </term>
    <term tid="t_12" lemma="met" type="open">
      <span>
        <target id="w_12"/>
      </span>
    </term>
    <term tid="t_13" lemma="andere" type="open">
      <span>
        <target id="w_13"/>
      </span>
    </term>
    <term tid="t_14" lemma="hotels" type="open">
      <span>
        <target id="w_14"/>
      </span>
    </term>
    <term tid="t_15" lemma="." type="open">
      <span>
        <target id="w_15"/>
      </span>
    </term>
    <term tid="t_16" lemma="kamers" type="open">
      <span>
        <target id="w_16"/>
      </span>
    </term>
    <term tid="t_17" lemma="prima" type="open" pos="G">
      <span>
        <target id="w_17"/>
      </span>
      <sentiment polarity="positive" resource="VUA_olery_lexicon_nl_lmf"/>
    </term>
    <term tid="t_18" lemma="," type="open">
      <span>
        <target id="w_18"/>
      </span>
    </term>
    <term tid="t_19" lemma="alleen" type="open">
      <span>
        <target id="w_19"/>
      </span>
    </term>
    <term tid="t_20" lemma="onze" type="open">
      <span>
        <target id="w_20"/>
      </span>
    </term>
    <term tid="t_21" lemma="kamer" type="open">
      <span>
        <target id="w_21"/>
      </span>
    </term>
    <term tid="t_22" lemma="was" type="open">
      <span>
        <target id="w_22"/>
      </span>
    </term>
    <term tid="t_23" lemma="nog" type="open">
      <span>
        <target id="w_23"/>
      </span>
    </term>
    <term tid="t_24" lemma="niet" type="open">
      <span>
        <target id="w_24"/>
      </span>
      <sentiment sentiment_modifier="shifter" resource="VUA_olery_lexicon_nl_lmf"/>
    </term>
    <term tid="t_25" lemma="klaar" type="open">
      <span>
        <target id="w_25"/>
      </span>
    </term>
    <term tid="t_26" lemma="toen" type="open">
      <span>
        <target id="w_26"/>
      </span>
    </term>
    <term tid="t_27" lemma="we" type="open">
      <span>
        <target id="w_27"/>
      </span>
    </term>
    <term tid="t_28" lemma="midden" type="open">
      <span>
        <target id="w_28"/>
      </span>
    </term>
    <term tid="t_29" lemma="in" type="open">
      <span>
        <target id="w_29"/>
      </span>
    </term>
    <term tid="t_30" lemma="de" type="open">
      <span>
        <target id="w_30"/>
      </span>
    </term>
    <term tid="t_31" lemma="nacht" type="open">
      <span>
        <target id="w_31"/>
      </span>
    </term>
    <term tid="t_32" lemma="aankwamen" type="open">
      <span>
        <target id="w_32"/>
      </span>
    </term>
    <term tid="t_33" lemma="." type="open">
      <span>
        <target id="w_33"/>
      </span>
    </term>
    <term tid="t_34" lemma="halfpension" type="open">
      <span>
        <target id="w_34"/>
      </span>
    </term>
    <term tid="t_35" lemma="beviel" type="open">
      <span>
        <target id="w_35"/>
      </span>
    </term>
    <term tid="t_36" lemma="heel" type="open">
      <span>
        <target id="w_36"/>
      </span>
      <sentiment sentiment_modifier="intensifier" resource="VUA_olery_lexicon_nl_lmf"/>
    </term>
    <term tid="t_37" lemma="goed" type="open" pos="G">
      <span>
        <target id="w_37"/>
      </span>
      <sentiment polarity="positive" resource="VUA_olery_lexicon_nl_lmf"/>
    </term>
    <term tid="t_38" lemma="," type="open">
      <span>
        <target id="w_38"/>
      </span>
    </term>
    <term tid="t_39" lemma="een" type="open">
      <span>
        <target id="w_39"/>
      </span>
    </term>
    <term tid="t_40" lemma="echte" type="open">
      <span>
        <target id="w_40"/>
      </span>
    </term>
    <term tid="t_41" lemma="aanrader" type="open" pos="N">
      <span>
        <target id="w_41"/>
      </span>
      <sentiment polarity="positive" resource="VUA_olery_lexicon_nl_lmf"/>
    </term>
    <term tid="t_42" lemma="." type="open">
      <span>
        <target id="w_42"/>
      </span>
    </term>
    <term tid="t_43" lemma="heel" type="open">
      <span>
        <target id="w_43"/>
      </span>
      <sentiment sentiment_modifier="intensifier" resource="VUA_olery_lexicon_nl_lmf"/>
    </term>
    <term tid="t_44" lemma="veel" type="open">
      <span>
        <target id="w_44"/>
      </span>
    </term>
    <term tid="t_45" lemma="keuze" type="open">
      <span>
        <target id="w_45"/>
      </span>
    </term>
    <term tid="t_46" lemma="bij" type="open">
      <span>
        <target id="w_46"/>
      </span>
    </term>
    <term tid="t_47" lemma="ontbijt" type="open">
      <span>
        <target id="w_47"/>
      </span>
    </term>
    <term tid="t_48" lemma="en" type="open">
      <span>
        <target id="w_48"/>
      </span>
    </term>
    <term tid="t_49" lemma="diner" type="open">
      <span>
        <target id="w_49"/>
      </span>
    </term>
    <term tid="t_50" lemma="en" type="open">
      <span>
        <target id="w_50"/>
      </span>
    </term>
    <term tid="t_51" lemma="heerlijke" type="open">
      <span>
        <target id="w_51"/>
      </span>
    </term>
    <term tid="t_52" lemma="desert" type="open">
      <span>
        <target id="w_52"/>
      </span>
    </term>
    <term tid="t_53" lemma="bar" type="open">
      <span>
        <target id="w_53"/>
      </span>
    </term>
    <term tid="t_54" lemma="." type="open">
      <span>
        <target id="w_54"/>
      </span>
    </term>
    <term tid="t_55" lemma="er" type="open">
      <span>
        <target id="w_55"/>
      </span>
    </term>
    <term tid="t_56" lemma="is" type="open">
      <span>
        <target id="w_56"/>
      </span>
    </term>
    <term tid="t_57" lemma="iets" type="open">
      <span>
        <target id="w_57"/>
      </span>
    </term>
    <term tid="t_58" lemma="voor" type="open">
      <span>
        <target id="w_58"/>
      </span>
    </term>
    <term tid="t_59" lemma="iedereen" type="open">
      <span>
        <target id="w_59"/>
      </span>
    </term>
    <term tid="t_60" lemma="." type="open">
      <span>
        <target id="w_60"/>
      </span>
    </term>
    <term tid="t_61" lemma="elke" type="open">
      <span>
        <target id="w_61"/>
      </span>
    </term>
    <term tid="t_62" lemma="avond" type="open">
      <span>
        <target id="w_62"/>
      </span>
    </term>
    <term tid="t_63" lemma="is" type="open">
      <span>
        <target id="w_63"/>
      </span>
    </term>
    <term tid="t_64" lemma="er" type="open">
      <span>
        <target id="w_64"/>
      </span>
    </term>
    <term tid="t_65" lemma="een" type="open">
      <span>
        <target id="w_65"/>
      </span>
    </term>
    <term tid="t_66" lemma="ander" type="open">
      <span>
        <target id="w_66"/>
      </span>
    </term>
    <term tid="t_67" lemma="eetthema" type="open">
      <span>
        <target id="w_67"/>
      </span>
    </term>
    <term tid="t_68" lemma="." type="open">
      <span>
        <target id="w_68"/>
      </span>
    </term>
    <term tid="t_69" lemma="italiaans" type="open">
      <span>
        <target id="w_69"/>
      </span>
    </term>
    <term tid="t_70" lemma="," type="open">
      <span>
        <target id="w_70"/>
      </span>
    </term>
    <term tid="t_71" lemma="frans" type="open">
      <span>
        <target id="w_71"/>
      </span>
    </term>
    <term tid="t_72" lemma="," type="open">
      <span>
        <target id="w_72"/>
      </span>
    </term>
    <term tid="t_73" lemma="indiaas" type="open">
      <span>
        <target id="w_73"/>
      </span>
    </term>
    <term tid="t_74" lemma="en" type="open">
      <span>
        <target id="w_74"/>
      </span>
    </term>
    <term tid="t_75" lemma="op" type="open">
      <span>
        <target id="w_75"/>
      </span>
    </term>
    <term tid="t_76" lemma="vrijdag" type="open">
      <span>
        <target id="w_76"/>
      </span>
    </term>
    <term tid="t_77" lemma="is" type="open">
      <span>
        <target id="w_77"/>
      </span>
    </term>
    <term tid="t_78" lemma="er" type="open">
      <span>
        <target id="w_78"/>
      </span>
    </term>
    <term tid="t_79" lemma="een" type="open">
      <span>
        <target id="w_79"/>
      </span>
    </term>
    <term tid="t_80" lemma="geweldige" type="open">
      <span>
        <target id="w_80"/>
      </span>
    </term>
    <term tid="t_81" lemma="visbarbecue" type="open">
      <span>
        <target id="w_81"/>
      </span>
    </term>
    <term tid="t_82" lemma="aan" type="open">
      <span>
        <target id="w_82"/>
      </span>
    </term>
    <term tid="t_83" lemma="het" type="open">
      <span>
        <target id="w_83"/>
      </span>
    </term>
    <term tid="t_84" lemma="zwembad" type="open">
      <span>
        <target id="w_84"/>
      </span>
    </term>
    <term tid="t_85" lemma="." type="open">
      <span>
        <target id="w_85"/>
      </span>
    </term>
    <term tid="t_86" lemma="ontbijt" type="open">
      <span>
        <target id="w_86"/>
      </span>
    </term>
    <term tid="t_87" lemma="is" type="open">
      <span>
        <target id="w_87"/>
      </span>
    </term>
    <term tid="t_88" lemma="ook" type="open">
      <span>
        <target id="w_88"/>
      </span>
    </term>
    <term tid="t_89" lemma="goed" type="open" pos="G">
      <span>
        <target id="w_89"/>
      </span>
      <sentiment polarity="positive" resource="VUA_olery_lexicon_nl_lmf"/>
    </term>
    <term tid="t_90" lemma="en" type="open">
      <span>
        <target id="w_90"/>
      </span>
    </term>
    <term tid="t_91" lemma="als" type="open">
      <span>
        <target id="w_91"/>
      </span>
    </term>
    <term tid="t_92" lemma="je" type="open">
      <span>
        <target id="w_92"/>
      </span>
    </term>
    <term tid="t_93" lemma="'s" type="open">
      <span>
        <target id="w_93"/>
      </span>
    </term>
    <term tid="t_94" lemma="avonds" type="open">
      <span>
        <target id="w_94"/>
      </span>
    </term>
    <term tid="t_95" lemma="buiten" type="open">
      <span>
        <target id="w_95"/>
      </span>
    </term>
    <term tid="t_96" lemma="de" type="open">
      <span>
        <target id="w_96"/>
      </span>
    </term>
    <term tid="t_97" lemma="deur" type="open">
      <span>
        <target id="w_97"/>
      </span>
    </term>
    <term tid="t_98" lemma="wil" type="open">
      <span>
        <target id="w_98"/>
      </span>
    </term>
    <term tid="t_99" lemma="eten" type="open">
      <span>
        <target id="w_99"/>
      </span>
    </term>
    <term tid="t_100" lemma="kun" type="open">
      <span>
        <target id="w_100"/>
      </span>
    </term>
    <term tid="t_101" lemma="je" type="open">
      <span>
        <target id="w_101"/>
      </span>
    </term>
    <term tid="t_102" lemma="ook" type="open">
      <span>
        <target id="w_102"/>
      </span>
    </term>
    <term tid="t_103" lemma="in" type="open">
      <span>
        <target id="w_103"/>
      </span>
    </term>
    <term tid="t_104" lemma="plaats" type="open">
      <span>
        <target id="w_104"/>
      </span>
    </term>
    <term tid="t_105" lemma="van" type="open">
      <span>
        <target id="w_105"/>
      </span>
    </term>
    <term tid="t_106" lemma="een" type="open">
      <span>
        <target id="w_106"/>
      </span>
    </term>
    <term tid="t_107" lemma="diner" type="open">
      <span>
        <target id="w_107"/>
      </span>
    </term>
    <term tid="t_108" lemma="," type="open">
      <span>
        <target id="w_108"/>
      </span>
    </term>
    <term tid="t_109" lemma="de" type="open">
      <span>
        <target id="w_109"/>
      </span>
    </term>
    <term tid="t_110" lemma="lunch" type="open">
      <span>
        <target id="w_110"/>
      </span>
    </term>
    <term tid="t_111" lemma="kiezen" type="open">
      <span>
        <target id="w_111"/>
      </span>
    </term>
    <term tid="t_112" lemma="." type="open">
      <span>
        <target id="w_112"/>
      </span>
    </term>
    <term tid="t_113" lemma="buiten" type="open">
      <span>
        <target id="w_113"/>
      </span>
    </term>
    <term tid="t_114" lemma="is" type="open">
      <span>
        <target id="w_114"/>
      </span>
    </term>
    <term tid="t_115" lemma="er" type="open">
      <span>
        <target id="w_115"/>
      </span>
    </term>
    <term tid="t_116" lemma="een" type="open">
      <span>
        <target id="w_116"/>
      </span>
    </term>
    <term tid="t_117" lemma="echt" type="open">
      <span>
        <target id="w_117"/>
      </span>
      <sentiment sentiment_modifier="intensifier" resource="VUA_olery_lexicon_nl_lmf"/>
    </term>
    <term tid="t_118" lemma="resort" type="open">
      <span>
        <target id="w_118"/>
      </span>
    </term>
    <term tid="t_119" lemma="met" type="open">
      <span>
        <target id="w_119"/>
      </span>
    </term>
    <term tid="t_120" lemma="vele" type="open">
      <span>
        <target id="w_120"/>
      </span>
    </term>
    <term tid="t_121" lemma="palmbomen" type="open">
      <span>
        <target id="w_121"/>
      </span>
    </term>
    <term tid="t_122" lemma="en" type="open">
      <span>
        <target id="w_122"/>
      </span>
    </term>
    <term tid="t_123" lemma="vijvertjes" type="open">
      <span>
        <target id="w_123"/>
      </span>
    </term>
    <term tid="t_124" lemma="." type="open">
      <span>
        <target id="w_124"/>
      </span>
    </term>
    <term tid="t_125" lemma="mooi" type="open" pos="G">
      <span>
        <target id="w_125"/>
      </span>
      <sentiment polarity="positive" resource="VUA_olery_lexicon_nl_lmf"/>
    </term>
    <term tid="t_126" lemma="zwembad" type="open">
      <span>
        <target id="w_126"/>
      </span>
    </term>
    <term tid="t_127" lemma="met" type="open">
      <span>
        <target id="w_127"/>
      </span>
    </term>
    <term tid="t_128" lemma="bar" type="open">
      <span>
        <target id="w_128"/>
      </span>
    </term>
    <term tid="t_129" lemma="en" type="open">
      <span>
        <target id="w_129"/>
      </span>
    </term>
    <term tid="t_130" lemma="tropische" type="open">
      <span>
        <target id="w_130"/>
      </span>
    </term>
    <term tid="t_131" lemma="bar" type="open">
      <span>
        <target id="w_131"/>
      </span>
    </term>
    <term tid="t_132" lemma="aan" type="open">
      <span>
        <target id="w_132"/>
      </span>
    </term>
    <term tid="t_133" lemma="het" type="open">
      <span>
        <target id="w_133"/>
      </span>
    </term>
    <term tid="t_134" lemma="strand" type="open">
      <span>
        <target id="w_134"/>
      </span>
    </term>
    <term tid="t_135" lemma="." type="open">
      <span>
        <target id="w_135"/>
      </span>
    </term>
    <term tid="t_136" lemma="de" type="open">
      <span>
        <target id="w_136"/>
      </span>
    </term>
    <term tid="t_137" lemma="conciërge" type="open">
      <span>
        <target id="w_137"/>
      </span>
    </term>
    <term tid="t_138" lemma="is" type="open">
      <span>
        <target id="w_138"/>
      </span>
    </term>
    <term tid="t_139" lemma="heel" type="open">
      <span>
        <target id="w_139"/>
      </span>
      <sentiment sentiment_modifier="intensifier" resource="VUA_olery_lexicon_nl_lmf"/>
    </term>
    <term tid="t_140" lemma="handig" type="open" pos="G">
      <span>
        <target id="w_140"/>
      </span>
      <sentiment polarity="positive" resource="VUA_olery_lexicon_nl_lmf"/>
    </term>
    <term tid="t_141" lemma="," type="open">
      <span>
        <target id="w_141"/>
      </span>
    </term>
    <term tid="t_142" lemma="reserveren" type="open">
      <span>
        <target id="w_142"/>
      </span>
    </term>
    <term tid="t_143" lemma="voor" type="open">
      <span>
        <target id="w_143"/>
      </span>
    </term>
    <term tid="t_144" lemma="bijv" type="open">
      <span>
        <target id="w_144"/>
      </span>
    </term>
    <term tid="t_145" lemma="." type="open">
      <span>
        <target id="w_145"/>
      </span>
    </term>
    <term tid="t_146" lemma="een" type="open">
      <span>
        <target id="w_146"/>
      </span>
    </term>
    <term tid="t_147" lemma="dhowcruise" type="open">
      <span>
        <target id="w_147"/>
      </span>
    </term>
    <term tid="t_148" lemma="doen" type="open">
      <span>
        <target id="w_148"/>
      </span>
    </term>
    <term tid="t_149" lemma="ze" type="open">
      <span>
        <target id="w_149"/>
      </span>
    </term>
    <term tid="t_150" lemma="zo" type="open">
      <span>
        <target id="w_150"/>
      </span>
    </term>
    <term tid="t_151" lemma="." type="open">
      <span>
        <target id="w_151"/>
      </span>
    </term>
    <term tid="t_152" lemma="taxi" type="open">
      <span>
        <target id="w_152"/>
      </span>
    </term>
    <term tid="t_153" lemma="'s" type="open">
      <span>
        <target id="w_153"/>
      </span>
    </term>
    <term tid="t_154" lemma="staan" type="open">
      <span>
        <target id="w_154"/>
      </span>
    </term>
    <term tid="t_155" lemma="voor" type="open">
      <span>
        <target id="w_155"/>
      </span>
    </term>
    <term tid="t_156" lemma="de" type="open">
      <span>
        <target id="w_156"/>
      </span>
    </term>
    <term tid="t_157" lemma="deur" type="open">
      <span>
        <target id="w_157"/>
      </span>
    </term>
    <term tid="t_158" lemma="en" type="open">
      <span>
        <target id="w_158"/>
      </span>
    </term>
    <term tid="t_159" lemma="voor" type="open">
      <span>
        <target id="w_159"/>
      </span>
    </term>
    <term tid="t_160" lemma="10" type="open">
      <span>
        <target id="w_160"/>
      </span>
    </term>
    <term tid="t_161" lemma="euro" type="open">
      <span>
        <target id="w_161"/>
      </span>
    </term>
    <term tid="t_162" lemma="ben" type="open">
      <span>
        <target id="w_162"/>
      </span>
    </term>
    <term tid="t_163" lemma="je" type="open">
      <span>
        <target id="w_163"/>
      </span>
    </term>
    <term tid="t_164" lemma="in" type="open">
      <span>
        <target id="w_164"/>
      </span>
    </term>
    <term tid="t_165" lemma="het" type="open">
      <span>
        <target id="w_165"/>
      </span>
    </term>
    <term tid="t_166" lemma="centrum" type="open">
      <span>
        <target id="w_166"/>
      </span>
    </term>
    <term tid="t_167" lemma="." type="open">
      <span>
        <target id="w_167"/>
      </span>
    </term>
    <term tid="t_168" lemma="personeel" type="open">
      <span>
        <target id="w_168"/>
      </span>
    </term>
    <term tid="t_169" lemma="heel" type="open">
      <span>
        <target id="w_169"/>
      </span>
      <sentiment sentiment_modifier="intensifier" resource="VUA_olery_lexicon_nl_lmf"/>
    </term>
    <term tid="t_170" lemma="vriendelijk" type="open" pos="G">
      <span>
        <target id="w_170"/>
      </span>
      <sentiment polarity="positive" resource="VUA_olery_lexicon_nl_lmf"/>
    </term>
    <term tid="t_171" lemma="en" type="open">
      <span>
        <target id="w_171"/>
      </span>
    </term>
    <term tid="t_172" lemma="helpen" type="open" pos="V">
      <span>
        <target id="w_172"/>
      </span>
      <sentiment polarity="positive" resource="VUA_olery_lexicon_nl_lmf"/>
    </term>
    <term tid="t_173" lemma="met" type="open">
      <span>
        <target id="w_173"/>
      </span>
    </term>
    <term tid="t_174" lemma="alles" type="open">
      <span>
        <target id="w_174"/>
      </span>
    </term>
    <term tid="t_175" lemma="." type="open">
      <span>
        <target id="w_175"/>
      </span>
    </term>
    <term tid="t_176" lemma="ik" type="open">
      <span>
        <target id="w_176"/>
      </span>
    </term>
    <term tid="t_177" lemma="ga" type="open">
      <span>
        <target id="w_177"/>
      </span>
    </term>
    <term tid="t_178" lemma="nog" type="open">
      <span>
        <target id="w_178"/>
      </span>
    </term>
    <term tid="t_179" lemma="een" type="open">
      <span>
        <target id="w_179"/>
      </span>
    </term>
    <term tid="t_180" lemma="keer" type="open">
      <span>
        <target id="w_180"/>
      </span>
    </term>
    <term tid="t_181" lemma="terug" type="open">
      <span>
        <target id="w_181"/>
      </span>
    </term>
    <term tid="t_182" lemma="naar" type="open" pos="G">
      <span>
        <target id="w_182"/>
      </span>
      <sentiment polarity="negative" resource="VUA_olery_lexicon_nl_lmf"/>
    </term>
    <term tid="t_183" lemma="dubai" type="open">
      <span>
        <target id="w_183"/>
      </span>
    </term>
    <term tid="t_184" lemma="en" type="open">
      <span>
        <target id="w_184"/>
      </span>
    </term>
    <term tid="t_185" lemma="dan" type="open">
      <span>
        <target id="w_185"/>
      </span>
    </term>
    <term tid="t_186" lemma="zeker" type="open">
      <span>
        <target id="w_186"/>
      </span>
    </term>
    <term tid="t_187" lemma="naar" type="open" pos="G">
      <span>
        <target id="w_187"/>
      </span>
      <sentiment polarity="negative" resource="VUA_olery_lexicon_nl_lmf"/>
    </term>
    <term tid="t_188" lemma="sheraton" type="open">
      <span>
        <target id="w_188"/>
      </span>
    </term>
  </terms>
  <entities>
    <entity type="PER" eid="e_1">
      <span>
        <target id="t_98"/>
      </span>
    </entity>
    <entity type="MISC" eid="e_2">
      <span>
        <target id="t_69"/>
      </span>
    </entity>
    <entity type="PER" eid="e_3">
      <span>
        <target id="t_17"/>
      </span>
    </entity>
    <entity type="ORG" eid="e_4">
      <span>
        <target id="t_53"/>
      </span>
      <span>
        <target id="t_128"/>
      </span>
      <span>
        <target id="t_131"/>
      </span>
    </entity>
    <entity type="ORG" eid="e_5">
      <span>
        <target id="t_21"/>
      </span>
    </entity>
    <entity type="MISC" eid="e_6">
      <span>
        <target id="t_71"/>
      </span>
    </entity>
    <entity type="PER" eid="e_7">
      <span>
        <target id="t_27"/>
      </span>
    </entity>
    <entity type="PER" eid="e_8">
      <span>
        <target id="t_100"/>
      </span>
    </entity>
  </entities>
  <properties>
    <property type="value_for_money" pid="p_1">
      <span>
        <target id="t_161"/>
      </span>
    </property>
    <property type="room" pid="p_2">
      <span>
        <target id="t_21"/>
      </span>
    </property>
    <property type="restaurant" pid="p_3">
      <span>
        <target id="t_47"/>
      </span>
      <span>
        <target id="t_49"/>
      </span>
      <span>
        <target id="t_86"/>
      </span>
      <span>
        <target id="t_99"/>
      </span>
      <span>
        <target id="t_107"/>
      </span>
      <span>
        <target id="t_110"/>
      </span>
    </property>
    <property type="facilities" pid="p_4">
      <span>
        <target id="t_34"/>
      </span>
      <span>
        <target id="t_53"/>
      </span>
      <span>
        <target id="t_118"/>
      </span>
      <span>
        <target id="t_128"/>
      </span>
      <span>
        <target id="t_131"/>
      </span>
      <span>
        <target id="t_134"/>
      </span>
      <span>
        <target id="t_152"/>
      </span>
    </property>
    <property type="swimming_pool" pid="p_5">
      <span>
        <target id="t_84"/>
      </span>
      <span>
        <target id="t_126"/>
      </span>
    </property>
    <property type="location" pid="p_6">
      <span>
        <target id="t_7"/>
      </span>
      <span>
        <target id="t_10"/>
      </span>
      <span>
        <target id="t_166"/>
      </span>
    </property>
    <property type="staff" pid="p_7">
      <span>
        <target id="t_142"/>
      </span>
      <span>
        <target id="t_168"/>
      </span>
      <span>
        <target id="t_170"/>
      </span>
      <span>
        <target id="t_172"/>
      </span>
    </property>
  </properties>
  <opinions>
    <opinion oid="o_1">
      <opinion_target>
        <span>
          <target id="t_2"/>
        </span>
      </opinion_target>
      <opinion_expression polarity="positive" strength="1">
        <span>
          <target id="t_1"/>
        </span>
      </opinion_expression>
    </opinion>
    <opinion oid="o_2">
      <opinion_target>
        <span>
          <target id="t_10"/>
        </span>
      </opinion_target>
      <opinion_expression polarity="negative" strength="-1">
        <span>
          <target id="t_7"/>
        </span>
      </opinion_expression>
    </opinion>
    <opinion oid="o_3">
      <opinion_holder>
        <span>
          <target id="t_27"/>
        </span>
      </opinion_holder>
      <opinion_target>
        <span>
          <target id="t_19"/>
        </span>
      </opinion_target>
      <opinion_expression polarity="positive" strength="1">
        <span>
          <target id="t_17"/>
        </span>
      </opinion_expression>
    </opinion>
    <opinion oid="o_4">
      <opinion_target>
        <span>
          <target id="t_40"/>
        </span>
      </opinion_target>
      <opinion_expression polarity="positive" strength="2">
        <span>
          <target id="t_37"/>
          <target id="t_36"/>
        </span>
      </opinion_expression>
    </opinion>
    <opinion oid="o_5">
      <opinion_target>
        <span>
          <target id="t_86"/>
        </span>
      </opinion_target>
      <opinion_expression polarity="positive" strength="1">
        <span>
          <target id="t_89"/>
        </span>
      </opinion_expression>
    </opinion>
    <opinion oid="o_6">
      <opinion_target>
        <span>
          <target id="t_126"/>
        </span>
      </opinion_target>
      <opinion_expression polarity="positive" strength="1">
        <span>
          <target id="t_125"/>
        </span>
      </opinion_expression>
    </opinion>
    <opinion oid="o_7">
      <opinion_target>
        <span>
          <target id="t_142"/>
        </span>
      </opinion_target>
      <opinion_expression polarity="positive" strength="2">
        <span>
          <target id="t_140"/>
          <target id="t_139"/>
        </span>
      </opinion_expression>
    </opinion>
    <opinion oid="o_8">
      <opinion_target>
        <span>
          <target id="t_168"/>
        </span>
      </opinion_target>
      <opinion_expression polarity="positive" strength="3">
        <span>
          <target id="t_170"/>
          <target id="t_169"/>
          <target id="t_172"/>
        </span>
      </opinion_expression>
    </opinion>
    <opinion oid="o_9">
      <opinion_holder>
        <span>
          <target id="t_176"/>
        </span>
      </opinion_holder>
      <opinion_target>
        <span>
          <target id="t_183"/>
        </span>
      </opinion_target>
      <opinion_expression polarity="negative" strength="-1">
        <span>
          <target id="t_182"/>
        </span>
      </opinion_expression>
    </opinion>
    <opinion oid="o_10">
      <opinion_holder>
        <span>
          <target id="t_176"/>
        </span>
      </opinion_holder>
      <opinion_target>
        <span>
          <target id="t_188"/>
        </span>
      </opinion_target>
      <opinion_expression polarity="negative" strength="-1">
        <span>
          <target id="t_187"/>
        </span>
      </opinion_expression>
    </opinion>
  </opinions>
</KAF>
