<?xml version='1.0' encoding='UTF-8'?>
<KAF xml:lang="nl">
  <linguisticProcessors layer="text">
    <lp timestamp="2013-01-06T18:27:48CET" version="2.0" name="SentenceTokenizer"/>
  </linguisticProcessors>
  <linguisticProcessors layer="terms">
    <lp timestamp="2013-01-06T18:27:48CET" version="2.0" name="SentenceTokenizer"/>
    <lp timestamp="2013-01-06T18:27:48CET" version="1.0" name="SimplePolarityTagger"/>
  </linguisticProcessors>
  <linguisticProcessor layer="opinions">
    <lp timestamp="2013-01-06T18:27:49CET" version="1.0" name="SimpleOpinionDetector"/>
  </linguisticProcessor>
  <linguisticProcessor layer="properties">
    <lp timestamp="2013-01-06T18:27:48CET" version="1.0" name="SimplePropRecognizer_lookup"/>
  </linguisticProcessor>
  <linguisticProcessor layer="entities">
    <lp timestamp="2013-01-06T18:27:48CET" version="1.0" name="SimpleNER_lookup"/>
  </linguisticProcessor>
  <text>
    <wf wid="w_1" para="1" sent="1">Na</wf>
    <wf wid="w_2" para="1" sent="1">mijn</wf>
    <wf wid="w_3" para="1" sent="1">bezoek</wf>
    <wf wid="w_4" para="1" sent="1">vorig</wf>
    <wf wid="w_5" para="1" sent="1">jaar</wf>
    <wf wid="w_6" para="1" sent="1">september</wf>
    <wf wid="w_7" para="1" sent="1">,</wf>
    <wf wid="w_8" para="1" sent="1">toen</wf>
    <wf wid="w_9" para="1" sent="1">de</wf>
    <wf wid="w_10" para="1" sent="1">verbouwing</wf>
    <wf wid="w_11" para="1" sent="1">nog</wf>
    <wf wid="w_12" para="1" sent="1">gaande</wf>
    <wf wid="w_13" para="1" sent="1">was</wf>
    <wf wid="w_14" para="1" sent="1">,</wf>
    <wf wid="w_15" para="1" sent="1">is</wf>
    <wf wid="w_16" para="1" sent="1">er</wf>
    <wf wid="w_17" para="1" sent="1">op</wf>
    <wf wid="w_18" para="1" sent="1">een</wf>
    <wf wid="w_19" para="1" sent="1">voorbeeldige</wf>
    <wf wid="w_20" para="1" sent="1">manier</wf>
    <wf wid="w_21" para="1" sent="1">gereageerd</wf>
    <wf wid="w_22" para="1" sent="1">op</wf>
    <wf wid="w_23" para="1" sent="1">mijn</wf>
    <wf wid="w_24" para="1" sent="1">klachten</wf>
    <wf wid="w_25" para="1" sent="1">.</wf>
    <wf wid="w_26" para="1" sent="2">Het</wf>
    <wf wid="w_27" para="1" sent="2">verblijf</wf>
    <wf wid="w_28" para="1" sent="2">,</wf>
    <wf wid="w_29" para="1" sent="2">de</wf>
    <wf wid="w_30" para="1" sent="2">accommodatie</wf>
    <wf wid="w_31" para="1" sent="2">,</wf>
    <wf wid="w_32" para="1" sent="2">de</wf>
    <wf wid="w_33" para="1" sent="2">voorzieningen</wf>
    <wf wid="w_34" para="1" sent="2">,</wf>
    <wf wid="w_35" para="1" sent="2">de</wf>
    <wf wid="w_36" para="1" sent="2">ontvangst</wf>
    <wf wid="w_37" para="1" sent="2">en</wf>
    <wf wid="w_38" para="1" sent="2">bejegening</wf>
    <wf wid="w_39" para="1" sent="2">door</wf>
    <wf wid="w_40" para="1" sent="2">medewerkers</wf>
    <wf wid="w_41" para="1" sent="2">hebben</wf>
    <wf wid="w_42" para="1" sent="2">dit</wf>
    <wf wid="w_43" para="1" sent="2">keer</wf>
    <wf wid="w_44" para="1" sent="2">geheel</wf>
    <wf wid="w_45" para="1" sent="2">aan</wf>
    <wf wid="w_46" para="1" sent="2">de</wf>
    <wf wid="w_47" para="1" sent="2">verwachtingen</wf>
    <wf wid="w_48" para="1" sent="2">voldaan</wf>
    <wf wid="w_49" para="1" sent="2">.</wf>
    <wf wid="w_50" para="1" sent="3">Ook</wf>
    <wf wid="w_51" para="1" sent="3">voor</wf>
    <wf wid="w_52" para="1" sent="3">de</wf>
    <wf wid="w_53" para="1" sent="3">normale</wf>
    <wf wid="w_54" para="1" sent="3">prijs</wf>
    <wf wid="w_55" para="1" sent="3">zonder</wf>
    <wf wid="w_56" para="1" sent="3">meer</wf>
    <wf wid="w_57" para="1" sent="3">de</wf>
    <wf wid="w_58" para="1" sent="3">moeite</wf>
    <wf wid="w_59" para="1" sent="3">waard</wf>
    <wf wid="w_60" para="1" sent="3">.</wf>
    <wf wid="w_61" para="1" sent="4">Ofwel</wf>
    <wf wid="w_62" para="1" sent="4">:</wf>
    <wf wid="w_63" para="1" sent="4">inclusief</wf>
    <wf wid="w_64" para="1" sent="4">uw</wf>
    <wf wid="w_65" para="1" sent="4">reactie</wf>
    <wf wid="w_66" para="1" sent="4">op</wf>
    <wf wid="w_67" para="1" sent="4">mijn</wf>
    <wf wid="w_68" para="1" sent="4">klachten</wf>
    <wf wid="w_69" para="1" sent="4">hebt</wf>
    <wf wid="w_70" para="1" sent="4">u</wf>
    <wf wid="w_71" para="1" sent="4">c</wf>
    <wf wid="w_72" para="1" sent="4">.</wf>
    <wf wid="w_73" para="1" sent="5">q</wf>
    <wf wid="w_74" para="1" sent="5">.</wf>
    <wf wid="w_75" para="1" sent="6">uw</wf>
    <wf wid="w_76" para="1" sent="6">hotel</wf>
    <wf wid="w_77" para="1" sent="6">zich</wf>
    <wf wid="w_78" para="1" sent="6">meer</wf>
    <wf wid="w_79" para="1" sent="6">dan</wf>
    <wf wid="w_80" para="1" sent="6">gerevancheerd</wf>
  </text>
  <terms>
    <term tid="t_1" lemma="na" type="open">
      <span>
        <target id="w_1"/>
      </span>
    </term>
    <term tid="t_2" lemma="mijn" type="open">
      <span>
        <target id="w_2"/>
      </span>
    </term>
    <term tid="t_3" lemma="bezoek" type="open">
      <span>
        <target id="w_3"/>
      </span>
    </term>
    <term tid="t_4" lemma="vorig" type="open">
      <span>
        <target id="w_4"/>
      </span>
    </term>
    <term tid="t_5" lemma="jaar" type="open">
      <span>
        <target id="w_5"/>
      </span>
    </term>
    <term tid="t_6" lemma="september" type="open">
      <span>
        <target id="w_6"/>
      </span>
    </term>
    <term tid="t_7" lemma="," type="open">
      <span>
        <target id="w_7"/>
      </span>
    </term>
    <term tid="t_8" lemma="toen" type="open">
      <span>
        <target id="w_8"/>
      </span>
    </term>
    <term tid="t_9" lemma="de" type="open">
      <span>
        <target id="w_9"/>
      </span>
    </term>
    <term tid="t_10" lemma="verbouwing" type="open">
      <span>
        <target id="w_10"/>
      </span>
    </term>
    <term tid="t_11" lemma="nog" type="open">
      <span>
        <target id="w_11"/>
      </span>
    </term>
    <term tid="t_12" lemma="gaande" type="open">
      <span>
        <target id="w_12"/>
      </span>
    </term>
    <term tid="t_13" lemma="was" type="open">
      <span>
        <target id="w_13"/>
      </span>
    </term>
    <term tid="t_14" lemma="," type="open">
      <span>
        <target id="w_14"/>
      </span>
    </term>
    <term tid="t_15" lemma="is" type="open">
      <span>
        <target id="w_15"/>
      </span>
    </term>
    <term tid="t_16" lemma="er" type="open">
      <span>
        <target id="w_16"/>
      </span>
    </term>
    <term tid="t_17" lemma="op" type="open">
      <span>
        <target id="w_17"/>
      </span>
    </term>
    <term tid="t_18" lemma="een" type="open">
      <span>
        <target id="w_18"/>
      </span>
    </term>
    <term tid="t_19" lemma="voorbeeldige" type="open">
      <span>
        <target id="w_19"/>
      </span>
    </term>
    <term tid="t_20" lemma="manier" type="open">
      <span>
        <target id="w_20"/>
      </span>
    </term>
    <term tid="t_21" lemma="gereageerd" type="open">
      <span>
        <target id="w_21"/>
      </span>
    </term>
    <term tid="t_22" lemma="op" type="open">
      <span>
        <target id="w_22"/>
      </span>
    </term>
    <term tid="t_23" lemma="mijn" type="open">
      <span>
        <target id="w_23"/>
      </span>
    </term>
    <term tid="t_24" lemma="klachten" type="open">
      <span>
        <target id="w_24"/>
      </span>
    </term>
    <term tid="t_25" lemma="." type="open">
      <span>
        <target id="w_25"/>
      </span>
    </term>
    <term tid="t_26" lemma="het" type="open">
      <span>
        <target id="w_26"/>
      </span>
    </term>
    <term tid="t_27" lemma="verblijf" type="open">
      <span>
        <target id="w_27"/>
      </span>
    </term>
    <term tid="t_28" lemma="," type="open">
      <span>
        <target id="w_28"/>
      </span>
    </term>
    <term tid="t_29" lemma="de" type="open">
      <span>
        <target id="w_29"/>
      </span>
    </term>
    <term tid="t_30" lemma="accommodatie" type="open">
      <span>
        <target id="w_30"/>
      </span>
    </term>
    <term tid="t_31" lemma="," type="open">
      <span>
        <target id="w_31"/>
      </span>
    </term>
    <term tid="t_32" lemma="de" type="open">
      <span>
        <target id="w_32"/>
      </span>
    </term>
    <term tid="t_33" lemma="voorzieningen" type="open">
      <span>
        <target id="w_33"/>
      </span>
    </term>
    <term tid="t_34" lemma="," type="open">
      <span>
        <target id="w_34"/>
      </span>
    </term>
    <term tid="t_35" lemma="de" type="open">
      <span>
        <target id="w_35"/>
      </span>
    </term>
    <term tid="t_36" lemma="ontvangst" type="open">
      <span>
        <target id="w_36"/>
      </span>
    </term>
    <term tid="t_37" lemma="en" type="open">
      <span>
        <target id="w_37"/>
      </span>
    </term>
    <term tid="t_38" lemma="bejegening" type="open">
      <span>
        <target id="w_38"/>
      </span>
    </term>
    <term tid="t_39" lemma="door" type="open">
      <span>
        <target id="w_39"/>
      </span>
    </term>
    <term tid="t_40" lemma="medewerkers" type="open">
      <span>
        <target id="w_40"/>
      </span>
    </term>
    <term tid="t_41" lemma="hebben" type="open">
      <span>
        <target id="w_41"/>
      </span>
    </term>
    <term tid="t_42" lemma="dit" type="open">
      <span>
        <target id="w_42"/>
      </span>
    </term>
    <term tid="t_43" lemma="keer" type="open">
      <span>
        <target id="w_43"/>
      </span>
    </term>
    <term tid="t_44" lemma="geheel" type="open">
      <span>
        <target id="w_44"/>
      </span>
      <sentiment sentiment_modifier="intensifier" resource="VUA_olery_lexicon_nl_lmf"/>
    </term>
    <term tid="t_45" lemma="aan" type="open">
      <span>
        <target id="w_45"/>
      </span>
    </term>
    <term tid="t_46" lemma="de" type="open">
      <span>
        <target id="w_46"/>
      </span>
    </term>
    <term tid="t_47" lemma="verwachtingen" type="open">
      <span>
        <target id="w_47"/>
      </span>
    </term>
    <term tid="t_48" lemma="voldaan" type="open">
      <span>
        <target id="w_48"/>
      </span>
    </term>
    <term tid="t_49" lemma="." type="open">
      <span>
        <target id="w_49"/>
      </span>
    </term>
    <term tid="t_50" lemma="ook" type="open">
      <span>
        <target id="w_50"/>
      </span>
    </term>
    <term tid="t_51" lemma="voor" type="open">
      <span>
        <target id="w_51"/>
      </span>
    </term>
    <term tid="t_52" lemma="de" type="open">
      <span>
        <target id="w_52"/>
      </span>
    </term>
    <term tid="t_53" lemma="normale" type="open">
      <span>
        <target id="w_53"/>
      </span>
    </term>
    <term tid="t_54" lemma="prijs" type="open">
      <span>
        <target id="w_54"/>
      </span>
    </term>
    <term tid="t_55" lemma="zonder" type="open">
      <span>
        <target id="w_55"/>
      </span>
      <sentiment sentiment_modifier="shifter" resource="VUA_olery_lexicon_nl_lmf"/>
    </term>
    <term tid="t_56" lemma="meer" type="open">
      <span>
        <target id="w_56"/>
      </span>
    </term>
    <term tid="t_57" lemma="de" type="open">
      <span>
        <target id="w_57"/>
      </span>
    </term>
    <term tid="t_58" lemma="moeite" type="open" pos="N">
      <span>
        <target id="w_58"/>
      </span>
      <sentiment polarity="negative" resource="VUA_olery_lexicon_nl_lmf"/>
    </term>
    <term tid="t_59" lemma="waard" type="open">
      <span>
        <target id="w_59"/>
      </span>
    </term>
    <term tid="t_60" lemma="." type="open">
      <span>
        <target id="w_60"/>
      </span>
    </term>
    <term tid="t_61" lemma="ofwel" type="open">
      <span>
        <target id="w_61"/>
      </span>
    </term>
    <term tid="t_62" lemma=":" type="open">
      <span>
        <target id="w_62"/>
      </span>
    </term>
    <term tid="t_63" lemma="inclusief" type="open">
      <span>
        <target id="w_63"/>
      </span>
    </term>
    <term tid="t_64" lemma="uw" type="open">
      <span>
        <target id="w_64"/>
      </span>
    </term>
    <term tid="t_65" lemma="reactie" type="open">
      <span>
        <target id="w_65"/>
      </span>
    </term>
    <term tid="t_66" lemma="op" type="open">
      <span>
        <target id="w_66"/>
      </span>
    </term>
    <term tid="t_67" lemma="mijn" type="open">
      <span>
        <target id="w_67"/>
      </span>
    </term>
    <term tid="t_68" lemma="klachten" type="open">
      <span>
        <target id="w_68"/>
      </span>
    </term>
    <term tid="t_69" lemma="hebt" type="open">
      <span>
        <target id="w_69"/>
      </span>
    </term>
    <term tid="t_70" lemma="u" type="open">
      <span>
        <target id="w_70"/>
      </span>
    </term>
    <term tid="t_71" lemma="c" type="open">
      <span>
        <target id="w_71"/>
      </span>
    </term>
    <term tid="t_72" lemma="." type="open">
      <span>
        <target id="w_72"/>
      </span>
    </term>
    <term tid="t_73" lemma="q" type="open">
      <span>
        <target id="w_73"/>
      </span>
    </term>
    <term tid="t_74" lemma="." type="open">
      <span>
        <target id="w_74"/>
      </span>
    </term>
    <term tid="t_75" lemma="uw" type="open">
      <span>
        <target id="w_75"/>
      </span>
    </term>
    <term tid="t_76" lemma="hotel" type="open">
      <span>
        <target id="w_76"/>
      </span>
    </term>
    <term tid="t_77" lemma="zich" type="open">
      <span>
        <target id="w_77"/>
      </span>
    </term>
    <term tid="t_78" lemma="meer" type="open">
      <span>
        <target id="w_78"/>
      </span>
    </term>
    <term tid="t_79" lemma="dan" type="open">
      <span>
        <target id="w_79"/>
      </span>
    </term>
    <term tid="t_80" lemma="gerevancheerd" type="open">
      <span>
        <target id="w_80"/>
      </span>
    </term>
  </terms>
  <entities>
    <entity type="PER" eid="e_1">
      <span>
        <target id="t_71"/>
      </span>
    </entity>
  </entities>
  <properties>
    <property type="facilities" pid="p_1">
      <span>
        <target id="t_30"/>
      </span>
    </property>
    <property type="value_for_money" pid="p_2">
      <span>
        <target id="t_54"/>
      </span>
    </property>
    <property type="staff" pid="p_3">
      <span>
        <target id="t_36"/>
      </span>
      <span>
        <target id="t_38"/>
      </span>
    </property>
  </properties>
  <opinions>
    <opinion oid="o_1">
      <opinion_target>
        <span>
          <target id="t_59"/>
        </span>
      </opinion_target>
      <opinion_expression polarity="negative" strength="-1">
        <span>
          <target id="t_58"/>
        </span>
      </opinion_expression>
    </opinion>
  </opinions>
</KAF>
