<?xml version='1.0' encoding='UTF-8'?>
<KAF xml:lang="nl">
  <linguisticProcessors layer="text">
    <lp timestamp="2013-01-06T18:41:56CET" version="2.0" name="SentenceTokenizer"/>
  </linguisticProcessors>
  <linguisticProcessors layer="terms">
    <lp timestamp="2013-01-06T18:41:56CET" version="2.0" name="SentenceTokenizer"/>
    <lp timestamp="2013-01-06T18:41:56CET" version="1.0" name="SimplePolarityTagger"/>
  </linguisticProcessors>
  <linguisticProcessor layer="opinions">
    <lp timestamp="2013-01-06T18:41:56CET" version="1.0" name="SimpleOpinionDetector"/>
  </linguisticProcessor>
  <linguisticProcessor layer="properties">
    <lp timestamp="2013-01-06T18:41:56CET" version="1.0" name="SimplePropRecognizer_lookup"/>
  </linguisticProcessor>
  <linguisticProcessor layer="entities">
    <lp timestamp="2013-01-06T18:41:56CET" version="1.0" name="SimpleNER_lookup"/>
  </linguisticProcessor>
  <text>
    <wf wid="w_1" para="1" sent="1">waardeloos</wf>
    <wf wid="w_2" para="1" sent="1">hotel</wf>
    <wf wid="w_3" para="1" sent="1">.</wf>
    <wf wid="w_4" para="1" sent="2">Hoelang</wf>
    <wf wid="w_5" para="1" sent="2">zijn</wf>
    <wf wid="w_6" para="1" sent="2">ze</wf>
    <wf wid="w_7" para="1" sent="2">al</wf>
    <wf wid="w_8" para="1" sent="2">bezig</wf>
    <wf wid="w_9" para="1" sent="2">met</wf>
    <wf wid="w_10" para="1" sent="2">het</wf>
    <wf wid="w_11" para="1" sent="2">hotel</wf>
    <wf wid="w_12" para="1" sent="2">op</wf>
    <wf wid="w_13" para="1" sent="2">orde</wf>
    <wf wid="w_14" para="1" sent="2">te</wf>
    <wf wid="w_15" para="1" sent="2">kriijgen</wf>
    <wf wid="w_16" para="1" sent="2">?</wf>
    <wf wid="w_17" para="1" sent="3">Ik</wf>
    <wf wid="w_18" para="1" sent="3">snap</wf>
    <wf wid="w_19" para="1" sent="3">niet</wf>
    <wf wid="w_20" para="1" sent="3">hoe</wf>
    <wf wid="w_21" para="1" sent="3">ze</wf>
    <wf wid="w_22" para="1" sent="3">het</wf>
    <wf wid="w_23" para="1" sent="3">durven</wf>
    <wf wid="w_24" para="1" sent="3">de</wf>
    <wf wid="w_25" para="1" sent="3">verhuren</wf>
    <wf wid="w_26" para="1" sent="3">,</wf>
    <wf wid="w_27" para="1" sent="3">het</wf>
    <wf wid="w_28" para="1" sent="3">restaurant</wf>
    <wf wid="w_29" para="1" sent="3">,</wf>
    <wf wid="w_30" para="1" sent="3">de</wf>
    <wf wid="w_31" para="1" sent="3">prins</wf>
    <wf wid="w_32" para="1" sent="3">ziet</wf>
    <wf wid="w_33" para="1" sent="3">er</wf>
    <wf wid="w_34" para="1" sent="3">mooi</wf>
    <wf wid="w_35" para="1" sent="3">uit</wf>
    <wf wid="w_36" para="1" sent="3">maar</wf>
    <wf wid="w_37" para="1" sent="3">je</wf>
    <wf wid="w_38" para="1" sent="3">merkt</wf>
    <wf wid="w_39" para="1" sent="3">dat</wf>
    <wf wid="w_40" para="1" sent="3">de</wf>
    <wf wid="w_41" para="1" sent="3">eigenaar</wf>
    <wf wid="w_42" para="1" sent="3">zijn</wf>
    <wf wid="w_43" para="1" sent="3">zaakjes</wf>
    <wf wid="w_44" para="1" sent="3">niet</wf>
    <wf wid="w_45" para="1" sent="3">op</wf>
    <wf wid="w_46" para="1" sent="3">orde</wf>
    <wf wid="w_47" para="1" sent="3">heeft</wf>
    <wf wid="w_48" para="1" sent="3">.</wf>
    <wf wid="w_49" para="1" sent="4">Het</wf>
    <wf wid="w_50" para="1" sent="4">eten</wf>
    <wf wid="w_51" para="1" sent="4">was</wf>
    <wf wid="w_52" para="1" sent="4">koud</wf>
    <wf wid="w_53" para="1" sent="4">,</wf>
    <wf wid="w_54" para="1" sent="4">personeel</wf>
    <wf wid="w_55" para="1" sent="4">loopt</wf>
    <wf wid="w_56" para="1" sent="4">op</wf>
    <wf wid="w_57" para="1" sent="4">en</wf>
    <wf wid="w_58" para="1" sent="4">neer</wf>
    <wf wid="w_59" para="1" sent="4">de</wf>
    <wf wid="w_60" para="1" sent="4">zaakjes</wf>
    <wf wid="w_61" para="1" sent="4">op</wf>
    <wf wid="w_62" para="1" sent="4">te</wf>
    <wf wid="w_63" para="1" sent="4">lossen</wf>
    <wf wid="w_64" para="1" sent="4">die</wf>
    <wf wid="w_65" para="1" sent="4">in</wf>
    <wf wid="w_66" para="1" sent="4">mijn</wf>
    <wf wid="w_67" para="1" sent="4">ogen</wf>
    <wf wid="w_68" para="1" sent="4">de</wf>
    <wf wid="w_69" para="1" sent="4">eigenaren</wf>
    <wf wid="w_70" para="1" sent="4">moeten</wf>
    <wf wid="w_71" para="1" sent="4">regelen</wf>
    <wf wid="w_72" para="1" sent="4">.</wf>
    <wf wid="w_73" para="1" sent="5">Nee</wf>
    <wf wid="w_74" para="1" sent="5">deze</wf>
    <wf wid="w_75" para="1" sent="5">mensen</wf>
    <wf wid="w_76" para="1" sent="5">moeten</wf>
    <wf wid="w_77" para="1" sent="5">nog</wf>
    <wf wid="w_78" para="1" sent="5">veel</wf>
    <wf wid="w_79" para="1" sent="5">leren</wf>
    <wf wid="w_80" para="1" sent="5">.</wf>
    <wf wid="w_81" para="1" sent="6">Locatie</wf>
    <wf wid="w_82" para="1" sent="6">is</wf>
    <wf wid="w_83" para="1" sent="6">het</wf>
    <wf wid="w_84" para="1" sent="6">enige</wf>
    <wf wid="w_85" para="1" sent="6">pluspunt</wf>
    <wf wid="w_86" para="1" sent="6">.</wf>
  </text>
  <terms>
    <term tid="t_1" lemma="waardeloos" type="open" pos="G">
      <span>
        <target id="w_1"/>
      </span>
      <sentiment polarity="negative" resource="VUA_olery_lexicon_nl_lmf"/>
    </term>
    <term tid="t_2" lemma="hotel" type="open">
      <span>
        <target id="w_2"/>
      </span>
    </term>
    <term tid="t_3" lemma="." type="open">
      <span>
        <target id="w_3"/>
      </span>
    </term>
    <term tid="t_4" lemma="hoelang" type="open">
      <span>
        <target id="w_4"/>
      </span>
    </term>
    <term tid="t_5" lemma="zijn" type="open">
      <span>
        <target id="w_5"/>
      </span>
    </term>
    <term tid="t_6" lemma="ze" type="open">
      <span>
        <target id="w_6"/>
      </span>
    </term>
    <term tid="t_7" lemma="al" type="open">
      <span>
        <target id="w_7"/>
      </span>
    </term>
    <term tid="t_8" lemma="bezig" type="open">
      <span>
        <target id="w_8"/>
      </span>
    </term>
    <term tid="t_9" lemma="met" type="open">
      <span>
        <target id="w_9"/>
      </span>
    </term>
    <term tid="t_10" lemma="het" type="open">
      <span>
        <target id="w_10"/>
      </span>
    </term>
    <term tid="t_11" lemma="hotel" type="open">
      <span>
        <target id="w_11"/>
      </span>
    </term>
    <term tid="t_12" lemma="op" type="open">
      <span>
        <target id="w_12"/>
      </span>
    </term>
    <term tid="t_13" lemma="orde" type="open">
      <span>
        <target id="w_13"/>
      </span>
    </term>
    <term tid="t_14" lemma="te" type="open">
      <span>
        <target id="w_14"/>
      </span>
    </term>
    <term tid="t_15" lemma="kriijgen" type="open">
      <span>
        <target id="w_15"/>
      </span>
    </term>
    <term tid="t_16" lemma="?" type="open">
      <span>
        <target id="w_16"/>
      </span>
    </term>
    <term tid="t_17" lemma="ik" type="open">
      <span>
        <target id="w_17"/>
      </span>
    </term>
    <term tid="t_18" lemma="snap" type="open">
      <span>
        <target id="w_18"/>
      </span>
    </term>
    <term tid="t_19" lemma="niet" type="open">
      <span>
        <target id="w_19"/>
      </span>
      <sentiment sentiment_modifier="shifter" resource="VUA_olery_lexicon_nl_lmf"/>
    </term>
    <term tid="t_20" lemma="hoe" type="open">
      <span>
        <target id="w_20"/>
      </span>
    </term>
    <term tid="t_21" lemma="ze" type="open">
      <span>
        <target id="w_21"/>
      </span>
    </term>
    <term tid="t_22" lemma="het" type="open">
      <span>
        <target id="w_22"/>
      </span>
    </term>
    <term tid="t_23" lemma="durven" type="open">
      <span>
        <target id="w_23"/>
      </span>
    </term>
    <term tid="t_24" lemma="de" type="open">
      <span>
        <target id="w_24"/>
      </span>
    </term>
    <term tid="t_25" lemma="verhuren" type="open">
      <span>
        <target id="w_25"/>
      </span>
    </term>
    <term tid="t_26" lemma="," type="open">
      <span>
        <target id="w_26"/>
      </span>
    </term>
    <term tid="t_27" lemma="het" type="open">
      <span>
        <target id="w_27"/>
      </span>
    </term>
    <term tid="t_28" lemma="restaurant" type="open">
      <span>
        <target id="w_28"/>
      </span>
    </term>
    <term tid="t_29" lemma="," type="open">
      <span>
        <target id="w_29"/>
      </span>
    </term>
    <term tid="t_30" lemma="de" type="open">
      <span>
        <target id="w_30"/>
      </span>
    </term>
    <term tid="t_31" lemma="prins" type="open" pos="N">
      <span>
        <target id="w_31"/>
      </span>
      <sentiment polarity="positive" resource="VUA_olery_lexicon_nl_lmf"/>
    </term>
    <term tid="t_32" lemma="ziet" type="open">
      <span>
        <target id="w_32"/>
      </span>
    </term>
    <term tid="t_33" lemma="er" type="open">
      <span>
        <target id="w_33"/>
      </span>
    </term>
    <term tid="t_34" lemma="mooi" type="open" pos="G">
      <span>
        <target id="w_34"/>
      </span>
      <sentiment polarity="positive" resource="VUA_olery_lexicon_nl_lmf"/>
    </term>
    <term tid="t_35" lemma="uit" type="open">
      <span>
        <target id="w_35"/>
      </span>
    </term>
    <term tid="t_36" lemma="maar" type="open">
      <span>
        <target id="w_36"/>
      </span>
    </term>
    <term tid="t_37" lemma="je" type="open">
      <span>
        <target id="w_37"/>
      </span>
    </term>
    <term tid="t_38" lemma="merkt" type="open">
      <span>
        <target id="w_38"/>
      </span>
    </term>
    <term tid="t_39" lemma="dat" type="open">
      <span>
        <target id="w_39"/>
      </span>
    </term>
    <term tid="t_40" lemma="de" type="open">
      <span>
        <target id="w_40"/>
      </span>
    </term>
    <term tid="t_41" lemma="eigenaar" type="open">
      <span>
        <target id="w_41"/>
      </span>
    </term>
    <term tid="t_42" lemma="zijn" type="open">
      <span>
        <target id="w_42"/>
      </span>
    </term>
    <term tid="t_43" lemma="zaakjes" type="open">
      <span>
        <target id="w_43"/>
      </span>
    </term>
    <term tid="t_44" lemma="niet" type="open">
      <span>
        <target id="w_44"/>
      </span>
      <sentiment sentiment_modifier="shifter" resource="VUA_olery_lexicon_nl_lmf"/>
    </term>
    <term tid="t_45" lemma="op" type="open">
      <span>
        <target id="w_45"/>
      </span>
    </term>
    <term tid="t_46" lemma="orde" type="open">
      <span>
        <target id="w_46"/>
      </span>
    </term>
    <term tid="t_47" lemma="heeft" type="open">
      <span>
        <target id="w_47"/>
      </span>
    </term>
    <term tid="t_48" lemma="." type="open">
      <span>
        <target id="w_48"/>
      </span>
    </term>
    <term tid="t_49" lemma="het" type="open">
      <span>
        <target id="w_49"/>
      </span>
    </term>
    <term tid="t_50" lemma="eten" type="open">
      <span>
        <target id="w_50"/>
      </span>
    </term>
    <term tid="t_51" lemma="was" type="open">
      <span>
        <target id="w_51"/>
      </span>
    </term>
    <term tid="t_52" lemma="koud" type="open" pos="G">
      <span>
        <target id="w_52"/>
      </span>
      <sentiment polarity="negative" resource="VUA_olery_lexicon_nl_lmf"/>
    </term>
    <term tid="t_53" lemma="," type="open">
      <span>
        <target id="w_53"/>
      </span>
    </term>
    <term tid="t_54" lemma="personeel" type="open">
      <span>
        <target id="w_54"/>
      </span>
    </term>
    <term tid="t_55" lemma="loopt" type="open">
      <span>
        <target id="w_55"/>
      </span>
    </term>
    <term tid="t_56" lemma="op" type="open">
      <span>
        <target id="w_56"/>
      </span>
    </term>
    <term tid="t_57" lemma="en" type="open">
      <span>
        <target id="w_57"/>
      </span>
    </term>
    <term tid="t_58" lemma="neer" type="open">
      <span>
        <target id="w_58"/>
      </span>
    </term>
    <term tid="t_59" lemma="de" type="open">
      <span>
        <target id="w_59"/>
      </span>
    </term>
    <term tid="t_60" lemma="zaakjes" type="open">
      <span>
        <target id="w_60"/>
      </span>
    </term>
    <term tid="t_61" lemma="op" type="open">
      <span>
        <target id="w_61"/>
      </span>
    </term>
    <term tid="t_62" lemma="te" type="open">
      <span>
        <target id="w_62"/>
      </span>
    </term>
    <term tid="t_63" lemma="lossen" type="open">
      <span>
        <target id="w_63"/>
      </span>
    </term>
    <term tid="t_64" lemma="die" type="open">
      <span>
        <target id="w_64"/>
      </span>
    </term>
    <term tid="t_65" lemma="in" type="open">
      <span>
        <target id="w_65"/>
      </span>
    </term>
    <term tid="t_66" lemma="mijn" type="open">
      <span>
        <target id="w_66"/>
      </span>
    </term>
    <term tid="t_67" lemma="ogen" type="open">
      <span>
        <target id="w_67"/>
      </span>
    </term>
    <term tid="t_68" lemma="de" type="open">
      <span>
        <target id="w_68"/>
      </span>
    </term>
    <term tid="t_69" lemma="eigenaren" type="open">
      <span>
        <target id="w_69"/>
      </span>
    </term>
    <term tid="t_70" lemma="moeten" type="open">
      <span>
        <target id="w_70"/>
      </span>
    </term>
    <term tid="t_71" lemma="regelen" type="open">
      <span>
        <target id="w_71"/>
      </span>
    </term>
    <term tid="t_72" lemma="." type="open">
      <span>
        <target id="w_72"/>
      </span>
    </term>
    <term tid="t_73" lemma="nee" type="open">
      <span>
        <target id="w_73"/>
      </span>
    </term>
    <term tid="t_74" lemma="deze" type="open">
      <span>
        <target id="w_74"/>
      </span>
    </term>
    <term tid="t_75" lemma="mensen" type="open">
      <span>
        <target id="w_75"/>
      </span>
    </term>
    <term tid="t_76" lemma="moeten" type="open">
      <span>
        <target id="w_76"/>
      </span>
    </term>
    <term tid="t_77" lemma="nog" type="open">
      <span>
        <target id="w_77"/>
      </span>
    </term>
    <term tid="t_78" lemma="veel" type="open">
      <span>
        <target id="w_78"/>
      </span>
    </term>
    <term tid="t_79" lemma="leren" type="open">
      <span>
        <target id="w_79"/>
      </span>
    </term>
    <term tid="t_80" lemma="." type="open">
      <span>
        <target id="w_80"/>
      </span>
    </term>
    <term tid="t_81" lemma="locatie" type="open">
      <span>
        <target id="w_81"/>
      </span>
    </term>
    <term tid="t_82" lemma="is" type="open">
      <span>
        <target id="w_82"/>
      </span>
    </term>
    <term tid="t_83" lemma="het" type="open">
      <span>
        <target id="w_83"/>
      </span>
    </term>
    <term tid="t_84" lemma="enige" type="open">
      <span>
        <target id="w_84"/>
      </span>
    </term>
    <term tid="t_85" lemma="pluspunt" type="open" pos="N">
      <span>
        <target id="w_85"/>
      </span>
      <sentiment polarity="positive" resource="VUA_olery_lexicon_nl_lmf"/>
    </term>
    <term tid="t_86" lemma="." type="open">
      <span>
        <target id="w_86"/>
      </span>
    </term>
  </terms>
  <entities>
    <entity type="MISC" eid="e_1">
      <span>
        <target id="t_5"/>
      </span>
      <span>
        <target id="t_42"/>
      </span>
    </entity>
    <entity type="PER" eid="e_2">
      <span>
        <target id="t_31"/>
      </span>
    </entity>
    <entity type="MISC" eid="e_3">
      <span>
        <target id="t_75"/>
      </span>
    </entity>
    <entity type="PER" eid="e_4">
      <span>
        <target id="t_30"/>
        <target id="t_31"/>
      </span>
    </entity>
  </entities>
  <properties>
    <property type="staff" pid="p_1">
      <span>
        <target id="t_41"/>
      </span>
      <span>
        <target id="t_54"/>
      </span>
    </property>
    <property type="location" pid="p_2">
      <span>
        <target id="t_81"/>
      </span>
    </property>
    <property type="restaurant" pid="p_3">
      <span>
        <target id="t_28"/>
      </span>
      <span>
        <target id="t_50"/>
      </span>
    </property>
  </properties>
  <opinions>
    <opinion oid="o_1">
      <opinion_target>
        <span>
          <target id="t_2"/>
        </span>
      </opinion_target>
      <opinion_expression polarity="negative" strength="-1">
        <span>
          <target id="t_1"/>
        </span>
      </opinion_expression>
    </opinion>
    <opinion oid="o_2">
      <opinion_holder>
        <span>
          <target id="t_17"/>
        </span>
      </opinion_holder>
      <opinion_target>
        <span>
          <target id="t_32"/>
        </span>
      </opinion_target>
      <opinion_expression polarity="positive" strength="1">
        <span>
          <target id="t_31"/>
        </span>
      </opinion_expression>
    </opinion>
    <opinion oid="o_3">
      <opinion_target>
        <span>
          <target id="t_54"/>
        </span>
      </opinion_target>
      <opinion_expression polarity="negative" strength="-1">
        <span>
          <target id="t_52"/>
        </span>
      </opinion_expression>
    </opinion>
    <opinion oid="o_4">
      <opinion_target>
        <span>
          <target id="t_84"/>
        </span>
      </opinion_target>
      <opinion_expression polarity="positive" strength="1">
        <span>
          <target id="t_85"/>
        </span>
      </opinion_expression>
    </opinion>
  </opinions>
</KAF>
