<?xml version='1.0' encoding='UTF-8'?>
<KAF xml:lang="nl">
  <linguisticProcessors layer="text">
    <lp timestamp="2013-01-06T18:42:03CET" version="2.0" name="SentenceTokenizer"/>
  </linguisticProcessors>
  <linguisticProcessors layer="terms">
    <lp timestamp="2013-01-06T18:42:03CET" version="2.0" name="SentenceTokenizer"/>
    <lp timestamp="2013-01-06T18:42:03CET" version="1.0" name="SimplePolarityTagger"/>
  </linguisticProcessors>
  <linguisticProcessor layer="opinions">
    <lp timestamp="2013-01-06T18:42:04CET" version="1.0" name="SimpleOpinionDetector"/>
  </linguisticProcessor>
  <linguisticProcessor layer="properties">
    <lp timestamp="2013-01-06T18:42:03CET" version="1.0" name="SimplePropRecognizer_lookup"/>
  </linguisticProcessor>
  <linguisticProcessor layer="entities">
    <lp timestamp="2013-01-06T18:42:03CET" version="1.0" name="SimpleNER_lookup"/>
  </linguisticProcessor>
  <text>
    <wf wid="w_1" para="1" sent="1">Muizen</wf>
    <wf wid="w_2" para="1" sent="1">op</wf>
    <wf wid="w_3" para="1" sent="1">de</wf>
    <wf wid="w_4" para="1" sent="1">kamer</wf>
    <wf wid="w_5" para="1" sent="1">.</wf>
    <wf wid="w_6" para="1" sent="2">Na</wf>
    <wf wid="w_7" para="1" sent="2">de</wf>
    <wf wid="w_8" para="1" sent="2">verbouwing</wf>
    <wf wid="w_9" para="1" sent="2">(nog</wf>
    <wf wid="w_10" para="1" sent="2">niet</wf>
    <wf wid="w_11" para="1" sent="2">volledig</wf>
    <wf wid="w_12" para="1" sent="2">afgerond</wf>
    <wf wid="w_13" para="1" sent="2">)</wf>
    <wf wid="w_14" para="1" sent="2">teruggekeerd</wf>
    <wf wid="w_15" para="1" sent="2">naar</wf>
    <wf wid="w_16" para="1" sent="2">dit</wf>
    <wf wid="w_17" para="1" sent="2">hotel</wf>
    <wf wid="w_18" para="1" sent="2">met</wf>
    <wf wid="w_19" para="1" sent="2">hoge</wf>
    <wf wid="w_20" para="1" sent="2">verwachtingen</wf>
    <wf wid="w_21" para="1" sent="2">.</wf>
    <wf wid="w_22" para="1" sent="3">Zeker</wf>
    <wf wid="w_23" para="1" sent="3">zoals</wf>
    <wf wid="w_24" para="1" sent="3">de</wf>
    <wf wid="w_25" para="1" sent="3">heer</wf>
    <wf wid="w_26" para="1" sent="3">Krooswijk</wf>
    <wf wid="w_27" para="1" sent="3">,</wf>
    <wf wid="w_28" para="1" sent="3">general</wf>
    <wf wid="w_29" para="1" sent="3">manager</wf>
    <wf wid="w_30" para="1" sent="3">,</wf>
    <wf wid="w_31" para="1" sent="3">dit</wf>
    <wf wid="w_32" para="1" sent="3">hotel</wf>
    <wf wid="w_33" para="1" sent="3">profileert</wf>
    <wf wid="w_34" para="1" sent="3">in</wf>
    <wf wid="w_35" para="1" sent="3">interviews</wf>
    <wf wid="w_36" para="1" sent="3">(o</wf>
    <wf wid="w_37" para="1" sent="3">.</wf>
    <wf wid="w_38" para="1" sent="4">a</wf>
    <wf wid="w_39" para="1" sent="4">.</wf>
    <wf wid="w_40" para="1" sent="5">Financieel</wf>
    <wf wid="w_41" para="1" sent="5">Dagblad</wf>
    <wf wid="w_42" para="1" sent="5">)</wf>
    <wf wid="w_43" para="1" sent="5">en</wf>
    <wf wid="w_44" para="1" sent="5">een</wf>
    <wf wid="w_45" para="1" sent="5">videointerview</wf>
    <wf wid="w_46" para="1" sent="5">op</wf>
    <wf wid="w_47" para="1" sent="5">Misset</wf>
    <wf wid="w_48" para="1" sent="5">.</wf>
    <wf wid="w_49" para="1" sent="6">De</wf>
    <wf wid="w_50" para="1" sent="6">inrichting</wf>
    <wf wid="w_51" para="1" sent="6">is</wf>
    <wf wid="w_52" para="1" sent="6">bijzonder</wf>
    <wf wid="w_53" para="1" sent="6">geslaagd</wf>
    <wf wid="w_54" para="1" sent="6">in</wf>
    <wf wid="w_55" para="1" sent="6">de</wf>
    <wf wid="w_56" para="1" sent="6">lobby</wf>
    <wf wid="w_57" para="1" sent="6">en</wf>
    <wf wid="w_58" para="1" sent="6">restaurant</wf>
    <wf wid="w_59" para="1" sent="6">.</wf>
    <wf wid="w_60" para="1" sent="7">De</wf>
    <wf wid="w_61" para="1" sent="7">kamer</wf>
    <wf wid="w_62" para="1" sent="7">echter</wf>
    <wf wid="w_63" para="1" sent="7">wat</wf>
    <wf wid="w_64" para="1" sent="7">minder</wf>
    <wf wid="w_65" para="1" sent="7">,</wf>
    <wf wid="w_66" para="1" sent="7">zeker</wf>
    <wf wid="w_67" para="1" sent="7">als</wf>
    <wf wid="w_68" para="1" sent="7">het</wf>
    <wf wid="w_69" para="1" sent="7">gaat</wf>
    <wf wid="w_70" para="1" sent="7">om</wf>
    <wf wid="w_71" para="1" sent="7">praktische</wf>
    <wf wid="w_72" para="1" sent="7">zaken</wf>
    <wf wid="w_73" para="1" sent="7">zoals</wf>
    <wf wid="w_74" para="1" sent="7">verlichting</wf>
    <wf wid="w_75" para="1" sent="7">(erg</wf>
    <wf wid="w_76" para="1" sent="7">donker</wf>
    <wf wid="w_77" para="1" sent="7">)</wf>
    <wf wid="w_78" para="1" sent="7">.</wf>
    <wf wid="w_79" para="1" sent="8">Wij</wf>
    <wf wid="w_80" para="1" sent="8">verbleven</wf>
    <wf wid="w_81" para="1" sent="8">er</wf>
    <wf wid="w_82" para="1" sent="8">twee</wf>
    <wf wid="w_83" para="1" sent="8">nachten</wf>
    <wf wid="w_84" para="1" sent="8">en</wf>
    <wf wid="w_85" para="1" sent="8">werden</wf>
    <wf wid="w_86" para="1" sent="8">in</wf>
    <wf wid="w_87" para="1" sent="8">de</wf>
    <wf wid="w_88" para="1" sent="8">eerste</wf>
    <wf wid="w_89" para="1" sent="8">nacht</wf>
    <wf wid="w_90" para="1" sent="8">al</wf>
    <wf wid="w_91" para="1" sent="8">geconfronteerd</wf>
    <wf wid="w_92" para="1" sent="8">met</wf>
    <wf wid="w_93" para="1" sent="8">muizen</wf>
    <wf wid="w_94" para="1" sent="8">.</wf>
    <wf wid="w_95" para="1" sent="9">De</wf>
    <wf wid="w_96" para="1" sent="9">volgende</wf>
    <wf wid="w_97" para="1" sent="9">dag</wf>
    <wf wid="w_98" para="1" sent="9">was</wf>
    <wf wid="w_99" para="1" sent="9">dit</wf>
    <wf wid="w_100" para="1" sent="9">ook</wf>
    <wf wid="w_101" para="1" sent="9">duidelijk</wf>
    <wf wid="w_102" para="1" sent="9">zichtbaar</wf>
    <wf wid="w_103" para="1" sent="9">.</wf>
    <wf wid="w_104" para="1" sent="10">Twee</wf>
    <wf wid="w_105" para="1" sent="10">muizen</wf>
    <wf wid="w_106" para="1" sent="10">vlogen</wf>
    <wf wid="w_107" para="1" sent="10">onder</wf>
    <wf wid="w_108" para="1" sent="10">het</wf>
    <wf wid="w_109" para="1" sent="10">bed</wf>
    <wf wid="w_110" para="1" sent="10">en</wf>
    <wf wid="w_111" para="1" sent="10">twee</wf>
    <wf wid="w_112" para="1" sent="10">achter</wf>
    <wf wid="w_113" para="1" sent="10">de</wf>
    <wf wid="w_114" para="1" sent="10">bureau</wf>
    <wf wid="w_115" para="1" sent="10">desk</wf>
    <wf wid="w_116" para="1" sent="10">.</wf>
    <wf wid="w_117" para="1" sent="11">De</wf>
    <wf wid="w_118" para="1" sent="11">kamer</wf>
    <wf wid="w_119" para="1" sent="11">(s</wf>
    <wf wid="w_120" para="1" sent="11">)</wf>
    <wf wid="w_121" para="1" sent="11">heb</wf>
    <wf wid="w_122" para="1" sent="11">(ben</wf>
    <wf wid="w_123" para="1" sent="11">)namelijk</wf>
    <wf wid="w_124" para="1" sent="11">veel</wf>
    <wf wid="w_125" para="1" sent="11">verborgen</wf>
    <wf wid="w_126" para="1" sent="11">hoeken</wf>
    <wf wid="w_127" para="1" sent="11">en</wf>
    <wf wid="w_128" para="1" sent="11">plinten</wf>
    <wf wid="w_129" para="1" sent="11">.</wf>
    <wf wid="w_130" para="1" sent="12">Het</wf>
    <wf wid="w_131" para="1" sent="12">kamermeisje</wf>
    <wf wid="w_132" para="1" sent="12">,</wf>
    <wf wid="w_133" para="1" sent="12">die</wf>
    <wf wid="w_134" para="1" sent="12">eveneens</wf>
    <wf wid="w_135" para="1" sent="12">de</wf>
    <wf wid="w_136" para="1" sent="12">muizen</wf>
    <wf wid="w_137" para="1" sent="12">had</wf>
    <wf wid="w_138" para="1" sent="12">gezien</wf>
    <wf wid="w_139" para="1" sent="12">,</wf>
    <wf wid="w_140" para="1" sent="12">reageerde</wf>
    <wf wid="w_141" para="1" sent="12">bijzonder</wf>
    <wf wid="w_142" para="1" sent="12">goed</wf>
    <wf wid="w_143" para="1" sent="12">hierop</wf>
    <wf wid="w_144" para="1" sent="12">en</wf>
    <wf wid="w_145" para="1" sent="12">begreep</wf>
    <wf wid="w_146" para="1" sent="12">ons</wf>
    <wf wid="w_147" para="1" sent="12">probleem</wf>
    <wf wid="w_148" para="1" sent="12">.</wf>
    <wf wid="w_149" para="1" sent="13">De</wf>
    <wf wid="w_150" para="1" sent="13">general</wf>
    <wf wid="w_151" para="1" sent="13">manager</wf>
    <wf wid="w_152" para="1" sent="13">reageerde</wf>
    <wf wid="w_153" para="1" sent="13">zeer</wf>
    <wf wid="w_154" para="1" sent="13">laconiek</wf>
    <wf wid="w_155" para="1" sent="13">:</wf>
    <wf wid="w_156" para="1" sent="13">&amp;quot</wf>
    <wf wid="w_157" para="1" sent="13">.</wf>
    <wf wid="w_158" para="1" sent="14">ze</wf>
    <wf wid="w_159" para="1" sent="14">komen</wf>
    <wf wid="w_160" para="1" sent="14">van</wf>
    <wf wid="w_161" para="1" sent="14">buiten</wf>
    <wf wid="w_162" para="1" sent="14">&amp;quot</wf>
    <wf wid="w_163" para="1" sent="14">;</wf>
    <wf wid="w_164" para="1" sent="14">en</wf>
    <wf wid="w_165" para="1" sent="14">wilde</wf>
    <wf wid="w_166" para="1" sent="14">het</wf>
    <wf wid="w_167" para="1" sent="14">probleem</wf>
    <wf wid="w_168" para="1" sent="14">niet</wf>
    <wf wid="w_169" para="1" sent="14">onder</wf>
    <wf wid="w_170" para="1" sent="14">ogen</wf>
    <wf wid="w_171" para="1" sent="14">zien</wf>
    <wf wid="w_172" para="1" sent="14">.</wf>
    <wf wid="w_173" para="1" sent="15">Kennelijk</wf>
    <wf wid="w_174" para="1" sent="15">prevaleren</wf>
    <wf wid="w_175" para="1" sent="15">zijn</wf>
    <wf wid="w_176" para="1" sent="15">PR</wf>
    <wf wid="w_177" para="1" sent="15">activiteiten</wf>
    <wf wid="w_178" para="1" sent="15">boven</wf>
    <wf wid="w_179" para="1" sent="15">dit</wf>
    <wf wid="w_180" para="1" sent="15">(voor</wf>
    <wf wid="w_181" para="1" sent="15">ons</wf>
    <wf wid="w_182" para="1" sent="15">)</wf>
    <wf wid="w_183" para="1" sent="15">acute</wf>
    <wf wid="w_184" para="1" sent="15">probleem</wf>
    <wf wid="w_185" para="1" sent="15">.</wf>
    <wf wid="w_186" para="1" sent="16">Na</wf>
    <wf wid="w_187" para="1" sent="16">veel</wf>
    <wf wid="w_188" para="1" sent="16">moeite</wf>
    <wf wid="w_189" para="1" sent="16">konden</wf>
    <wf wid="w_190" para="1" sent="16">wij</wf>
    <wf wid="w_191" para="1" sent="16">van</wf>
    <wf wid="w_192" para="1" sent="16">kamer</wf>
    <wf wid="w_193" para="1" sent="16">wisselen</wf>
    <wf wid="w_194" para="1" sent="16">,</wf>
    <wf wid="w_195" para="1" sent="16">geassisteerd</wf>
    <wf wid="w_196" para="1" sent="16">door</wf>
    <wf wid="w_197" para="1" sent="16">de</wf>
    <wf wid="w_198" para="1" sent="16">Dutymanager</wf>
    <wf wid="w_199" para="1" sent="16">Maaike</wf>
    <wf wid="w_200" para="1" sent="16">Kort</wf>
    <wf wid="w_201" para="1" sent="16">,</wf>
    <wf wid="w_202" para="1" sent="16">echter</wf>
    <wf wid="w_203" para="1" sent="16">ook</wf>
    <wf wid="w_204" para="1" sent="16">zij</wf>
    <wf wid="w_205" para="1" sent="16">wilde</wf>
    <wf wid="w_206" para="1" sent="16">dit</wf>
    <wf wid="w_207" para="1" sent="16">probleem</wf>
    <wf wid="w_208" para="1" sent="16">niet</wf>
    <wf wid="w_209" para="1" sent="16">onder</wf>
    <wf wid="w_210" para="1" sent="16">ogen</wf>
    <wf wid="w_211" para="1" sent="16">zien</wf>
    <wf wid="w_212" para="1" sent="16">.</wf>
    <wf wid="w_213" para="1" sent="17">Zij</wf>
    <wf wid="w_214" para="1" sent="17">zou</wf>
    <wf wid="w_215" para="1" sent="17">de</wf>
    <wf wid="w_216" para="1" sent="17">nieuwe</wf>
    <wf wid="w_217" para="1" sent="17">kamer</wf>
    <wf wid="w_218" para="1" sent="17">grondig</wf>
    <wf wid="w_219" para="1" sent="17">inspecteren</wf>
    <wf wid="w_220" para="1" sent="17">zodat</wf>
    <wf wid="w_221" para="1" sent="17">alles</wf>
    <wf wid="w_222" para="1" sent="17">piekfijn</wf>
    <wf wid="w_223" para="1" sent="17">in</wf>
    <wf wid="w_224" para="1" sent="17">order</wf>
    <wf wid="w_225" para="1" sent="17">zou</wf>
    <wf wid="w_226" para="1" sent="17">zijn</wf>
    <wf wid="w_227" para="1" sent="17">,</wf>
    <wf wid="w_228" para="1" sent="17">echter</wf>
    <wf wid="w_229" para="1" sent="17">het</wf>
    <wf wid="w_230" para="1" sent="17">werd</wf>
    <wf wid="w_231" para="1" sent="17">een</wf>
    <wf wid="w_232" para="1" sent="17">kamer</wf>
    <wf wid="w_233" para="1" sent="17">met</wf>
    <wf wid="w_234" para="1" sent="17">stoffige</wf>
    <wf wid="w_235" para="1" sent="17">vieze</wf>
    <wf wid="w_236" para="1" sent="17">ramen</wf>
    <wf wid="w_237" para="1" sent="17">,</wf>
    <wf wid="w_238" para="1" sent="17">een</wf>
    <wf wid="w_239" para="1" sent="17">onafgemaakt</wf>
    <wf wid="w_240" para="1" sent="17">bed</wf>
    <wf wid="w_241" para="1" sent="17">en</wf>
    <wf wid="w_242" para="1" sent="17">een</wf>
    <wf wid="w_243" para="1" sent="17">gemis</wf>
    <wf wid="w_244" para="1" sent="17">aan</wf>
    <wf wid="w_245" para="1" sent="17">praktische</wf>
    <wf wid="w_246" para="1" sent="17">zaken</wf>
    <wf wid="w_247" para="1" sent="17">zoals</wf>
    <wf wid="w_248" para="1" sent="17">een</wf>
    <wf wid="w_249" para="1" sent="17">fohn</wf>
    <wf wid="w_250" para="1" sent="17">en</wf>
    <wf wid="w_251" para="1" sent="17">bedverlichting</wf>
    <wf wid="w_252" para="1" sent="17">.</wf>
    <wf wid="w_253" para="1" sent="18">Tot</wf>
    <wf wid="w_254" para="1" sent="18">hier</wf>
    <wf wid="w_255" para="1" sent="18">en</wf>
    <wf wid="w_256" para="1" sent="18">niet</wf>
    <wf wid="w_257" para="1" sent="18">verder</wf>
    <wf wid="w_258" para="1" sent="18">:</wf>
    <wf wid="w_259" para="1" sent="18">punt</wf>
    <wf wid="w_260" para="1" sent="18">,</wf>
    <wf wid="w_261" para="1" sent="18">waren</wf>
    <wf wid="w_262" para="1" sent="18">haar</wf>
    <wf wid="w_263" para="1" sent="18">woorden</wf>
    <wf wid="w_264" para="1" sent="18">nadat</wf>
    <wf wid="w_265" para="1" sent="18">er</wf>
    <wf wid="w_266" para="1" sent="18">een</wf>
    <wf wid="w_267" para="1" sent="18">fles</wf>
    <wf wid="w_268" para="1" sent="18">champagne</wf>
    <wf wid="w_269" para="1" sent="18">op</wf>
    <wf wid="w_270" para="1" sent="18">tafel</wf>
    <wf wid="w_271" para="1" sent="18">stond</wf>
    <wf wid="w_272" para="1" sent="18">echter</wf>
    <wf wid="w_273" para="1" sent="18">zonder</wf>
    <wf wid="w_274" para="1" sent="18">kaartje</wf>
    <wf wid="w_275" para="1" sent="18">met</wf>
    <wf wid="w_276" para="1" sent="18">excuses</wf>
    <wf wid="w_277" para="1" sent="18">van</wf>
    <wf wid="w_278" para="1" sent="18">de</wf>
    <wf wid="w_279" para="1" sent="18">general</wf>
    <wf wid="w_280" para="1" sent="18">manager</wf>
    <wf wid="w_281" para="1" sent="18">die</wf>
    <wf wid="w_282" para="1" sent="18">zich</wf>
    <wf wid="w_283" para="1" sent="18">niet</wf>
    <wf wid="w_284" para="1" sent="18">meer</wf>
    <wf wid="w_285" para="1" sent="18">heeft</wf>
    <wf wid="w_286" para="1" sent="18">laten</wf>
    <wf wid="w_287" para="1" sent="18">zien</wf>
    <wf wid="w_288" para="1" sent="18">.</wf>
    <wf wid="w_289" para="1" sent="19">De</wf>
    <wf wid="w_290" para="1" sent="19">dag</wf>
    <wf wid="w_291" para="1" sent="19">van</wf>
    <wf wid="w_292" para="1" sent="19">uitcheck</wf>
    <wf wid="w_293" para="1" sent="19">heeft</wf>
    <wf wid="w_294" para="1" sent="19">een</wf>
    <wf wid="w_295" para="1" sent="19">derde</wf>
    <wf wid="w_296" para="1" sent="19">dutymanager</wf>
    <wf wid="w_297" para="1" sent="19">een</wf>
    <wf wid="w_298" para="1" sent="19">passende</wf>
    <wf wid="w_299" para="1" sent="19">oplossing</wf>
    <wf wid="w_300" para="1" sent="19">aangeboden</wf>
    <wf wid="w_301" para="1" sent="19">.</wf>
  </text>
  <terms>
    <term tid="t_1" lemma="muizen" type="open">
      <span>
        <target id="w_1"/>
      </span>
    </term>
    <term tid="t_2" lemma="op" type="open">
      <span>
        <target id="w_2"/>
      </span>
    </term>
    <term tid="t_3" lemma="de" type="open">
      <span>
        <target id="w_3"/>
      </span>
    </term>
    <term tid="t_4" lemma="kamer" type="open">
      <span>
        <target id="w_4"/>
      </span>
    </term>
    <term tid="t_5" lemma="." type="open">
      <span>
        <target id="w_5"/>
      </span>
    </term>
    <term tid="t_6" lemma="na" type="open">
      <span>
        <target id="w_6"/>
      </span>
    </term>
    <term tid="t_7" lemma="de" type="open">
      <span>
        <target id="w_7"/>
      </span>
    </term>
    <term tid="t_8" lemma="verbouwing" type="open">
      <span>
        <target id="w_8"/>
      </span>
    </term>
    <term tid="t_9" lemma="(nog" type="open">
      <span>
        <target id="w_9"/>
      </span>
    </term>
    <term tid="t_10" lemma="niet" type="open">
      <span>
        <target id="w_10"/>
      </span>
      <sentiment sentiment_modifier="shifter" resource="VUA_olery_lexicon_nl_lmf"/>
    </term>
    <term tid="t_11" lemma="volledig" type="open">
      <span>
        <target id="w_11"/>
      </span>
      <sentiment sentiment_modifier="intensifier" resource="VUA_olery_lexicon_nl_lmf"/>
    </term>
    <term tid="t_12" lemma="afgerond" type="open">
      <span>
        <target id="w_12"/>
      </span>
    </term>
    <term tid="t_13" lemma=")" type="open">
      <span>
        <target id="w_13"/>
      </span>
    </term>
    <term tid="t_14" lemma="teruggekeerd" type="open">
      <span>
        <target id="w_14"/>
      </span>
    </term>
    <term tid="t_15" lemma="naar" type="open" pos="G">
      <span>
        <target id="w_15"/>
      </span>
      <sentiment polarity="negative" resource="VUA_olery_lexicon_nl_lmf"/>
    </term>
    <term tid="t_16" lemma="dit" type="open">
      <span>
        <target id="w_16"/>
      </span>
    </term>
    <term tid="t_17" lemma="hotel" type="open">
      <span>
        <target id="w_17"/>
      </span>
    </term>
    <term tid="t_18" lemma="met" type="open">
      <span>
        <target id="w_18"/>
      </span>
    </term>
    <term tid="t_19" lemma="hoge" type="open">
      <span>
        <target id="w_19"/>
      </span>
    </term>
    <term tid="t_20" lemma="verwachtingen" type="open">
      <span>
        <target id="w_20"/>
      </span>
    </term>
    <term tid="t_21" lemma="." type="open">
      <span>
        <target id="w_21"/>
      </span>
    </term>
    <term tid="t_22" lemma="zeker" type="open">
      <span>
        <target id="w_22"/>
      </span>
    </term>
    <term tid="t_23" lemma="zoals" type="open">
      <span>
        <target id="w_23"/>
      </span>
    </term>
    <term tid="t_24" lemma="de" type="open">
      <span>
        <target id="w_24"/>
      </span>
    </term>
    <term tid="t_25" lemma="heer" type="open" pos="N">
      <span>
        <target id="w_25"/>
      </span>
      <sentiment polarity="positive" resource="VUA_olery_lexicon_nl_lmf"/>
    </term>
    <term tid="t_26" lemma="krooswijk" type="open">
      <span>
        <target id="w_26"/>
      </span>
    </term>
    <term tid="t_27" lemma="," type="open">
      <span>
        <target id="w_27"/>
      </span>
    </term>
    <term tid="t_28" lemma="general" type="open">
      <span>
        <target id="w_28"/>
      </span>
    </term>
    <term tid="t_29" lemma="manager" type="open">
      <span>
        <target id="w_29"/>
      </span>
    </term>
    <term tid="t_30" lemma="," type="open">
      <span>
        <target id="w_30"/>
      </span>
    </term>
    <term tid="t_31" lemma="dit" type="open">
      <span>
        <target id="w_31"/>
      </span>
    </term>
    <term tid="t_32" lemma="hotel" type="open">
      <span>
        <target id="w_32"/>
      </span>
    </term>
    <term tid="t_33" lemma="profileert" type="open">
      <span>
        <target id="w_33"/>
      </span>
    </term>
    <term tid="t_34" lemma="in" type="open">
      <span>
        <target id="w_34"/>
      </span>
    </term>
    <term tid="t_35" lemma="interviews" type="open">
      <span>
        <target id="w_35"/>
      </span>
    </term>
    <term tid="t_36" lemma="(o" type="open">
      <span>
        <target id="w_36"/>
      </span>
    </term>
    <term tid="t_37" lemma="." type="open">
      <span>
        <target id="w_37"/>
      </span>
    </term>
    <term tid="t_38" lemma="a" type="open">
      <span>
        <target id="w_38"/>
      </span>
    </term>
    <term tid="t_39" lemma="." type="open">
      <span>
        <target id="w_39"/>
      </span>
    </term>
    <term tid="t_40" lemma="financieel" type="open">
      <span>
        <target id="w_40"/>
      </span>
    </term>
    <term tid="t_41" lemma="dagblad" type="open">
      <span>
        <target id="w_41"/>
      </span>
    </term>
    <term tid="t_42" lemma=")" type="open">
      <span>
        <target id="w_42"/>
      </span>
    </term>
    <term tid="t_43" lemma="en" type="open">
      <span>
        <target id="w_43"/>
      </span>
    </term>
    <term tid="t_44" lemma="een" type="open">
      <span>
        <target id="w_44"/>
      </span>
    </term>
    <term tid="t_45" lemma="videointerview" type="open">
      <span>
        <target id="w_45"/>
      </span>
    </term>
    <term tid="t_46" lemma="op" type="open">
      <span>
        <target id="w_46"/>
      </span>
    </term>
    <term tid="t_47" lemma="misset" type="open">
      <span>
        <target id="w_47"/>
      </span>
    </term>
    <term tid="t_48" lemma="." type="open">
      <span>
        <target id="w_48"/>
      </span>
    </term>
    <term tid="t_49" lemma="de" type="open">
      <span>
        <target id="w_49"/>
      </span>
    </term>
    <term tid="t_50" lemma="inrichting" type="open">
      <span>
        <target id="w_50"/>
      </span>
    </term>
    <term tid="t_51" lemma="is" type="open">
      <span>
        <target id="w_51"/>
      </span>
    </term>
    <term tid="t_52" lemma="bijzonder" type="open">
      <span>
        <target id="w_52"/>
      </span>
      <sentiment sentiment_modifier="intensifier" resource="VUA_olery_lexicon_nl_lmf"/>
    </term>
    <term tid="t_53" lemma="geslaagd" type="open" pos="G">
      <span>
        <target id="w_53"/>
      </span>
      <sentiment polarity="positive" resource="VUA_olery_lexicon_nl_lmf"/>
    </term>
    <term tid="t_54" lemma="in" type="open">
      <span>
        <target id="w_54"/>
      </span>
    </term>
    <term tid="t_55" lemma="de" type="open">
      <span>
        <target id="w_55"/>
      </span>
    </term>
    <term tid="t_56" lemma="lobby" type="open">
      <span>
        <target id="w_56"/>
      </span>
    </term>
    <term tid="t_57" lemma="en" type="open">
      <span>
        <target id="w_57"/>
      </span>
    </term>
    <term tid="t_58" lemma="restaurant" type="open">
      <span>
        <target id="w_58"/>
      </span>
    </term>
    <term tid="t_59" lemma="." type="open">
      <span>
        <target id="w_59"/>
      </span>
    </term>
    <term tid="t_60" lemma="de" type="open">
      <span>
        <target id="w_60"/>
      </span>
    </term>
    <term tid="t_61" lemma="kamer" type="open">
      <span>
        <target id="w_61"/>
      </span>
    </term>
    <term tid="t_62" lemma="echter" type="open">
      <span>
        <target id="w_62"/>
      </span>
    </term>
    <term tid="t_63" lemma="wat" type="open">
      <span>
        <target id="w_63"/>
      </span>
    </term>
    <term tid="t_64" lemma="minder" type="open">
      <span>
        <target id="w_64"/>
      </span>
      <sentiment sentiment_modifier="shifter" resource="VUA_olery_lexicon_nl_lmf"/>
    </term>
    <term tid="t_65" lemma="," type="open">
      <span>
        <target id="w_65"/>
      </span>
    </term>
    <term tid="t_66" lemma="zeker" type="open">
      <span>
        <target id="w_66"/>
      </span>
    </term>
    <term tid="t_67" lemma="als" type="open">
      <span>
        <target id="w_67"/>
      </span>
    </term>
    <term tid="t_68" lemma="het" type="open">
      <span>
        <target id="w_68"/>
      </span>
    </term>
    <term tid="t_69" lemma="gaat" type="open">
      <span>
        <target id="w_69"/>
      </span>
    </term>
    <term tid="t_70" lemma="om" type="open">
      <span>
        <target id="w_70"/>
      </span>
    </term>
    <term tid="t_71" lemma="praktische" type="open">
      <span>
        <target id="w_71"/>
      </span>
    </term>
    <term tid="t_72" lemma="zaken" type="open">
      <span>
        <target id="w_72"/>
      </span>
    </term>
    <term tid="t_73" lemma="zoals" type="open">
      <span>
        <target id="w_73"/>
      </span>
    </term>
    <term tid="t_74" lemma="verlichting" type="open">
      <span>
        <target id="w_74"/>
      </span>
    </term>
    <term tid="t_75" lemma="(erg" type="open">
      <span>
        <target id="w_75"/>
      </span>
    </term>
    <term tid="t_76" lemma="donker" type="open" pos="G">
      <span>
        <target id="w_76"/>
      </span>
      <sentiment polarity="negative" resource="VUA_olery_lexicon_nl_lmf"/>
    </term>
    <term tid="t_77" lemma=")" type="open">
      <span>
        <target id="w_77"/>
      </span>
    </term>
    <term tid="t_78" lemma="." type="open">
      <span>
        <target id="w_78"/>
      </span>
    </term>
    <term tid="t_79" lemma="wij" type="open">
      <span>
        <target id="w_79"/>
      </span>
    </term>
    <term tid="t_80" lemma="verbleven" type="open">
      <span>
        <target id="w_80"/>
      </span>
    </term>
    <term tid="t_81" lemma="er" type="open">
      <span>
        <target id="w_81"/>
      </span>
    </term>
    <term tid="t_82" lemma="twee" type="open">
      <span>
        <target id="w_82"/>
      </span>
    </term>
    <term tid="t_83" lemma="nachten" type="open">
      <span>
        <target id="w_83"/>
      </span>
    </term>
    <term tid="t_84" lemma="en" type="open">
      <span>
        <target id="w_84"/>
      </span>
    </term>
    <term tid="t_85" lemma="werden" type="open">
      <span>
        <target id="w_85"/>
      </span>
    </term>
    <term tid="t_86" lemma="in" type="open">
      <span>
        <target id="w_86"/>
      </span>
    </term>
    <term tid="t_87" lemma="de" type="open">
      <span>
        <target id="w_87"/>
      </span>
    </term>
    <term tid="t_88" lemma="eerste" type="open">
      <span>
        <target id="w_88"/>
      </span>
    </term>
    <term tid="t_89" lemma="nacht" type="open">
      <span>
        <target id="w_89"/>
      </span>
    </term>
    <term tid="t_90" lemma="al" type="open">
      <span>
        <target id="w_90"/>
      </span>
    </term>
    <term tid="t_91" lemma="geconfronteerd" type="open">
      <span>
        <target id="w_91"/>
      </span>
    </term>
    <term tid="t_92" lemma="met" type="open">
      <span>
        <target id="w_92"/>
      </span>
    </term>
    <term tid="t_93" lemma="muizen" type="open">
      <span>
        <target id="w_93"/>
      </span>
    </term>
    <term tid="t_94" lemma="." type="open">
      <span>
        <target id="w_94"/>
      </span>
    </term>
    <term tid="t_95" lemma="de" type="open">
      <span>
        <target id="w_95"/>
      </span>
    </term>
    <term tid="t_96" lemma="volgende" type="open">
      <span>
        <target id="w_96"/>
      </span>
    </term>
    <term tid="t_97" lemma="dag" type="open">
      <span>
        <target id="w_97"/>
      </span>
    </term>
    <term tid="t_98" lemma="was" type="open">
      <span>
        <target id="w_98"/>
      </span>
    </term>
    <term tid="t_99" lemma="dit" type="open">
      <span>
        <target id="w_99"/>
      </span>
    </term>
    <term tid="t_100" lemma="ook" type="open">
      <span>
        <target id="w_100"/>
      </span>
    </term>
    <term tid="t_101" lemma="duidelijk" type="open">
      <span>
        <target id="w_101"/>
      </span>
    </term>
    <term tid="t_102" lemma="zichtbaar" type="open">
      <span>
        <target id="w_102"/>
      </span>
    </term>
    <term tid="t_103" lemma="." type="open">
      <span>
        <target id="w_103"/>
      </span>
    </term>
    <term tid="t_104" lemma="twee" type="open">
      <span>
        <target id="w_104"/>
      </span>
    </term>
    <term tid="t_105" lemma="muizen" type="open">
      <span>
        <target id="w_105"/>
      </span>
    </term>
    <term tid="t_106" lemma="vlogen" type="open">
      <span>
        <target id="w_106"/>
      </span>
    </term>
    <term tid="t_107" lemma="onder" type="open">
      <span>
        <target id="w_107"/>
      </span>
    </term>
    <term tid="t_108" lemma="het" type="open">
      <span>
        <target id="w_108"/>
      </span>
    </term>
    <term tid="t_109" lemma="bed" type="open">
      <span>
        <target id="w_109"/>
      </span>
    </term>
    <term tid="t_110" lemma="en" type="open">
      <span>
        <target id="w_110"/>
      </span>
    </term>
    <term tid="t_111" lemma="twee" type="open">
      <span>
        <target id="w_111"/>
      </span>
    </term>
    <term tid="t_112" lemma="achter" type="open">
      <span>
        <target id="w_112"/>
      </span>
    </term>
    <term tid="t_113" lemma="de" type="open">
      <span>
        <target id="w_113"/>
      </span>
    </term>
    <term tid="t_114" lemma="bureau" type="open">
      <span>
        <target id="w_114"/>
      </span>
    </term>
    <term tid="t_115" lemma="desk" type="open">
      <span>
        <target id="w_115"/>
      </span>
    </term>
    <term tid="t_116" lemma="." type="open">
      <span>
        <target id="w_116"/>
      </span>
    </term>
    <term tid="t_117" lemma="de" type="open">
      <span>
        <target id="w_117"/>
      </span>
    </term>
    <term tid="t_118" lemma="kamer" type="open">
      <span>
        <target id="w_118"/>
      </span>
    </term>
    <term tid="t_119" lemma="(s" type="open">
      <span>
        <target id="w_119"/>
      </span>
    </term>
    <term tid="t_120" lemma=")" type="open">
      <span>
        <target id="w_120"/>
      </span>
    </term>
    <term tid="t_121" lemma="heb" type="open">
      <span>
        <target id="w_121"/>
      </span>
    </term>
    <term tid="t_122" lemma="(ben" type="open">
      <span>
        <target id="w_122"/>
      </span>
    </term>
    <term tid="t_123" lemma=")namelijk" type="open">
      <span>
        <target id="w_123"/>
      </span>
    </term>
    <term tid="t_124" lemma="veel" type="open">
      <span>
        <target id="w_124"/>
      </span>
    </term>
    <term tid="t_125" lemma="verborgen" type="open">
      <span>
        <target id="w_125"/>
      </span>
    </term>
    <term tid="t_126" lemma="hoeken" type="open">
      <span>
        <target id="w_126"/>
      </span>
    </term>
    <term tid="t_127" lemma="en" type="open">
      <span>
        <target id="w_127"/>
      </span>
    </term>
    <term tid="t_128" lemma="plinten" type="open">
      <span>
        <target id="w_128"/>
      </span>
    </term>
    <term tid="t_129" lemma="." type="open">
      <span>
        <target id="w_129"/>
      </span>
    </term>
    <term tid="t_130" lemma="het" type="open">
      <span>
        <target id="w_130"/>
      </span>
    </term>
    <term tid="t_131" lemma="kamermeisje" type="open">
      <span>
        <target id="w_131"/>
      </span>
    </term>
    <term tid="t_132" lemma="," type="open">
      <span>
        <target id="w_132"/>
      </span>
    </term>
    <term tid="t_133" lemma="die" type="open">
      <span>
        <target id="w_133"/>
      </span>
    </term>
    <term tid="t_134" lemma="eveneens" type="open">
      <span>
        <target id="w_134"/>
      </span>
    </term>
    <term tid="t_135" lemma="de" type="open">
      <span>
        <target id="w_135"/>
      </span>
    </term>
    <term tid="t_136" lemma="muizen" type="open">
      <span>
        <target id="w_136"/>
      </span>
    </term>
    <term tid="t_137" lemma="had" type="open">
      <span>
        <target id="w_137"/>
      </span>
    </term>
    <term tid="t_138" lemma="gezien" type="open">
      <span>
        <target id="w_138"/>
      </span>
    </term>
    <term tid="t_139" lemma="," type="open">
      <span>
        <target id="w_139"/>
      </span>
    </term>
    <term tid="t_140" lemma="reageerde" type="open">
      <span>
        <target id="w_140"/>
      </span>
    </term>
    <term tid="t_141" lemma="bijzonder" type="open">
      <span>
        <target id="w_141"/>
      </span>
      <sentiment sentiment_modifier="intensifier" resource="VUA_olery_lexicon_nl_lmf"/>
    </term>
    <term tid="t_142" lemma="goed" type="open" pos="G">
      <span>
        <target id="w_142"/>
      </span>
      <sentiment polarity="positive" resource="VUA_olery_lexicon_nl_lmf"/>
    </term>
    <term tid="t_143" lemma="hierop" type="open">
      <span>
        <target id="w_143"/>
      </span>
    </term>
    <term tid="t_144" lemma="en" type="open">
      <span>
        <target id="w_144"/>
      </span>
    </term>
    <term tid="t_145" lemma="begreep" type="open">
      <span>
        <target id="w_145"/>
      </span>
    </term>
    <term tid="t_146" lemma="ons" type="open">
      <span>
        <target id="w_146"/>
      </span>
    </term>
    <term tid="t_147" lemma="probleem" type="open" pos="N">
      <span>
        <target id="w_147"/>
      </span>
      <sentiment polarity="negative" resource="VUA_olery_lexicon_nl_lmf"/>
    </term>
    <term tid="t_148" lemma="." type="open">
      <span>
        <target id="w_148"/>
      </span>
    </term>
    <term tid="t_149" lemma="de" type="open">
      <span>
        <target id="w_149"/>
      </span>
    </term>
    <term tid="t_150" lemma="general" type="open">
      <span>
        <target id="w_150"/>
      </span>
    </term>
    <term tid="t_151" lemma="manager" type="open">
      <span>
        <target id="w_151"/>
      </span>
    </term>
    <term tid="t_152" lemma="reageerde" type="open">
      <span>
        <target id="w_152"/>
      </span>
    </term>
    <term tid="t_153" lemma="zeer" type="open">
      <span>
        <target id="w_153"/>
      </span>
      <sentiment sentiment_modifier="intensifier" resource="VUA_olery_lexicon_nl_lmf"/>
    </term>
    <term tid="t_154" lemma="laconiek" type="open">
      <span>
        <target id="w_154"/>
      </span>
    </term>
    <term tid="t_155" lemma=":" type="open">
      <span>
        <target id="w_155"/>
      </span>
    </term>
    <term tid="t_156" lemma="&amp;quot" type="open">
      <span>
        <target id="w_156"/>
      </span>
    </term>
    <term tid="t_157" lemma="." type="open">
      <span>
        <target id="w_157"/>
      </span>
    </term>
    <term tid="t_158" lemma="ze" type="open">
      <span>
        <target id="w_158"/>
      </span>
    </term>
    <term tid="t_159" lemma="komen" type="open">
      <span>
        <target id="w_159"/>
      </span>
    </term>
    <term tid="t_160" lemma="van" type="open">
      <span>
        <target id="w_160"/>
      </span>
    </term>
    <term tid="t_161" lemma="buiten" type="open">
      <span>
        <target id="w_161"/>
      </span>
    </term>
    <term tid="t_162" lemma="&amp;quot" type="open">
      <span>
        <target id="w_162"/>
      </span>
    </term>
    <term tid="t_163" lemma=";" type="open">
      <span>
        <target id="w_163"/>
      </span>
    </term>
    <term tid="t_164" lemma="en" type="open">
      <span>
        <target id="w_164"/>
      </span>
    </term>
    <term tid="t_165" lemma="wilde" type="open">
      <span>
        <target id="w_165"/>
      </span>
    </term>
    <term tid="t_166" lemma="het" type="open">
      <span>
        <target id="w_166"/>
      </span>
    </term>
    <term tid="t_167" lemma="probleem" type="open" pos="N">
      <span>
        <target id="w_167"/>
      </span>
      <sentiment polarity="negative" resource="VUA_olery_lexicon_nl_lmf"/>
    </term>
    <term tid="t_168" lemma="niet" type="open">
      <span>
        <target id="w_168"/>
      </span>
      <sentiment sentiment_modifier="shifter" resource="VUA_olery_lexicon_nl_lmf"/>
    </term>
    <term tid="t_169" lemma="onder" type="open">
      <span>
        <target id="w_169"/>
      </span>
    </term>
    <term tid="t_170" lemma="ogen" type="open">
      <span>
        <target id="w_170"/>
      </span>
    </term>
    <term tid="t_171" lemma="zien" type="open">
      <span>
        <target id="w_171"/>
      </span>
    </term>
    <term tid="t_172" lemma="." type="open">
      <span>
        <target id="w_172"/>
      </span>
    </term>
    <term tid="t_173" lemma="kennelijk" type="open">
      <span>
        <target id="w_173"/>
      </span>
    </term>
    <term tid="t_174" lemma="prevaleren" type="open">
      <span>
        <target id="w_174"/>
      </span>
    </term>
    <term tid="t_175" lemma="zijn" type="open">
      <span>
        <target id="w_175"/>
      </span>
    </term>
    <term tid="t_176" lemma="pr" type="open">
      <span>
        <target id="w_176"/>
      </span>
    </term>
    <term tid="t_177" lemma="activiteiten" type="open">
      <span>
        <target id="w_177"/>
      </span>
    </term>
    <term tid="t_178" lemma="boven" type="open">
      <span>
        <target id="w_178"/>
      </span>
    </term>
    <term tid="t_179" lemma="dit" type="open">
      <span>
        <target id="w_179"/>
      </span>
    </term>
    <term tid="t_180" lemma="(voor" type="open">
      <span>
        <target id="w_180"/>
      </span>
    </term>
    <term tid="t_181" lemma="ons" type="open">
      <span>
        <target id="w_181"/>
      </span>
    </term>
    <term tid="t_182" lemma=")" type="open">
      <span>
        <target id="w_182"/>
      </span>
    </term>
    <term tid="t_183" lemma="acute" type="open">
      <span>
        <target id="w_183"/>
      </span>
    </term>
    <term tid="t_184" lemma="probleem" type="open" pos="N">
      <span>
        <target id="w_184"/>
      </span>
      <sentiment polarity="negative" resource="VUA_olery_lexicon_nl_lmf"/>
    </term>
    <term tid="t_185" lemma="." type="open">
      <span>
        <target id="w_185"/>
      </span>
    </term>
    <term tid="t_186" lemma="na" type="open">
      <span>
        <target id="w_186"/>
      </span>
    </term>
    <term tid="t_187" lemma="veel" type="open">
      <span>
        <target id="w_187"/>
      </span>
    </term>
    <term tid="t_188" lemma="moeite" type="open" pos="N">
      <span>
        <target id="w_188"/>
      </span>
      <sentiment polarity="negative" resource="VUA_olery_lexicon_nl_lmf"/>
    </term>
    <term tid="t_189" lemma="konden" type="open">
      <span>
        <target id="w_189"/>
      </span>
    </term>
    <term tid="t_190" lemma="wij" type="open">
      <span>
        <target id="w_190"/>
      </span>
    </term>
    <term tid="t_191" lemma="van" type="open">
      <span>
        <target id="w_191"/>
      </span>
    </term>
    <term tid="t_192" lemma="kamer" type="open">
      <span>
        <target id="w_192"/>
      </span>
    </term>
    <term tid="t_193" lemma="wisselen" type="open">
      <span>
        <target id="w_193"/>
      </span>
    </term>
    <term tid="t_194" lemma="," type="open">
      <span>
        <target id="w_194"/>
      </span>
    </term>
    <term tid="t_195" lemma="geassisteerd" type="open">
      <span>
        <target id="w_195"/>
      </span>
    </term>
    <term tid="t_196" lemma="door" type="open">
      <span>
        <target id="w_196"/>
      </span>
    </term>
    <term tid="t_197" lemma="de" type="open">
      <span>
        <target id="w_197"/>
      </span>
    </term>
    <term tid="t_198" lemma="dutymanager" type="open">
      <span>
        <target id="w_198"/>
      </span>
    </term>
    <term tid="t_199" lemma="maaike" type="open">
      <span>
        <target id="w_199"/>
      </span>
    </term>
    <term tid="t_200" lemma="kort" type="open">
      <span>
        <target id="w_200"/>
      </span>
    </term>
    <term tid="t_201" lemma="," type="open">
      <span>
        <target id="w_201"/>
      </span>
    </term>
    <term tid="t_202" lemma="echter" type="open">
      <span>
        <target id="w_202"/>
      </span>
    </term>
    <term tid="t_203" lemma="ook" type="open">
      <span>
        <target id="w_203"/>
      </span>
    </term>
    <term tid="t_204" lemma="zij" type="open">
      <span>
        <target id="w_204"/>
      </span>
    </term>
    <term tid="t_205" lemma="wilde" type="open">
      <span>
        <target id="w_205"/>
      </span>
    </term>
    <term tid="t_206" lemma="dit" type="open">
      <span>
        <target id="w_206"/>
      </span>
    </term>
    <term tid="t_207" lemma="probleem" type="open" pos="N">
      <span>
        <target id="w_207"/>
      </span>
      <sentiment polarity="negative" resource="VUA_olery_lexicon_nl_lmf"/>
    </term>
    <term tid="t_208" lemma="niet" type="open">
      <span>
        <target id="w_208"/>
      </span>
      <sentiment sentiment_modifier="shifter" resource="VUA_olery_lexicon_nl_lmf"/>
    </term>
    <term tid="t_209" lemma="onder" type="open">
      <span>
        <target id="w_209"/>
      </span>
    </term>
    <term tid="t_210" lemma="ogen" type="open">
      <span>
        <target id="w_210"/>
      </span>
    </term>
    <term tid="t_211" lemma="zien" type="open">
      <span>
        <target id="w_211"/>
      </span>
    </term>
    <term tid="t_212" lemma="." type="open">
      <span>
        <target id="w_212"/>
      </span>
    </term>
    <term tid="t_213" lemma="zij" type="open">
      <span>
        <target id="w_213"/>
      </span>
    </term>
    <term tid="t_214" lemma="zou" type="open">
      <span>
        <target id="w_214"/>
      </span>
    </term>
    <term tid="t_215" lemma="de" type="open">
      <span>
        <target id="w_215"/>
      </span>
    </term>
    <term tid="t_216" lemma="nieuwe" type="open">
      <span>
        <target id="w_216"/>
      </span>
    </term>
    <term tid="t_217" lemma="kamer" type="open">
      <span>
        <target id="w_217"/>
      </span>
    </term>
    <term tid="t_218" lemma="grondig" type="open" pos="G">
      <span>
        <target id="w_218"/>
      </span>
      <sentiment polarity="positive" resource="VUA_olery_lexicon_nl_lmf"/>
    </term>
    <term tid="t_219" lemma="inspecteren" type="open">
      <span>
        <target id="w_219"/>
      </span>
    </term>
    <term tid="t_220" lemma="zodat" type="open">
      <span>
        <target id="w_220"/>
      </span>
    </term>
    <term tid="t_221" lemma="alles" type="open">
      <span>
        <target id="w_221"/>
      </span>
    </term>
    <term tid="t_222" lemma="piekfijn" type="open" pos="G">
      <span>
        <target id="w_222"/>
      </span>
      <sentiment polarity="positive" resource="VUA_olery_lexicon_nl_lmf"/>
    </term>
    <term tid="t_223" lemma="in" type="open">
      <span>
        <target id="w_223"/>
      </span>
    </term>
    <term tid="t_224" lemma="order" type="open">
      <span>
        <target id="w_224"/>
      </span>
    </term>
    <term tid="t_225" lemma="zou" type="open">
      <span>
        <target id="w_225"/>
      </span>
    </term>
    <term tid="t_226" lemma="zijn" type="open">
      <span>
        <target id="w_226"/>
      </span>
    </term>
    <term tid="t_227" lemma="," type="open">
      <span>
        <target id="w_227"/>
      </span>
    </term>
    <term tid="t_228" lemma="echter" type="open">
      <span>
        <target id="w_228"/>
      </span>
    </term>
    <term tid="t_229" lemma="het" type="open">
      <span>
        <target id="w_229"/>
      </span>
    </term>
    <term tid="t_230" lemma="werd" type="open">
      <span>
        <target id="w_230"/>
      </span>
    </term>
    <term tid="t_231" lemma="een" type="open">
      <span>
        <target id="w_231"/>
      </span>
    </term>
    <term tid="t_232" lemma="kamer" type="open">
      <span>
        <target id="w_232"/>
      </span>
    </term>
    <term tid="t_233" lemma="met" type="open">
      <span>
        <target id="w_233"/>
      </span>
    </term>
    <term tid="t_234" lemma="stoffige" type="open">
      <span>
        <target id="w_234"/>
      </span>
    </term>
    <term tid="t_235" lemma="vieze" type="open">
      <span>
        <target id="w_235"/>
      </span>
    </term>
    <term tid="t_236" lemma="ramen" type="open">
      <span>
        <target id="w_236"/>
      </span>
    </term>
    <term tid="t_237" lemma="," type="open">
      <span>
        <target id="w_237"/>
      </span>
    </term>
    <term tid="t_238" lemma="een" type="open">
      <span>
        <target id="w_238"/>
      </span>
    </term>
    <term tid="t_239" lemma="onafgemaakt" type="open">
      <span>
        <target id="w_239"/>
      </span>
    </term>
    <term tid="t_240" lemma="bed" type="open">
      <span>
        <target id="w_240"/>
      </span>
    </term>
    <term tid="t_241" lemma="en" type="open">
      <span>
        <target id="w_241"/>
      </span>
    </term>
    <term tid="t_242" lemma="een" type="open">
      <span>
        <target id="w_242"/>
      </span>
    </term>
    <term tid="t_243" lemma="gemis" type="open">
      <span>
        <target id="w_243"/>
      </span>
    </term>
    <term tid="t_244" lemma="aan" type="open">
      <span>
        <target id="w_244"/>
      </span>
    </term>
    <term tid="t_245" lemma="praktische" type="open">
      <span>
        <target id="w_245"/>
      </span>
    </term>
    <term tid="t_246" lemma="zaken" type="open">
      <span>
        <target id="w_246"/>
      </span>
    </term>
    <term tid="t_247" lemma="zoals" type="open">
      <span>
        <target id="w_247"/>
      </span>
    </term>
    <term tid="t_248" lemma="een" type="open">
      <span>
        <target id="w_248"/>
      </span>
    </term>
    <term tid="t_249" lemma="fohn" type="open">
      <span>
        <target id="w_249"/>
      </span>
    </term>
    <term tid="t_250" lemma="en" type="open">
      <span>
        <target id="w_250"/>
      </span>
    </term>
    <term tid="t_251" lemma="bedverlichting" type="open">
      <span>
        <target id="w_251"/>
      </span>
    </term>
    <term tid="t_252" lemma="." type="open">
      <span>
        <target id="w_252"/>
      </span>
    </term>
    <term tid="t_253" lemma="tot" type="open">
      <span>
        <target id="w_253"/>
      </span>
    </term>
    <term tid="t_254" lemma="hier" type="open">
      <span>
        <target id="w_254"/>
      </span>
    </term>
    <term tid="t_255" lemma="en" type="open">
      <span>
        <target id="w_255"/>
      </span>
    </term>
    <term tid="t_256" lemma="niet" type="open">
      <span>
        <target id="w_256"/>
      </span>
      <sentiment sentiment_modifier="shifter" resource="VUA_olery_lexicon_nl_lmf"/>
    </term>
    <term tid="t_257" lemma="verder" type="open">
      <span>
        <target id="w_257"/>
      </span>
    </term>
    <term tid="t_258" lemma=":" type="open">
      <span>
        <target id="w_258"/>
      </span>
    </term>
    <term tid="t_259" lemma="punt" type="open">
      <span>
        <target id="w_259"/>
      </span>
    </term>
    <term tid="t_260" lemma="," type="open">
      <span>
        <target id="w_260"/>
      </span>
    </term>
    <term tid="t_261" lemma="waren" type="open">
      <span>
        <target id="w_261"/>
      </span>
    </term>
    <term tid="t_262" lemma="haar" type="open" pos="N">
      <span>
        <target id="w_262"/>
      </span>
      <sentiment polarity="negative" resource="VUA_olery_lexicon_nl_lmf"/>
    </term>
    <term tid="t_263" lemma="woorden" type="open">
      <span>
        <target id="w_263"/>
      </span>
    </term>
    <term tid="t_264" lemma="nadat" type="open">
      <span>
        <target id="w_264"/>
      </span>
    </term>
    <term tid="t_265" lemma="er" type="open">
      <span>
        <target id="w_265"/>
      </span>
    </term>
    <term tid="t_266" lemma="een" type="open">
      <span>
        <target id="w_266"/>
      </span>
    </term>
    <term tid="t_267" lemma="fles" type="open">
      <span>
        <target id="w_267"/>
      </span>
    </term>
    <term tid="t_268" lemma="champagne" type="open">
      <span>
        <target id="w_268"/>
      </span>
    </term>
    <term tid="t_269" lemma="op" type="open">
      <span>
        <target id="w_269"/>
      </span>
    </term>
    <term tid="t_270" lemma="tafel" type="open">
      <span>
        <target id="w_270"/>
      </span>
    </term>
    <term tid="t_271" lemma="stond" type="open">
      <span>
        <target id="w_271"/>
      </span>
    </term>
    <term tid="t_272" lemma="echter" type="open">
      <span>
        <target id="w_272"/>
      </span>
    </term>
    <term tid="t_273" lemma="zonder" type="open">
      <span>
        <target id="w_273"/>
      </span>
      <sentiment sentiment_modifier="shifter" resource="VUA_olery_lexicon_nl_lmf"/>
    </term>
    <term tid="t_274" lemma="kaartje" type="open">
      <span>
        <target id="w_274"/>
      </span>
    </term>
    <term tid="t_275" lemma="met" type="open">
      <span>
        <target id="w_275"/>
      </span>
    </term>
    <term tid="t_276" lemma="excuses" type="open">
      <span>
        <target id="w_276"/>
      </span>
    </term>
    <term tid="t_277" lemma="van" type="open">
      <span>
        <target id="w_277"/>
      </span>
    </term>
    <term tid="t_278" lemma="de" type="open">
      <span>
        <target id="w_278"/>
      </span>
    </term>
    <term tid="t_279" lemma="general" type="open">
      <span>
        <target id="w_279"/>
      </span>
    </term>
    <term tid="t_280" lemma="manager" type="open">
      <span>
        <target id="w_280"/>
      </span>
    </term>
    <term tid="t_281" lemma="die" type="open">
      <span>
        <target id="w_281"/>
      </span>
    </term>
    <term tid="t_282" lemma="zich" type="open">
      <span>
        <target id="w_282"/>
      </span>
    </term>
    <term tid="t_283" lemma="niet" type="open">
      <span>
        <target id="w_283"/>
      </span>
      <sentiment sentiment_modifier="shifter" resource="VUA_olery_lexicon_nl_lmf"/>
    </term>
    <term tid="t_284" lemma="meer" type="open">
      <span>
        <target id="w_284"/>
      </span>
    </term>
    <term tid="t_285" lemma="heeft" type="open">
      <span>
        <target id="w_285"/>
      </span>
    </term>
    <term tid="t_286" lemma="laten" type="open">
      <span>
        <target id="w_286"/>
      </span>
    </term>
    <term tid="t_287" lemma="zien" type="open">
      <span>
        <target id="w_287"/>
      </span>
    </term>
    <term tid="t_288" lemma="." type="open">
      <span>
        <target id="w_288"/>
      </span>
    </term>
    <term tid="t_289" lemma="de" type="open">
      <span>
        <target id="w_289"/>
      </span>
    </term>
    <term tid="t_290" lemma="dag" type="open">
      <span>
        <target id="w_290"/>
      </span>
    </term>
    <term tid="t_291" lemma="van" type="open">
      <span>
        <target id="w_291"/>
      </span>
    </term>
    <term tid="t_292" lemma="uitcheck" type="open">
      <span>
        <target id="w_292"/>
      </span>
    </term>
    <term tid="t_293" lemma="heeft" type="open">
      <span>
        <target id="w_293"/>
      </span>
    </term>
    <term tid="t_294" lemma="een" type="open">
      <span>
        <target id="w_294"/>
      </span>
    </term>
    <term tid="t_295" lemma="derde" type="open">
      <span>
        <target id="w_295"/>
      </span>
    </term>
    <term tid="t_296" lemma="dutymanager" type="open">
      <span>
        <target id="w_296"/>
      </span>
    </term>
    <term tid="t_297" lemma="een" type="open">
      <span>
        <target id="w_297"/>
      </span>
    </term>
    <term tid="t_298" lemma="passende" type="open">
      <span>
        <target id="w_298"/>
      </span>
    </term>
    <term tid="t_299" lemma="oplossing" type="open">
      <span>
        <target id="w_299"/>
      </span>
    </term>
    <term tid="t_300" lemma="aangeboden" type="open">
      <span>
        <target id="w_300"/>
      </span>
    </term>
    <term tid="t_301" lemma="." type="open">
      <span>
        <target id="w_301"/>
      </span>
    </term>
  </terms>
  <entities>
    <entity type="MISC" eid="e_1">
      <span>
        <target id="t_175"/>
      </span>
      <span>
        <target id="t_226"/>
      </span>
    </entity>
    <entity type="PER" eid="e_2">
      <span>
        <target id="t_178"/>
      </span>
    </entity>
    <entity type="ORG" eid="e_3">
      <span>
        <target id="t_4"/>
      </span>
      <span>
        <target id="t_61"/>
      </span>
      <span>
        <target id="t_118"/>
      </span>
      <span>
        <target id="t_192"/>
      </span>
      <span>
        <target id="t_217"/>
      </span>
      <span>
        <target id="t_232"/>
      </span>
    </entity>
    <entity type="MISC" eid="e_4">
      <span>
        <target id="t_38"/>
      </span>
    </entity>
  </entities>
  <properties>
    <property type="bathroom" pid="p_1">
      <span>
        <target id="t_249"/>
      </span>
    </property>
    <property type="room" pid="p_2">
      <span>
        <target id="t_4"/>
      </span>
      <span>
        <target id="t_61"/>
      </span>
      <span>
        <target id="t_118"/>
      </span>
      <span>
        <target id="t_192"/>
      </span>
      <span>
        <target id="t_217"/>
      </span>
      <span>
        <target id="t_232"/>
      </span>
    </property>
    <property type="restaurant" pid="p_3">
      <span>
        <target id="t_58"/>
      </span>
      <span>
        <target id="t_268"/>
      </span>
      <span>
        <target id="t_270"/>
      </span>
    </property>
    <property type="cleanliness" pid="p_4">
      <span>
        <target id="t_262"/>
      </span>
    </property>
    <property type="sleeping_comfort" pid="p_5">
      <span>
        <target id="t_109"/>
      </span>
      <span>
        <target id="t_240"/>
      </span>
    </property>
    <property type="facilities" pid="p_6">
      <span>
        <target id="t_56"/>
      </span>
    </property>
    <property type="staff" pid="p_7">
      <span>
        <target id="t_29"/>
      </span>
      <span>
        <target id="t_131"/>
      </span>
      <span>
        <target id="t_151"/>
      </span>
      <span>
        <target id="t_280"/>
      </span>
    </property>
  </properties>
  <opinions>
    <opinion oid="o_1">
      <opinion_target>
        <span>
          <target id="t_17"/>
        </span>
      </opinion_target>
      <opinion_expression polarity="negative" strength="-1">
        <span>
          <target id="t_15"/>
        </span>
      </opinion_expression>
    </opinion>
    <opinion oid="o_2">
      <opinion_target>
        <span>
          <target id="t_26"/>
        </span>
      </opinion_target>
      <opinion_expression polarity="positive" strength="1">
        <span>
          <target id="t_25"/>
        </span>
      </opinion_expression>
    </opinion>
    <opinion oid="o_3">
      <opinion_target>
        <span>
          <target id="t_56"/>
        </span>
      </opinion_target>
      <opinion_expression polarity="positive" strength="2">
        <span>
          <target id="t_53"/>
          <target id="t_52"/>
        </span>
      </opinion_expression>
    </opinion>
    <opinion oid="o_4">
      <opinion_target>
        <span>
          <target id="t_75"/>
        </span>
      </opinion_target>
      <opinion_expression polarity="negative" strength="-1">
        <span>
          <target id="t_76"/>
        </span>
      </opinion_expression>
    </opinion>
    <opinion oid="o_5">
      <opinion_target>
        <span>
          <target id="t_143"/>
        </span>
      </opinion_target>
      <opinion_expression polarity="positive" strength="2">
        <span>
          <target id="t_142"/>
          <target id="t_141"/>
        </span>
      </opinion_expression>
    </opinion>
    <opinion oid="o_6">
      <opinion_target>
        <span>
          <target id="t_145"/>
        </span>
      </opinion_target>
      <opinion_expression polarity="negative" strength="-1">
        <span>
          <target id="t_147"/>
        </span>
      </opinion_expression>
    </opinion>
    <opinion oid="o_7">
      <opinion_target>
        <span>
          <target id="t_170"/>
        </span>
      </opinion_target>
      <opinion_expression polarity="negative" strength="-1">
        <span>
          <target id="t_167"/>
        </span>
      </opinion_expression>
    </opinion>
    <opinion oid="o_8">
      <opinion_target>
        <span>
          <target id="t_183"/>
        </span>
      </opinion_target>
      <opinion_expression polarity="negative" strength="-1">
        <span>
          <target id="t_184"/>
        </span>
      </opinion_expression>
    </opinion>
    <opinion oid="o_9">
      <opinion_target>
        <span>
          <target id="t_189"/>
        </span>
      </opinion_target>
      <opinion_expression polarity="negative" strength="-1">
        <span>
          <target id="t_188"/>
        </span>
      </opinion_expression>
    </opinion>
    <opinion oid="o_10">
      <opinion_target>
        <span>
          <target id="t_210"/>
        </span>
      </opinion_target>
      <opinion_expression polarity="negative" strength="-1">
        <span>
          <target id="t_207"/>
        </span>
      </opinion_expression>
    </opinion>
    <opinion oid="o_11">
      <opinion_target>
        <span>
          <target id="t_219"/>
        </span>
      </opinion_target>
      <opinion_expression polarity="positive" strength="1">
        <span>
          <target id="t_218"/>
        </span>
      </opinion_expression>
    </opinion>
    <opinion oid="o_12">
      <opinion_target>
        <span>
          <target id="t_224"/>
        </span>
      </opinion_target>
      <opinion_expression polarity="positive" strength="1">
        <span>
          <target id="t_222"/>
        </span>
      </opinion_expression>
    </opinion>
    <opinion oid="o_13">
      <opinion_target>
        <span>
          <target id="t_263"/>
        </span>
      </opinion_target>
      <opinion_expression polarity="negative" strength="-1">
        <span>
          <target id="t_262"/>
        </span>
      </opinion_expression>
    </opinion>
  </opinions>
</KAF>
