<?xml version='1.0' encoding='UTF-8'?>
<KAF xml:lang="nl">
  <linguisticProcessors layer="text">
    <lp timestamp="2013-01-06T18:33:03CET" version="2.0" name="SentenceTokenizer"/>
  </linguisticProcessors>
  <linguisticProcessors layer="terms">
    <lp timestamp="2013-01-06T18:33:03CET" version="2.0" name="SentenceTokenizer"/>
    <lp timestamp="2013-01-06T18:33:03CET" version="1.0" name="SimplePolarityTagger"/>
  </linguisticProcessors>
  <linguisticProcessor layer="opinions">
    <lp timestamp="2013-01-06T18:33:03CET" version="1.0" name="SimpleOpinionDetector"/>
  </linguisticProcessor>
  <linguisticProcessor layer="properties">
    <lp timestamp="2013-01-06T18:33:03CET" version="1.0" name="SimplePropRecognizer_lookup"/>
  </linguisticProcessor>
  <linguisticProcessor layer="entities">
    <lp timestamp="2013-01-06T18:33:03CET" version="1.0" name="SimpleNER_lookup"/>
  </linguisticProcessor>
  <text>
    <wf wid="w_1" para="1" sent="1">Prima</wf>
    <wf wid="w_2" para="1" sent="1">hotel</wf>
    <wf wid="w_3" para="1" sent="1">als</wf>
    <wf wid="w_4" para="1" sent="1">uitvalsbasis</wf>
    <wf wid="w_5" para="1" sent="1">.</wf>
    <wf wid="w_6" para="1" sent="2">Goedkoop</wf>
    <wf wid="w_7" para="1" sent="2">,</wf>
    <wf wid="w_8" para="1" sent="2">niet</wf>
    <wf wid="w_9" para="1" sent="2">teveel</wf>
    <wf wid="w_10" para="1" sent="2">van</wf>
    <wf wid="w_11" para="1" sent="2">verwachten</wf>
    <wf wid="w_12" para="1" sent="2">.</wf>
    <wf wid="w_13" para="1" sent="3">Ligging</wf>
    <wf wid="w_14" para="1" sent="3">en</wf>
    <wf wid="w_15" para="1" sent="3">bereikbaarheid</wf>
    <wf wid="w_16" para="1" sent="3">is</wf>
    <wf wid="w_17" para="1" sent="3">perfect</wf>
    <wf wid="w_18" para="1" sent="3">!</wf>
    <wf wid="w_19" para="1" sent="4">We</wf>
    <wf wid="w_20" para="1" sent="4">waren</wf>
    <wf wid="w_21" para="1" sent="4">de</wf>
    <wf wid="w_22" para="1" sent="4">hele</wf>
    <wf wid="w_23" para="1" sent="4">dag</wf>
    <wf wid="w_24" para="1" sent="4">op</wf>
    <wf wid="w_25" para="1" sent="4">stap</wf>
    <wf wid="w_26" para="1" sent="4">,</wf>
    <wf wid="w_27" para="1" sent="4">ontbijt</wf>
    <wf wid="w_28" para="1" sent="4">op</wf>
    <wf wid="w_29" para="1" sent="4">de</wf>
    <wf wid="w_30" para="1" sent="4">kamer</wf>
    <wf wid="w_31" para="1" sent="4">,</wf>
    <wf wid="w_32" para="1" sent="4">toilet</wf>
    <wf wid="w_33" para="1" sent="4">en</wf>
    <wf wid="w_34" para="1" sent="4">douche</wf>
    <wf wid="w_35" para="1" sent="4">op</wf>
    <wf wid="w_36" para="1" sent="4">de</wf>
    <wf wid="w_37" para="1" sent="4">gang</wf>
    <wf wid="w_38" para="1" sent="4">.</wf>
    <wf wid="w_39" para="1" sent="5">Goed</wf>
    <wf wid="w_40" para="1" sent="5">geslapen</wf>
    <wf wid="w_41" para="1" sent="5">en</wf>
    <wf wid="w_42" para="1" sent="5">daarna</wf>
    <wf wid="w_43" para="1" sent="5">weer</wf>
    <wf wid="w_44" para="1" sent="5">een</wf>
    <wf wid="w_45" para="1" sent="5">hele</wf>
    <wf wid="w_46" para="1" sent="5">dag</wf>
    <wf wid="w_47" para="1" sent="5">op</wf>
    <wf wid="w_48" para="1" sent="5">pad</wf>
    <wf wid="w_49" para="1" sent="5">en</wf>
    <wf wid="w_50" para="1" sent="5">uitgaan</wf>
    <wf wid="w_51" para="1" sent="5">.</wf>
  </text>
  <terms>
    <term tid="t_1" lemma="prima" type="open" pos="G">
      <span>
        <target id="w_1"/>
      </span>
      <sentiment polarity="positive" resource="VUA_olery_lexicon_nl_lmf"/>
    </term>
    <term tid="t_2" lemma="hotel" type="open">
      <span>
        <target id="w_2"/>
      </span>
    </term>
    <term tid="t_3" lemma="als" type="open">
      <span>
        <target id="w_3"/>
      </span>
    </term>
    <term tid="t_4" lemma="uitvalsbasis" type="open">
      <span>
        <target id="w_4"/>
      </span>
    </term>
    <term tid="t_5" lemma="." type="open">
      <span>
        <target id="w_5"/>
      </span>
    </term>
    <term tid="t_6" lemma="goedkoop" type="open" pos="G">
      <span>
        <target id="w_6"/>
      </span>
      <sentiment polarity="positive" resource="VUA_olery_lexicon_nl_lmf"/>
    </term>
    <term tid="t_7" lemma="," type="open">
      <span>
        <target id="w_7"/>
      </span>
    </term>
    <term tid="t_8" lemma="niet" type="open">
      <span>
        <target id="w_8"/>
      </span>
      <sentiment sentiment_modifier="shifter" resource="VUA_olery_lexicon_nl_lmf"/>
    </term>
    <term tid="t_9" lemma="teveel" type="open">
      <span>
        <target id="w_9"/>
      </span>
    </term>
    <term tid="t_10" lemma="van" type="open">
      <span>
        <target id="w_10"/>
      </span>
    </term>
    <term tid="t_11" lemma="verwachten" type="open">
      <span>
        <target id="w_11"/>
      </span>
    </term>
    <term tid="t_12" lemma="." type="open">
      <span>
        <target id="w_12"/>
      </span>
    </term>
    <term tid="t_13" lemma="ligging" type="open">
      <span>
        <target id="w_13"/>
      </span>
    </term>
    <term tid="t_14" lemma="en" type="open">
      <span>
        <target id="w_14"/>
      </span>
    </term>
    <term tid="t_15" lemma="bereikbaarheid" type="open">
      <span>
        <target id="w_15"/>
      </span>
    </term>
    <term tid="t_16" lemma="is" type="open">
      <span>
        <target id="w_16"/>
      </span>
    </term>
    <term tid="t_17" lemma="perfect" type="open" pos="G">
      <span>
        <target id="w_17"/>
      </span>
      <sentiment polarity="positive" resource="VUA_olery_lexicon_nl_lmf"/>
    </term>
    <term tid="t_18" lemma="!" type="open">
      <span>
        <target id="w_18"/>
      </span>
      <sentiment sentiment_modifier="intensifier" resource="VUA_olery_lexicon_nl_lmf"/>
    </term>
    <term tid="t_19" lemma="we" type="open">
      <span>
        <target id="w_19"/>
      </span>
    </term>
    <term tid="t_20" lemma="waren" type="open">
      <span>
        <target id="w_20"/>
      </span>
    </term>
    <term tid="t_21" lemma="de" type="open">
      <span>
        <target id="w_21"/>
      </span>
    </term>
    <term tid="t_22" lemma="hele" type="open">
      <span>
        <target id="w_22"/>
      </span>
    </term>
    <term tid="t_23" lemma="dag" type="open">
      <span>
        <target id="w_23"/>
      </span>
    </term>
    <term tid="t_24" lemma="op" type="open">
      <span>
        <target id="w_24"/>
      </span>
    </term>
    <term tid="t_25" lemma="stap" type="open">
      <span>
        <target id="w_25"/>
      </span>
    </term>
    <term tid="t_26" lemma="," type="open">
      <span>
        <target id="w_26"/>
      </span>
    </term>
    <term tid="t_27" lemma="ontbijt" type="open">
      <span>
        <target id="w_27"/>
      </span>
    </term>
    <term tid="t_28" lemma="op" type="open">
      <span>
        <target id="w_28"/>
      </span>
    </term>
    <term tid="t_29" lemma="de" type="open">
      <span>
        <target id="w_29"/>
      </span>
    </term>
    <term tid="t_30" lemma="kamer" type="open">
      <span>
        <target id="w_30"/>
      </span>
    </term>
    <term tid="t_31" lemma="," type="open">
      <span>
        <target id="w_31"/>
      </span>
    </term>
    <term tid="t_32" lemma="toilet" type="open">
      <span>
        <target id="w_32"/>
      </span>
    </term>
    <term tid="t_33" lemma="en" type="open">
      <span>
        <target id="w_33"/>
      </span>
    </term>
    <term tid="t_34" lemma="douche" type="open">
      <span>
        <target id="w_34"/>
      </span>
    </term>
    <term tid="t_35" lemma="op" type="open">
      <span>
        <target id="w_35"/>
      </span>
    </term>
    <term tid="t_36" lemma="de" type="open">
      <span>
        <target id="w_36"/>
      </span>
    </term>
    <term tid="t_37" lemma="gang" type="open">
      <span>
        <target id="w_37"/>
      </span>
    </term>
    <term tid="t_38" lemma="." type="open">
      <span>
        <target id="w_38"/>
      </span>
    </term>
    <term tid="t_39" lemma="goed" type="open" pos="G">
      <span>
        <target id="w_39"/>
      </span>
      <sentiment polarity="positive" resource="VUA_olery_lexicon_nl_lmf"/>
    </term>
    <term tid="t_40" lemma="geslapen" type="open">
      <span>
        <target id="w_40"/>
      </span>
    </term>
    <term tid="t_41" lemma="en" type="open">
      <span>
        <target id="w_41"/>
      </span>
    </term>
    <term tid="t_42" lemma="daarna" type="open">
      <span>
        <target id="w_42"/>
      </span>
    </term>
    <term tid="t_43" lemma="weer" type="open">
      <span>
        <target id="w_43"/>
      </span>
    </term>
    <term tid="t_44" lemma="een" type="open">
      <span>
        <target id="w_44"/>
      </span>
    </term>
    <term tid="t_45" lemma="hele" type="open">
      <span>
        <target id="w_45"/>
      </span>
    </term>
    <term tid="t_46" lemma="dag" type="open">
      <span>
        <target id="w_46"/>
      </span>
    </term>
    <term tid="t_47" lemma="op" type="open">
      <span>
        <target id="w_47"/>
      </span>
    </term>
    <term tid="t_48" lemma="pad" type="open">
      <span>
        <target id="w_48"/>
      </span>
    </term>
    <term tid="t_49" lemma="en" type="open">
      <span>
        <target id="w_49"/>
      </span>
    </term>
    <term tid="t_50" lemma="uitgaan" type="open">
      <span>
        <target id="w_50"/>
      </span>
    </term>
    <term tid="t_51" lemma="." type="open">
      <span>
        <target id="w_51"/>
      </span>
    </term>
  </terms>
  <entities>
    <entity type="ORG" eid="e_1">
      <span>
        <target id="t_25"/>
      </span>
    </entity>
    <entity type="PER" eid="e_2">
      <span>
        <target id="t_19"/>
      </span>
    </entity>
    <entity type="PER" eid="e_3">
      <span>
        <target id="t_1"/>
      </span>
    </entity>
    <entity type="ORG" eid="e_4">
      <span>
        <target id="t_30"/>
      </span>
    </entity>
  </entities>
  <properties>
    <property type="value_for_money" pid="p_1">
      <span>
        <target id="t_6"/>
      </span>
    </property>
    <property type="bathroom" pid="p_2">
      <span>
        <target id="t_32"/>
      </span>
      <span>
        <target id="t_34"/>
      </span>
    </property>
    <property type="room" pid="p_3">
      <span>
        <target id="t_30"/>
      </span>
    </property>
    <property type="location" pid="p_4">
      <span>
        <target id="t_4"/>
      </span>
      <span>
        <target id="t_13"/>
      </span>
      <span>
        <target id="t_15"/>
      </span>
    </property>
    <property type="restaurant" pid="p_5">
      <span>
        <target id="t_27"/>
      </span>
    </property>
  </properties>
  <opinions>
    <opinion oid="o_1">
      <opinion_target>
        <span>
          <target id="t_2"/>
        </span>
      </opinion_target>
      <opinion_expression polarity="positive" strength="1">
        <span>
          <target id="t_1"/>
        </span>
      </opinion_expression>
    </opinion>
    <opinion oid="o_2">
      <opinion_target>
        <span>
          <target id="t_9"/>
        </span>
      </opinion_target>
      <opinion_expression polarity="positive" strength="1">
        <span>
          <target id="t_6"/>
        </span>
      </opinion_expression>
    </opinion>
    <opinion oid="o_3">
      <opinion_target>
        <span>
          <target id="t_15"/>
        </span>
      </opinion_target>
      <opinion_expression polarity="positive" strength="1">
        <span>
          <target id="t_17"/>
        </span>
      </opinion_expression>
    </opinion>
    <opinion oid="o_4">
      <opinion_target>
        <span>
          <target id="t_40"/>
        </span>
      </opinion_target>
      <opinion_expression polarity="positive" strength="1">
        <span>
          <target id="t_39"/>
        </span>
      </opinion_expression>
    </opinion>
  </opinions>
</KAF>
