<?xml version='1.0' encoding='UTF-8'?>
<KAF xml:lang="nl">
  <linguisticProcessors layer="text">
    <lp timestamp="2013-01-06T18:30:23CET" version="2.0" name="SentenceTokenizer"/>
  </linguisticProcessors>
  <linguisticProcessors layer="terms">
    <lp timestamp="2013-01-06T18:30:23CET" version="2.0" name="SentenceTokenizer"/>
    <lp timestamp="2013-01-06T18:30:23CET" version="1.0" name="SimplePolarityTagger"/>
  </linguisticProcessors>
  <linguisticProcessor layer="opinions">
    <lp timestamp="2013-01-06T18:30:23CET" version="1.0" name="SimpleOpinionDetector"/>
  </linguisticProcessor>
  <linguisticProcessor layer="properties">
    <lp timestamp="2013-01-06T18:30:23CET" version="1.0" name="SimplePropRecognizer_lookup"/>
  </linguisticProcessor>
  <linguisticProcessor layer="entities">
    <lp timestamp="2013-01-06T18:30:23CET" version="1.0" name="SimpleNER_lookup"/>
  </linguisticProcessor>
  <text>
    <wf wid="w_1" para="1" sent="1">gezellig</wf>
    <wf wid="w_2" para="1" sent="1">,</wf>
    <wf wid="w_3" para="1" sent="1">netjes</wf>
    <wf wid="w_4" para="1" sent="1">,</wf>
    <wf wid="w_5" para="1" sent="1">rustig</wf>
    <wf wid="w_6" para="1" sent="1">,</wf>
    <wf wid="w_7" para="1" sent="1">ideale</wf>
    <wf wid="w_8" para="1" sent="1">uitvalshoek</wf>
    <wf wid="w_9" para="1" sent="1">voor</wf>
    <wf wid="w_10" para="1" sent="1">gebruik</wf>
    <wf wid="w_11" para="1" sent="1">van</wf>
    <wf wid="w_12" para="1" sent="1">het</wf>
    <wf wid="w_13" para="1" sent="1">openbaar</wf>
    <wf wid="w_14" para="1" sent="1">vervoer</wf>
    <wf wid="w_15" para="1" sent="1">,</wf>
    <wf wid="w_16" para="1" sent="1">(</wf>
    <wf wid="w_17" para="1" sent="1">luchthaven</wf>
    <wf wid="w_18" para="1" sent="1">,</wf>
    <wf wid="w_19" para="1" sent="1">trein</wf>
    <wf wid="w_20" para="1" sent="1">,</wf>
    <wf wid="w_21" para="1" sent="1">metro</wf>
    <wf wid="w_22" para="1" sent="1">)</wf>
    <wf wid="w_23" para="1" sent="1">Heerlijk</wf>
    <wf wid="w_24" para="1" sent="1">ontbijt</wf>
    <wf wid="w_25" para="1" sent="1">,</wf>
    <wf wid="w_26" para="1" sent="1">vers</wf>
    <wf wid="w_27" para="1" sent="1">en</wf>
    <wf wid="w_28" para="1" sent="1">vriendelijke</wf>
    <wf wid="w_29" para="1" sent="1">service</wf>
    <wf wid="w_30" para="1" sent="1">!</wf>
  </text>
  <terms>
    <term tid="t_1" lemma="gezellig" type="open" pos="G">
      <span>
        <target id="w_1"/>
      </span>
      <sentiment polarity="positive" resource="VUA_olery_lexicon_nl_lmf"/>
    </term>
    <term tid="t_2" lemma="," type="open">
      <span>
        <target id="w_2"/>
      </span>
    </term>
    <term tid="t_3" lemma="netjes" type="open" pos="G">
      <span>
        <target id="w_3"/>
      </span>
      <sentiment polarity="positive" resource="VUA_olery_lexicon_nl_lmf"/>
    </term>
    <term tid="t_4" lemma="," type="open">
      <span>
        <target id="w_4"/>
      </span>
    </term>
    <term tid="t_5" lemma="rustig" type="open" pos="G">
      <span>
        <target id="w_5"/>
      </span>
      <sentiment polarity="positive" resource="VUA_olery_lexicon_nl_lmf"/>
    </term>
    <term tid="t_6" lemma="," type="open">
      <span>
        <target id="w_6"/>
      </span>
    </term>
    <term tid="t_7" lemma="ideale" type="open">
      <span>
        <target id="w_7"/>
      </span>
    </term>
    <term tid="t_8" lemma="uitvalshoek" type="open">
      <span>
        <target id="w_8"/>
      </span>
    </term>
    <term tid="t_9" lemma="voor" type="open">
      <span>
        <target id="w_9"/>
      </span>
    </term>
    <term tid="t_10" lemma="gebruik" type="open">
      <span>
        <target id="w_10"/>
      </span>
    </term>
    <term tid="t_11" lemma="van" type="open">
      <span>
        <target id="w_11"/>
      </span>
    </term>
    <term tid="t_12" lemma="het" type="open">
      <span>
        <target id="w_12"/>
      </span>
    </term>
    <term tid="t_13" lemma="openbaar" type="open">
      <span>
        <target id="w_13"/>
      </span>
    </term>
    <term tid="t_14" lemma="vervoer" type="open">
      <span>
        <target id="w_14"/>
      </span>
    </term>
    <term tid="t_15" lemma="," type="open">
      <span>
        <target id="w_15"/>
      </span>
    </term>
    <term tid="t_16" lemma="(" type="open">
      <span>
        <target id="w_16"/>
      </span>
    </term>
    <term tid="t_17" lemma="luchthaven" type="open">
      <span>
        <target id="w_17"/>
      </span>
    </term>
    <term tid="t_18" lemma="," type="open">
      <span>
        <target id="w_18"/>
      </span>
    </term>
    <term tid="t_19" lemma="trein" type="open">
      <span>
        <target id="w_19"/>
      </span>
    </term>
    <term tid="t_20" lemma="," type="open">
      <span>
        <target id="w_20"/>
      </span>
    </term>
    <term tid="t_21" lemma="metro" type="open">
      <span>
        <target id="w_21"/>
      </span>
    </term>
    <term tid="t_22" lemma=")" type="open">
      <span>
        <target id="w_22"/>
      </span>
    </term>
    <term tid="t_23" lemma="heerlijk" type="open" pos="G">
      <span>
        <target id="w_23"/>
      </span>
      <sentiment polarity="positive" resource="VUA_olery_lexicon_nl_lmf"/>
    </term>
    <term tid="t_24" lemma="ontbijt" type="open">
      <span>
        <target id="w_24"/>
      </span>
    </term>
    <term tid="t_25" lemma="," type="open">
      <span>
        <target id="w_25"/>
      </span>
    </term>
    <term tid="t_26" lemma="vers" type="open" pos="N">
      <span>
        <target id="w_26"/>
      </span>
      <sentiment polarity="positive" resource="VUA_olery_lexicon_nl_lmf"/>
    </term>
    <term tid="t_27" lemma="en" type="open">
      <span>
        <target id="w_27"/>
      </span>
    </term>
    <term tid="t_28" lemma="vriendelijke" type="open">
      <span>
        <target id="w_28"/>
      </span>
    </term>
    <term tid="t_29" lemma="service" type="open">
      <span>
        <target id="w_29"/>
      </span>
    </term>
    <term tid="t_30" lemma="!" type="open">
      <span>
        <target id="w_30"/>
      </span>
      <sentiment sentiment_modifier="intensifier" resource="VUA_olery_lexicon_nl_lmf"/>
    </term>
  </terms>
  <entities>
    <entity type="MISC" eid="e_1">
      <span>
        <target id="t_29"/>
      </span>
    </entity>
    <entity type="ORG" eid="e_2">
      <span>
        <target id="t_21"/>
      </span>
    </entity>
  </entities>
  <properties>
    <property type="staff" pid="p_1">
      <span>
        <target id="t_29"/>
      </span>
    </property>
    <property type="facilities" pid="p_2">
      <span>
        <target id="t_14"/>
      </span>
    </property>
    <property type="restaurant" pid="p_3">
      <span>
        <target id="t_24"/>
      </span>
      <span>
        <target id="t_26"/>
      </span>
    </property>
    <property type="room" pid="p_4">
      <span>
        <target id="t_3"/>
      </span>
    </property>
    <property type="location" pid="p_5">
      <span>
        <target id="t_17"/>
      </span>
      <span>
        <target id="t_19"/>
      </span>
      <span>
        <target id="t_21"/>
      </span>
    </property>
  </properties>
  <opinions>
    <opinion oid="o_1">
      <opinion_target>
        <span>
          <target id="t_7"/>
        </span>
      </opinion_target>
      <opinion_expression polarity="positive" strength="3">
        <span>
          <target id="t_1"/>
          <target id="t_3"/>
          <target id="t_5"/>
        </span>
      </opinion_expression>
    </opinion>
    <opinion oid="o_2">
      <opinion_target>
        <span>
          <target id="t_24"/>
        </span>
      </opinion_target>
      <opinion_expression polarity="positive" strength="1">
        <span>
          <target id="t_23"/>
        </span>
      </opinion_expression>
    </opinion>
    <opinion oid="o_3">
      <opinion_target>
        <span>
          <target id="t_28"/>
        </span>
      </opinion_target>
      <opinion_expression polarity="positive" strength="1">
        <span>
          <target id="t_26"/>
        </span>
      </opinion_expression>
    </opinion>
  </opinions>
</KAF>
