<?xml version='1.0' encoding='UTF-8'?>
<KAF xml:lang="nl">
  <linguisticProcessors layer="text">
    <lp timestamp="2013-01-06T18:34:57CET" version="2.0" name="SentenceTokenizer"/>
  </linguisticProcessors>
  <linguisticProcessors layer="terms">
    <lp timestamp="2013-01-06T18:34:57CET" version="2.0" name="SentenceTokenizer"/>
    <lp timestamp="2013-01-06T18:34:57CET" version="1.0" name="SimplePolarityTagger"/>
  </linguisticProcessors>
  <linguisticProcessor layer="opinions">
    <lp timestamp="2013-01-06T18:34:57CET" version="1.0" name="SimpleOpinionDetector"/>
  </linguisticProcessor>
  <linguisticProcessor layer="properties">
    <lp timestamp="2013-01-06T18:34:57CET" version="1.0" name="SimplePropRecognizer_lookup"/>
  </linguisticProcessor>
  <linguisticProcessor layer="entities">
    <lp timestamp="2013-01-06T18:34:57CET" version="1.0" name="SimpleNER_lookup"/>
  </linguisticProcessor>
  <text>
    <wf wid="w_1" para="1" sent="1">sorry</wf>
    <wf wid="w_2" para="1" sent="1">maar</wf>
    <wf wid="w_3" para="1" sent="1">geen</wf>
    <wf wid="w_4" para="1" sent="1">enkele</wf>
    <wf wid="w_5" para="1" sent="1">..</wf>
    <wf wid="w_6" para="1" sent="2">receptie</wf>
    <wf wid="w_7" para="1" sent="2">personeel</wf>
    <wf wid="w_8" para="1" sent="2">spreekt</wf>
    <wf wid="w_9" para="1" sent="2">geen</wf>
    <wf wid="w_10" para="1" sent="2">nederlands</wf>
    <wf wid="w_11" para="1" sent="2">en</wf>
    <wf wid="w_12" para="1" sent="2">maar</wf>
    <wf wid="w_13" para="1" sent="2">gebrekkig</wf>
    <wf wid="w_14" para="1" sent="2">engels</wf>
    <wf wid="w_15" para="1" sent="2">,</wf>
    <wf wid="w_16" para="1" sent="2">en</wf>
    <wf wid="w_17" para="1" sent="2">weten</wf>
    <wf wid="w_18" para="1" sent="2">niet</wf>
    <wf wid="w_19" para="1" sent="2">eens</wf>
    <wf wid="w_20" para="1" sent="2">hoe</wf>
    <wf wid="w_21" para="1" sent="2">en</wf>
    <wf wid="w_22" para="1" sent="2">waar</wf>
    <wf wid="w_23" para="1" sent="2">de</wf>
    <wf wid="w_24" para="1" sent="2">kamers</wf>
    <wf wid="w_25" para="1" sent="2">liggen</wf>
    <wf wid="w_26" para="1" sent="2">.kamertje</wf>
    <wf wid="w_27" para="1" sent="2">zeer</wf>
    <wf wid="w_28" para="1" sent="2">klein</wf>
    <wf wid="w_29" para="1" sent="2">met</wf>
    <wf wid="w_30" para="1" sent="2">uitzicht</wf>
    <wf wid="w_31" para="1" sent="2">op</wf>
    <wf wid="w_32" para="1" sent="2">betonnen</wf>
    <wf wid="w_33" para="1" sent="2">muur</wf>
    <wf wid="w_34" para="1" sent="2">en</wf>
    <wf wid="w_35" para="1" sent="2">geen</wf>
    <wf wid="w_36" para="1" sent="2">goed</wf>
    <wf wid="w_37" para="1" sent="2">wekend</wf>
    <wf wid="w_38" para="1" sent="2">t</wf>
    <wf wid="w_39" para="1" sent="2">.v</wf>
    <wf wid="w_40" para="1" sent="2">.tje</wf>
    <wf wid="w_41" para="1" sent="2">.parkeerplaatsje</wf>
    <wf wid="w_42" para="1" sent="2">slecht</wf>
    <wf wid="w_43" para="1" sent="2">te</wf>
    <wf wid="w_44" para="1" sent="2">vinden</wf>
    <wf wid="w_45" para="1" sent="2">en</wf>
    <wf wid="w_46" para="1" sent="2">ze</wf>
    <wf wid="w_47" para="1" sent="2">willen</wf>
    <wf wid="w_48" para="1" sent="2">dat</wf>
    <wf wid="w_49" para="1" sent="2">je</wf>
    <wf wid="w_50" para="1" sent="2">de</wf>
    <wf wid="w_51" para="1" sent="2">autosleutel</wf>
    <wf wid="w_52" para="1" sent="2">achterlaat</wf>
    <wf wid="w_53" para="1" sent="2">zodat</wf>
    <wf wid="w_54" para="1" sent="2">zij</wf>
    <wf wid="w_55" para="1" sent="2">hem</wf>
    <wf wid="w_56" para="1" sent="2">kunnen</wf>
    <wf wid="w_57" para="1" sent="2">verplaatsen</wf>
    <wf wid="w_58" para="1" sent="2">!</wf>
    <wf wid="w_59" para="1" sent="3">ontbijtruimte</wf>
    <wf wid="w_60" para="1" sent="3">als</wf>
    <wf wid="w_61" para="1" sent="3">een</wf>
    <wf wid="w_62" para="1" sent="3">oude</wf>
    <wf wid="w_63" para="1" sent="3">bedrijfskantine</wf>
    <wf wid="w_64" para="1" sent="3">.</wf>
  </text>
  <terms>
    <term tid="t_1" lemma="sorry" type="open">
      <span>
        <target id="w_1"/>
      </span>
    </term>
    <term tid="t_2" lemma="maar" type="open">
      <span>
        <target id="w_2"/>
      </span>
    </term>
    <term tid="t_3" lemma="geen" type="open">
      <span>
        <target id="w_3"/>
      </span>
      <sentiment sentiment_modifier="shifter" resource="VUA_olery_lexicon_nl_lmf"/>
    </term>
    <term tid="t_4" lemma="enkele" type="open">
      <span>
        <target id="w_4"/>
      </span>
    </term>
    <term tid="t_5" lemma=".." type="open">
      <span>
        <target id="w_5"/>
      </span>
    </term>
    <term tid="t_6" lemma="receptie" type="open">
      <span>
        <target id="w_6"/>
      </span>
    </term>
    <term tid="t_7" lemma="personeel" type="open">
      <span>
        <target id="w_7"/>
      </span>
    </term>
    <term tid="t_8" lemma="spreekt" type="open">
      <span>
        <target id="w_8"/>
      </span>
    </term>
    <term tid="t_9" lemma="geen" type="open">
      <span>
        <target id="w_9"/>
      </span>
      <sentiment sentiment_modifier="shifter" resource="VUA_olery_lexicon_nl_lmf"/>
    </term>
    <term tid="t_10" lemma="nederlands" type="open">
      <span>
        <target id="w_10"/>
      </span>
    </term>
    <term tid="t_11" lemma="en" type="open">
      <span>
        <target id="w_11"/>
      </span>
    </term>
    <term tid="t_12" lemma="maar" type="open">
      <span>
        <target id="w_12"/>
      </span>
    </term>
    <term tid="t_13" lemma="gebrekkig" type="open">
      <span>
        <target id="w_13"/>
      </span>
    </term>
    <term tid="t_14" lemma="engels" type="open">
      <span>
        <target id="w_14"/>
      </span>
    </term>
    <term tid="t_15" lemma="," type="open">
      <span>
        <target id="w_15"/>
      </span>
    </term>
    <term tid="t_16" lemma="en" type="open">
      <span>
        <target id="w_16"/>
      </span>
    </term>
    <term tid="t_17" lemma="weten" type="open">
      <span>
        <target id="w_17"/>
      </span>
    </term>
    <term tid="t_18" lemma="niet" type="open">
      <span>
        <target id="w_18"/>
      </span>
      <sentiment sentiment_modifier="shifter" resource="VUA_olery_lexicon_nl_lmf"/>
    </term>
    <term tid="t_19" lemma="eens" type="open">
      <span>
        <target id="w_19"/>
      </span>
    </term>
    <term tid="t_20" lemma="hoe" type="open">
      <span>
        <target id="w_20"/>
      </span>
    </term>
    <term tid="t_21" lemma="en" type="open">
      <span>
        <target id="w_21"/>
      </span>
    </term>
    <term tid="t_22" lemma="waar" type="open">
      <span>
        <target id="w_22"/>
      </span>
    </term>
    <term tid="t_23" lemma="de" type="open">
      <span>
        <target id="w_23"/>
      </span>
    </term>
    <term tid="t_24" lemma="kamers" type="open">
      <span>
        <target id="w_24"/>
      </span>
    </term>
    <term tid="t_25" lemma="liggen" type="open">
      <span>
        <target id="w_25"/>
      </span>
    </term>
    <term tid="t_26" lemma=".kamertje" type="open">
      <span>
        <target id="w_26"/>
      </span>
    </term>
    <term tid="t_27" lemma="zeer" type="open">
      <span>
        <target id="w_27"/>
      </span>
      <sentiment sentiment_modifier="intensifier" resource="VUA_olery_lexicon_nl_lmf"/>
    </term>
    <term tid="t_28" lemma="klein" type="open">
      <span>
        <target id="w_28"/>
      </span>
    </term>
    <term tid="t_29" lemma="met" type="open">
      <span>
        <target id="w_29"/>
      </span>
    </term>
    <term tid="t_30" lemma="uitzicht" type="open">
      <span>
        <target id="w_30"/>
      </span>
    </term>
    <term tid="t_31" lemma="op" type="open">
      <span>
        <target id="w_31"/>
      </span>
    </term>
    <term tid="t_32" lemma="betonnen" type="open">
      <span>
        <target id="w_32"/>
      </span>
    </term>
    <term tid="t_33" lemma="muur" type="open">
      <span>
        <target id="w_33"/>
      </span>
    </term>
    <term tid="t_34" lemma="en" type="open">
      <span>
        <target id="w_34"/>
      </span>
    </term>
    <term tid="t_35" lemma="geen" type="open">
      <span>
        <target id="w_35"/>
      </span>
      <sentiment sentiment_modifier="shifter" resource="VUA_olery_lexicon_nl_lmf"/>
    </term>
    <term tid="t_36" lemma="goed" type="open" pos="G">
      <span>
        <target id="w_36"/>
      </span>
      <sentiment polarity="positive" resource="VUA_olery_lexicon_nl_lmf"/>
    </term>
    <term tid="t_37" lemma="wekend" type="open">
      <span>
        <target id="w_37"/>
      </span>
    </term>
    <term tid="t_38" lemma="t" type="open">
      <span>
        <target id="w_38"/>
      </span>
    </term>
    <term tid="t_39" lemma=".v" type="open">
      <span>
        <target id="w_39"/>
      </span>
    </term>
    <term tid="t_40" lemma=".tje" type="open">
      <span>
        <target id="w_40"/>
      </span>
    </term>
    <term tid="t_41" lemma=".parkeerplaatsje" type="open">
      <span>
        <target id="w_41"/>
      </span>
    </term>
    <term tid="t_42" lemma="slecht" type="open" pos="G">
      <span>
        <target id="w_42"/>
      </span>
      <sentiment polarity="negative" resource="VUA_olery_lexicon_nl_lmf"/>
    </term>
    <term tid="t_43" lemma="te" type="open">
      <span>
        <target id="w_43"/>
      </span>
    </term>
    <term tid="t_44" lemma="vinden" type="open">
      <span>
        <target id="w_44"/>
      </span>
    </term>
    <term tid="t_45" lemma="en" type="open">
      <span>
        <target id="w_45"/>
      </span>
    </term>
    <term tid="t_46" lemma="ze" type="open">
      <span>
        <target id="w_46"/>
      </span>
    </term>
    <term tid="t_47" lemma="willen" type="open">
      <span>
        <target id="w_47"/>
      </span>
    </term>
    <term tid="t_48" lemma="dat" type="open">
      <span>
        <target id="w_48"/>
      </span>
    </term>
    <term tid="t_49" lemma="je" type="open">
      <span>
        <target id="w_49"/>
      </span>
    </term>
    <term tid="t_50" lemma="de" type="open">
      <span>
        <target id="w_50"/>
      </span>
    </term>
    <term tid="t_51" lemma="autosleutel" type="open">
      <span>
        <target id="w_51"/>
      </span>
    </term>
    <term tid="t_52" lemma="achterlaat" type="open">
      <span>
        <target id="w_52"/>
      </span>
    </term>
    <term tid="t_53" lemma="zodat" type="open">
      <span>
        <target id="w_53"/>
      </span>
    </term>
    <term tid="t_54" lemma="zij" type="open">
      <span>
        <target id="w_54"/>
      </span>
    </term>
    <term tid="t_55" lemma="hem" type="open">
      <span>
        <target id="w_55"/>
      </span>
    </term>
    <term tid="t_56" lemma="kunnen" type="open">
      <span>
        <target id="w_56"/>
      </span>
    </term>
    <term tid="t_57" lemma="verplaatsen" type="open">
      <span>
        <target id="w_57"/>
      </span>
    </term>
    <term tid="t_58" lemma="!" type="open">
      <span>
        <target id="w_58"/>
      </span>
      <sentiment sentiment_modifier="intensifier" resource="VUA_olery_lexicon_nl_lmf"/>
    </term>
    <term tid="t_59" lemma="ontbijtruimte" type="open">
      <span>
        <target id="w_59"/>
      </span>
    </term>
    <term tid="t_60" lemma="als" type="open">
      <span>
        <target id="w_60"/>
      </span>
    </term>
    <term tid="t_61" lemma="een" type="open">
      <span>
        <target id="w_61"/>
      </span>
    </term>
    <term tid="t_62" lemma="oude" type="open">
      <span>
        <target id="w_62"/>
      </span>
    </term>
    <term tid="t_63" lemma="bedrijfskantine" type="open">
      <span>
        <target id="w_63"/>
      </span>
    </term>
    <term tid="t_64" lemma="." type="open">
      <span>
        <target id="w_64"/>
      </span>
    </term>
  </terms>
  <entities>
    <entity type="MISC" eid="e_1">
      <span>
        <target id="t_10"/>
      </span>
    </entity>
    <entity type="MISC" eid="e_2">
      <span>
        <target id="t_14"/>
      </span>
    </entity>
  </entities>
  <properties>
    <property type="breakfast" pid="p_1">
      <span>
        <target id="t_59"/>
      </span>
    </property>
    <property type="room" pid="p_2">
      <span>
        <target id="t_30"/>
      </span>
    </property>
    <property type="staff" pid="p_3">
      <span>
        <target id="t_6"/>
      </span>
      <span>
        <target id="t_7"/>
      </span>
    </property>
  </properties>
  <opinions>
    <opinion oid="o_1">
      <opinion_target>
        <span>
          <target id="t_37"/>
        </span>
      </opinion_target>
      <opinion_expression polarity="negative" strength="-1">
        <span>
          <target id="t_36"/>
          <target id="t_35"/>
        </span>
      </opinion_expression>
    </opinion>
    <opinion oid="o_2">
      <opinion_target>
        <span>
          <target id="t_44"/>
        </span>
      </opinion_target>
      <opinion_expression polarity="negative" strength="-1">
        <span>
          <target id="t_42"/>
        </span>
      </opinion_expression>
    </opinion>
  </opinions>
</KAF>
