<?xml version='1.0' encoding='UTF-8'?>
<KAF xml:lang="nl">
  <linguisticProcessors layer="text">
    <lp timestamp="2013-01-06T18:34:19CET" version="2.0" name="SentenceTokenizer"/>
  </linguisticProcessors>
  <linguisticProcessors layer="terms">
    <lp timestamp="2013-01-06T18:34:19CET" version="2.0" name="SentenceTokenizer"/>
    <lp timestamp="2013-01-06T18:34:19CET" version="1.0" name="SimplePolarityTagger"/>
  </linguisticProcessors>
  <linguisticProcessor layer="opinions">
    <lp timestamp="2013-01-06T18:34:19CET" version="1.0" name="SimpleOpinionDetector"/>
  </linguisticProcessor>
  <linguisticProcessor layer="properties">
    <lp timestamp="2013-01-06T18:34:19CET" version="1.0" name="SimplePropRecognizer_lookup"/>
  </linguisticProcessor>
  <linguisticProcessor layer="entities">
    <lp timestamp="2013-01-06T18:34:19CET" version="1.0" name="SimpleNER_lookup"/>
  </linguisticProcessor>
  <text>
    <wf wid="w_1" para="1" sent="1">In</wf>
    <wf wid="w_2" para="1" sent="1">april</wf>
    <wf wid="w_3" para="1" sent="1">heb</wf>
    <wf wid="w_4" para="1" sent="1">ik</wf>
    <wf wid="w_5" para="1" sent="1">samen</wf>
    <wf wid="w_6" para="1" sent="1">met</wf>
    <wf wid="w_7" para="1" sent="1">mijn</wf>
    <wf wid="w_8" para="1" sent="1">vriendin</wf>
    <wf wid="w_9" para="1" sent="1">gelogeerd</wf>
    <wf wid="w_10" para="1" sent="1">in</wf>
    <wf wid="w_11" para="1" sent="1">het</wf>
    <wf wid="w_12" para="1" sent="1">Palace</wf>
    <wf wid="w_13" para="1" sent="1">Hotel</wf>
    <wf wid="w_14" para="1" sent="1">in</wf>
    <wf wid="w_15" para="1" sent="1">Noordwijk</wf>
    <wf wid="w_16" para="1" sent="1">aan</wf>
    <wf wid="w_17" para="1" sent="1">Zee.</wf>
    <wf wid="w_18" para="1" sent="1">De</wf>
    <wf wid="w_19" para="1" sent="1">locatie</wf>
    <wf wid="w_20" para="1" sent="1">is</wf>
    <wf wid="w_21" para="1" sent="1">zeer</wf>
    <wf wid="w_22" para="1" sent="1">gunstig</wf>
    <wf wid="w_23" para="1" sent="1">,</wf>
    <wf wid="w_24" para="1" sent="1">vlakbij</wf>
    <wf wid="w_25" para="1" sent="1">de</wf>
    <wf wid="w_26" para="1" sent="1">winkelstraat</wf>
    <wf wid="w_27" para="1" sent="1">en</wf>
    <wf wid="w_28" para="1" sent="1">het</wf>
    <wf wid="w_29" para="1" sent="1">strand</wf>
    <wf wid="w_30" para="1" sent="1">van</wf>
    <wf wid="w_31" para="1" sent="1">Noordwijk</wf>
    <wf wid="w_32" para="1" sent="1">.</wf>
    <wf wid="w_33" para="1" sent="2">Een</wf>
    <wf wid="w_34" para="1" sent="2">goed</wf>
    <wf wid="w_35" para="1" sent="2">hotel</wf>
    <wf wid="w_36" para="1" sent="2">met</wf>
    <wf wid="w_37" para="1" sent="2">mooie</wf>
    <wf wid="w_38" para="1" sent="2">kamers</wf>
    <wf wid="w_39" para="1" sent="2">(</wf>
    <wf wid="w_40" para="1" sent="2">wij</wf>
    <wf wid="w_41" para="1" sent="2">sliepen</wf>
    <wf wid="w_42" para="1" sent="2">in</wf>
    <wf wid="w_43" para="1" sent="2">een</wf>
    <wf wid="w_44" para="1" sent="2">deluxe</wf>
    <wf wid="w_45" para="1" sent="2">kamer</wf>
    <wf wid="w_46" para="1" sent="2">)</wf>
    <wf wid="w_47" para="1" sent="2">.</wf>
    <wf wid="w_48" para="1" sent="3">De</wf>
    <wf wid="w_49" para="1" sent="3">kamers</wf>
    <wf wid="w_50" para="1" sent="3">zijn</wf>
    <wf wid="w_51" para="1" sent="3">in</wf>
    <wf wid="w_52" para="1" sent="3">prima</wf>
    <wf wid="w_53" para="1" sent="3">staat</wf>
    <wf wid="w_54" para="1" sent="3">en</wf>
    <wf wid="w_55" para="1" sent="3">erg</wf>
    <wf wid="w_56" para="1" sent="3">schoon</wf>
    <wf wid="w_57" para="1" sent="3">.</wf>
    <wf wid="w_58" para="1" sent="4">Personeel</wf>
    <wf wid="w_59" para="1" sent="4">is</wf>
    <wf wid="w_60" para="1" sent="4">erg</wf>
    <wf wid="w_61" para="1" sent="4">vriendelijk</wf>
    <wf wid="w_62" para="1" sent="4">.</wf>
    <wf wid="w_63" para="1" sent="5">Van</wf>
    <wf wid="w_64" para="1" sent="5">de</wf>
    <wf wid="w_65" para="1" sent="5">restaurants</wf>
    <wf wid="w_66" para="1" sent="5">hebben</wf>
    <wf wid="w_67" para="1" sent="5">wij</wf>
    <wf wid="w_68" para="1" sent="5">geen</wf>
    <wf wid="w_69" para="1" sent="5">gebruik</wf>
    <wf wid="w_70" para="1" sent="5">gemaakt</wf>
    <wf wid="w_71" para="1" sent="5">,</wf>
    <wf wid="w_72" para="1" sent="5">alleen</wf>
    <wf wid="w_73" para="1" sent="5">het</wf>
    <wf wid="w_74" para="1" sent="5">ontbijt</wf>
    <wf wid="w_75" para="1" sent="5">,</wf>
    <wf wid="w_76" para="1" sent="5">en</wf>
    <wf wid="w_77" para="1" sent="5">dat</wf>
    <wf wid="w_78" para="1" sent="5">was</wf>
    <wf wid="w_79" para="1" sent="5">prima</wf>
    <wf wid="w_80" para="1" sent="5">.</wf>
  </text>
  <terms>
    <term tid="t_1" lemma="in" type="open">
      <span>
        <target id="w_1"/>
      </span>
    </term>
    <term tid="t_2" lemma="april" type="open">
      <span>
        <target id="w_2"/>
      </span>
    </term>
    <term tid="t_3" lemma="heb" type="open">
      <span>
        <target id="w_3"/>
      </span>
    </term>
    <term tid="t_4" lemma="ik" type="open">
      <span>
        <target id="w_4"/>
      </span>
    </term>
    <term tid="t_5" lemma="samen" type="open">
      <span>
        <target id="w_5"/>
      </span>
    </term>
    <term tid="t_6" lemma="met" type="open">
      <span>
        <target id="w_6"/>
      </span>
    </term>
    <term tid="t_7" lemma="mijn" type="open">
      <span>
        <target id="w_7"/>
      </span>
    </term>
    <term tid="t_8" lemma="vriendin" type="open">
      <span>
        <target id="w_8"/>
      </span>
    </term>
    <term tid="t_9" lemma="gelogeerd" type="open">
      <span>
        <target id="w_9"/>
      </span>
    </term>
    <term tid="t_10" lemma="in" type="open">
      <span>
        <target id="w_10"/>
      </span>
    </term>
    <term tid="t_11" lemma="het" type="open">
      <span>
        <target id="w_11"/>
      </span>
    </term>
    <term tid="t_12" lemma="palace" type="open">
      <span>
        <target id="w_12"/>
      </span>
    </term>
    <term tid="t_13" lemma="hotel" type="open">
      <span>
        <target id="w_13"/>
      </span>
    </term>
    <term tid="t_14" lemma="in" type="open">
      <span>
        <target id="w_14"/>
      </span>
    </term>
    <term tid="t_15" lemma="noordwijk" type="open">
      <span>
        <target id="w_15"/>
      </span>
    </term>
    <term tid="t_16" lemma="aan" type="open">
      <span>
        <target id="w_16"/>
      </span>
    </term>
    <term tid="t_17" lemma="zee." type="open">
      <span>
        <target id="w_17"/>
      </span>
    </term>
    <term tid="t_18" lemma="de" type="open">
      <span>
        <target id="w_18"/>
      </span>
    </term>
    <term tid="t_19" lemma="locatie" type="open">
      <span>
        <target id="w_19"/>
      </span>
    </term>
    <term tid="t_20" lemma="is" type="open">
      <span>
        <target id="w_20"/>
      </span>
    </term>
    <term tid="t_21" lemma="zeer" type="open">
      <span>
        <target id="w_21"/>
      </span>
      <sentiment sentiment_modifier="intensifier" resource="VUA_olery_lexicon_nl_lmf"/>
    </term>
    <term tid="t_22" lemma="gunstig" type="open" pos="G">
      <span>
        <target id="w_22"/>
      </span>
      <sentiment polarity="positive" resource="VUA_olery_lexicon_nl_lmf"/>
    </term>
    <term tid="t_23" lemma="," type="open">
      <span>
        <target id="w_23"/>
      </span>
    </term>
    <term tid="t_24" lemma="vlakbij" type="open" pos="G">
      <span>
        <target id="w_24"/>
      </span>
      <sentiment polarity="positive" resource="VUA_olery_lexicon_nl_lmf"/>
    </term>
    <term tid="t_25" lemma="de" type="open">
      <span>
        <target id="w_25"/>
      </span>
    </term>
    <term tid="t_26" lemma="winkelstraat" type="open">
      <span>
        <target id="w_26"/>
      </span>
    </term>
    <term tid="t_27" lemma="en" type="open">
      <span>
        <target id="w_27"/>
      </span>
    </term>
    <term tid="t_28" lemma="het" type="open">
      <span>
        <target id="w_28"/>
      </span>
    </term>
    <term tid="t_29" lemma="strand" type="open">
      <span>
        <target id="w_29"/>
      </span>
    </term>
    <term tid="t_30" lemma="van" type="open">
      <span>
        <target id="w_30"/>
      </span>
    </term>
    <term tid="t_31" lemma="noordwijk" type="open">
      <span>
        <target id="w_31"/>
      </span>
    </term>
    <term tid="t_32" lemma="." type="open">
      <span>
        <target id="w_32"/>
      </span>
    </term>
    <term tid="t_33" lemma="een" type="open">
      <span>
        <target id="w_33"/>
      </span>
    </term>
    <term tid="t_34" lemma="goed" type="open" pos="G">
      <span>
        <target id="w_34"/>
      </span>
      <sentiment polarity="positive" resource="VUA_olery_lexicon_nl_lmf"/>
    </term>
    <term tid="t_35" lemma="hotel" type="open">
      <span>
        <target id="w_35"/>
      </span>
    </term>
    <term tid="t_36" lemma="met" type="open">
      <span>
        <target id="w_36"/>
      </span>
    </term>
    <term tid="t_37" lemma="mooie" type="open">
      <span>
        <target id="w_37"/>
      </span>
    </term>
    <term tid="t_38" lemma="kamers" type="open">
      <span>
        <target id="w_38"/>
      </span>
    </term>
    <term tid="t_39" lemma="(" type="open">
      <span>
        <target id="w_39"/>
      </span>
    </term>
    <term tid="t_40" lemma="wij" type="open">
      <span>
        <target id="w_40"/>
      </span>
    </term>
    <term tid="t_41" lemma="sliepen" type="open">
      <span>
        <target id="w_41"/>
      </span>
    </term>
    <term tid="t_42" lemma="in" type="open">
      <span>
        <target id="w_42"/>
      </span>
    </term>
    <term tid="t_43" lemma="een" type="open">
      <span>
        <target id="w_43"/>
      </span>
    </term>
    <term tid="t_44" lemma="deluxe" type="open">
      <span>
        <target id="w_44"/>
      </span>
    </term>
    <term tid="t_45" lemma="kamer" type="open">
      <span>
        <target id="w_45"/>
      </span>
    </term>
    <term tid="t_46" lemma=")" type="open">
      <span>
        <target id="w_46"/>
      </span>
    </term>
    <term tid="t_47" lemma="." type="open">
      <span>
        <target id="w_47"/>
      </span>
    </term>
    <term tid="t_48" lemma="de" type="open">
      <span>
        <target id="w_48"/>
      </span>
    </term>
    <term tid="t_49" lemma="kamers" type="open">
      <span>
        <target id="w_49"/>
      </span>
    </term>
    <term tid="t_50" lemma="zijn" type="open">
      <span>
        <target id="w_50"/>
      </span>
    </term>
    <term tid="t_51" lemma="in" type="open">
      <span>
        <target id="w_51"/>
      </span>
    </term>
    <term tid="t_52" lemma="prima" type="open" pos="G">
      <span>
        <target id="w_52"/>
      </span>
      <sentiment polarity="positive" resource="VUA_olery_lexicon_nl_lmf"/>
    </term>
    <term tid="t_53" lemma="staat" type="open">
      <span>
        <target id="w_53"/>
      </span>
    </term>
    <term tid="t_54" lemma="en" type="open">
      <span>
        <target id="w_54"/>
      </span>
    </term>
    <term tid="t_55" lemma="erg" type="open">
      <span>
        <target id="w_55"/>
      </span>
      <sentiment sentiment_modifier="intensifier" resource="VUA_olery_lexicon_nl_lmf"/>
    </term>
    <term tid="t_56" lemma="schoon" type="open" pos="G">
      <span>
        <target id="w_56"/>
      </span>
      <sentiment polarity="positive" resource="VUA_olery_lexicon_nl_lmf"/>
    </term>
    <term tid="t_57" lemma="." type="open">
      <span>
        <target id="w_57"/>
      </span>
    </term>
    <term tid="t_58" lemma="personeel" type="open">
      <span>
        <target id="w_58"/>
      </span>
    </term>
    <term tid="t_59" lemma="is" type="open">
      <span>
        <target id="w_59"/>
      </span>
    </term>
    <term tid="t_60" lemma="erg" type="open">
      <span>
        <target id="w_60"/>
      </span>
      <sentiment sentiment_modifier="intensifier" resource="VUA_olery_lexicon_nl_lmf"/>
    </term>
    <term tid="t_61" lemma="vriendelijk" type="open" pos="G">
      <span>
        <target id="w_61"/>
      </span>
      <sentiment polarity="positive" resource="VUA_olery_lexicon_nl_lmf"/>
    </term>
    <term tid="t_62" lemma="." type="open">
      <span>
        <target id="w_62"/>
      </span>
    </term>
    <term tid="t_63" lemma="van" type="open">
      <span>
        <target id="w_63"/>
      </span>
    </term>
    <term tid="t_64" lemma="de" type="open">
      <span>
        <target id="w_64"/>
      </span>
    </term>
    <term tid="t_65" lemma="restaurants" type="open">
      <span>
        <target id="w_65"/>
      </span>
    </term>
    <term tid="t_66" lemma="hebben" type="open">
      <span>
        <target id="w_66"/>
      </span>
    </term>
    <term tid="t_67" lemma="wij" type="open">
      <span>
        <target id="w_67"/>
      </span>
    </term>
    <term tid="t_68" lemma="geen" type="open">
      <span>
        <target id="w_68"/>
      </span>
      <sentiment sentiment_modifier="shifter" resource="VUA_olery_lexicon_nl_lmf"/>
    </term>
    <term tid="t_69" lemma="gebruik" type="open">
      <span>
        <target id="w_69"/>
      </span>
    </term>
    <term tid="t_70" lemma="gemaakt" type="open">
      <span>
        <target id="w_70"/>
      </span>
    </term>
    <term tid="t_71" lemma="," type="open">
      <span>
        <target id="w_71"/>
      </span>
    </term>
    <term tid="t_72" lemma="alleen" type="open">
      <span>
        <target id="w_72"/>
      </span>
    </term>
    <term tid="t_73" lemma="het" type="open">
      <span>
        <target id="w_73"/>
      </span>
    </term>
    <term tid="t_74" lemma="ontbijt" type="open">
      <span>
        <target id="w_74"/>
      </span>
    </term>
    <term tid="t_75" lemma="," type="open">
      <span>
        <target id="w_75"/>
      </span>
    </term>
    <term tid="t_76" lemma="en" type="open">
      <span>
        <target id="w_76"/>
      </span>
    </term>
    <term tid="t_77" lemma="dat" type="open">
      <span>
        <target id="w_77"/>
      </span>
    </term>
    <term tid="t_78" lemma="was" type="open">
      <span>
        <target id="w_78"/>
      </span>
    </term>
    <term tid="t_79" lemma="prima" type="open" pos="G">
      <span>
        <target id="w_79"/>
      </span>
      <sentiment polarity="positive" resource="VUA_olery_lexicon_nl_lmf"/>
    </term>
    <term tid="t_80" lemma="." type="open">
      <span>
        <target id="w_80"/>
      </span>
    </term>
  </terms>
  <entities>
    <entity type="MISC" eid="e_1">
      <span>
        <target id="t_50"/>
      </span>
    </entity>
    <entity type="ORG" eid="e_2">
      <span>
        <target id="t_45"/>
      </span>
    </entity>
    <entity type="PER" eid="e_3">
      <span>
        <target id="t_52"/>
      </span>
      <span>
        <target id="t_79"/>
      </span>
    </entity>
  </entities>
  <properties>
    <property type="room" pid="p_1">
      <span>
        <target id="t_45"/>
      </span>
    </property>
    <property type="restaurant" pid="p_2">
      <span>
        <target id="t_74"/>
      </span>
    </property>
    <property type="cleanliness" pid="p_3">
      <span>
        <target id="t_56"/>
      </span>
    </property>
    <property type="facilities" pid="p_4">
      <span>
        <target id="t_26"/>
      </span>
      <span>
        <target id="t_29"/>
      </span>
      <span>
        <target id="t_44"/>
      </span>
    </property>
    <property type="location" pid="p_5">
      <span>
        <target id="t_19"/>
      </span>
      <span>
        <target id="t_24"/>
      </span>
    </property>
    <property type="staff" pid="p_6">
      <span>
        <target id="t_58"/>
      </span>
      <span>
        <target id="t_61"/>
      </span>
    </property>
  </properties>
  <opinions>
    <opinion oid="o_1">
      <opinion_holder>
        <span>
          <target id="t_4"/>
        </span>
      </opinion_holder>
      <opinion_target>
        <span>
          <target id="t_26"/>
        </span>
      </opinion_target>
      <opinion_expression polarity="positive" strength="3">
        <span>
          <target id="t_22"/>
          <target id="t_21"/>
          <target id="t_24"/>
        </span>
      </opinion_expression>
    </opinion>
    <opinion oid="o_2">
      <opinion_target>
        <span>
          <target id="t_35"/>
        </span>
      </opinion_target>
      <opinion_expression polarity="positive" strength="1">
        <span>
          <target id="t_34"/>
        </span>
      </opinion_expression>
    </opinion>
    <opinion oid="o_3">
      <opinion_target>
        <span>
          <target id="t_53"/>
        </span>
      </opinion_target>
      <opinion_expression polarity="positive" strength="1">
        <span>
          <target id="t_52"/>
        </span>
      </opinion_expression>
    </opinion>
    <opinion oid="o_4">
      <opinion_target>
        <span>
          <target id="t_58"/>
        </span>
      </opinion_target>
      <opinion_expression polarity="positive" strength="2">
        <span>
          <target id="t_61"/>
          <target id="t_60"/>
        </span>
      </opinion_expression>
    </opinion>
  </opinions>
</KAF>
