<?xml version='1.0' encoding='UTF-8'?>
<KAF xml:lang="nl">
  <linguisticProcessors layer="text">
    <lp timestamp="2013-01-06T18:27:59CET" version="2.0" name="SentenceTokenizer"/>
  </linguisticProcessors>
  <linguisticProcessors layer="terms">
    <lp timestamp="2013-01-06T18:27:59CET" version="2.0" name="SentenceTokenizer"/>
    <lp timestamp="2013-01-06T18:28:00CET" version="1.0" name="SimplePolarityTagger"/>
  </linguisticProcessors>
  <linguisticProcessor layer="opinions">
    <lp timestamp="2013-01-06T18:28:00CET" version="1.0" name="SimpleOpinionDetector"/>
  </linguisticProcessor>
  <linguisticProcessor layer="properties">
    <lp timestamp="2013-01-06T18:28:00CET" version="1.0" name="SimplePropRecognizer_lookup"/>
  </linguisticProcessor>
  <linguisticProcessor layer="entities">
    <lp timestamp="2013-01-06T18:28:00CET" version="1.0" name="SimpleNER_lookup"/>
  </linguisticProcessor>
  <text>
    <wf wid="w_1" para="1" sent="1">zat</wf>
    <wf wid="w_2" para="1" sent="1">vorig</wf>
    <wf wid="w_3" para="1" sent="1">jaar</wf>
    <wf wid="w_4" para="1" sent="1">in</wf>
    <wf wid="w_5" para="1" sent="1">Harderwijk</wf>
    <wf wid="w_6" para="1" sent="1">tijdens</wf>
    <wf wid="w_7" para="1" sent="1">Lowlands</wf>
    <wf wid="w_8" para="1" sent="1">,</wf>
    <wf wid="w_9" para="1" sent="1">tussen</wf>
    <wf wid="w_10" para="1" sent="1">al</wf>
    <wf wid="w_11" para="1" sent="1">het</wf>
    <wf wid="w_12" para="1" sent="1">weekend</wf>
    <wf wid="w_13" para="1" sent="1">-</wf>
    <wf wid="w_14" para="1" sent="1">lawaai</wf>
    <wf wid="w_15" para="1" sent="1">terwijl</wf>
    <wf wid="w_16" para="1" sent="1">ik</wf>
    <wf wid="w_17" para="1" sent="1">juist</wf>
    <wf wid="w_18" para="1" sent="1">kwam</wf>
    <wf wid="w_19" para="1" sent="1">voor</wf>
    <wf wid="w_20" para="1" sent="1">m</wf>
    <wf wid="w_21" para="1" sent="1">'n</wf>
    <wf wid="w_22" para="1" sent="1">nachtrust</wf>
    <wf wid="w_23" para="1" sent="1">..</wf>
    <wf wid="w_24" para="1" sent="2">dit</wf>
    <wf wid="w_25" para="1" sent="2">jaar</wf>
    <wf wid="w_26" para="1" sent="2">was</wf>
    <wf wid="w_27" para="1" sent="2">het</wf>
    <wf wid="w_28" para="1" sent="2">perfect</wf>
    <wf wid="w_29" para="1" sent="2">,</wf>
    <wf wid="w_30" para="1" sent="2">fantastisch</wf>
    <wf wid="w_31" para="1" sent="2">hotel</wf>
    <wf wid="w_32" para="1" sent="2">..</wf>
    <wf wid="w_33" para="1" sent="3">aanrader</wf>
    <wf wid="w_34" para="1" sent="3">!!</wf>
  </text>
  <terms>
    <term tid="t_1" lemma="zat" type="open" pos="G">
      <span>
        <target id="w_1"/>
      </span>
      <sentiment polarity="negative" resource="VUA_olery_lexicon_nl_lmf"/>
    </term>
    <term tid="t_2" lemma="vorig" type="open">
      <span>
        <target id="w_2"/>
      </span>
    </term>
    <term tid="t_3" lemma="jaar" type="open">
      <span>
        <target id="w_3"/>
      </span>
    </term>
    <term tid="t_4" lemma="in" type="open">
      <span>
        <target id="w_4"/>
      </span>
    </term>
    <term tid="t_5" lemma="harderwijk" type="open">
      <span>
        <target id="w_5"/>
      </span>
    </term>
    <term tid="t_6" lemma="tijdens" type="open">
      <span>
        <target id="w_6"/>
      </span>
    </term>
    <term tid="t_7" lemma="lowlands" type="open">
      <span>
        <target id="w_7"/>
      </span>
    </term>
    <term tid="t_8" lemma="," type="open">
      <span>
        <target id="w_8"/>
      </span>
    </term>
    <term tid="t_9" lemma="tussen" type="open">
      <span>
        <target id="w_9"/>
      </span>
    </term>
    <term tid="t_10" lemma="al" type="open">
      <span>
        <target id="w_10"/>
      </span>
    </term>
    <term tid="t_11" lemma="het" type="open">
      <span>
        <target id="w_11"/>
      </span>
    </term>
    <term tid="t_12" lemma="weekend" type="open">
      <span>
        <target id="w_12"/>
      </span>
    </term>
    <term tid="t_13" lemma="-" type="open">
      <span>
        <target id="w_13"/>
      </span>
    </term>
    <term tid="t_14" lemma="lawaai" type="open" pos="N">
      <span>
        <target id="w_14"/>
      </span>
      <sentiment polarity="negative" resource="VUA_olery_lexicon_nl_lmf"/>
    </term>
    <term tid="t_15" lemma="terwijl" type="open">
      <span>
        <target id="w_15"/>
      </span>
    </term>
    <term tid="t_16" lemma="ik" type="open">
      <span>
        <target id="w_16"/>
      </span>
    </term>
    <term tid="t_17" lemma="juist" type="open" pos="G">
      <span>
        <target id="w_17"/>
      </span>
      <sentiment polarity="positive" resource="VUA_olery_lexicon_nl_lmf"/>
    </term>
    <term tid="t_18" lemma="kwam" type="open">
      <span>
        <target id="w_18"/>
      </span>
    </term>
    <term tid="t_19" lemma="voor" type="open">
      <span>
        <target id="w_19"/>
      </span>
    </term>
    <term tid="t_20" lemma="m" type="open">
      <span>
        <target id="w_20"/>
      </span>
    </term>
    <term tid="t_21" lemma="'n" type="open">
      <span>
        <target id="w_21"/>
      </span>
    </term>
    <term tid="t_22" lemma="nachtrust" type="open">
      <span>
        <target id="w_22"/>
      </span>
    </term>
    <term tid="t_23" lemma=".." type="open">
      <span>
        <target id="w_23"/>
      </span>
    </term>
    <term tid="t_24" lemma="dit" type="open">
      <span>
        <target id="w_24"/>
      </span>
    </term>
    <term tid="t_25" lemma="jaar" type="open">
      <span>
        <target id="w_25"/>
      </span>
    </term>
    <term tid="t_26" lemma="was" type="open">
      <span>
        <target id="w_26"/>
      </span>
    </term>
    <term tid="t_27" lemma="het" type="open">
      <span>
        <target id="w_27"/>
      </span>
    </term>
    <term tid="t_28" lemma="perfect" type="open" pos="G">
      <span>
        <target id="w_28"/>
      </span>
      <sentiment polarity="positive" resource="VUA_olery_lexicon_nl_lmf"/>
    </term>
    <term tid="t_29" lemma="," type="open">
      <span>
        <target id="w_29"/>
      </span>
    </term>
    <term tid="t_30" lemma="fantastisch" type="open" pos="G">
      <span>
        <target id="w_30"/>
      </span>
      <sentiment polarity="positive" resource="VUA_olery_lexicon_nl_lmf"/>
    </term>
    <term tid="t_31" lemma="hotel" type="open">
      <span>
        <target id="w_31"/>
      </span>
    </term>
    <term tid="t_32" lemma=".." type="open">
      <span>
        <target id="w_32"/>
      </span>
    </term>
    <term tid="t_33" lemma="aanrader" type="open" pos="N">
      <span>
        <target id="w_33"/>
      </span>
      <sentiment polarity="positive" resource="VUA_olery_lexicon_nl_lmf"/>
    </term>
    <term tid="t_34" lemma="!!" type="open">
      <span>
        <target id="w_34"/>
      </span>
    </term>
  </terms>
  <properties>
    <property type="noise" pid="p_1">
      <span>
        <target id="t_14"/>
      </span>
    </property>
    <property type="sleeping_comfort" pid="p_2">
      <span>
        <target id="t_22"/>
      </span>
    </property>
  </properties>
  <opinions>
    <opinion oid="o_1">
      <opinion_holder>
        <span>
          <target id="t_16"/>
        </span>
      </opinion_holder>
      <opinion_target>
        <span>
          <target id="t_2"/>
        </span>
      </opinion_target>
      <opinion_expression polarity="negative" strength="-1">
        <span>
          <target id="t_1"/>
        </span>
      </opinion_expression>
    </opinion>
    <opinion oid="o_2">
      <opinion_holder>
        <span>
          <target id="t_16"/>
        </span>
      </opinion_holder>
      <opinion_target>
        <span>
          <target id="t_15"/>
        </span>
      </opinion_target>
      <opinion_expression polarity="negative" strength="-1">
        <span>
          <target id="t_14"/>
        </span>
      </opinion_expression>
    </opinion>
    <opinion oid="o_3">
      <opinion_holder>
        <span>
          <target id="t_16"/>
        </span>
      </opinion_holder>
      <opinion_target>
        <span>
          <target id="t_18"/>
        </span>
      </opinion_target>
      <opinion_expression polarity="positive" strength="1">
        <span>
          <target id="t_17"/>
        </span>
      </opinion_expression>
    </opinion>
    <opinion oid="o_4">
      <opinion_target>
        <span>
          <target id="t_31"/>
        </span>
      </opinion_target>
      <opinion_expression polarity="positive" strength="2">
        <span>
          <target id="t_28"/>
          <target id="t_30"/>
        </span>
      </opinion_expression>
    </opinion>
  </opinions>
</KAF>
