<?xml version='1.0' encoding='UTF-8'?>
<KAF xml:lang="nl">
  <linguisticProcessors layer="text">
    <lp timestamp="2013-01-06T18:36:46CET" version="2.0" name="SentenceTokenizer"/>
  </linguisticProcessors>
  <linguisticProcessors layer="terms">
    <lp timestamp="2013-01-06T18:36:46CET" version="2.0" name="SentenceTokenizer"/>
    <lp timestamp="2013-01-06T18:36:46CET" version="1.0" name="SimplePolarityTagger"/>
  </linguisticProcessors>
  <linguisticProcessor layer="opinions">
    <lp timestamp="2013-01-06T18:36:46CET" version="1.0" name="SimpleOpinionDetector"/>
  </linguisticProcessor>
  <linguisticProcessor layer="properties">
    <lp timestamp="2013-01-06T18:36:46CET" version="1.0" name="SimplePropRecognizer_lookup"/>
  </linguisticProcessor>
  <linguisticProcessor layer="entities">
    <lp timestamp="2013-01-06T18:36:46CET" version="1.0" name="SimpleNER_lookup"/>
  </linguisticProcessor>
  <text>
    <wf wid="w_1" para="1" sent="1">Prijs</wf>
    <wf wid="w_2" para="1" sent="1">-</wf>
    <wf wid="w_3" para="1" sent="1">kwaliteitverhouding</wf>
    <wf wid="w_4" para="1" sent="1">?</wf>
    <wf wid="w_5" para="1" sent="2">10</wf>
    <wf wid="w_6" para="1" sent="2">1</wf>
    <wf wid="w_7" para="1" sent="2">.</wf>
    <wf wid="w_8" para="1" sent="3">Koud</wf>
    <wf wid="w_9" para="1" sent="3">,</wf>
    <wf wid="w_10" para="1" sent="3">klein</wf>
    <wf wid="w_11" para="1" sent="3">,</wf>
    <wf wid="w_12" para="1" sent="3">vies</wf>
    <wf wid="w_13" para="1" sent="3">.</wf>
    <wf wid="w_14" para="1" sent="4">Bij</wf>
    <wf wid="w_15" para="1" sent="4">het</wf>
    <wf wid="w_16" para="1" sent="4">ontbijt</wf>
    <wf wid="w_17" para="1" sent="4">lagen</wf>
    <wf wid="w_18" para="1" sent="4">croissants</wf>
    <wf wid="w_19" para="1" sent="4">van</wf>
    <wf wid="w_20" para="1" sent="4">de</wf>
    <wf wid="w_21" para="1" sent="4">vorige</wf>
    <wf wid="w_22" para="1" sent="4">dag</wf>
    <wf wid="w_23" para="1" sent="4">.</wf>
    <wf wid="w_24" para="1" sent="5">De</wf>
    <wf wid="w_25" para="1" sent="5">prijs</wf>
    <wf wid="w_26" para="1" sent="5">(ex</wf>
    <wf wid="w_27" para="1" sent="5">.</wf>
    <wf wid="w_28" para="1" sent="6">ontbijt</wf>
    <wf wid="w_29" para="1" sent="6">!</wf>
    <wf wid="w_30" para="1" sent="7">)</wf>
    <wf wid="w_31" para="1" sent="7">zou</wf>
    <wf wid="w_32" para="1" sent="7">hooguit</wf>
    <wf wid="w_33" para="1" sent="7">35</wf>
    <wf wid="w_34" para="1" sent="7">euro</wf>
    <wf wid="w_35" para="1" sent="7">mogen</wf>
    <wf wid="w_36" para="1" sent="7">zijn</wf>
    <wf wid="w_37" para="1" sent="7">.</wf>
  </text>
  <terms>
    <term tid="t_1" lemma="prijs" type="open">
      <span>
        <target id="w_1"/>
      </span>
    </term>
    <term tid="t_2" lemma="-" type="open">
      <span>
        <target id="w_2"/>
      </span>
    </term>
    <term tid="t_3" lemma="kwaliteitverhouding" type="open">
      <span>
        <target id="w_3"/>
      </span>
    </term>
    <term tid="t_4" lemma="?" type="open">
      <span>
        <target id="w_4"/>
      </span>
    </term>
    <term tid="t_5" lemma="10" type="open">
      <span>
        <target id="w_5"/>
      </span>
    </term>
    <term tid="t_6" lemma="1" type="open">
      <span>
        <target id="w_6"/>
      </span>
    </term>
    <term tid="t_7" lemma="." type="open">
      <span>
        <target id="w_7"/>
      </span>
    </term>
    <term tid="t_8" lemma="koud" type="open" pos="G">
      <span>
        <target id="w_8"/>
      </span>
      <sentiment polarity="negative" resource="VUA_olery_lexicon_nl_lmf"/>
    </term>
    <term tid="t_9" lemma="," type="open">
      <span>
        <target id="w_9"/>
      </span>
    </term>
    <term tid="t_10" lemma="klein" type="open">
      <span>
        <target id="w_10"/>
      </span>
    </term>
    <term tid="t_11" lemma="," type="open">
      <span>
        <target id="w_11"/>
      </span>
    </term>
    <term tid="t_12" lemma="vies" type="open" pos="G">
      <span>
        <target id="w_12"/>
      </span>
      <sentiment polarity="negative" resource="VUA_olery_lexicon_nl_lmf"/>
    </term>
    <term tid="t_13" lemma="." type="open">
      <span>
        <target id="w_13"/>
      </span>
    </term>
    <term tid="t_14" lemma="bij" type="open">
      <span>
        <target id="w_14"/>
      </span>
    </term>
    <term tid="t_15" lemma="het" type="open">
      <span>
        <target id="w_15"/>
      </span>
    </term>
    <term tid="t_16" lemma="ontbijt" type="open">
      <span>
        <target id="w_16"/>
      </span>
    </term>
    <term tid="t_17" lemma="lagen" type="open">
      <span>
        <target id="w_17"/>
      </span>
    </term>
    <term tid="t_18" lemma="croissants" type="open">
      <span>
        <target id="w_18"/>
      </span>
    </term>
    <term tid="t_19" lemma="van" type="open">
      <span>
        <target id="w_19"/>
      </span>
    </term>
    <term tid="t_20" lemma="de" type="open">
      <span>
        <target id="w_20"/>
      </span>
    </term>
    <term tid="t_21" lemma="vorige" type="open">
      <span>
        <target id="w_21"/>
      </span>
    </term>
    <term tid="t_22" lemma="dag" type="open">
      <span>
        <target id="w_22"/>
      </span>
    </term>
    <term tid="t_23" lemma="." type="open">
      <span>
        <target id="w_23"/>
      </span>
    </term>
    <term tid="t_24" lemma="de" type="open">
      <span>
        <target id="w_24"/>
      </span>
    </term>
    <term tid="t_25" lemma="prijs" type="open">
      <span>
        <target id="w_25"/>
      </span>
    </term>
    <term tid="t_26" lemma="(ex" type="open">
      <span>
        <target id="w_26"/>
      </span>
    </term>
    <term tid="t_27" lemma="." type="open">
      <span>
        <target id="w_27"/>
      </span>
    </term>
    <term tid="t_28" lemma="ontbijt" type="open">
      <span>
        <target id="w_28"/>
      </span>
    </term>
    <term tid="t_29" lemma="!" type="open">
      <span>
        <target id="w_29"/>
      </span>
      <sentiment sentiment_modifier="intensifier" resource="VUA_olery_lexicon_nl_lmf"/>
    </term>
    <term tid="t_30" lemma=")" type="open">
      <span>
        <target id="w_30"/>
      </span>
    </term>
    <term tid="t_31" lemma="zou" type="open">
      <span>
        <target id="w_31"/>
      </span>
    </term>
    <term tid="t_32" lemma="hooguit" type="open">
      <span>
        <target id="w_32"/>
      </span>
    </term>
    <term tid="t_33" lemma="35" type="open">
      <span>
        <target id="w_33"/>
      </span>
    </term>
    <term tid="t_34" lemma="euro" type="open">
      <span>
        <target id="w_34"/>
      </span>
    </term>
    <term tid="t_35" lemma="mogen" type="open">
      <span>
        <target id="w_35"/>
      </span>
    </term>
    <term tid="t_36" lemma="zijn" type="open">
      <span>
        <target id="w_36"/>
      </span>
    </term>
    <term tid="t_37" lemma="." type="open">
      <span>
        <target id="w_37"/>
      </span>
    </term>
  </terms>
  <entities>
    <entity type="MISC" eid="e_1">
      <span>
        <target id="t_36"/>
      </span>
    </entity>
    <entity type="PER" eid="e_2">
      <span>
        <target id="t_6"/>
      </span>
    </entity>
  </entities>
  <properties>
    <property type="cleanliness" pid="p_1">
      <span>
        <target id="t_12"/>
      </span>
    </property>
    <property type="value_for_money" pid="p_2">
      <span>
        <target id="t_1"/>
      </span>
      <span>
        <target id="t_3"/>
      </span>
      <span>
        <target id="t_25"/>
      </span>
      <span>
        <target id="t_34"/>
      </span>
    </property>
    <property type="restaurant" pid="p_3">
      <span>
        <target id="t_16"/>
      </span>
      <span>
        <target id="t_28"/>
      </span>
    </property>
  </properties>
  <opinions>
    <opinion oid="o_1">
      <opinion_target>
        <span>
          <target id="t_10"/>
        </span>
      </opinion_target>
      <opinion_expression polarity="negative" strength="-1">
        <span>
          <target id="t_8"/>
        </span>
      </opinion_expression>
    </opinion>
  </opinions>
</KAF>
