<?xml version='1.0' encoding='UTF-8'?>
<KAF xml:lang="nl">
  <linguisticProcessors layer="text">
    <lp timestamp="2013-01-06T18:34:07CET" version="2.0" name="SentenceTokenizer"/>
  </linguisticProcessors>
  <linguisticProcessors layer="terms">
    <lp timestamp="2013-01-06T18:34:07CET" version="2.0" name="SentenceTokenizer"/>
    <lp timestamp="2013-01-06T18:34:08CET" version="1.0" name="SimplePolarityTagger"/>
  </linguisticProcessors>
  <linguisticProcessor layer="opinions">
    <lp timestamp="2013-01-06T18:34:08CET" version="1.0" name="SimpleOpinionDetector"/>
  </linguisticProcessor>
  <linguisticProcessor layer="properties">
    <lp timestamp="2013-01-06T18:34:08CET" version="1.0" name="SimplePropRecognizer_lookup"/>
  </linguisticProcessor>
  <linguisticProcessor layer="entities">
    <lp timestamp="2013-01-06T18:34:08CET" version="1.0" name="SimpleNER_lookup"/>
  </linguisticProcessor>
  <text>
    <wf wid="w_1" para="1" sent="1">Prima</wf>
    <wf wid="w_2" para="1" sent="1">hotel</wf>
    <wf wid="w_3" para="1" sent="1">.</wf>
    <wf wid="w_4" para="1" sent="2">Vriendelijke</wf>
    <wf wid="w_5" para="1" sent="2">ontvangst</wf>
    <wf wid="w_6" para="1" sent="2">.</wf>
    <wf wid="w_7" para="1" sent="3">gratis</wf>
    <wf wid="w_8" para="1" sent="3">kamerupgrade</wf>
    <wf wid="w_9" para="1" sent="3">.</wf>
    <wf wid="w_10" para="1" sent="4">We</wf>
    <wf wid="w_11" para="1" sent="4">waren</wf>
    <wf wid="w_12" para="1" sent="4">ons</wf>
    <wf wid="w_13" para="1" sent="4">net</wf>
    <wf wid="w_14" para="1" sent="4">aan</wf>
    <wf wid="w_15" para="1" sent="4">het</wf>
    <wf wid="w_16" para="1" sent="4">ergeren</wf>
    <wf wid="w_17" para="1" sent="4">aan</wf>
    <wf wid="w_18" para="1" sent="4">de</wf>
    <wf wid="w_19" para="1" sent="4">belachelijke</wf>
    <wf wid="w_20" para="1" sent="4">prijzen</wf>
    <wf wid="w_21" para="1" sent="4">van</wf>
    <wf wid="w_22" para="1" sent="4">de</wf>
    <wf wid="w_23" para="1" sent="4">minibar</wf>
    <wf wid="w_24" para="1" sent="4">en</wf>
    <wf wid="w_25" para="1" sent="4">snacks</wf>
    <wf wid="w_26" para="1" sent="4">in</wf>
    <wf wid="w_27" para="1" sent="4">de</wf>
    <wf wid="w_28" para="1" sent="4">hotelkamer</wf>
    <wf wid="w_29" para="1" sent="4">toen</wf>
    <wf wid="w_30" para="1" sent="4">we</wf>
    <wf wid="w_31" para="1" sent="4">omdat</wf>
    <wf wid="w_32" para="1" sent="4">er</wf>
    <wf wid="w_33" para="1" sent="4">een</wf>
    <wf wid="w_34" para="1" sent="4">jarige</wf>
    <wf wid="w_35" para="1" sent="4">aanwezig</wf>
    <wf wid="w_36" para="1" sent="4">was</wf>
    <wf wid="w_37" para="1" sent="4">een</wf>
    <wf wid="w_38" para="1" sent="4">schaal</wf>
    <wf wid="w_39" para="1" sent="4">kregen</wf>
    <wf wid="w_40" para="1" sent="4">met</wf>
    <wf wid="w_41" para="1" sent="4">lekkers</wf>
    <wf wid="w_42" para="1" sent="4">.</wf>
    <wf wid="w_43" para="1" sent="5">Leuke</wf>
    <wf wid="w_44" para="1" sent="5">attentie</wf>
    <wf wid="w_45" para="1" sent="5">.</wf>
    <wf wid="w_46" para="1" sent="6">al</wf>
    <wf wid="w_47" para="1" sent="6">met</wf>
    <wf wid="w_48" para="1" sent="6">al</wf>
    <wf wid="w_49" para="1" sent="6">goed</wf>
    <wf wid="w_50" para="1" sent="6">te</wf>
    <wf wid="w_51" para="1" sent="6">doen</wf>
    <wf wid="w_52" para="1" sent="6">,</wf>
    <wf wid="w_53" para="1" sent="6">voor</wf>
    <wf wid="w_54" para="1" sent="6">herhaling</wf>
    <wf wid="w_55" para="1" sent="6">vatbaar</wf>
    <wf wid="w_56" para="1" sent="6">.</wf>
  </text>
  <terms>
    <term tid="t_1" lemma="prima" type="open" pos="G">
      <span>
        <target id="w_1"/>
      </span>
      <sentiment polarity="positive" resource="VUA_olery_lexicon_nl_lmf"/>
    </term>
    <term tid="t_2" lemma="hotel" type="open">
      <span>
        <target id="w_2"/>
      </span>
    </term>
    <term tid="t_3" lemma="." type="open">
      <span>
        <target id="w_3"/>
      </span>
    </term>
    <term tid="t_4" lemma="vriendelijke" type="open">
      <span>
        <target id="w_4"/>
      </span>
    </term>
    <term tid="t_5" lemma="ontvangst" type="open">
      <span>
        <target id="w_5"/>
      </span>
    </term>
    <term tid="t_6" lemma="." type="open">
      <span>
        <target id="w_6"/>
      </span>
    </term>
    <term tid="t_7" lemma="gratis" type="open" pos="G">
      <span>
        <target id="w_7"/>
      </span>
      <sentiment polarity="positive" resource="VUA_olery_lexicon_nl_lmf"/>
    </term>
    <term tid="t_8" lemma="kamerupgrade" type="open">
      <span>
        <target id="w_8"/>
      </span>
    </term>
    <term tid="t_9" lemma="." type="open">
      <span>
        <target id="w_9"/>
      </span>
    </term>
    <term tid="t_10" lemma="we" type="open">
      <span>
        <target id="w_10"/>
      </span>
    </term>
    <term tid="t_11" lemma="waren" type="open">
      <span>
        <target id="w_11"/>
      </span>
    </term>
    <term tid="t_12" lemma="ons" type="open">
      <span>
        <target id="w_12"/>
      </span>
    </term>
    <term tid="t_13" lemma="net" type="open" pos="G">
      <span>
        <target id="w_13"/>
      </span>
      <sentiment polarity="positive" resource="VUA_olery_lexicon_nl_lmf"/>
    </term>
    <term tid="t_14" lemma="aan" type="open">
      <span>
        <target id="w_14"/>
      </span>
    </term>
    <term tid="t_15" lemma="het" type="open">
      <span>
        <target id="w_15"/>
      </span>
    </term>
    <term tid="t_16" lemma="ergeren" type="open">
      <span>
        <target id="w_16"/>
      </span>
    </term>
    <term tid="t_17" lemma="aan" type="open">
      <span>
        <target id="w_17"/>
      </span>
    </term>
    <term tid="t_18" lemma="de" type="open">
      <span>
        <target id="w_18"/>
      </span>
    </term>
    <term tid="t_19" lemma="belachelijke" type="open">
      <span>
        <target id="w_19"/>
      </span>
    </term>
    <term tid="t_20" lemma="prijzen" type="open" pos="V">
      <span>
        <target id="w_20"/>
      </span>
      <sentiment polarity="positive" resource="VUA_olery_lexicon_nl_lmf"/>
    </term>
    <term tid="t_21" lemma="van" type="open">
      <span>
        <target id="w_21"/>
      </span>
    </term>
    <term tid="t_22" lemma="de" type="open">
      <span>
        <target id="w_22"/>
      </span>
    </term>
    <term tid="t_23" lemma="minibar" type="open">
      <span>
        <target id="w_23"/>
      </span>
    </term>
    <term tid="t_24" lemma="en" type="open">
      <span>
        <target id="w_24"/>
      </span>
    </term>
    <term tid="t_25" lemma="snacks" type="open">
      <span>
        <target id="w_25"/>
      </span>
    </term>
    <term tid="t_26" lemma="in" type="open">
      <span>
        <target id="w_26"/>
      </span>
    </term>
    <term tid="t_27" lemma="de" type="open">
      <span>
        <target id="w_27"/>
      </span>
    </term>
    <term tid="t_28" lemma="hotelkamer" type="open">
      <span>
        <target id="w_28"/>
      </span>
    </term>
    <term tid="t_29" lemma="toen" type="open">
      <span>
        <target id="w_29"/>
      </span>
    </term>
    <term tid="t_30" lemma="we" type="open">
      <span>
        <target id="w_30"/>
      </span>
    </term>
    <term tid="t_31" lemma="omdat" type="open">
      <span>
        <target id="w_31"/>
      </span>
    </term>
    <term tid="t_32" lemma="er" type="open">
      <span>
        <target id="w_32"/>
      </span>
    </term>
    <term tid="t_33" lemma="een" type="open">
      <span>
        <target id="w_33"/>
      </span>
    </term>
    <term tid="t_34" lemma="jarige" type="open">
      <span>
        <target id="w_34"/>
      </span>
    </term>
    <term tid="t_35" lemma="aanwezig" type="open">
      <span>
        <target id="w_35"/>
      </span>
    </term>
    <term tid="t_36" lemma="was" type="open">
      <span>
        <target id="w_36"/>
      </span>
    </term>
    <term tid="t_37" lemma="een" type="open">
      <span>
        <target id="w_37"/>
      </span>
    </term>
    <term tid="t_38" lemma="schaal" type="open">
      <span>
        <target id="w_38"/>
      </span>
    </term>
    <term tid="t_39" lemma="kregen" type="open">
      <span>
        <target id="w_39"/>
      </span>
    </term>
    <term tid="t_40" lemma="met" type="open">
      <span>
        <target id="w_40"/>
      </span>
    </term>
    <term tid="t_41" lemma="lekkers" type="open">
      <span>
        <target id="w_41"/>
      </span>
    </term>
    <term tid="t_42" lemma="." type="open">
      <span>
        <target id="w_42"/>
      </span>
    </term>
    <term tid="t_43" lemma="leuke" type="open">
      <span>
        <target id="w_43"/>
      </span>
    </term>
    <term tid="t_44" lemma="attentie" type="open" pos="N">
      <span>
        <target id="w_44"/>
      </span>
      <sentiment polarity="positive" resource="VUA_olery_lexicon_nl_lmf"/>
    </term>
    <term tid="t_45" lemma="." type="open">
      <span>
        <target id="w_45"/>
      </span>
    </term>
    <term tid="t_46" lemma="al" type="open">
      <span>
        <target id="w_46"/>
      </span>
    </term>
    <term tid="t_47" lemma="met" type="open">
      <span>
        <target id="w_47"/>
      </span>
    </term>
    <term tid="t_48" lemma="al" type="open">
      <span>
        <target id="w_48"/>
      </span>
    </term>
    <term tid="t_49" lemma="goed" type="open" pos="G">
      <span>
        <target id="w_49"/>
      </span>
      <sentiment polarity="positive" resource="VUA_olery_lexicon_nl_lmf"/>
    </term>
    <term tid="t_50" lemma="te" type="open">
      <span>
        <target id="w_50"/>
      </span>
    </term>
    <term tid="t_51" lemma="doen" type="open">
      <span>
        <target id="w_51"/>
      </span>
    </term>
    <term tid="t_52" lemma="," type="open">
      <span>
        <target id="w_52"/>
      </span>
    </term>
    <term tid="t_53" lemma="voor" type="open">
      <span>
        <target id="w_53"/>
      </span>
    </term>
    <term tid="t_54" lemma="herhaling" type="open">
      <span>
        <target id="w_54"/>
      </span>
    </term>
    <term tid="t_55" lemma="vatbaar" type="open">
      <span>
        <target id="w_55"/>
      </span>
    </term>
    <term tid="t_56" lemma="." type="open">
      <span>
        <target id="w_56"/>
      </span>
    </term>
  </terms>
  <entities>
    <entity type="PER" eid="e_1">
      <span>
        <target id="t_10"/>
      </span>
      <span>
        <target id="t_30"/>
      </span>
    </entity>
    <entity type="PER" eid="e_2">
      <span>
        <target id="t_1"/>
      </span>
    </entity>
  </entities>
  <properties>
    <property type="cleanliness" pid="p_1">
      <span>
        <target id="t_13"/>
      </span>
    </property>
    <property type="value_for_money" pid="p_2">
      <span>
        <target id="t_7"/>
      </span>
    </property>
    <property type="facilities" pid="p_3">
      <span>
        <target id="t_23"/>
      </span>
    </property>
    <property type="room" pid="p_4">
      <span>
        <target id="t_28"/>
      </span>
    </property>
    <property type="staff" pid="p_5">
      <span>
        <target id="t_5"/>
      </span>
    </property>
  </properties>
  <opinions>
    <opinion oid="o_1">
      <opinion_target>
        <span>
          <target id="t_2"/>
        </span>
      </opinion_target>
      <opinion_expression polarity="positive" strength="1">
        <span>
          <target id="t_1"/>
        </span>
      </opinion_expression>
    </opinion>
    <opinion oid="o_2">
      <opinion_target>
        <span>
          <target id="t_8"/>
        </span>
      </opinion_target>
      <opinion_expression polarity="positive" strength="1">
        <span>
          <target id="t_7"/>
        </span>
      </opinion_expression>
    </opinion>
    <opinion oid="o_3">
      <opinion_holder>
        <span>
          <target id="t_10"/>
        </span>
      </opinion_holder>
      <opinion_target>
        <span>
          <target id="t_16"/>
        </span>
      </opinion_target>
      <opinion_expression polarity="positive" strength="1">
        <span>
          <target id="t_13"/>
        </span>
      </opinion_expression>
    </opinion>
    <opinion oid="o_4">
      <opinion_holder>
        <span>
          <target id="t_10"/>
        </span>
      </opinion_holder>
      <opinion_target>
        <span>
          <target id="t_23"/>
        </span>
      </opinion_target>
      <opinion_expression polarity="positive" strength="1">
        <span>
          <target id="t_20"/>
        </span>
      </opinion_expression>
    </opinion>
    <opinion oid="o_5">
      <opinion_target>
        <span>
          <target id="t_43"/>
        </span>
      </opinion_target>
      <opinion_expression polarity="positive" strength="1">
        <span>
          <target id="t_44"/>
        </span>
      </opinion_expression>
    </opinion>
  </opinions>
</KAF>
