<?xml version='1.0' encoding='UTF-8'?>
<KAF xml:lang="nl">
  <linguisticProcessors layer="text">
    <lp timestamp="2013-01-06T18:31:28CET" version="2.0" name="SentenceTokenizer"/>
  </linguisticProcessors>
  <linguisticProcessors layer="terms">
    <lp timestamp="2013-01-06T18:31:28CET" version="2.0" name="SentenceTokenizer"/>
    <lp timestamp="2013-01-06T18:31:28CET" version="1.0" name="SimplePolarityTagger"/>
  </linguisticProcessors>
  <linguisticProcessor layer="opinions">
    <lp timestamp="2013-01-06T18:31:28CET" version="1.0" name="SimpleOpinionDetector"/>
  </linguisticProcessor>
  <linguisticProcessor layer="properties">
    <lp timestamp="2013-01-06T18:31:28CET" version="1.0" name="SimplePropRecognizer_lookup"/>
  </linguisticProcessor>
  <linguisticProcessor layer="entities">
    <lp timestamp="2013-01-06T18:31:28CET" version="1.0" name="SimpleNER_lookup"/>
  </linguisticProcessor>
  <text>
    <wf wid="w_1" para="1" sent="1">Ik</wf>
    <wf wid="w_2" para="1" sent="1">vond</wf>
    <wf wid="w_3" para="1" sent="1">veel</wf>
    <wf wid="w_4" para="1" sent="1">haren</wf>
    <wf wid="w_5" para="1" sent="1">op</wf>
    <wf wid="w_6" para="1" sent="1">de</wf>
    <wf wid="w_7" para="1" sent="1">molton</wf>
    <wf wid="w_8" para="1" sent="1">van</wf>
    <wf wid="w_9" para="1" sent="1">het</wf>
    <wf wid="w_10" para="1" sent="1">bed</wf>
    <wf wid="w_11" para="1" sent="1">die</wf>
    <wf wid="w_12" para="1" sent="1">niet</wf>
    <wf wid="w_13" para="1" sent="1">van</wf>
    <wf wid="w_14" para="1" sent="1">mij</wf>
    <wf wid="w_15" para="1" sent="1">waren</wf>
    <wf wid="w_16" para="1" sent="1">.</wf>
    <wf wid="w_17" para="1" sent="2">Ontbijt</wf>
    <wf wid="w_18" para="1" sent="2">redelijk</wf>
    <wf wid="w_19" para="1" sent="2">uitgebreid</wf>
    <wf wid="w_20" para="1" sent="2">,</wf>
    <wf wid="w_21" para="1" sent="2">maar</wf>
    <wf wid="w_22" para="1" sent="2">de</wf>
    <wf wid="w_23" para="1" sent="2">gewone</wf>
    <wf wid="w_24" para="1" sent="2">bruine</wf>
    <wf wid="w_25" para="1" sent="2">sneetjes</wf>
    <wf wid="w_26" para="1" sent="2">brood</wf>
    <wf wid="w_27" para="1" sent="2">waren</wf>
    <wf wid="w_28" para="1" sent="2">erg</wf>
    <wf wid="w_29" para="1" sent="2">droog</wf>
    <wf wid="w_30" para="1" sent="2">en</wf>
    <wf wid="w_31" para="1" sent="2">niet</wf>
    <wf wid="w_32" para="1" sent="2">lekker</wf>
    <wf wid="w_33" para="1" sent="2">.</wf>
    <wf wid="w_34" para="1" sent="3">Avondeten</wf>
    <wf wid="w_35" para="1" sent="3">in</wf>
    <wf wid="w_36" para="1" sent="3">hotel</wf>
    <wf wid="w_37" para="1" sent="3">te</wf>
    <wf wid="w_38" para="1" sent="3">duur</wf>
    <wf wid="w_39" para="1" sent="3">.</wf>
    <wf wid="w_40" para="1" sent="4">Als</wf>
    <wf wid="w_41" para="1" sent="4">je</wf>
    <wf wid="w_42" para="1" sent="4">kamer</wf>
    <wf wid="w_43" para="1" sent="4">aan</wf>
    <wf wid="w_44" para="1" sent="4">de</wf>
    <wf wid="w_45" para="1" sent="4">binnenplaats</wf>
    <wf wid="w_46" para="1" sent="4">ligt</wf>
    <wf wid="w_47" para="1" sent="4">(</wf>
    <wf wid="w_48" para="1" sent="4">bij</wf>
    <wf wid="w_49" para="1" sent="4">het</wf>
    <wf wid="w_50" para="1" sent="4">zwembad</wf>
    <wf wid="w_51" para="1" sent="4">)</wf>
    <wf wid="w_52" para="1" sent="4">tot</wf>
    <wf wid="w_53" para="1" sent="4">laat</wf>
    <wf wid="w_54" para="1" sent="4">in</wf>
    <wf wid="w_55" para="1" sent="4">de</wf>
    <wf wid="w_56" para="1" sent="4">avond</wf>
    <wf wid="w_57" para="1" sent="4">geluidsoverlast</wf>
    <wf wid="w_58" para="1" sent="4">van</wf>
    <wf wid="w_59" para="1" sent="4">gasten</wf>
    <wf wid="w_60" para="1" sent="4">.</wf>
    <wf wid="w_61" para="1" sent="5">Personeel</wf>
    <wf wid="w_62" para="1" sent="5">niet</wf>
    <wf wid="w_63" para="1" sent="5">erg</wf>
    <wf wid="w_64" para="1" sent="5">vriendelijk</wf>
    <wf wid="w_65" para="1" sent="5">.</wf>
    <wf wid="w_66" para="1" sent="6">Voor</wf>
    <wf wid="w_67" para="1" sent="6">de</wf>
    <wf wid="w_68" para="1" sent="6">prijs</wf>
    <wf wid="w_69" para="1" sent="6">is</wf>
    <wf wid="w_70" para="1" sent="6">het</wf>
    <wf wid="w_71" para="1" sent="6">hotel</wf>
    <wf wid="w_72" para="1" sent="6">echter</wf>
    <wf wid="w_73" para="1" sent="6">overall</wf>
    <wf wid="w_74" para="1" sent="6">goed</wf>
    <wf wid="w_75" para="1" sent="6">gen</wf>
  </text>
  <terms>
    <term tid="t_1" lemma="ik" type="open">
      <span>
        <target id="w_1"/>
      </span>
    </term>
    <term tid="t_2" lemma="vond" type="open">
      <span>
        <target id="w_2"/>
      </span>
    </term>
    <term tid="t_3" lemma="veel" type="open">
      <span>
        <target id="w_3"/>
      </span>
    </term>
    <term tid="t_4" lemma="haren" type="open">
      <span>
        <target id="w_4"/>
      </span>
    </term>
    <term tid="t_5" lemma="op" type="open">
      <span>
        <target id="w_5"/>
      </span>
    </term>
    <term tid="t_6" lemma="de" type="open">
      <span>
        <target id="w_6"/>
      </span>
    </term>
    <term tid="t_7" lemma="molton" type="open">
      <span>
        <target id="w_7"/>
      </span>
    </term>
    <term tid="t_8" lemma="van" type="open">
      <span>
        <target id="w_8"/>
      </span>
    </term>
    <term tid="t_9" lemma="het" type="open">
      <span>
        <target id="w_9"/>
      </span>
    </term>
    <term tid="t_10" lemma="bed" type="open">
      <span>
        <target id="w_10"/>
      </span>
    </term>
    <term tid="t_11" lemma="die" type="open">
      <span>
        <target id="w_11"/>
      </span>
    </term>
    <term tid="t_12" lemma="niet" type="open">
      <span>
        <target id="w_12"/>
      </span>
      <sentiment sentiment_modifier="shifter" resource="VUA_olery_lexicon_nl_lmf"/>
    </term>
    <term tid="t_13" lemma="van" type="open">
      <span>
        <target id="w_13"/>
      </span>
    </term>
    <term tid="t_14" lemma="mij" type="open">
      <span>
        <target id="w_14"/>
      </span>
    </term>
    <term tid="t_15" lemma="waren" type="open">
      <span>
        <target id="w_15"/>
      </span>
    </term>
    <term tid="t_16" lemma="." type="open">
      <span>
        <target id="w_16"/>
      </span>
    </term>
    <term tid="t_17" lemma="ontbijt" type="open">
      <span>
        <target id="w_17"/>
      </span>
    </term>
    <term tid="t_18" lemma="redelijk" type="open">
      <span>
        <target id="w_18"/>
      </span>
    </term>
    <term tid="t_19" lemma="uitgebreid" type="open" pos="V">
      <span>
        <target id="w_19"/>
      </span>
      <sentiment polarity="positive" resource="VUA_olery_lexicon_nl_lmf"/>
    </term>
    <term tid="t_20" lemma="," type="open">
      <span>
        <target id="w_20"/>
      </span>
    </term>
    <term tid="t_21" lemma="maar" type="open">
      <span>
        <target id="w_21"/>
      </span>
    </term>
    <term tid="t_22" lemma="de" type="open">
      <span>
        <target id="w_22"/>
      </span>
    </term>
    <term tid="t_23" lemma="gewone" type="open">
      <span>
        <target id="w_23"/>
      </span>
    </term>
    <term tid="t_24" lemma="bruine" type="open">
      <span>
        <target id="w_24"/>
      </span>
    </term>
    <term tid="t_25" lemma="sneetjes" type="open">
      <span>
        <target id="w_25"/>
      </span>
    </term>
    <term tid="t_26" lemma="brood" type="open">
      <span>
        <target id="w_26"/>
      </span>
    </term>
    <term tid="t_27" lemma="waren" type="open">
      <span>
        <target id="w_27"/>
      </span>
    </term>
    <term tid="t_28" lemma="erg" type="open">
      <span>
        <target id="w_28"/>
      </span>
      <sentiment sentiment_modifier="intensifier" resource="VUA_olery_lexicon_nl_lmf"/>
    </term>
    <term tid="t_29" lemma="droog" type="open" pos="G">
      <span>
        <target id="w_29"/>
      </span>
      <sentiment polarity="positive" resource="VUA_olery_lexicon_nl_lmf"/>
    </term>
    <term tid="t_30" lemma="en" type="open">
      <span>
        <target id="w_30"/>
      </span>
    </term>
    <term tid="t_31" lemma="niet" type="open">
      <span>
        <target id="w_31"/>
      </span>
      <sentiment sentiment_modifier="shifter" resource="VUA_olery_lexicon_nl_lmf"/>
    </term>
    <term tid="t_32" lemma="lekker" type="open" pos="G">
      <span>
        <target id="w_32"/>
      </span>
      <sentiment polarity="positive" resource="VUA_olery_lexicon_nl_lmf"/>
    </term>
    <term tid="t_33" lemma="." type="open">
      <span>
        <target id="w_33"/>
      </span>
    </term>
    <term tid="t_34" lemma="avondeten" type="open">
      <span>
        <target id="w_34"/>
      </span>
    </term>
    <term tid="t_35" lemma="in" type="open">
      <span>
        <target id="w_35"/>
      </span>
    </term>
    <term tid="t_36" lemma="hotel" type="open">
      <span>
        <target id="w_36"/>
      </span>
    </term>
    <term tid="t_37" lemma="te" type="open">
      <span>
        <target id="w_37"/>
      </span>
    </term>
    <term tid="t_38" lemma="duur" type="open" pos="G">
      <span>
        <target id="w_38"/>
      </span>
      <sentiment polarity="negative" resource="VUA_olery_lexicon_nl_lmf"/>
    </term>
    <term tid="t_39" lemma="." type="open">
      <span>
        <target id="w_39"/>
      </span>
    </term>
    <term tid="t_40" lemma="als" type="open">
      <span>
        <target id="w_40"/>
      </span>
    </term>
    <term tid="t_41" lemma="je" type="open">
      <span>
        <target id="w_41"/>
      </span>
    </term>
    <term tid="t_42" lemma="kamer" type="open">
      <span>
        <target id="w_42"/>
      </span>
    </term>
    <term tid="t_43" lemma="aan" type="open">
      <span>
        <target id="w_43"/>
      </span>
    </term>
    <term tid="t_44" lemma="de" type="open">
      <span>
        <target id="w_44"/>
      </span>
    </term>
    <term tid="t_45" lemma="binnenplaats" type="open">
      <span>
        <target id="w_45"/>
      </span>
    </term>
    <term tid="t_46" lemma="ligt" type="open">
      <span>
        <target id="w_46"/>
      </span>
    </term>
    <term tid="t_47" lemma="(" type="open">
      <span>
        <target id="w_47"/>
      </span>
    </term>
    <term tid="t_48" lemma="bij" type="open">
      <span>
        <target id="w_48"/>
      </span>
    </term>
    <term tid="t_49" lemma="het" type="open">
      <span>
        <target id="w_49"/>
      </span>
    </term>
    <term tid="t_50" lemma="zwembad" type="open">
      <span>
        <target id="w_50"/>
      </span>
    </term>
    <term tid="t_51" lemma=")" type="open">
      <span>
        <target id="w_51"/>
      </span>
    </term>
    <term tid="t_52" lemma="tot" type="open">
      <span>
        <target id="w_52"/>
      </span>
    </term>
    <term tid="t_53" lemma="laat" type="open">
      <span>
        <target id="w_53"/>
      </span>
    </term>
    <term tid="t_54" lemma="in" type="open">
      <span>
        <target id="w_54"/>
      </span>
    </term>
    <term tid="t_55" lemma="de" type="open">
      <span>
        <target id="w_55"/>
      </span>
    </term>
    <term tid="t_56" lemma="avond" type="open">
      <span>
        <target id="w_56"/>
      </span>
    </term>
    <term tid="t_57" lemma="geluidsoverlast" type="open" pos="N">
      <span>
        <target id="w_57"/>
      </span>
      <sentiment polarity="negative" resource="VUA_olery_lexicon_nl_lmf"/>
    </term>
    <term tid="t_58" lemma="van" type="open">
      <span>
        <target id="w_58"/>
      </span>
    </term>
    <term tid="t_59" lemma="gasten" type="open">
      <span>
        <target id="w_59"/>
      </span>
    </term>
    <term tid="t_60" lemma="." type="open">
      <span>
        <target id="w_60"/>
      </span>
    </term>
    <term tid="t_61" lemma="personeel" type="open">
      <span>
        <target id="w_61"/>
      </span>
    </term>
    <term tid="t_62" lemma="niet" type="open">
      <span>
        <target id="w_62"/>
      </span>
      <sentiment sentiment_modifier="shifter" resource="VUA_olery_lexicon_nl_lmf"/>
    </term>
    <term tid="t_63" lemma="erg" type="open">
      <span>
        <target id="w_63"/>
      </span>
      <sentiment sentiment_modifier="intensifier" resource="VUA_olery_lexicon_nl_lmf"/>
    </term>
    <term tid="t_64" lemma="vriendelijk" type="open" pos="G">
      <span>
        <target id="w_64"/>
      </span>
      <sentiment polarity="positive" resource="VUA_olery_lexicon_nl_lmf"/>
    </term>
    <term tid="t_65" lemma="." type="open">
      <span>
        <target id="w_65"/>
      </span>
    </term>
    <term tid="t_66" lemma="voor" type="open">
      <span>
        <target id="w_66"/>
      </span>
    </term>
    <term tid="t_67" lemma="de" type="open">
      <span>
        <target id="w_67"/>
      </span>
    </term>
    <term tid="t_68" lemma="prijs" type="open">
      <span>
        <target id="w_68"/>
      </span>
    </term>
    <term tid="t_69" lemma="is" type="open">
      <span>
        <target id="w_69"/>
      </span>
    </term>
    <term tid="t_70" lemma="het" type="open">
      <span>
        <target id="w_70"/>
      </span>
    </term>
    <term tid="t_71" lemma="hotel" type="open">
      <span>
        <target id="w_71"/>
      </span>
    </term>
    <term tid="t_72" lemma="echter" type="open">
      <span>
        <target id="w_72"/>
      </span>
    </term>
    <term tid="t_73" lemma="overall" type="open">
      <span>
        <target id="w_73"/>
      </span>
    </term>
    <term tid="t_74" lemma="goed" type="open" pos="G">
      <span>
        <target id="w_74"/>
      </span>
      <sentiment polarity="positive" resource="VUA_olery_lexicon_nl_lmf"/>
    </term>
    <term tid="t_75" lemma="gen" type="open">
      <span>
        <target id="w_75"/>
      </span>
    </term>
  </terms>
  <entities>
    <entity type="MISC" eid="e_1">
      <span>
        <target id="t_75"/>
      </span>
    </entity>
    <entity type="ORG" eid="e_2">
      <span>
        <target id="t_42"/>
      </span>
    </entity>
  </entities>
  <properties>
    <property type="value_for_money" pid="p_1">
      <span>
        <target id="t_38"/>
      </span>
      <span>
        <target id="t_68"/>
      </span>
    </property>
    <property type="noise" pid="p_2">
      <span>
        <target id="t_57"/>
      </span>
    </property>
    <property type="room" pid="p_3">
      <span>
        <target id="t_42"/>
      </span>
    </property>
    <property type="restaurant" pid="p_4">
      <span>
        <target id="t_17"/>
      </span>
      <span>
        <target id="t_19"/>
      </span>
      <span>
        <target id="t_26"/>
      </span>
      <span>
        <target id="t_32"/>
      </span>
      <span>
        <target id="t_34"/>
      </span>
    </property>
    <property type="sleeping_comfort" pid="p_5">
      <span>
        <target id="t_10"/>
      </span>
    </property>
    <property type="swimming_pool" pid="p_6">
      <span>
        <target id="t_50"/>
      </span>
    </property>
    <property type="location" pid="p_7">
      <span>
        <target id="t_45"/>
      </span>
    </property>
    <property type="staff" pid="p_8">
      <span>
        <target id="t_61"/>
      </span>
      <span>
        <target id="t_64"/>
      </span>
    </property>
  </properties>
  <opinions>
    <opinion oid="o_1">
      <opinion_target>
        <span>
          <target id="t_18"/>
        </span>
      </opinion_target>
      <opinion_expression polarity="positive" strength="1">
        <span>
          <target id="t_19"/>
        </span>
      </opinion_expression>
    </opinion>
    <opinion oid="o_2">
      <opinion_target>
        <span>
          <target id="t_26"/>
        </span>
      </opinion_target>
      <opinion_expression polarity="positive" strength="2">
        <span>
          <target id="t_29"/>
          <target id="t_28"/>
        </span>
      </opinion_expression>
    </opinion>
    <opinion oid="o_3">
      <opinion_target>
        <span>
          <target id="t_36"/>
        </span>
      </opinion_target>
      <opinion_expression polarity="negative" strength="-1">
        <span>
          <target id="t_38"/>
        </span>
      </opinion_expression>
    </opinion>
    <opinion oid="o_4">
      <opinion_target>
        <span>
          <target id="t_59"/>
        </span>
      </opinion_target>
      <opinion_expression polarity="negative" strength="-1">
        <span>
          <target id="t_57"/>
        </span>
      </opinion_expression>
    </opinion>
    <opinion oid="o_5">
      <opinion_target>
        <span>
          <target id="t_61"/>
        </span>
      </opinion_target>
      <opinion_expression polarity="negative" strength="-2">
        <span>
          <target id="t_64"/>
          <target id="t_63"/>
          <target id="t_62"/>
        </span>
      </opinion_expression>
    </opinion>
    <opinion oid="o_6">
      <opinion_target>
        <span>
          <target id="t_75"/>
        </span>
      </opinion_target>
      <opinion_expression polarity="positive" strength="1">
        <span>
          <target id="t_74"/>
        </span>
      </opinion_expression>
    </opinion>
  </opinions>
</KAF>
