<?xml version='1.0' encoding='UTF-8'?>
<KAF xml:lang="nl">
  <linguisticProcessors layer="text">
    <lp timestamp="2013-01-06T18:42:23CET" version="2.0" name="SentenceTokenizer"/>
  </linguisticProcessors>
  <linguisticProcessors layer="terms">
    <lp timestamp="2013-01-06T18:42:23CET" version="2.0" name="SentenceTokenizer"/>
    <lp timestamp="2013-01-06T18:42:23CET" version="1.0" name="SimplePolarityTagger"/>
  </linguisticProcessors>
  <linguisticProcessor layer="opinions">
    <lp timestamp="2013-01-06T18:42:23CET" version="1.0" name="SimpleOpinionDetector"/>
  </linguisticProcessor>
  <linguisticProcessor layer="properties">
    <lp timestamp="2013-01-06T18:42:23CET" version="1.0" name="SimplePropRecognizer_lookup"/>
  </linguisticProcessor>
  <linguisticProcessor layer="entities">
    <lp timestamp="2013-01-06T18:42:23CET" version="1.0" name="SimpleNER_lookup"/>
  </linguisticProcessor>
  <text>
    <wf wid="w_1" para="1" sent="1">De</wf>
    <wf wid="w_2" para="1" sent="1">kamer</wf>
    <wf wid="w_3" para="1" sent="1">(211</wf>
    <wf wid="w_4" para="1" sent="1">)</wf>
    <wf wid="w_5" para="1" sent="1">was</wf>
    <wf wid="w_6" para="1" sent="1">gewoon</wf>
    <wf wid="w_7" para="1" sent="1">scharrig</wf>
    <wf wid="w_8" para="1" sent="1">.</wf>
    <wf wid="w_9" para="1" sent="2">Het</wf>
    <wf wid="w_10" para="1" sent="2">gebouw</wf>
    <wf wid="w_11" para="1" sent="2">is</wf>
    <wf wid="w_12" para="1" sent="2">de</wf>
    <wf wid="w_13" para="1" sent="2">moeite</wf>
    <wf wid="w_14" para="1" sent="2">van</wf>
    <wf wid="w_15" para="1" sent="2">het</wf>
    <wf wid="w_16" para="1" sent="2">bekijken</wf>
    <wf wid="w_17" para="1" sent="2">van</wf>
    <wf wid="w_18" para="1" sent="2">binnen</wf>
    <wf wid="w_19" para="1" sent="2">en</wf>
    <wf wid="w_20" para="1" sent="2">van</wf>
    <wf wid="w_21" para="1" sent="2">buiten</wf>
    <wf wid="w_22" para="1" sent="2">zeker</wf>
    <wf wid="w_23" para="1" sent="2">waard</wf>
    <wf wid="w_24" para="1" sent="2">,</wf>
    <wf wid="w_25" para="1" sent="2">de</wf>
    <wf wid="w_26" para="1" sent="2">bar</wf>
    <wf wid="w_27" para="1" sent="2">ook</wf>
    <wf wid="w_28" para="1" sent="2">,</wf>
    <wf wid="w_29" para="1" sent="2">maar</wf>
    <wf wid="w_30" para="1" sent="2">als</wf>
    <wf wid="w_31" para="1" sent="2">hotel</wf>
    <wf wid="w_32" para="1" sent="2">valt</wf>
    <wf wid="w_33" para="1" sent="2">het</wf>
    <wf wid="w_34" para="1" sent="2">flink</wf>
    <wf wid="w_35" para="1" sent="2">tegen</wf>
    <wf wid="w_36" para="1" sent="2">.</wf>
    <wf wid="w_37" para="1" sent="3">Een</wf>
    <wf wid="w_38" para="1" sent="3">verstopte</wf>
    <wf wid="w_39" para="1" sent="3">wasbak</wf>
    <wf wid="w_40" para="1" sent="3">,</wf>
    <wf wid="w_41" para="1" sent="3">een</wf>
    <wf wid="w_42" para="1" sent="3">niet</wf>
    <wf wid="w_43" para="1" sent="3">koud</wf>
    <wf wid="w_44" para="1" sent="3">te</wf>
    <wf wid="w_45" para="1" sent="3">krijgen</wf>
    <wf wid="w_46" para="1" sent="3">douche</wf>
    <wf wid="w_47" para="1" sent="3">,</wf>
    <wf wid="w_48" para="1" sent="3">een</wf>
    <wf wid="w_49" para="1" sent="3">toilet</wf>
    <wf wid="w_50" para="1" sent="3">dat</wf>
    <wf wid="w_51" para="1" sent="3">een</wf>
    <wf wid="w_52" para="1" sent="3">minuut</wf>
    <wf wid="w_53" para="1" sent="3">of</wf>
    <wf wid="w_54" para="1" sent="3">tien</wf>
    <wf wid="w_55" para="1" sent="3">nodig</wf>
    <wf wid="w_56" para="1" sent="3">heeft</wf>
    <wf wid="w_57" para="1" sent="3">om</wf>
    <wf wid="w_58" para="1" sent="3">met</wf>
    <wf wid="w_59" para="1" sent="3">veel</wf>
    <wf wid="w_60" para="1" sent="3">lawaai</wf>
    <wf wid="w_61" para="1" sent="3">door</wf>
    <wf wid="w_62" para="1" sent="3">te</wf>
    <wf wid="w_63" para="1" sent="3">spoelen</wf>
    <wf wid="w_64" para="1" sent="3">en</wf>
    <wf wid="w_65" para="1" sent="3">rare</wf>
    <wf wid="w_66" para="1" sent="3">vlekken</wf>
    <wf wid="w_67" para="1" sent="3">en</wf>
    <wf wid="w_68" para="1" sent="3">vuil</wf>
    <wf wid="w_69" para="1" sent="3">op</wf>
    <wf wid="w_70" para="1" sent="3">de</wf>
    <wf wid="w_71" para="1" sent="3">voet</wf>
    <wf wid="w_72" para="1" sent="3">van</wf>
    <wf wid="w_73" para="1" sent="3">een</wf>
    <wf wid="w_74" para="1" sent="3">leeslampje</wf>
    <wf wid="w_75" para="1" sent="3">.</wf>
    <wf wid="w_76" para="1" sent="4">Het</wf>
    <wf wid="w_77" para="1" sent="4">hoteldeel</wf>
    <wf wid="w_78" para="1" sent="4">heeft</wf>
    <wf wid="w_79" para="1" sent="4">kennelijk</wf>
    <wf wid="w_80" para="1" sent="4">onderhoud</wf>
    <wf wid="w_81" para="1" sent="4">nodig</wf>
    <wf wid="w_82" para="1" sent="4">.</wf>
    <wf wid="w_83" para="1" sent="5">Verder</wf>
    <wf wid="w_84" para="1" sent="5">vond</wf>
    <wf wid="w_85" para="1" sent="5">ik</wf>
    <wf wid="w_86" para="1" sent="5">het</wf>
    <wf wid="w_87" para="1" sent="5">s</wf>
    <wf wid="w_88" para="1" sent="5">'nachts</wf>
    <wf wid="w_89" para="1" sent="5">buiten</wf>
    <wf wid="w_90" para="1" sent="5">erg</wf>
    <wf wid="w_91" para="1" sent="5">lawaaierig</wf>
    <wf wid="w_92" para="1" sent="5">,</wf>
    <wf wid="w_93" para="1" sent="5">isolatie</wf>
    <wf wid="w_94" para="1" sent="5">was</wf>
    <wf wid="w_95" para="1" sent="5">niet</wf>
    <wf wid="w_96" para="1" sent="5">erg</wf>
    <wf wid="w_97" para="1" sent="5">merkbaar</wf>
    <wf wid="w_98" para="1" sent="5">.</wf>
  </text>
  <terms>
    <term tid="t_1" lemma="de" type="open">
      <span>
        <target id="w_1"/>
      </span>
    </term>
    <term tid="t_2" lemma="kamer" type="open">
      <span>
        <target id="w_2"/>
      </span>
    </term>
    <term tid="t_3" lemma="(211" type="open">
      <span>
        <target id="w_3"/>
      </span>
    </term>
    <term tid="t_4" lemma=")" type="open">
      <span>
        <target id="w_4"/>
      </span>
    </term>
    <term tid="t_5" lemma="was" type="open">
      <span>
        <target id="w_5"/>
      </span>
    </term>
    <term tid="t_6" lemma="gewoon" type="open">
      <span>
        <target id="w_6"/>
      </span>
    </term>
    <term tid="t_7" lemma="scharrig" type="open">
      <span>
        <target id="w_7"/>
      </span>
    </term>
    <term tid="t_8" lemma="." type="open">
      <span>
        <target id="w_8"/>
      </span>
    </term>
    <term tid="t_9" lemma="het" type="open">
      <span>
        <target id="w_9"/>
      </span>
    </term>
    <term tid="t_10" lemma="gebouw" type="open">
      <span>
        <target id="w_10"/>
      </span>
    </term>
    <term tid="t_11" lemma="is" type="open">
      <span>
        <target id="w_11"/>
      </span>
    </term>
    <term tid="t_12" lemma="de" type="open">
      <span>
        <target id="w_12"/>
      </span>
    </term>
    <term tid="t_13" lemma="moeite" type="open" pos="N">
      <span>
        <target id="w_13"/>
      </span>
      <sentiment polarity="negative" resource="VUA_olery_lexicon_nl_lmf"/>
    </term>
    <term tid="t_14" lemma="van" type="open">
      <span>
        <target id="w_14"/>
      </span>
    </term>
    <term tid="t_15" lemma="het" type="open">
      <span>
        <target id="w_15"/>
      </span>
    </term>
    <term tid="t_16" lemma="bekijken" type="open">
      <span>
        <target id="w_16"/>
      </span>
    </term>
    <term tid="t_17" lemma="van" type="open">
      <span>
        <target id="w_17"/>
      </span>
    </term>
    <term tid="t_18" lemma="binnen" type="open">
      <span>
        <target id="w_18"/>
      </span>
    </term>
    <term tid="t_19" lemma="en" type="open">
      <span>
        <target id="w_19"/>
      </span>
    </term>
    <term tid="t_20" lemma="van" type="open">
      <span>
        <target id="w_20"/>
      </span>
    </term>
    <term tid="t_21" lemma="buiten" type="open">
      <span>
        <target id="w_21"/>
      </span>
    </term>
    <term tid="t_22" lemma="zeker" type="open">
      <span>
        <target id="w_22"/>
      </span>
    </term>
    <term tid="t_23" lemma="waard" type="open">
      <span>
        <target id="w_23"/>
      </span>
    </term>
    <term tid="t_24" lemma="," type="open">
      <span>
        <target id="w_24"/>
      </span>
    </term>
    <term tid="t_25" lemma="de" type="open">
      <span>
        <target id="w_25"/>
      </span>
    </term>
    <term tid="t_26" lemma="bar" type="open">
      <span>
        <target id="w_26"/>
      </span>
    </term>
    <term tid="t_27" lemma="ook" type="open">
      <span>
        <target id="w_27"/>
      </span>
    </term>
    <term tid="t_28" lemma="," type="open">
      <span>
        <target id="w_28"/>
      </span>
    </term>
    <term tid="t_29" lemma="maar" type="open">
      <span>
        <target id="w_29"/>
      </span>
    </term>
    <term tid="t_30" lemma="als" type="open">
      <span>
        <target id="w_30"/>
      </span>
    </term>
    <term tid="t_31" lemma="hotel" type="open">
      <span>
        <target id="w_31"/>
      </span>
    </term>
    <term tid="t_32" lemma="valt" type="open">
      <span>
        <target id="w_32"/>
      </span>
    </term>
    <term tid="t_33" lemma="het" type="open">
      <span>
        <target id="w_33"/>
      </span>
    </term>
    <term tid="t_34" lemma="flink" type="open">
      <span>
        <target id="w_34"/>
      </span>
      <sentiment sentiment_modifier="intensifier" resource="VUA_olery_lexicon_nl_lmf"/>
    </term>
    <term tid="t_35" lemma="tegen" type="open">
      <span>
        <target id="w_35"/>
      </span>
    </term>
    <term tid="t_36" lemma="." type="open">
      <span>
        <target id="w_36"/>
      </span>
    </term>
    <term tid="t_37" lemma="een" type="open">
      <span>
        <target id="w_37"/>
      </span>
    </term>
    <term tid="t_38" lemma="verstopte" type="open">
      <span>
        <target id="w_38"/>
      </span>
    </term>
    <term tid="t_39" lemma="wasbak" type="open">
      <span>
        <target id="w_39"/>
      </span>
    </term>
    <term tid="t_40" lemma="," type="open">
      <span>
        <target id="w_40"/>
      </span>
    </term>
    <term tid="t_41" lemma="een" type="open">
      <span>
        <target id="w_41"/>
      </span>
    </term>
    <term tid="t_42" lemma="niet" type="open">
      <span>
        <target id="w_42"/>
      </span>
      <sentiment sentiment_modifier="shifter" resource="VUA_olery_lexicon_nl_lmf"/>
    </term>
    <term tid="t_43" lemma="koud" type="open" pos="G">
      <span>
        <target id="w_43"/>
      </span>
      <sentiment polarity="negative" resource="VUA_olery_lexicon_nl_lmf"/>
    </term>
    <term tid="t_44" lemma="te" type="open">
      <span>
        <target id="w_44"/>
      </span>
    </term>
    <term tid="t_45" lemma="krijgen" type="open">
      <span>
        <target id="w_45"/>
      </span>
    </term>
    <term tid="t_46" lemma="douche" type="open">
      <span>
        <target id="w_46"/>
      </span>
    </term>
    <term tid="t_47" lemma="," type="open">
      <span>
        <target id="w_47"/>
      </span>
    </term>
    <term tid="t_48" lemma="een" type="open">
      <span>
        <target id="w_48"/>
      </span>
    </term>
    <term tid="t_49" lemma="toilet" type="open">
      <span>
        <target id="w_49"/>
      </span>
    </term>
    <term tid="t_50" lemma="dat" type="open">
      <span>
        <target id="w_50"/>
      </span>
    </term>
    <term tid="t_51" lemma="een" type="open">
      <span>
        <target id="w_51"/>
      </span>
    </term>
    <term tid="t_52" lemma="minuut" type="open" pos="N">
      <span>
        <target id="w_52"/>
      </span>
      <sentiment polarity="positive" resource="VUA_olery_lexicon_nl_lmf"/>
    </term>
    <term tid="t_53" lemma="of" type="open">
      <span>
        <target id="w_53"/>
      </span>
    </term>
    <term tid="t_54" lemma="tien" type="open">
      <span>
        <target id="w_54"/>
      </span>
    </term>
    <term tid="t_55" lemma="nodig" type="open">
      <span>
        <target id="w_55"/>
      </span>
    </term>
    <term tid="t_56" lemma="heeft" type="open">
      <span>
        <target id="w_56"/>
      </span>
    </term>
    <term tid="t_57" lemma="om" type="open">
      <span>
        <target id="w_57"/>
      </span>
    </term>
    <term tid="t_58" lemma="met" type="open">
      <span>
        <target id="w_58"/>
      </span>
    </term>
    <term tid="t_59" lemma="veel" type="open">
      <span>
        <target id="w_59"/>
      </span>
    </term>
    <term tid="t_60" lemma="lawaai" type="open" pos="N">
      <span>
        <target id="w_60"/>
      </span>
      <sentiment polarity="negative" resource="VUA_olery_lexicon_nl_lmf"/>
    </term>
    <term tid="t_61" lemma="door" type="open">
      <span>
        <target id="w_61"/>
      </span>
    </term>
    <term tid="t_62" lemma="te" type="open">
      <span>
        <target id="w_62"/>
      </span>
    </term>
    <term tid="t_63" lemma="spoelen" type="open">
      <span>
        <target id="w_63"/>
      </span>
    </term>
    <term tid="t_64" lemma="en" type="open">
      <span>
        <target id="w_64"/>
      </span>
    </term>
    <term tid="t_65" lemma="rare" type="open" pos="G">
      <span>
        <target id="w_65"/>
      </span>
      <sentiment polarity="negative" resource="VUA_olery_lexicon_nl_lmf"/>
    </term>
    <term tid="t_66" lemma="vlekken" type="open">
      <span>
        <target id="w_66"/>
      </span>
    </term>
    <term tid="t_67" lemma="en" type="open">
      <span>
        <target id="w_67"/>
      </span>
    </term>
    <term tid="t_68" lemma="vuil" type="open" pos="G">
      <span>
        <target id="w_68"/>
      </span>
      <sentiment polarity="negative" resource="VUA_olery_lexicon_nl_lmf"/>
    </term>
    <term tid="t_69" lemma="op" type="open">
      <span>
        <target id="w_69"/>
      </span>
    </term>
    <term tid="t_70" lemma="de" type="open">
      <span>
        <target id="w_70"/>
      </span>
    </term>
    <term tid="t_71" lemma="voet" type="open" pos="N">
      <span>
        <target id="w_71"/>
      </span>
      <sentiment polarity="positive" resource="VUA_olery_lexicon_nl_lmf"/>
    </term>
    <term tid="t_72" lemma="van" type="open">
      <span>
        <target id="w_72"/>
      </span>
    </term>
    <term tid="t_73" lemma="een" type="open">
      <span>
        <target id="w_73"/>
      </span>
    </term>
    <term tid="t_74" lemma="leeslampje" type="open">
      <span>
        <target id="w_74"/>
      </span>
    </term>
    <term tid="t_75" lemma="." type="open">
      <span>
        <target id="w_75"/>
      </span>
    </term>
    <term tid="t_76" lemma="het" type="open">
      <span>
        <target id="w_76"/>
      </span>
    </term>
    <term tid="t_77" lemma="hoteldeel" type="open">
      <span>
        <target id="w_77"/>
      </span>
    </term>
    <term tid="t_78" lemma="heeft" type="open">
      <span>
        <target id="w_78"/>
      </span>
    </term>
    <term tid="t_79" lemma="kennelijk" type="open">
      <span>
        <target id="w_79"/>
      </span>
    </term>
    <term tid="t_80" lemma="onderhoud" type="open">
      <span>
        <target id="w_80"/>
      </span>
    </term>
    <term tid="t_81" lemma="nodig" type="open">
      <span>
        <target id="w_81"/>
      </span>
    </term>
    <term tid="t_82" lemma="." type="open">
      <span>
        <target id="w_82"/>
      </span>
    </term>
    <term tid="t_83" lemma="verder" type="open">
      <span>
        <target id="w_83"/>
      </span>
    </term>
    <term tid="t_84" lemma="vond" type="open">
      <span>
        <target id="w_84"/>
      </span>
    </term>
    <term tid="t_85" lemma="ik" type="open">
      <span>
        <target id="w_85"/>
      </span>
    </term>
    <term tid="t_86" lemma="het" type="open">
      <span>
        <target id="w_86"/>
      </span>
    </term>
    <term tid="t_87" lemma="s" type="open">
      <span>
        <target id="w_87"/>
      </span>
    </term>
    <term tid="t_88" lemma="'nachts" type="open">
      <span>
        <target id="w_88"/>
      </span>
    </term>
    <term tid="t_89" lemma="buiten" type="open">
      <span>
        <target id="w_89"/>
      </span>
    </term>
    <term tid="t_90" lemma="erg" type="open">
      <span>
        <target id="w_90"/>
      </span>
      <sentiment sentiment_modifier="intensifier" resource="VUA_olery_lexicon_nl_lmf"/>
    </term>
    <term tid="t_91" lemma="lawaaierig" type="open" pos="G">
      <span>
        <target id="w_91"/>
      </span>
      <sentiment polarity="negative" resource="VUA_olery_lexicon_nl_lmf"/>
    </term>
    <term tid="t_92" lemma="," type="open">
      <span>
        <target id="w_92"/>
      </span>
    </term>
    <term tid="t_93" lemma="isolatie" type="open">
      <span>
        <target id="w_93"/>
      </span>
    </term>
    <term tid="t_94" lemma="was" type="open">
      <span>
        <target id="w_94"/>
      </span>
    </term>
    <term tid="t_95" lemma="niet" type="open">
      <span>
        <target id="w_95"/>
      </span>
      <sentiment sentiment_modifier="shifter" resource="VUA_olery_lexicon_nl_lmf"/>
    </term>
    <term tid="t_96" lemma="erg" type="open">
      <span>
        <target id="w_96"/>
      </span>
      <sentiment sentiment_modifier="intensifier" resource="VUA_olery_lexicon_nl_lmf"/>
    </term>
    <term tid="t_97" lemma="merkbaar" type="open">
      <span>
        <target id="w_97"/>
      </span>
    </term>
    <term tid="t_98" lemma="." type="open">
      <span>
        <target id="w_98"/>
      </span>
    </term>
  </terms>
  <entities>
    <entity type="ORG" eid="e_1">
      <span>
        <target id="t_26"/>
      </span>
    </entity>
    <entity type="ORG" eid="e_2">
      <span>
        <target id="t_2"/>
      </span>
    </entity>
  </entities>
  <properties>
    <property type="bathroom" pid="p_1">
      <span>
        <target id="t_46"/>
      </span>
      <span>
        <target id="t_49"/>
      </span>
    </property>
    <property type="noise" pid="p_2">
      <span>
        <target id="t_60"/>
      </span>
      <span>
        <target id="t_91"/>
      </span>
      <span>
        <target id="t_93"/>
      </span>
    </property>
    <property type="room" pid="p_3">
      <span>
        <target id="t_2"/>
      </span>
    </property>
    <property type="cleanliness" pid="p_4">
      <span>
        <target id="t_68"/>
      </span>
    </property>
    <property type="facilities" pid="p_5">
      <span>
        <target id="t_10"/>
      </span>
      <span>
        <target id="t_26"/>
      </span>
    </property>
    <property type="location" pid="p_6">
      <span>
        <target id="t_52"/>
      </span>
      <span>
        <target id="t_71"/>
      </span>
    </property>
  </properties>
  <opinions>
    <opinion oid="o_1">
      <opinion_target>
        <span>
          <target id="t_16"/>
        </span>
      </opinion_target>
      <opinion_expression polarity="negative" strength="-1">
        <span>
          <target id="t_13"/>
        </span>
      </opinion_expression>
    </opinion>
    <opinion oid="o_2">
      <opinion_target>
        <span>
          <target id="t_45"/>
        </span>
      </opinion_target>
      <opinion_expression polarity="positive" strength="1">
        <span>
          <target id="t_43"/>
          <target id="t_42"/>
        </span>
      </opinion_expression>
    </opinion>
    <opinion oid="o_3">
      <opinion_target>
        <span>
          <target id="t_54"/>
        </span>
      </opinion_target>
      <opinion_expression polarity="positive" strength="1">
        <span>
          <target id="t_52"/>
        </span>
      </opinion_expression>
    </opinion>
    <opinion oid="o_4">
      <opinion_target>
        <span>
          <target id="t_63"/>
        </span>
      </opinion_target>
      <opinion_expression polarity="negative" strength="-1">
        <span>
          <target id="t_60"/>
        </span>
      </opinion_expression>
    </opinion>
    <opinion oid="o_5">
      <opinion_target>
        <span>
          <target id="t_66"/>
        </span>
      </opinion_target>
      <opinion_expression polarity="negative" strength="-1">
        <span>
          <target id="t_65"/>
        </span>
      </opinion_expression>
    </opinion>
    <opinion oid="o_6">
      <opinion_target>
        <span>
          <target id="t_74"/>
        </span>
      </opinion_target>
      <opinion_expression polarity="positive" strength="1">
        <span>
          <target id="t_71"/>
        </span>
      </opinion_expression>
    </opinion>
    <opinion oid="o_7">
      <opinion_holder>
        <span>
          <target id="t_85"/>
        </span>
      </opinion_holder>
      <opinion_target>
        <span>
          <target id="t_93"/>
        </span>
      </opinion_target>
      <opinion_expression polarity="negative" strength="-2">
        <span>
          <target id="t_91"/>
          <target id="t_90"/>
        </span>
      </opinion_expression>
    </opinion>
  </opinions>
</KAF>
