<?xml version='1.0' encoding='UTF-8'?>
<KAF xml:lang="nl">
  <linguisticProcessors layer="text">
    <lp timestamp="2013-01-06T18:33:06CET" version="2.0" name="SentenceTokenizer"/>
  </linguisticProcessors>
  <linguisticProcessors layer="terms">
    <lp timestamp="2013-01-06T18:33:06CET" version="2.0" name="SentenceTokenizer"/>
    <lp timestamp="2013-01-06T18:33:06CET" version="1.0" name="SimplePolarityTagger"/>
  </linguisticProcessors>
  <linguisticProcessor layer="opinions">
    <lp timestamp="2013-01-06T18:33:06CET" version="1.0" name="SimpleOpinionDetector"/>
  </linguisticProcessor>
  <linguisticProcessor layer="properties">
    <lp timestamp="2013-01-06T18:33:06CET" version="1.0" name="SimplePropRecognizer_lookup"/>
  </linguisticProcessor>
  <linguisticProcessor layer="entities">
    <lp timestamp="2013-01-06T18:33:06CET" version="1.0" name="SimpleNER_lookup"/>
  </linguisticProcessor>
  <text>
    <wf wid="w_1" para="1" sent="1">Wat</wf>
    <wf wid="w_2" para="1" sent="1">een</wf>
    <wf wid="w_3" para="1" sent="1">drama</wf>
    <wf wid="w_4" para="1" sent="1">hotel</wf>
    <wf wid="w_5" para="1" sent="1">,</wf>
    <wf wid="w_6" para="1" sent="1">echt</wf>
    <wf wid="w_7" para="1" sent="1">vreselijk</wf>
    <wf wid="w_8" para="1" sent="1">!</wf>
    <wf wid="w_9" para="1" sent="2">kakkerlakken</wf>
    <wf wid="w_10" para="1" sent="2">in</wf>
    <wf wid="w_11" para="1" sent="2">de</wf>
    <wf wid="w_12" para="1" sent="2">kamer</wf>
    <wf wid="w_13" para="1" sent="2">,</wf>
    <wf wid="w_14" para="1" sent="2">niet</wf>
    <wf wid="w_15" para="1" sent="2">een</wf>
    <wf wid="w_16" para="1" sent="2">maar</wf>
    <wf wid="w_17" para="1" sent="2">wel</wf>
    <wf wid="w_18" para="1" sent="2">6</wf>
    <wf wid="w_19" para="1" sent="2">en</wf>
    <wf wid="w_20" para="1" sent="2">dat</wf>
    <wf wid="w_21" para="1" sent="2">in</wf>
    <wf wid="w_22" para="1" sent="2">december</wf>
    <wf wid="w_23" para="1" sent="2">!</wf>
    <wf wid="w_24" para="1" sent="3">1</wf>
    <wf wid="w_25" para="1" sent="3">handdoekje</wf>
    <wf wid="w_26" para="1" sent="3">(</wf>
    <wf wid="w_27" para="1" sent="3">schuurpapier</wf>
    <wf wid="w_28" para="1" sent="3">)</wf>
    <wf wid="w_29" para="1" sent="3">voor</wf>
    <wf wid="w_30" para="1" sent="3">2</wf>
    <wf wid="w_31" para="1" sent="3">personen</wf>
    <wf wid="w_32" para="1" sent="3">.</wf>
    <wf wid="w_33" para="1" sent="4">Douche</wf>
    <wf wid="w_34" para="1" sent="4">delen</wf>
    <wf wid="w_35" para="1" sent="4">met</wf>
    <wf wid="w_36" para="1" sent="4">300</wf>
    <wf wid="w_37" para="1" sent="4">andere</wf>
    <wf wid="w_38" para="1" sent="4">gasten</wf>
    <wf wid="w_39" para="1" sent="4">.</wf>
    <wf wid="w_40" para="1" sent="5">Lijkt</wf>
    <wf wid="w_41" para="1" sent="5">wel</wf>
    <wf wid="w_42" para="1" sent="5">een</wf>
    <wf wid="w_43" para="1" sent="5">gevangenis</wf>
    <wf wid="w_44" para="1" sent="5">.</wf>
    <wf wid="w_45" para="1" sent="6">douche</wf>
    <wf wid="w_46" para="1" sent="6">niet</wf>
    <wf wid="w_47" para="1" sent="6">schoon</wf>
    <wf wid="w_48" para="1" sent="6">,</wf>
    <wf wid="w_49" para="1" sent="6">ook</wf>
    <wf wid="w_50" para="1" sent="6">al</wf>
    <wf wid="w_51" para="1" sent="6">vraag</wf>
    <wf wid="w_52" para="1" sent="6">je</wf>
    <wf wid="w_53" para="1" sent="6">er</wf>
    <wf wid="w_54" para="1" sent="6">om</wf>
    <wf wid="w_55" para="1" sent="6">.</wf>
    <wf wid="w_56" para="1" sent="7">wc</wf>
    <wf wid="w_57" para="1" sent="7">overgelopen</wf>
    <wf wid="w_58" para="1" sent="7">,</wf>
    <wf wid="w_59" para="1" sent="7">maandverband</wf>
    <wf wid="w_60" para="1" sent="7">overal</wf>
    <wf wid="w_61" para="1" sent="7">.</wf>
    <wf wid="w_62" para="1" sent="8">belachelijke</wf>
    <wf wid="w_63" para="1" sent="8">prijzen</wf>
    <wf wid="w_64" para="1" sent="8">voor</wf>
    <wf wid="w_65" para="1" sent="8">dit</wf>
    <wf wid="w_66" para="1" sent="8">crematorium</wf>
    <wf wid="w_67" para="1" sent="8">.</wf>
    <wf wid="w_68" para="1" sent="9">GEEN</wf>
    <wf wid="w_69" para="1" sent="9">AANRADER</wf>
    <wf wid="w_70" para="1" sent="9">!</wf>
    <wf wid="w_71" para="1" sent="10">P.</wf>
    <wf wid="w_72" para="1" sent="10">s</wf>
    <wf wid="w_73" para="1" sent="10">.</wf>
    <wf wid="w_74" para="1" sent="11">niet</wf>
    <wf wid="w_75" para="1" sent="11">via</wf>
    <wf wid="w_76" para="1" sent="11">sun</wf>
    <wf wid="w_77" para="1" sent="11">air</wf>
    <wf wid="w_78" para="1" sent="11">en</wf>
    <wf wid="w_79" para="1" sent="11">d</wf>
    <wf wid="w_80" para="1" sent="11">reizen</wf>
    <wf wid="w_81" para="1" sent="11">boeken</wf>
    <wf wid="w_82" para="1" sent="11">.</wf>
    <wf wid="w_83" para="1" sent="12">Van</wf>
    <wf wid="w_84" para="1" sent="12">onze</wf>
    <wf wid="w_85" para="1" sent="12">klachten</wf>
    <wf wid="w_86" para="1" sent="12">en</wf>
    <wf wid="w_87" para="1" sent="12">beloofd</wf>
    <wf wid="w_88" para="1" sent="12">geld</wf>
    <wf wid="w_89" para="1" sent="12">nooit</wf>
    <wf wid="w_90" para="1" sent="12">iets</wf>
    <wf wid="w_91" para="1" sent="12">gezien</wf>
    <wf wid="w_92" para="1" sent="12">!</wf>
  </text>
  <terms>
    <term tid="t_1" lemma="wat" type="open">
      <span>
        <target id="w_1"/>
      </span>
    </term>
    <term tid="t_2" lemma="een" type="open">
      <span>
        <target id="w_2"/>
      </span>
    </term>
    <term tid="t_3" lemma="drama" type="open" pos="N">
      <span>
        <target id="w_3"/>
      </span>
      <sentiment polarity="negative" resource="VUA_olery_lexicon_nl_lmf"/>
    </term>
    <term tid="t_4" lemma="hotel" type="open">
      <span>
        <target id="w_4"/>
      </span>
    </term>
    <term tid="t_5" lemma="," type="open">
      <span>
        <target id="w_5"/>
      </span>
    </term>
    <term tid="t_6" lemma="echt" type="open">
      <span>
        <target id="w_6"/>
      </span>
      <sentiment sentiment_modifier="intensifier" resource="VUA_olery_lexicon_nl_lmf"/>
    </term>
    <term tid="t_7" lemma="vreselijk" type="open" pos="G">
      <span>
        <target id="w_7"/>
      </span>
      <sentiment polarity="negative" resource="VUA_olery_lexicon_nl_lmf"/>
    </term>
    <term tid="t_8" lemma="!" type="open">
      <span>
        <target id="w_8"/>
      </span>
      <sentiment sentiment_modifier="intensifier" resource="VUA_olery_lexicon_nl_lmf"/>
    </term>
    <term tid="t_9" lemma="kakkerlakken" type="open">
      <span>
        <target id="w_9"/>
      </span>
    </term>
    <term tid="t_10" lemma="in" type="open">
      <span>
        <target id="w_10"/>
      </span>
    </term>
    <term tid="t_11" lemma="de" type="open">
      <span>
        <target id="w_11"/>
      </span>
    </term>
    <term tid="t_12" lemma="kamer" type="open">
      <span>
        <target id="w_12"/>
      </span>
    </term>
    <term tid="t_13" lemma="," type="open">
      <span>
        <target id="w_13"/>
      </span>
    </term>
    <term tid="t_14" lemma="niet" type="open">
      <span>
        <target id="w_14"/>
      </span>
      <sentiment sentiment_modifier="shifter" resource="VUA_olery_lexicon_nl_lmf"/>
    </term>
    <term tid="t_15" lemma="een" type="open">
      <span>
        <target id="w_15"/>
      </span>
    </term>
    <term tid="t_16" lemma="maar" type="open">
      <span>
        <target id="w_16"/>
      </span>
    </term>
    <term tid="t_17" lemma="wel" type="open">
      <span>
        <target id="w_17"/>
      </span>
    </term>
    <term tid="t_18" lemma="6" type="open">
      <span>
        <target id="w_18"/>
      </span>
    </term>
    <term tid="t_19" lemma="en" type="open">
      <span>
        <target id="w_19"/>
      </span>
    </term>
    <term tid="t_20" lemma="dat" type="open">
      <span>
        <target id="w_20"/>
      </span>
    </term>
    <term tid="t_21" lemma="in" type="open">
      <span>
        <target id="w_21"/>
      </span>
    </term>
    <term tid="t_22" lemma="december" type="open">
      <span>
        <target id="w_22"/>
      </span>
    </term>
    <term tid="t_23" lemma="!" type="open">
      <span>
        <target id="w_23"/>
      </span>
      <sentiment sentiment_modifier="intensifier" resource="VUA_olery_lexicon_nl_lmf"/>
    </term>
    <term tid="t_24" lemma="1" type="open">
      <span>
        <target id="w_24"/>
      </span>
    </term>
    <term tid="t_25" lemma="handdoekje" type="open">
      <span>
        <target id="w_25"/>
      </span>
    </term>
    <term tid="t_26" lemma="(" type="open">
      <span>
        <target id="w_26"/>
      </span>
    </term>
    <term tid="t_27" lemma="schuurpapier" type="open">
      <span>
        <target id="w_27"/>
      </span>
    </term>
    <term tid="t_28" lemma=")" type="open">
      <span>
        <target id="w_28"/>
      </span>
    </term>
    <term tid="t_29" lemma="voor" type="open">
      <span>
        <target id="w_29"/>
      </span>
    </term>
    <term tid="t_30" lemma="2" type="open">
      <span>
        <target id="w_30"/>
      </span>
    </term>
    <term tid="t_31" lemma="personen" type="open">
      <span>
        <target id="w_31"/>
      </span>
    </term>
    <term tid="t_32" lemma="." type="open">
      <span>
        <target id="w_32"/>
      </span>
    </term>
    <term tid="t_33" lemma="douche" type="open">
      <span>
        <target id="w_33"/>
      </span>
    </term>
    <term tid="t_34" lemma="delen" type="open">
      <span>
        <target id="w_34"/>
      </span>
    </term>
    <term tid="t_35" lemma="met" type="open">
      <span>
        <target id="w_35"/>
      </span>
    </term>
    <term tid="t_36" lemma="300" type="open">
      <span>
        <target id="w_36"/>
      </span>
    </term>
    <term tid="t_37" lemma="andere" type="open">
      <span>
        <target id="w_37"/>
      </span>
    </term>
    <term tid="t_38" lemma="gasten" type="open">
      <span>
        <target id="w_38"/>
      </span>
    </term>
    <term tid="t_39" lemma="." type="open">
      <span>
        <target id="w_39"/>
      </span>
    </term>
    <term tid="t_40" lemma="lijkt" type="open">
      <span>
        <target id="w_40"/>
      </span>
    </term>
    <term tid="t_41" lemma="wel" type="open">
      <span>
        <target id="w_41"/>
      </span>
    </term>
    <term tid="t_42" lemma="een" type="open">
      <span>
        <target id="w_42"/>
      </span>
    </term>
    <term tid="t_43" lemma="gevangenis" type="open">
      <span>
        <target id="w_43"/>
      </span>
    </term>
    <term tid="t_44" lemma="." type="open">
      <span>
        <target id="w_44"/>
      </span>
    </term>
    <term tid="t_45" lemma="douche" type="open">
      <span>
        <target id="w_45"/>
      </span>
    </term>
    <term tid="t_46" lemma="niet" type="open">
      <span>
        <target id="w_46"/>
      </span>
      <sentiment sentiment_modifier="shifter" resource="VUA_olery_lexicon_nl_lmf"/>
    </term>
    <term tid="t_47" lemma="schoon" type="open" pos="G">
      <span>
        <target id="w_47"/>
      </span>
      <sentiment polarity="positive" resource="VUA_olery_lexicon_nl_lmf"/>
    </term>
    <term tid="t_48" lemma="," type="open">
      <span>
        <target id="w_48"/>
      </span>
    </term>
    <term tid="t_49" lemma="ook" type="open">
      <span>
        <target id="w_49"/>
      </span>
    </term>
    <term tid="t_50" lemma="al" type="open">
      <span>
        <target id="w_50"/>
      </span>
    </term>
    <term tid="t_51" lemma="vraag" type="open">
      <span>
        <target id="w_51"/>
      </span>
    </term>
    <term tid="t_52" lemma="je" type="open">
      <span>
        <target id="w_52"/>
      </span>
    </term>
    <term tid="t_53" lemma="er" type="open">
      <span>
        <target id="w_53"/>
      </span>
    </term>
    <term tid="t_54" lemma="om" type="open">
      <span>
        <target id="w_54"/>
      </span>
    </term>
    <term tid="t_55" lemma="." type="open">
      <span>
        <target id="w_55"/>
      </span>
    </term>
    <term tid="t_56" lemma="wc" type="open">
      <span>
        <target id="w_56"/>
      </span>
    </term>
    <term tid="t_57" lemma="overgelopen" type="open">
      <span>
        <target id="w_57"/>
      </span>
    </term>
    <term tid="t_58" lemma="," type="open">
      <span>
        <target id="w_58"/>
      </span>
    </term>
    <term tid="t_59" lemma="maandverband" type="open">
      <span>
        <target id="w_59"/>
      </span>
    </term>
    <term tid="t_60" lemma="overal" type="open">
      <span>
        <target id="w_60"/>
      </span>
      <sentiment sentiment_modifier="intensifier" resource="VUA_olery_lexicon_nl_lmf"/>
    </term>
    <term tid="t_61" lemma="." type="open">
      <span>
        <target id="w_61"/>
      </span>
    </term>
    <term tid="t_62" lemma="belachelijke" type="open">
      <span>
        <target id="w_62"/>
      </span>
    </term>
    <term tid="t_63" lemma="prijzen" type="open" pos="V">
      <span>
        <target id="w_63"/>
      </span>
      <sentiment polarity="positive" resource="VUA_olery_lexicon_nl_lmf"/>
    </term>
    <term tid="t_64" lemma="voor" type="open">
      <span>
        <target id="w_64"/>
      </span>
    </term>
    <term tid="t_65" lemma="dit" type="open">
      <span>
        <target id="w_65"/>
      </span>
    </term>
    <term tid="t_66" lemma="crematorium" type="open">
      <span>
        <target id="w_66"/>
      </span>
    </term>
    <term tid="t_67" lemma="." type="open">
      <span>
        <target id="w_67"/>
      </span>
    </term>
    <term tid="t_68" lemma="geen" type="open">
      <span>
        <target id="w_68"/>
      </span>
      <sentiment sentiment_modifier="shifter" resource="VUA_olery_lexicon_nl_lmf"/>
    </term>
    <term tid="t_69" lemma="aanrader" type="open" pos="N">
      <span>
        <target id="w_69"/>
      </span>
      <sentiment polarity="positive" resource="VUA_olery_lexicon_nl_lmf"/>
    </term>
    <term tid="t_70" lemma="!" type="open">
      <span>
        <target id="w_70"/>
      </span>
      <sentiment sentiment_modifier="intensifier" resource="VUA_olery_lexicon_nl_lmf"/>
    </term>
    <term tid="t_71" lemma="p." type="open">
      <span>
        <target id="w_71"/>
      </span>
    </term>
    <term tid="t_72" lemma="s" type="open">
      <span>
        <target id="w_72"/>
      </span>
    </term>
    <term tid="t_73" lemma="." type="open">
      <span>
        <target id="w_73"/>
      </span>
    </term>
    <term tid="t_74" lemma="niet" type="open">
      <span>
        <target id="w_74"/>
      </span>
      <sentiment sentiment_modifier="shifter" resource="VUA_olery_lexicon_nl_lmf"/>
    </term>
    <term tid="t_75" lemma="via" type="open">
      <span>
        <target id="w_75"/>
      </span>
    </term>
    <term tid="t_76" lemma="sun" type="open">
      <span>
        <target id="w_76"/>
      </span>
    </term>
    <term tid="t_77" lemma="air" type="open">
      <span>
        <target id="w_77"/>
      </span>
    </term>
    <term tid="t_78" lemma="en" type="open">
      <span>
        <target id="w_78"/>
      </span>
    </term>
    <term tid="t_79" lemma="d" type="open">
      <span>
        <target id="w_79"/>
      </span>
    </term>
    <term tid="t_80" lemma="reizen" type="open">
      <span>
        <target id="w_80"/>
      </span>
    </term>
    <term tid="t_81" lemma="boeken" type="open">
      <span>
        <target id="w_81"/>
      </span>
    </term>
    <term tid="t_82" lemma="." type="open">
      <span>
        <target id="w_82"/>
      </span>
    </term>
    <term tid="t_83" lemma="van" type="open">
      <span>
        <target id="w_83"/>
      </span>
    </term>
    <term tid="t_84" lemma="onze" type="open">
      <span>
        <target id="w_84"/>
      </span>
    </term>
    <term tid="t_85" lemma="klachten" type="open">
      <span>
        <target id="w_85"/>
      </span>
    </term>
    <term tid="t_86" lemma="en" type="open">
      <span>
        <target id="w_86"/>
      </span>
    </term>
    <term tid="t_87" lemma="beloofd" type="open">
      <span>
        <target id="w_87"/>
      </span>
    </term>
    <term tid="t_88" lemma="geld" type="open">
      <span>
        <target id="w_88"/>
      </span>
    </term>
    <term tid="t_89" lemma="nooit" type="open">
      <span>
        <target id="w_89"/>
      </span>
      <sentiment sentiment_modifier="shifter" resource="VUA_olery_lexicon_nl_lmf"/>
    </term>
    <term tid="t_90" lemma="iets" type="open">
      <span>
        <target id="w_90"/>
      </span>
    </term>
    <term tid="t_91" lemma="gezien" type="open">
      <span>
        <target id="w_91"/>
      </span>
    </term>
    <term tid="t_92" lemma="!" type="open">
      <span>
        <target id="w_92"/>
      </span>
      <sentiment sentiment_modifier="intensifier" resource="VUA_olery_lexicon_nl_lmf"/>
    </term>
  </terms>
  <entities>
    <entity type="PER" eid="e_1">
      <span>
        <target id="t_24"/>
      </span>
    </entity>
    <entity type="MISC" eid="e_2">
      <span>
        <target id="t_9"/>
      </span>
    </entity>
    <entity type="ORG" eid="e_3">
      <span>
        <target id="t_12"/>
      </span>
    </entity>
    <entity type="PER" eid="e_4">
      <span>
        <target id="t_30"/>
      </span>
    </entity>
    <entity type="MISC" eid="e_5">
      <span>
        <target id="t_3"/>
      </span>
    </entity>
  </entities>
  <properties>
    <property type="cleanliness" pid="p_1">
      <span>
        <target id="t_47"/>
      </span>
    </property>
    <property type="value_for_money" pid="p_2">
      <span>
        <target id="t_88"/>
      </span>
    </property>
    <property type="bathroom" pid="p_3">
      <span>
        <target id="t_33"/>
      </span>
      <span>
        <target id="t_45"/>
      </span>
      <span>
        <target id="t_56"/>
      </span>
    </property>
    <property type="room" pid="p_4">
      <span>
        <target id="t_12"/>
      </span>
    </property>
  </properties>
  <opinions>
    <opinion oid="o_1">
      <opinion_target>
        <span>
          <target id="t_4"/>
        </span>
      </opinion_target>
      <opinion_expression polarity="negative" strength="-1">
        <span>
          <target id="t_3"/>
        </span>
      </opinion_expression>
    </opinion>
    <opinion oid="o_2">
      <opinion_target>
        <span>
          <target id="t_45"/>
        </span>
      </opinion_target>
      <opinion_expression polarity="negative" strength="-1">
        <span>
          <target id="t_47"/>
          <target id="t_46"/>
        </span>
      </opinion_expression>
    </opinion>
    <opinion oid="o_3">
      <opinion_target>
        <span>
          <target id="t_66"/>
        </span>
      </opinion_target>
      <opinion_expression polarity="positive" strength="1">
        <span>
          <target id="t_63"/>
        </span>
      </opinion_expression>
    </opinion>
  </opinions>
</KAF>
