<?xml version='1.0' encoding='UTF-8'?>
<KAF xml:lang="nl">
  <linguisticProcessors layer="text">
    <lp timestamp="2013-01-06T18:45:12CET" version="2.0" name="SentenceTokenizer"/>
  </linguisticProcessors>
  <linguisticProcessors layer="terms">
    <lp timestamp="2013-01-06T18:45:12CET" version="2.0" name="SentenceTokenizer"/>
    <lp timestamp="2013-01-06T18:45:12CET" version="1.0" name="SimplePolarityTagger"/>
  </linguisticProcessors>
  <linguisticProcessor layer="opinions">
    <lp timestamp="2013-01-06T18:45:12CET" version="1.0" name="SimpleOpinionDetector"/>
  </linguisticProcessor>
  <linguisticProcessor layer="properties">
    <lp timestamp="2013-01-06T18:45:12CET" version="1.0" name="SimplePropRecognizer_lookup"/>
  </linguisticProcessor>
  <linguisticProcessor layer="entities">
    <lp timestamp="2013-01-06T18:45:12CET" version="1.0" name="SimpleNER_lookup"/>
  </linguisticProcessor>
  <text>
    <wf wid="w_1" para="1" sent="1">wachttijd</wf>
    <wf wid="w_2" para="1" sent="1">en</wf>
    <wf wid="w_3" para="1" sent="1">betaling</wf>
    <wf wid="w_4" para="1" sent="1">.</wf>
    <wf wid="w_5" para="1" sent="2">Het</wf>
    <wf wid="w_6" para="1" sent="2">diner</wf>
    <wf wid="w_7" para="1" sent="2">via</wf>
    <wf wid="w_8" para="1" sent="2">het</wf>
    <wf wid="w_9" para="1" sent="2">hotel</wf>
    <wf wid="w_10" para="1" sent="2">betaald</wf>
    <wf wid="w_11" para="1" sent="2">en</wf>
    <wf wid="w_12" para="1" sent="2">de</wf>
    <wf wid="w_13" para="1" sent="2">drankrekening</wf>
    <wf wid="w_14" para="1" sent="2">rechtstreeks</wf>
    <wf wid="w_15" para="1" sent="2">bij</wf>
    <wf wid="w_16" para="1" sent="2">het</wf>
    <wf wid="w_17" para="1" sent="2">restaurant</wf>
    <wf wid="w_18" para="1" sent="2">.</wf>
    <wf wid="w_19" para="1" sent="3">2</wf>
    <wf wid="w_20" para="1" sent="3">glaasjes</wf>
    <wf wid="w_21" para="1" sent="3">wijn</wf>
    <wf wid="w_22" para="1" sent="3">en</wf>
    <wf wid="w_23" para="1" sent="3">2</wf>
    <wf wid="w_24" para="1" sent="3">cola</wf>
    <wf wid="w_25" para="1" sent="3">een</wf>
    <wf wid="w_26" para="1" sent="3">bedrag</wf>
    <wf wid="w_27" para="1" sent="3">van</wf>
    <wf wid="w_28" para="1" sent="3">euro</wf>
    <wf wid="w_29" para="1" sent="3">26</wf>
    <wf wid="w_30" para="1" sent="3">,</wf>
    <wf wid="w_31" para="1" sent="3">60</wf>
    <wf wid="w_32" para="1" sent="3">.</wf>
    <wf wid="w_33" para="1" sent="4">belachelijk</wf>
    <wf wid="w_34" para="1" sent="4">Men</wf>
    <wf wid="w_35" para="1" sent="4">was</wf>
    <wf wid="w_36" para="1" sent="4">ons</wf>
    <wf wid="w_37" para="1" sent="4">vergeten</wf>
    <wf wid="w_38" para="1" sent="4">en</wf>
    <wf wid="w_39" para="1" sent="4">hebben</wf>
    <wf wid="w_40" para="1" sent="4">ondanks</wf>
    <wf wid="w_41" para="1" sent="4">reservering</wf>
    <wf wid="w_42" para="1" sent="4">bijna</wf>
    <wf wid="w_43" para="1" sent="4">3</wf>
    <wf wid="w_44" para="1" sent="4">kwartier</wf>
    <wf wid="w_45" para="1" sent="4">op</wf>
    <wf wid="w_46" para="1" sent="4">het</wf>
    <wf wid="w_47" para="1" sent="4">voorgerecht</wf>
    <wf wid="w_48" para="1" sent="4">moeten</wf>
    <wf wid="w_49" para="1" sent="4">wachten</wf>
    <wf wid="w_50" para="1" sent="4">.</wf>
  </text>
  <terms>
    <term tid="t_1" lemma="wachttijd" type="open">
      <span>
        <target id="w_1"/>
      </span>
    </term>
    <term tid="t_2" lemma="en" type="open">
      <span>
        <target id="w_2"/>
      </span>
    </term>
    <term tid="t_3" lemma="betaling" type="open">
      <span>
        <target id="w_3"/>
      </span>
    </term>
    <term tid="t_4" lemma="." type="open">
      <span>
        <target id="w_4"/>
      </span>
    </term>
    <term tid="t_5" lemma="het" type="open">
      <span>
        <target id="w_5"/>
      </span>
    </term>
    <term tid="t_6" lemma="diner" type="open">
      <span>
        <target id="w_6"/>
      </span>
    </term>
    <term tid="t_7" lemma="via" type="open">
      <span>
        <target id="w_7"/>
      </span>
    </term>
    <term tid="t_8" lemma="het" type="open">
      <span>
        <target id="w_8"/>
      </span>
    </term>
    <term tid="t_9" lemma="hotel" type="open">
      <span>
        <target id="w_9"/>
      </span>
    </term>
    <term tid="t_10" lemma="betaald" type="open">
      <span>
        <target id="w_10"/>
      </span>
    </term>
    <term tid="t_11" lemma="en" type="open">
      <span>
        <target id="w_11"/>
      </span>
    </term>
    <term tid="t_12" lemma="de" type="open">
      <span>
        <target id="w_12"/>
      </span>
    </term>
    <term tid="t_13" lemma="drankrekening" type="open">
      <span>
        <target id="w_13"/>
      </span>
    </term>
    <term tid="t_14" lemma="rechtstreeks" type="open">
      <span>
        <target id="w_14"/>
      </span>
    </term>
    <term tid="t_15" lemma="bij" type="open">
      <span>
        <target id="w_15"/>
      </span>
    </term>
    <term tid="t_16" lemma="het" type="open">
      <span>
        <target id="w_16"/>
      </span>
    </term>
    <term tid="t_17" lemma="restaurant" type="open">
      <span>
        <target id="w_17"/>
      </span>
    </term>
    <term tid="t_18" lemma="." type="open">
      <span>
        <target id="w_18"/>
      </span>
    </term>
    <term tid="t_19" lemma="2" type="open">
      <span>
        <target id="w_19"/>
      </span>
    </term>
    <term tid="t_20" lemma="glaasjes" type="open">
      <span>
        <target id="w_20"/>
      </span>
    </term>
    <term tid="t_21" lemma="wijn" type="open">
      <span>
        <target id="w_21"/>
      </span>
    </term>
    <term tid="t_22" lemma="en" type="open">
      <span>
        <target id="w_22"/>
      </span>
    </term>
    <term tid="t_23" lemma="2" type="open">
      <span>
        <target id="w_23"/>
      </span>
    </term>
    <term tid="t_24" lemma="cola" type="open">
      <span>
        <target id="w_24"/>
      </span>
    </term>
    <term tid="t_25" lemma="een" type="open">
      <span>
        <target id="w_25"/>
      </span>
    </term>
    <term tid="t_26" lemma="bedrag" type="open">
      <span>
        <target id="w_26"/>
      </span>
    </term>
    <term tid="t_27" lemma="van" type="open">
      <span>
        <target id="w_27"/>
      </span>
    </term>
    <term tid="t_28" lemma="euro" type="open">
      <span>
        <target id="w_28"/>
      </span>
    </term>
    <term tid="t_29" lemma="26" type="open">
      <span>
        <target id="w_29"/>
      </span>
    </term>
    <term tid="t_30" lemma="," type="open">
      <span>
        <target id="w_30"/>
      </span>
    </term>
    <term tid="t_31" lemma="60" type="open">
      <span>
        <target id="w_31"/>
      </span>
    </term>
    <term tid="t_32" lemma="." type="open">
      <span>
        <target id="w_32"/>
      </span>
    </term>
    <term tid="t_33" lemma="belachelijk" type="open" pos="G">
      <span>
        <target id="w_33"/>
      </span>
      <sentiment polarity="negative" resource="VUA_olery_lexicon_nl_lmf"/>
    </term>
    <term tid="t_34" lemma="men" type="open">
      <span>
        <target id="w_34"/>
      </span>
    </term>
    <term tid="t_35" lemma="was" type="open">
      <span>
        <target id="w_35"/>
      </span>
    </term>
    <term tid="t_36" lemma="ons" type="open">
      <span>
        <target id="w_36"/>
      </span>
    </term>
    <term tid="t_37" lemma="vergeten" type="open" pos="V">
      <span>
        <target id="w_37"/>
      </span>
      <sentiment polarity="negative" resource="VUA_olery_lexicon_nl_lmf"/>
    </term>
    <term tid="t_38" lemma="en" type="open">
      <span>
        <target id="w_38"/>
      </span>
    </term>
    <term tid="t_39" lemma="hebben" type="open">
      <span>
        <target id="w_39"/>
      </span>
    </term>
    <term tid="t_40" lemma="ondanks" type="open">
      <span>
        <target id="w_40"/>
      </span>
    </term>
    <term tid="t_41" lemma="reservering" type="open">
      <span>
        <target id="w_41"/>
      </span>
    </term>
    <term tid="t_42" lemma="bijna" type="open">
      <span>
        <target id="w_42"/>
      </span>
    </term>
    <term tid="t_43" lemma="3" type="open">
      <span>
        <target id="w_43"/>
      </span>
    </term>
    <term tid="t_44" lemma="kwartier" type="open">
      <span>
        <target id="w_44"/>
      </span>
    </term>
    <term tid="t_45" lemma="op" type="open">
      <span>
        <target id="w_45"/>
      </span>
    </term>
    <term tid="t_46" lemma="het" type="open">
      <span>
        <target id="w_46"/>
      </span>
    </term>
    <term tid="t_47" lemma="voorgerecht" type="open">
      <span>
        <target id="w_47"/>
      </span>
    </term>
    <term tid="t_48" lemma="moeten" type="open">
      <span>
        <target id="w_48"/>
      </span>
    </term>
    <term tid="t_49" lemma="wachten" type="open">
      <span>
        <target id="w_49"/>
      </span>
    </term>
    <term tid="t_50" lemma="." type="open">
      <span>
        <target id="w_50"/>
      </span>
    </term>
  </terms>
  <entities>
    <entity type="PER" eid="e_1">
      <span>
        <target id="t_19"/>
      </span>
      <span>
        <target id="t_23"/>
      </span>
    </entity>
  </entities>
  <properties>
    <property type="value_for_money" pid="p_1">
      <span>
        <target id="t_3"/>
      </span>
      <span>
        <target id="t_26"/>
      </span>
      <span>
        <target id="t_28"/>
      </span>
    </property>
    <property type="staff" pid="p_2">
      <span>
        <target id="t_41"/>
      </span>
    </property>
    <property type="restaurant" pid="p_3">
      <span>
        <target id="t_6"/>
      </span>
      <span>
        <target id="t_17"/>
      </span>
      <span>
        <target id="t_21"/>
      </span>
      <span>
        <target id="t_24"/>
      </span>
      <span>
        <target id="t_47"/>
      </span>
    </property>
  </properties>
  <opinions>
    <opinion oid="o_1">
      <opinion_target>
        <span>
          <target id="t_40"/>
        </span>
      </opinion_target>
      <opinion_expression polarity="negative" strength="-1">
        <span>
          <target id="t_37"/>
        </span>
      </opinion_expression>
    </opinion>
  </opinions>
</KAF>
