<?xml version='1.0' encoding='UTF-8'?>
<KAF xml:lang="nl">
  <linguisticProcessors layer="text">
    <lp timestamp="2013-01-06T18:30:05CET" version="2.0" name="SentenceTokenizer"/>
  </linguisticProcessors>
  <linguisticProcessors layer="terms">
    <lp timestamp="2013-01-06T18:30:05CET" version="2.0" name="SentenceTokenizer"/>
    <lp timestamp="2013-01-06T18:30:06CET" version="1.0" name="SimplePolarityTagger"/>
  </linguisticProcessors>
  <linguisticProcessor layer="opinions">
    <lp timestamp="2013-01-06T18:30:06CET" version="1.0" name="SimpleOpinionDetector"/>
  </linguisticProcessor>
  <linguisticProcessor layer="properties">
    <lp timestamp="2013-01-06T18:30:06CET" version="1.0" name="SimplePropRecognizer_lookup"/>
  </linguisticProcessor>
  <linguisticProcessor layer="entities">
    <lp timestamp="2013-01-06T18:30:06CET" version="1.0" name="SimpleNER_lookup"/>
  </linguisticProcessor>
  <text>
    <wf wid="w_1" para="1" sent="1">De</wf>
    <wf wid="w_2" para="1" sent="1">ligging</wf>
    <wf wid="w_3" para="1" sent="1">van</wf>
    <wf wid="w_4" para="1" sent="1">het</wf>
    <wf wid="w_5" para="1" sent="1">hotel</wf>
    <wf wid="w_6" para="1" sent="1">is</wf>
    <wf wid="w_7" para="1" sent="1">super</wf>
    <wf wid="w_8" para="1" sent="1">.</wf>
    <wf wid="w_9" para="1" sent="2">Het</wf>
    <wf wid="w_10" para="1" sent="2">bed</wf>
    <wf wid="w_11" para="1" sent="2">is</wf>
    <wf wid="w_12" para="1" sent="2">ook</wf>
    <wf wid="w_13" para="1" sent="2">heerlijk</wf>
    <wf wid="w_14" para="1" sent="2">.</wf>
    <wf wid="w_15" para="1" sent="3">We</wf>
    <wf wid="w_16" para="1" sent="3">kregen</wf>
    <wf wid="w_17" para="1" sent="3">een</wf>
    <wf wid="w_18" para="1" sent="3">upgrade</wf>
    <wf wid="w_19" para="1" sent="3">naar</wf>
    <wf wid="w_20" para="1" sent="3">een</wf>
    <wf wid="w_21" para="1" sent="3">de</wf>
    <wf wid="w_22" para="1" sent="3">luxe</wf>
    <wf wid="w_23" para="1" sent="3">kamer</wf>
    <wf wid="w_24" para="1" sent="3">maar</wf>
    <wf wid="w_25" para="1" sent="3">vraag</wf>
    <wf wid="w_26" para="1" sent="3">me</wf>
    <wf wid="w_27" para="1" sent="3">af</wf>
    <wf wid="w_28" para="1" sent="3">wat</wf>
    <wf wid="w_29" para="1" sent="3">er</wf>
    <wf wid="w_30" para="1" sent="3">extra</wf>
    <wf wid="w_31" para="1" sent="3">was</wf>
    <wf wid="w_32" para="1" sent="3">..</wf>
    <wf wid="w_33" para="1" sent="4">De</wf>
    <wf wid="w_34" para="1" sent="4">douche</wf>
    <wf wid="w_35" para="1" sent="4">gaf</wf>
    <wf wid="w_36" para="1" sent="4">veel</wf>
    <wf wid="w_37" para="1" sent="4">koud</wf>
    <wf wid="w_38" para="1" sent="4">water</wf>
    <wf wid="w_39" para="1" sent="4">.</wf>
    <wf wid="w_40" para="1" sent="5">Niemand</wf>
    <wf wid="w_41" para="1" sent="5">van</wf>
    <wf wid="w_42" para="1" sent="5">het</wf>
    <wf wid="w_43" para="1" sent="5">personeel</wf>
    <wf wid="w_44" para="1" sent="5">heeft</wf>
    <wf wid="w_45" para="1" sent="5">gevraagd</wf>
    <wf wid="w_46" para="1" sent="5">hoe</wf>
    <wf wid="w_47" para="1" sent="5">ons</wf>
    <wf wid="w_48" para="1" sent="5">verblijf</wf>
    <wf wid="w_49" para="1" sent="5">is</wf>
    <wf wid="w_50" para="1" sent="5">geweest</wf>
    <wf wid="w_51" para="1" sent="5">.</wf>
    <wf wid="w_52" para="1" sent="6">Voor</wf>
    <wf wid="w_53" para="1" sent="6">het</wf>
    <wf wid="w_54" para="1" sent="6">geld</wf>
    <wf wid="w_55" para="1" sent="6">wat</wf>
    <wf wid="w_56" para="1" sent="6">je</wf>
    <wf wid="w_57" para="1" sent="6">betaald</wf>
    <wf wid="w_58" para="1" sent="6">heb</wf>
    <wf wid="w_59" para="1" sent="6">je</wf>
    <wf wid="w_60" para="1" sent="6">geen</wf>
    <wf wid="w_61" para="1" sent="6">gratis</wf>
    <wf wid="w_62" para="1" sent="6">wifi</wf>
    <wf wid="w_63" para="1" sent="6">op</wf>
    <wf wid="w_64" para="1" sent="6">de</wf>
    <wf wid="w_65" para="1" sent="6">kamer</wf>
    <wf wid="w_66" para="1" sent="6">.</wf>
  </text>
  <terms>
    <term tid="t_1" lemma="de" type="open">
      <span>
        <target id="w_1"/>
      </span>
    </term>
    <term tid="t_2" lemma="ligging" type="open">
      <span>
        <target id="w_2"/>
      </span>
    </term>
    <term tid="t_3" lemma="van" type="open">
      <span>
        <target id="w_3"/>
      </span>
    </term>
    <term tid="t_4" lemma="het" type="open">
      <span>
        <target id="w_4"/>
      </span>
    </term>
    <term tid="t_5" lemma="hotel" type="open">
      <span>
        <target id="w_5"/>
      </span>
    </term>
    <term tid="t_6" lemma="is" type="open">
      <span>
        <target id="w_6"/>
      </span>
    </term>
    <term tid="t_7" lemma="super" type="open" pos="N">
      <span>
        <target id="w_7"/>
      </span>
      <sentiment polarity="positive" resource="VUA_olery_lexicon_nl_lmf"/>
    </term>
    <term tid="t_8" lemma="." type="open">
      <span>
        <target id="w_8"/>
      </span>
    </term>
    <term tid="t_9" lemma="het" type="open">
      <span>
        <target id="w_9"/>
      </span>
    </term>
    <term tid="t_10" lemma="bed" type="open">
      <span>
        <target id="w_10"/>
      </span>
    </term>
    <term tid="t_11" lemma="is" type="open">
      <span>
        <target id="w_11"/>
      </span>
    </term>
    <term tid="t_12" lemma="ook" type="open">
      <span>
        <target id="w_12"/>
      </span>
    </term>
    <term tid="t_13" lemma="heerlijk" type="open" pos="G">
      <span>
        <target id="w_13"/>
      </span>
      <sentiment polarity="positive" resource="VUA_olery_lexicon_nl_lmf"/>
    </term>
    <term tid="t_14" lemma="." type="open">
      <span>
        <target id="w_14"/>
      </span>
    </term>
    <term tid="t_15" lemma="we" type="open">
      <span>
        <target id="w_15"/>
      </span>
    </term>
    <term tid="t_16" lemma="kregen" type="open">
      <span>
        <target id="w_16"/>
      </span>
    </term>
    <term tid="t_17" lemma="een" type="open">
      <span>
        <target id="w_17"/>
      </span>
    </term>
    <term tid="t_18" lemma="upgrade" type="open">
      <span>
        <target id="w_18"/>
      </span>
    </term>
    <term tid="t_19" lemma="naar" type="open" pos="G">
      <span>
        <target id="w_19"/>
      </span>
      <sentiment polarity="negative" resource="VUA_olery_lexicon_nl_lmf"/>
    </term>
    <term tid="t_20" lemma="een" type="open">
      <span>
        <target id="w_20"/>
      </span>
    </term>
    <term tid="t_21" lemma="de" type="open">
      <span>
        <target id="w_21"/>
      </span>
    </term>
    <term tid="t_22" lemma="luxe" type="open" pos="N">
      <span>
        <target id="w_22"/>
      </span>
      <sentiment polarity="positive" resource="VUA_olery_lexicon_nl_lmf"/>
    </term>
    <term tid="t_23" lemma="kamer" type="open">
      <span>
        <target id="w_23"/>
      </span>
    </term>
    <term tid="t_24" lemma="maar" type="open">
      <span>
        <target id="w_24"/>
      </span>
    </term>
    <term tid="t_25" lemma="vraag" type="open">
      <span>
        <target id="w_25"/>
      </span>
    </term>
    <term tid="t_26" lemma="me" type="open">
      <span>
        <target id="w_26"/>
      </span>
    </term>
    <term tid="t_27" lemma="af" type="open">
      <span>
        <target id="w_27"/>
      </span>
    </term>
    <term tid="t_28" lemma="wat" type="open">
      <span>
        <target id="w_28"/>
      </span>
    </term>
    <term tid="t_29" lemma="er" type="open">
      <span>
        <target id="w_29"/>
      </span>
    </term>
    <term tid="t_30" lemma="extra" type="open">
      <span>
        <target id="w_30"/>
      </span>
    </term>
    <term tid="t_31" lemma="was" type="open">
      <span>
        <target id="w_31"/>
      </span>
    </term>
    <term tid="t_32" lemma=".." type="open">
      <span>
        <target id="w_32"/>
      </span>
    </term>
    <term tid="t_33" lemma="de" type="open">
      <span>
        <target id="w_33"/>
      </span>
    </term>
    <term tid="t_34" lemma="douche" type="open">
      <span>
        <target id="w_34"/>
      </span>
    </term>
    <term tid="t_35" lemma="gaf" type="open">
      <span>
        <target id="w_35"/>
      </span>
    </term>
    <term tid="t_36" lemma="veel" type="open">
      <span>
        <target id="w_36"/>
      </span>
    </term>
    <term tid="t_37" lemma="koud" type="open" pos="G">
      <span>
        <target id="w_37"/>
      </span>
      <sentiment polarity="negative" resource="VUA_olery_lexicon_nl_lmf"/>
    </term>
    <term tid="t_38" lemma="water" type="open">
      <span>
        <target id="w_38"/>
      </span>
    </term>
    <term tid="t_39" lemma="." type="open">
      <span>
        <target id="w_39"/>
      </span>
    </term>
    <term tid="t_40" lemma="niemand" type="open">
      <span>
        <target id="w_40"/>
      </span>
      <sentiment sentiment_modifier="shifter" resource="VUA_olery_lexicon_nl_lmf"/>
    </term>
    <term tid="t_41" lemma="van" type="open">
      <span>
        <target id="w_41"/>
      </span>
    </term>
    <term tid="t_42" lemma="het" type="open">
      <span>
        <target id="w_42"/>
      </span>
    </term>
    <term tid="t_43" lemma="personeel" type="open">
      <span>
        <target id="w_43"/>
      </span>
    </term>
    <term tid="t_44" lemma="heeft" type="open">
      <span>
        <target id="w_44"/>
      </span>
    </term>
    <term tid="t_45" lemma="gevraagd" type="open">
      <span>
        <target id="w_45"/>
      </span>
    </term>
    <term tid="t_46" lemma="hoe" type="open">
      <span>
        <target id="w_46"/>
      </span>
    </term>
    <term tid="t_47" lemma="ons" type="open">
      <span>
        <target id="w_47"/>
      </span>
    </term>
    <term tid="t_48" lemma="verblijf" type="open">
      <span>
        <target id="w_48"/>
      </span>
    </term>
    <term tid="t_49" lemma="is" type="open">
      <span>
        <target id="w_49"/>
      </span>
    </term>
    <term tid="t_50" lemma="geweest" type="open">
      <span>
        <target id="w_50"/>
      </span>
    </term>
    <term tid="t_51" lemma="." type="open">
      <span>
        <target id="w_51"/>
      </span>
    </term>
    <term tid="t_52" lemma="voor" type="open">
      <span>
        <target id="w_52"/>
      </span>
    </term>
    <term tid="t_53" lemma="het" type="open">
      <span>
        <target id="w_53"/>
      </span>
    </term>
    <term tid="t_54" lemma="geld" type="open">
      <span>
        <target id="w_54"/>
      </span>
    </term>
    <term tid="t_55" lemma="wat" type="open">
      <span>
        <target id="w_55"/>
      </span>
    </term>
    <term tid="t_56" lemma="je" type="open">
      <span>
        <target id="w_56"/>
      </span>
    </term>
    <term tid="t_57" lemma="betaald" type="open">
      <span>
        <target id="w_57"/>
      </span>
    </term>
    <term tid="t_58" lemma="heb" type="open">
      <span>
        <target id="w_58"/>
      </span>
    </term>
    <term tid="t_59" lemma="je" type="open">
      <span>
        <target id="w_59"/>
      </span>
    </term>
    <term tid="t_60" lemma="geen" type="open">
      <span>
        <target id="w_60"/>
      </span>
      <sentiment sentiment_modifier="shifter" resource="VUA_olery_lexicon_nl_lmf"/>
    </term>
    <term tid="t_61" lemma="gratis" type="open" pos="G">
      <span>
        <target id="w_61"/>
      </span>
      <sentiment polarity="positive" resource="VUA_olery_lexicon_nl_lmf"/>
    </term>
    <term tid="t_62" lemma="wifi" type="open">
      <span>
        <target id="w_62"/>
      </span>
    </term>
    <term tid="t_63" lemma="op" type="open">
      <span>
        <target id="w_63"/>
      </span>
    </term>
    <term tid="t_64" lemma="de" type="open">
      <span>
        <target id="w_64"/>
      </span>
    </term>
    <term tid="t_65" lemma="kamer" type="open">
      <span>
        <target id="w_65"/>
      </span>
    </term>
    <term tid="t_66" lemma="." type="open">
      <span>
        <target id="w_66"/>
      </span>
    </term>
  </terms>
  <entities>
    <entity type="PER" eid="e_1">
      <span>
        <target id="t_15"/>
      </span>
    </entity>
    <entity type="ORG" eid="e_2">
      <span>
        <target id="t_23"/>
      </span>
      <span>
        <target id="t_65"/>
      </span>
    </entity>
  </entities>
  <properties>
    <property type="value_for_money" pid="p_1">
      <span>
        <target id="t_54"/>
      </span>
      <span>
        <target id="t_61"/>
      </span>
    </property>
    <property type="bathroom" pid="p_2">
      <span>
        <target id="t_34"/>
      </span>
      <span>
        <target id="t_38"/>
      </span>
    </property>
    <property type="room" pid="p_3">
      <span>
        <target id="t_23"/>
      </span>
      <span>
        <target id="t_65"/>
      </span>
    </property>
    <property type="sleeping_comfort" pid="p_4">
      <span>
        <target id="t_10"/>
      </span>
    </property>
    <property type="location" pid="p_5">
      <span>
        <target id="t_2"/>
      </span>
    </property>
    <property type="internet" pid="p_6">
      <span>
        <target id="t_62"/>
      </span>
    </property>
    <property type="staff" pid="p_7">
      <span>
        <target id="t_43"/>
      </span>
    </property>
  </properties>
  <opinions>
    <opinion oid="o_1">
      <opinion_target>
        <span>
          <target id="t_5"/>
        </span>
      </opinion_target>
      <opinion_expression polarity="positive" strength="1">
        <span>
          <target id="t_7"/>
        </span>
      </opinion_expression>
    </opinion>
    <opinion oid="o_2">
      <opinion_target>
        <span>
          <target id="t_10"/>
        </span>
      </opinion_target>
      <opinion_expression polarity="positive" strength="1">
        <span>
          <target id="t_13"/>
        </span>
      </opinion_expression>
    </opinion>
    <opinion oid="o_3">
      <opinion_holder>
        <span>
          <target id="t_15"/>
        </span>
      </opinion_holder>
      <opinion_target>
        <span>
          <target id="t_18"/>
        </span>
      </opinion_target>
      <opinion_expression polarity="negative" strength="-1">
        <span>
          <target id="t_19"/>
        </span>
      </opinion_expression>
    </opinion>
    <opinion oid="o_4">
      <opinion_holder>
        <span>
          <target id="t_15"/>
        </span>
      </opinion_holder>
      <opinion_target>
        <span>
          <target id="t_23"/>
        </span>
      </opinion_target>
      <opinion_expression polarity="positive" strength="1">
        <span>
          <target id="t_22"/>
        </span>
      </opinion_expression>
    </opinion>
    <opinion oid="o_5">
      <opinion_target>
        <span>
          <target id="t_38"/>
        </span>
      </opinion_target>
      <opinion_expression polarity="negative" strength="-1">
        <span>
          <target id="t_37"/>
        </span>
      </opinion_expression>
    </opinion>
    <opinion oid="o_6">
      <opinion_target>
        <span>
          <target id="t_62"/>
        </span>
      </opinion_target>
      <opinion_expression polarity="negative" strength="-1">
        <span>
          <target id="t_61"/>
          <target id="t_60"/>
        </span>
      </opinion_expression>
    </opinion>
  </opinions>
</KAF>
