<?xml version='1.0' encoding='UTF-8'?>
<KAF xml:lang="nl">
  <linguisticProcessors layer="text">
    <lp timestamp="2013-01-06T18:44:15CET" version="2.0" name="SentenceTokenizer"/>
  </linguisticProcessors>
  <linguisticProcessors layer="terms">
    <lp timestamp="2013-01-06T18:44:15CET" version="2.0" name="SentenceTokenizer"/>
    <lp timestamp="2013-01-06T18:44:15CET" version="1.0" name="SimplePolarityTagger"/>
  </linguisticProcessors>
  <linguisticProcessor layer="opinions">
    <lp timestamp="2013-01-06T18:44:15CET" version="1.0" name="SimpleOpinionDetector"/>
  </linguisticProcessor>
  <linguisticProcessor layer="properties">
    <lp timestamp="2013-01-06T18:44:15CET" version="1.0" name="SimplePropRecognizer_lookup"/>
  </linguisticProcessor>
  <linguisticProcessor layer="entities">
    <lp timestamp="2013-01-06T18:44:15CET" version="1.0" name="SimpleNER_lookup"/>
  </linguisticProcessor>
  <text>
    <wf wid="w_1" para="1" sent="1">Redelijk</wf>
    <wf wid="w_2" para="1" sent="1">hotel</wf>
    <wf wid="w_3" para="1" sent="1">maar</wf>
    <wf wid="w_4" para="1" sent="1">glijdt</wf>
    <wf wid="w_5" para="1" sent="1">af</wf>
    <wf wid="w_6" para="1" sent="1">.</wf>
    <wf wid="w_7" para="1" sent="2">Op</wf>
    <wf wid="w_8" para="1" sent="2">zich</wf>
    <wf wid="w_9" para="1" sent="2">redelijke</wf>
    <wf wid="w_10" para="1" sent="2">kwaliteit</wf>
    <wf wid="w_11" para="1" sent="2">,</wf>
    <wf wid="w_12" para="1" sent="2">maar</wf>
    <wf wid="w_13" para="1" sent="2">de</wf>
    <wf wid="w_14" para="1" sent="2">prijs</wf>
    <wf wid="w_15" para="1" sent="2">van</wf>
    <wf wid="w_16" para="1" sent="2">het</wf>
    <wf wid="w_17" para="1" sent="2">hotel</wf>
    <wf wid="w_18" para="1" sent="2">is</wf>
    <wf wid="w_19" para="1" sent="2">voor</wf>
    <wf wid="w_20" para="1" sent="2">wat</wf>
    <wf wid="w_21" para="1" sent="2">je</wf>
    <wf wid="w_22" para="1" sent="2">krijgt</wf>
    <wf wid="w_23" para="1" sent="2">te</wf>
    <wf wid="w_24" para="1" sent="2">duur</wf>
    <wf wid="w_25" para="1" sent="2">.</wf>
    <wf wid="w_26" para="1" sent="3">Je</wf>
    <wf wid="w_27" para="1" sent="3">kunt</wf>
    <wf wid="w_28" para="1" sent="3">wel</wf>
    <wf wid="w_29" para="1" sent="3">leuk</wf>
    <wf wid="w_30" para="1" sent="3">buiten</wf>
    <wf wid="w_31" para="1" sent="3">zitten</wf>
    <wf wid="w_32" para="1" sent="3">bij</wf>
    <wf wid="w_33" para="1" sent="3">de</wf>
    <wf wid="w_34" para="1" sent="3">bar</wf>
    <wf wid="w_35" para="1" sent="3">bij</wf>
    <wf wid="w_36" para="1" sent="3">het</wf>
    <wf wid="w_37" para="1" sent="3">zwembad</wf>
    <wf wid="w_38" para="1" sent="3">.</wf>
    <wf wid="w_39" para="1" sent="4">Ook</wf>
    <wf wid="w_40" para="1" sent="4">dichtbij</wf>
    <wf wid="w_41" para="1" sent="4">bij</wf>
    <wf wid="w_42" para="1" sent="4">het</wf>
    <wf wid="w_43" para="1" sent="4">centrum</wf>
    <wf wid="w_44" para="1" sent="4">.</wf>
  </text>
  <terms>
    <term tid="t_1" lemma="redelijk" type="open">
      <span>
        <target id="w_1"/>
      </span>
    </term>
    <term tid="t_2" lemma="hotel" type="open">
      <span>
        <target id="w_2"/>
      </span>
    </term>
    <term tid="t_3" lemma="maar" type="open">
      <span>
        <target id="w_3"/>
      </span>
    </term>
    <term tid="t_4" lemma="glijdt" type="open">
      <span>
        <target id="w_4"/>
      </span>
    </term>
    <term tid="t_5" lemma="af" type="open">
      <span>
        <target id="w_5"/>
      </span>
    </term>
    <term tid="t_6" lemma="." type="open">
      <span>
        <target id="w_6"/>
      </span>
    </term>
    <term tid="t_7" lemma="op" type="open">
      <span>
        <target id="w_7"/>
      </span>
    </term>
    <term tid="t_8" lemma="zich" type="open">
      <span>
        <target id="w_8"/>
      </span>
    </term>
    <term tid="t_9" lemma="redelijke" type="open">
      <span>
        <target id="w_9"/>
      </span>
    </term>
    <term tid="t_10" lemma="kwaliteit" type="open">
      <span>
        <target id="w_10"/>
      </span>
    </term>
    <term tid="t_11" lemma="," type="open">
      <span>
        <target id="w_11"/>
      </span>
    </term>
    <term tid="t_12" lemma="maar" type="open">
      <span>
        <target id="w_12"/>
      </span>
    </term>
    <term tid="t_13" lemma="de" type="open">
      <span>
        <target id="w_13"/>
      </span>
    </term>
    <term tid="t_14" lemma="prijs" type="open">
      <span>
        <target id="w_14"/>
      </span>
    </term>
    <term tid="t_15" lemma="van" type="open">
      <span>
        <target id="w_15"/>
      </span>
    </term>
    <term tid="t_16" lemma="het" type="open">
      <span>
        <target id="w_16"/>
      </span>
    </term>
    <term tid="t_17" lemma="hotel" type="open">
      <span>
        <target id="w_17"/>
      </span>
    </term>
    <term tid="t_18" lemma="is" type="open">
      <span>
        <target id="w_18"/>
      </span>
    </term>
    <term tid="t_19" lemma="voor" type="open">
      <span>
        <target id="w_19"/>
      </span>
    </term>
    <term tid="t_20" lemma="wat" type="open">
      <span>
        <target id="w_20"/>
      </span>
    </term>
    <term tid="t_21" lemma="je" type="open">
      <span>
        <target id="w_21"/>
      </span>
    </term>
    <term tid="t_22" lemma="krijgt" type="open">
      <span>
        <target id="w_22"/>
      </span>
    </term>
    <term tid="t_23" lemma="te" type="open">
      <span>
        <target id="w_23"/>
      </span>
    </term>
    <term tid="t_24" lemma="duur" type="open" pos="G">
      <span>
        <target id="w_24"/>
      </span>
      <sentiment polarity="negative" resource="VUA_olery_lexicon_nl_lmf"/>
    </term>
    <term tid="t_25" lemma="." type="open">
      <span>
        <target id="w_25"/>
      </span>
    </term>
    <term tid="t_26" lemma="je" type="open">
      <span>
        <target id="w_26"/>
      </span>
    </term>
    <term tid="t_27" lemma="kunt" type="open">
      <span>
        <target id="w_27"/>
      </span>
    </term>
    <term tid="t_28" lemma="wel" type="open">
      <span>
        <target id="w_28"/>
      </span>
    </term>
    <term tid="t_29" lemma="leuk" type="open" pos="G">
      <span>
        <target id="w_29"/>
      </span>
      <sentiment polarity="positive" resource="VUA_olery_lexicon_nl_lmf"/>
    </term>
    <term tid="t_30" lemma="buiten" type="open">
      <span>
        <target id="w_30"/>
      </span>
    </term>
    <term tid="t_31" lemma="zitten" type="open">
      <span>
        <target id="w_31"/>
      </span>
    </term>
    <term tid="t_32" lemma="bij" type="open">
      <span>
        <target id="w_32"/>
      </span>
    </term>
    <term tid="t_33" lemma="de" type="open">
      <span>
        <target id="w_33"/>
      </span>
    </term>
    <term tid="t_34" lemma="bar" type="open">
      <span>
        <target id="w_34"/>
      </span>
    </term>
    <term tid="t_35" lemma="bij" type="open">
      <span>
        <target id="w_35"/>
      </span>
    </term>
    <term tid="t_36" lemma="het" type="open">
      <span>
        <target id="w_36"/>
      </span>
    </term>
    <term tid="t_37" lemma="zwembad" type="open">
      <span>
        <target id="w_37"/>
      </span>
    </term>
    <term tid="t_38" lemma="." type="open">
      <span>
        <target id="w_38"/>
      </span>
    </term>
    <term tid="t_39" lemma="ook" type="open">
      <span>
        <target id="w_39"/>
      </span>
    </term>
    <term tid="t_40" lemma="dichtbij" type="open" pos="G">
      <span>
        <target id="w_40"/>
      </span>
      <sentiment polarity="positive" resource="VUA_olery_lexicon_nl_lmf"/>
    </term>
    <term tid="t_41" lemma="bij" type="open">
      <span>
        <target id="w_41"/>
      </span>
    </term>
    <term tid="t_42" lemma="het" type="open">
      <span>
        <target id="w_42"/>
      </span>
    </term>
    <term tid="t_43" lemma="centrum" type="open">
      <span>
        <target id="w_43"/>
      </span>
    </term>
    <term tid="t_44" lemma="." type="open">
      <span>
        <target id="w_44"/>
      </span>
    </term>
  </terms>
  <entities>
    <entity type="ORG" eid="e_1">
      <span>
        <target id="t_34"/>
      </span>
    </entity>
  </entities>
  <properties>
    <property type="value_for_money" pid="p_1">
      <span>
        <target id="t_14"/>
      </span>
      <span>
        <target id="t_24"/>
      </span>
    </property>
    <property type="swimming_pool" pid="p_2">
      <span>
        <target id="t_37"/>
      </span>
    </property>
    <property type="location" pid="p_3">
      <span>
        <target id="t_40"/>
      </span>
      <span>
        <target id="t_43"/>
      </span>
    </property>
    <property type="facilities" pid="p_4">
      <span>
        <target id="t_34"/>
      </span>
    </property>
  </properties>
  <opinions>
    <opinion oid="o_1">
      <opinion_target>
        <span>
          <target id="t_22"/>
        </span>
      </opinion_target>
      <opinion_expression polarity="negative" strength="-1">
        <span>
          <target id="t_24"/>
        </span>
      </opinion_expression>
    </opinion>
    <opinion oid="o_2">
      <opinion_target>
        <span>
          <target id="t_30"/>
        </span>
      </opinion_target>
      <opinion_expression polarity="positive" strength="1">
        <span>
          <target id="t_29"/>
        </span>
      </opinion_expression>
    </opinion>
    <opinion oid="o_3">
      <opinion_target>
        <span>
          <target id="t_43"/>
        </span>
      </opinion_target>
      <opinion_expression polarity="positive" strength="1">
        <span>
          <target id="t_40"/>
        </span>
      </opinion_expression>
    </opinion>
  </opinions>
</KAF>
