<?xml version='1.0' encoding='UTF-8'?>
<KAF xml:lang="nl">
  <linguisticProcessors layer="text">
    <lp timestamp="2013-01-06T18:27:47CET" version="2.0" name="SentenceTokenizer"/>
  </linguisticProcessors>
  <linguisticProcessors layer="terms">
    <lp timestamp="2013-01-06T18:27:47CET" version="2.0" name="SentenceTokenizer"/>
    <lp timestamp="2013-01-06T18:27:48CET" version="1.0" name="SimplePolarityTagger"/>
  </linguisticProcessors>
  <linguisticProcessor layer="opinions">
    <lp timestamp="2013-01-06T18:27:48CET" version="1.0" name="SimpleOpinionDetector"/>
  </linguisticProcessor>
  <linguisticProcessor layer="properties">
    <lp timestamp="2013-01-06T18:27:48CET" version="1.0" name="SimplePropRecognizer_lookup"/>
  </linguisticProcessor>
  <linguisticProcessor layer="entities">
    <lp timestamp="2013-01-06T18:27:48CET" version="1.0" name="SimpleNER_lookup"/>
  </linguisticProcessor>
  <text>
    <wf wid="w_1" para="1" sent="1">Het</wf>
    <wf wid="w_2" para="1" sent="1">is</wf>
    <wf wid="w_3" para="1" sent="1">een</wf>
    <wf wid="w_4" para="1" sent="1">gezellig</wf>
    <wf wid="w_5" para="1" sent="1">,</wf>
    <wf wid="w_6" para="1" sent="1">modern</wf>
    <wf wid="w_7" para="1" sent="1">en</wf>
    <wf wid="w_8" para="1" sent="1">bijzonder</wf>
    <wf wid="w_9" para="1" sent="1">hotel</wf>
    <wf wid="w_10" para="1" sent="1">.</wf>
    <wf wid="w_11" para="1" sent="2">Wij</wf>
    <wf wid="w_12" para="1" sent="2">zijn</wf>
    <wf wid="w_13" para="1" sent="2">er</wf>
    <wf wid="w_14" para="1" sent="2">nu</wf>
    <wf wid="w_15" para="1" sent="2">2x</wf>
    <wf wid="w_16" para="1" sent="2">geweest</wf>
    <wf wid="w_17" para="1" sent="2">en</wf>
    <wf wid="w_18" para="1" sent="2">beide</wf>
    <wf wid="w_19" para="1" sent="2">keren</wf>
    <wf wid="w_20" para="1" sent="2">is</wf>
    <wf wid="w_21" para="1" sent="2">ons</wf>
    <wf wid="w_22" para="1" sent="2">prima</wf>
    <wf wid="w_23" para="1" sent="2">bevallen</wf>
    <wf wid="w_24" para="1" sent="2">.</wf>
    <wf wid="w_25" para="1" sent="3">Mooie</wf>
    <wf wid="w_26" para="1" sent="3">kamers</wf>
    <wf wid="w_27" para="1" sent="3">,</wf>
    <wf wid="w_28" para="1" sent="3">heerlijke</wf>
    <wf wid="w_29" para="1" sent="3">bedden</wf>
    <wf wid="w_30" para="1" sent="3">(</wf>
    <wf wid="w_31" para="1" sent="3">hastens</wf>
    <wf wid="w_32" para="1" sent="3">)</wf>
    <wf wid="w_33" para="1" sent="3">,</wf>
    <wf wid="w_34" para="1" sent="3">mooie</wf>
    <wf wid="w_35" para="1" sent="3">badkamer</wf>
    <wf wid="w_36" para="1" sent="3">,</wf>
    <wf wid="w_37" para="1" sent="3">milieubewust</wf>
    <wf wid="w_38" para="1" sent="3">en</wf>
    <wf wid="w_39" para="1" sent="3">prima</wf>
    <wf wid="w_40" para="1" sent="3">ontvangst</wf>
    <wf wid="w_41" para="1" sent="3">(</wf>
    <wf wid="w_42" para="1" sent="3">bedankt</wf>
    <wf wid="w_43" para="1" sent="3">meneer</wf>
    <wf wid="w_44" para="1" sent="3">die</wf>
    <wf wid="w_45" para="1" sent="3">'uit</wf>
    <wf wid="w_46" para="1" sent="3">de</wf>
    <wf wid="w_47" para="1" sent="3">buurt</wf>
    <wf wid="w_48" para="1" sent="3">van</wf>
    <wf wid="w_49" para="1" sent="3">Gouda</wf>
    <wf wid="w_50" para="1" sent="3">komt</wf>
    <wf wid="w_51" para="1" sent="3">:</wf>
    <wf wid="w_52" para="1" sent="3">-</wf>
    <wf wid="w_53" para="1" sent="3">)</wf>
    <wf wid="w_54" para="1" sent="3">)</wf>
    <wf wid="w_55" para="1" sent="3">.</wf>
  </text>
  <terms>
    <term tid="t_1" lemma="het" type="open">
      <span>
        <target id="w_1"/>
      </span>
    </term>
    <term tid="t_2" lemma="is" type="open">
      <span>
        <target id="w_2"/>
      </span>
    </term>
    <term tid="t_3" lemma="een" type="open">
      <span>
        <target id="w_3"/>
      </span>
    </term>
    <term tid="t_4" lemma="gezellig" type="open" pos="G">
      <span>
        <target id="w_4"/>
      </span>
      <sentiment polarity="positive" resource="VUA_olery_lexicon_nl_lmf"/>
    </term>
    <term tid="t_5" lemma="," type="open">
      <span>
        <target id="w_5"/>
      </span>
    </term>
    <term tid="t_6" lemma="modern" type="open" pos="G">
      <span>
        <target id="w_6"/>
      </span>
      <sentiment polarity="positive" resource="VUA_olery_lexicon_nl_lmf"/>
    </term>
    <term tid="t_7" lemma="en" type="open">
      <span>
        <target id="w_7"/>
      </span>
    </term>
    <term tid="t_8" lemma="bijzonder" type="open">
      <span>
        <target id="w_8"/>
      </span>
      <sentiment sentiment_modifier="intensifier" resource="VUA_olery_lexicon_nl_lmf"/>
    </term>
    <term tid="t_9" lemma="hotel" type="open">
      <span>
        <target id="w_9"/>
      </span>
    </term>
    <term tid="t_10" lemma="." type="open">
      <span>
        <target id="w_10"/>
      </span>
    </term>
    <term tid="t_11" lemma="wij" type="open">
      <span>
        <target id="w_11"/>
      </span>
    </term>
    <term tid="t_12" lemma="zijn" type="open">
      <span>
        <target id="w_12"/>
      </span>
    </term>
    <term tid="t_13" lemma="er" type="open">
      <span>
        <target id="w_13"/>
      </span>
    </term>
    <term tid="t_14" lemma="nu" type="open">
      <span>
        <target id="w_14"/>
      </span>
    </term>
    <term tid="t_15" lemma="2x" type="open">
      <span>
        <target id="w_15"/>
      </span>
    </term>
    <term tid="t_16" lemma="geweest" type="open">
      <span>
        <target id="w_16"/>
      </span>
    </term>
    <term tid="t_17" lemma="en" type="open">
      <span>
        <target id="w_17"/>
      </span>
    </term>
    <term tid="t_18" lemma="beide" type="open">
      <span>
        <target id="w_18"/>
      </span>
    </term>
    <term tid="t_19" lemma="keren" type="open">
      <span>
        <target id="w_19"/>
      </span>
    </term>
    <term tid="t_20" lemma="is" type="open">
      <span>
        <target id="w_20"/>
      </span>
    </term>
    <term tid="t_21" lemma="ons" type="open">
      <span>
        <target id="w_21"/>
      </span>
    </term>
    <term tid="t_22" lemma="prima" type="open" pos="G">
      <span>
        <target id="w_22"/>
      </span>
      <sentiment polarity="positive" resource="VUA_olery_lexicon_nl_lmf"/>
    </term>
    <term tid="t_23" lemma="bevallen" type="open" pos="V">
      <span>
        <target id="w_23"/>
      </span>
      <sentiment polarity="positive" resource="VUA_olery_lexicon_nl_lmf"/>
    </term>
    <term tid="t_24" lemma="." type="open">
      <span>
        <target id="w_24"/>
      </span>
    </term>
    <term tid="t_25" lemma="mooie" type="open">
      <span>
        <target id="w_25"/>
      </span>
    </term>
    <term tid="t_26" lemma="kamers" type="open">
      <span>
        <target id="w_26"/>
      </span>
    </term>
    <term tid="t_27" lemma="," type="open">
      <span>
        <target id="w_27"/>
      </span>
    </term>
    <term tid="t_28" lemma="heerlijke" type="open">
      <span>
        <target id="w_28"/>
      </span>
    </term>
    <term tid="t_29" lemma="bedden" type="open">
      <span>
        <target id="w_29"/>
      </span>
    </term>
    <term tid="t_30" lemma="(" type="open">
      <span>
        <target id="w_30"/>
      </span>
    </term>
    <term tid="t_31" lemma="hastens" type="open">
      <span>
        <target id="w_31"/>
      </span>
    </term>
    <term tid="t_32" lemma=")" type="open">
      <span>
        <target id="w_32"/>
      </span>
    </term>
    <term tid="t_33" lemma="," type="open">
      <span>
        <target id="w_33"/>
      </span>
    </term>
    <term tid="t_34" lemma="mooie" type="open">
      <span>
        <target id="w_34"/>
      </span>
    </term>
    <term tid="t_35" lemma="badkamer" type="open">
      <span>
        <target id="w_35"/>
      </span>
    </term>
    <term tid="t_36" lemma="," type="open">
      <span>
        <target id="w_36"/>
      </span>
    </term>
    <term tid="t_37" lemma="milieubewust" type="open">
      <span>
        <target id="w_37"/>
      </span>
    </term>
    <term tid="t_38" lemma="en" type="open">
      <span>
        <target id="w_38"/>
      </span>
    </term>
    <term tid="t_39" lemma="prima" type="open" pos="G">
      <span>
        <target id="w_39"/>
      </span>
      <sentiment polarity="positive" resource="VUA_olery_lexicon_nl_lmf"/>
    </term>
    <term tid="t_40" lemma="ontvangst" type="open">
      <span>
        <target id="w_40"/>
      </span>
    </term>
    <term tid="t_41" lemma="(" type="open">
      <span>
        <target id="w_41"/>
      </span>
    </term>
    <term tid="t_42" lemma="bedankt" type="open">
      <span>
        <target id="w_42"/>
      </span>
    </term>
    <term tid="t_43" lemma="meneer" type="open">
      <span>
        <target id="w_43"/>
      </span>
    </term>
    <term tid="t_44" lemma="die" type="open">
      <span>
        <target id="w_44"/>
      </span>
    </term>
    <term tid="t_45" lemma="'uit" type="open">
      <span>
        <target id="w_45"/>
      </span>
    </term>
    <term tid="t_46" lemma="de" type="open">
      <span>
        <target id="w_46"/>
      </span>
    </term>
    <term tid="t_47" lemma="buurt" type="open">
      <span>
        <target id="w_47"/>
      </span>
    </term>
    <term tid="t_48" lemma="van" type="open">
      <span>
        <target id="w_48"/>
      </span>
    </term>
    <term tid="t_49" lemma="gouda" type="open">
      <span>
        <target id="w_49"/>
      </span>
    </term>
    <term tid="t_50" lemma="komt" type="open">
      <span>
        <target id="w_50"/>
      </span>
    </term>
    <term tid="t_51" lemma=":" type="open">
      <span>
        <target id="w_51"/>
      </span>
    </term>
    <term tid="t_52" lemma="-" type="open">
      <span>
        <target id="w_52"/>
      </span>
    </term>
    <term tid="t_53" lemma=")" type="open">
      <span>
        <target id="w_53"/>
      </span>
    </term>
    <term tid="t_54" lemma=")" type="open">
      <span>
        <target id="w_54"/>
      </span>
    </term>
    <term tid="t_55" lemma="." type="open">
      <span>
        <target id="w_55"/>
      </span>
    </term>
  </terms>
  <entities>
    <entity type="MISC" eid="e_1">
      <span>
        <target id="t_12"/>
      </span>
    </entity>
    <entity type="PER" eid="e_2">
      <span>
        <target id="t_22"/>
      </span>
      <span>
        <target id="t_39"/>
      </span>
    </entity>
  </entities>
  <properties>
    <property type="bathroom" pid="p_1">
      <span>
        <target id="t_35"/>
      </span>
    </property>
    <property type="location" pid="p_2">
      <span>
        <target id="t_47"/>
      </span>
    </property>
    <property type="staff" pid="p_3">
      <span>
        <target id="t_40"/>
      </span>
    </property>
  </properties>
  <opinions>
    <opinion oid="o_1">
      <opinion_target>
        <span>
          <target id="t_8"/>
        </span>
      </opinion_target>
      <opinion_expression polarity="positive" strength="2">
        <span>
          <target id="t_4"/>
          <target id="t_6"/>
        </span>
      </opinion_expression>
    </opinion>
    <opinion oid="o_2">
      <opinion_target>
        <span>
          <target id="t_19"/>
        </span>
      </opinion_target>
      <opinion_expression polarity="positive" strength="2">
        <span>
          <target id="t_22"/>
          <target id="t_23"/>
        </span>
      </opinion_expression>
    </opinion>
    <opinion oid="o_3">
      <opinion_target>
        <span>
          <target id="t_40"/>
        </span>
      </opinion_target>
      <opinion_expression polarity="positive" strength="1">
        <span>
          <target id="t_39"/>
        </span>
      </opinion_expression>
    </opinion>
  </opinions>
</KAF>
