<?xml version='1.0' encoding='UTF-8'?>
<KAF xml:lang="nl">
  <linguisticProcessors layer="text">
    <lp timestamp="2013-01-06T18:31:56CET" version="2.0" name="SentenceTokenizer"/>
  </linguisticProcessors>
  <linguisticProcessors layer="terms">
    <lp timestamp="2013-01-06T18:31:56CET" version="2.0" name="SentenceTokenizer"/>
    <lp timestamp="2013-01-06T18:31:56CET" version="1.0" name="SimplePolarityTagger"/>
  </linguisticProcessors>
  <linguisticProcessor layer="opinions">
    <lp timestamp="2013-01-06T18:31:56CET" version="1.0" name="SimpleOpinionDetector"/>
  </linguisticProcessor>
  <linguisticProcessor layer="properties">
    <lp timestamp="2013-01-06T18:31:56CET" version="1.0" name="SimplePropRecognizer_lookup"/>
  </linguisticProcessor>
  <linguisticProcessor layer="entities">
    <lp timestamp="2013-01-06T18:31:56CET" version="1.0" name="SimpleNER_lookup"/>
  </linguisticProcessor>
  <text>
    <wf wid="w_1" para="1" sent="1">Een</wf>
    <wf wid="w_2" para="1" sent="1">oud</wf>
    <wf wid="w_3" para="1" sent="1">hotel</wf>
    <wf wid="w_4" para="1" sent="1">op</wf>
    <wf wid="w_5" para="1" sent="1">niet</wf>
    <wf wid="w_6" para="1" sent="1">echt</wf>
    <wf wid="w_7" para="1" sent="1">een</wf>
    <wf wid="w_8" para="1" sent="1">leuke</wf>
    <wf wid="w_9" para="1" sent="1">plek</wf>
    <wf wid="w_10" para="1" sent="1">.</wf>
    <wf wid="w_11" para="1" sent="2">Restaurant</wf>
    <wf wid="w_12" para="1" sent="2">leek</wf>
    <wf wid="w_13" para="1" sent="2">meer</wf>
    <wf wid="w_14" para="1" sent="2">op</wf>
    <wf wid="w_15" para="1" sent="2">een</wf>
    <wf wid="w_16" para="1" sent="2">conference</wf>
    <wf wid="w_17" para="1" sent="2">zaal</wf>
    <wf wid="w_18" para="1" sent="2">met</wf>
    <wf wid="w_19" para="1" sent="2">saaie</wf>
    <wf wid="w_20" para="1" sent="2">stoelen</wf>
    <wf wid="w_21" para="1" sent="2">.</wf>
    <wf wid="w_22" para="1" sent="3">Zonde</wf>
    <wf wid="w_23" para="1" sent="3">,</wf>
    <wf wid="w_24" para="1" sent="3">want</wf>
    <wf wid="w_25" para="1" sent="3">het</wf>
    <wf wid="w_26" para="1" sent="3">avondeten</wf>
    <wf wid="w_27" para="1" sent="3">was</wf>
    <wf wid="w_28" para="1" sent="3">niet</wf>
    <wf wid="w_29" para="1" sent="3">slecht</wf>
    <wf wid="w_30" para="1" sent="3">.</wf>
    <wf wid="w_31" para="1" sent="4">Vooral</wf>
    <wf wid="w_32" para="1" sent="4">de</wf>
    <wf wid="w_33" para="1" sent="4">toetjes</wf>
    <wf wid="w_34" para="1" sent="4">waren</wf>
    <wf wid="w_35" para="1" sent="4">buitengewoon</wf>
    <wf wid="w_36" para="1" sent="4">mooi</wf>
    <wf wid="w_37" para="1" sent="4">opgemaakt</wf>
    <wf wid="w_38" para="1" sent="4">en</wf>
    <wf wid="w_39" para="1" sent="4">lekker</wf>
    <wf wid="w_40" para="1" sent="4">!</wf>
    <wf wid="w_41" para="1" sent="5">We</wf>
    <wf wid="w_42" para="1" sent="5">zaten</wf>
    <wf wid="w_43" para="1" sent="5">met</wf>
    <wf wid="w_44" para="1" sent="5">ZIJN</wf>
    <wf wid="w_45" para="1" sent="5">TWEETJES</wf>
    <wf wid="w_46" para="1" sent="5">!!</wf>
    <wf wid="w_47" para="1" sent="6">op</wf>
    <wf wid="w_48" para="1" sent="6">de</wf>
    <wf wid="w_49" para="1" sent="6">zaterdagavond</wf>
    <wf wid="w_50" para="1" sent="6">te</wf>
    <wf wid="w_51" para="1" sent="6">eten</wf>
    <wf wid="w_52" para="1" sent="6">.</wf>
    <wf wid="w_53" para="1" sent="7">ontbijt</wf>
    <wf wid="w_54" para="1" sent="7">was</wf>
    <wf wid="w_55" para="1" sent="7">lekker</wf>
    <wf wid="w_56" para="1" sent="7">en</wf>
    <wf wid="w_57" para="1" sent="7">de</wf>
    <wf wid="w_58" para="1" sent="7">kamer</wf>
    <wf wid="w_59" para="1" sent="7">was</wf>
    <wf wid="w_60" para="1" sent="7">redelijk</wf>
    <wf wid="w_61" para="1" sent="7">.</wf>
    <wf wid="w_62" para="1" sent="8">Koffie</wf>
    <wf wid="w_63" para="1" sent="8">-</wf>
    <wf wid="w_64" para="1" sent="8">faciliteiten</wf>
    <wf wid="w_65" para="1" sent="8">,</wf>
    <wf wid="w_66" para="1" sent="8">een</wf>
    <wf wid="w_67" para="1" sent="8">koelkastje</wf>
    <wf wid="w_68" para="1" sent="8">met</wf>
    <wf wid="w_69" para="1" sent="8">inhoud</wf>
    <wf wid="w_70" para="1" sent="8">met</wf>
    <wf wid="w_71" para="1" sent="8">zeer</wf>
    <wf wid="w_72" para="1" sent="8">redelijke</wf>
    <wf wid="w_73" para="1" sent="8">prijzen</wf>
    <wf wid="w_74" para="1" sent="8">.</wf>
    <wf wid="w_75" para="1" sent="9">Bed</wf>
    <wf wid="w_76" para="1" sent="9">was</wf>
    <wf wid="w_77" para="1" sent="9">knus</wf>
    <wf wid="w_78" para="1" sent="9">,</wf>
    <wf wid="w_79" para="1" sent="9">maar</wf>
    <wf wid="w_80" para="1" sent="9">iets</wf>
    <wf wid="w_81" para="1" sent="9">te</wf>
    <wf wid="w_82" para="1" sent="9">knus</wf>
    <wf wid="w_83" para="1" sent="9">.</wf>
    <wf wid="w_84" para="1" sent="10">Ik</wf>
    <wf wid="w_85" para="1" sent="10">kon</wf>
    <wf wid="w_86" para="1" sent="10">mijn</wf>
    <wf wid="w_87" para="1" sent="10">benen</wf>
    <wf wid="w_88" para="1" sent="10">niet</wf>
    <wf wid="w_89" para="1" sent="10">kwijt</wf>
    <wf wid="w_90" para="1" sent="10">..</wf>
    <wf wid="w_91" para="1" sent="11">De</wf>
    <wf wid="w_92" para="1" sent="11">lange</wf>
    <wf wid="w_93" para="1" sent="11">gangen</wf>
    <wf wid="w_94" para="1" sent="11">hadden</wf>
    <wf wid="w_95" para="1" sent="11">echt</wf>
    <wf wid="w_96" para="1" sent="11">oude</wf>
    <wf wid="w_97" para="1" sent="11">vloerbedekking</wf>
    <wf wid="w_98" para="1" sent="11">,</wf>
    <wf wid="w_99" para="1" sent="11">flink</wf>
    <wf wid="w_100" para="1" sent="11">versleten</wf>
    <wf wid="w_101" para="1" sent="11">.</wf>
    <wf wid="w_102" para="1" sent="12">Het</wf>
    <wf wid="w_103" para="1" sent="12">personeel</wf>
    <wf wid="w_104" para="1" sent="12">was</wf>
    <wf wid="w_105" para="1" sent="12">wel</wf>
    <wf wid="w_106" para="1" sent="12">heel</wf>
    <wf wid="w_107" para="1" sent="12">aardig</wf>
    <wf wid="w_108" para="1" sent="12">;</wf>
    <wf wid="w_109" para="1" sent="12">dat</wf>
    <wf wid="w_110" para="1" sent="12">vergoedt</wf>
    <wf wid="w_111" para="1" sent="12">heel</wf>
    <wf wid="w_112" para="1" sent="12">veel</wf>
    <wf wid="w_113" para="1" sent="12">.</wf>
    <wf wid="w_114" para="1" sent="13">Toch</wf>
    <wf wid="w_115" para="1" sent="13">zien</wf>
    <wf wid="w_116" para="1" sent="13">ze</wf>
    <wf wid="w_117" para="1" sent="13">ons</wf>
    <wf wid="w_118" para="1" sent="13">hier</wf>
    <wf wid="w_119" para="1" sent="13">niet</wf>
    <wf wid="w_120" para="1" sent="13">meer</wf>
    <wf wid="w_121" para="1" sent="13">terug</wf>
    <wf wid="w_122" para="1" sent="13">,</wf>
    <wf wid="w_123" para="1" sent="13">te</wf>
    <wf wid="w_124" para="1" sent="13">koud</wf>
    <wf wid="w_125" para="1" sent="13">en</wf>
    <wf wid="w_126" para="1" sent="13">ongezellig</wf>
  </text>
  <terms>
    <term tid="t_1" lemma="een" type="open">
      <span>
        <target id="w_1"/>
      </span>
    </term>
    <term tid="t_2" lemma="oud" type="open">
      <span>
        <target id="w_2"/>
      </span>
    </term>
    <term tid="t_3" lemma="hotel" type="open">
      <span>
        <target id="w_3"/>
      </span>
    </term>
    <term tid="t_4" lemma="op" type="open">
      <span>
        <target id="w_4"/>
      </span>
    </term>
    <term tid="t_5" lemma="niet" type="open">
      <span>
        <target id="w_5"/>
      </span>
      <sentiment sentiment_modifier="shifter" resource="VUA_olery_lexicon_nl_lmf"/>
    </term>
    <term tid="t_6" lemma="echt" type="open">
      <span>
        <target id="w_6"/>
      </span>
      <sentiment sentiment_modifier="intensifier" resource="VUA_olery_lexicon_nl_lmf"/>
    </term>
    <term tid="t_7" lemma="een" type="open">
      <span>
        <target id="w_7"/>
      </span>
    </term>
    <term tid="t_8" lemma="leuke" type="open">
      <span>
        <target id="w_8"/>
      </span>
    </term>
    <term tid="t_9" lemma="plek" type="open">
      <span>
        <target id="w_9"/>
      </span>
    </term>
    <term tid="t_10" lemma="." type="open">
      <span>
        <target id="w_10"/>
      </span>
    </term>
    <term tid="t_11" lemma="restaurant" type="open">
      <span>
        <target id="w_11"/>
      </span>
    </term>
    <term tid="t_12" lemma="leek" type="open">
      <span>
        <target id="w_12"/>
      </span>
    </term>
    <term tid="t_13" lemma="meer" type="open">
      <span>
        <target id="w_13"/>
      </span>
    </term>
    <term tid="t_14" lemma="op" type="open">
      <span>
        <target id="w_14"/>
      </span>
    </term>
    <term tid="t_15" lemma="een" type="open">
      <span>
        <target id="w_15"/>
      </span>
    </term>
    <term tid="t_16" lemma="conference" type="open">
      <span>
        <target id="w_16"/>
      </span>
    </term>
    <term tid="t_17" lemma="zaal" type="open">
      <span>
        <target id="w_17"/>
      </span>
    </term>
    <term tid="t_18" lemma="met" type="open">
      <span>
        <target id="w_18"/>
      </span>
    </term>
    <term tid="t_19" lemma="saaie" type="open">
      <span>
        <target id="w_19"/>
      </span>
    </term>
    <term tid="t_20" lemma="stoelen" type="open">
      <span>
        <target id="w_20"/>
      </span>
    </term>
    <term tid="t_21" lemma="." type="open">
      <span>
        <target id="w_21"/>
      </span>
    </term>
    <term tid="t_22" lemma="zonde" type="open" pos="N">
      <span>
        <target id="w_22"/>
      </span>
      <sentiment polarity="negative" resource="VUA_olery_lexicon_nl_lmf"/>
    </term>
    <term tid="t_23" lemma="," type="open">
      <span>
        <target id="w_23"/>
      </span>
    </term>
    <term tid="t_24" lemma="want" type="open">
      <span>
        <target id="w_24"/>
      </span>
    </term>
    <term tid="t_25" lemma="het" type="open">
      <span>
        <target id="w_25"/>
      </span>
    </term>
    <term tid="t_26" lemma="avondeten" type="open">
      <span>
        <target id="w_26"/>
      </span>
    </term>
    <term tid="t_27" lemma="was" type="open">
      <span>
        <target id="w_27"/>
      </span>
    </term>
    <term tid="t_28" lemma="niet" type="open">
      <span>
        <target id="w_28"/>
      </span>
      <sentiment sentiment_modifier="shifter" resource="VUA_olery_lexicon_nl_lmf"/>
    </term>
    <term tid="t_29" lemma="slecht" type="open" pos="G">
      <span>
        <target id="w_29"/>
      </span>
      <sentiment polarity="negative" resource="VUA_olery_lexicon_nl_lmf"/>
    </term>
    <term tid="t_30" lemma="." type="open">
      <span>
        <target id="w_30"/>
      </span>
    </term>
    <term tid="t_31" lemma="vooral" type="open">
      <span>
        <target id="w_31"/>
      </span>
    </term>
    <term tid="t_32" lemma="de" type="open">
      <span>
        <target id="w_32"/>
      </span>
    </term>
    <term tid="t_33" lemma="toetjes" type="open">
      <span>
        <target id="w_33"/>
      </span>
    </term>
    <term tid="t_34" lemma="waren" type="open">
      <span>
        <target id="w_34"/>
      </span>
    </term>
    <term tid="t_35" lemma="buitengewoon" type="open">
      <span>
        <target id="w_35"/>
      </span>
      <sentiment sentiment_modifier="intensifier" resource="VUA_olery_lexicon_nl_lmf"/>
    </term>
    <term tid="t_36" lemma="mooi" type="open" pos="G">
      <span>
        <target id="w_36"/>
      </span>
      <sentiment polarity="positive" resource="VUA_olery_lexicon_nl_lmf"/>
    </term>
    <term tid="t_37" lemma="opgemaakt" type="open">
      <span>
        <target id="w_37"/>
      </span>
    </term>
    <term tid="t_38" lemma="en" type="open">
      <span>
        <target id="w_38"/>
      </span>
    </term>
    <term tid="t_39" lemma="lekker" type="open" pos="G">
      <span>
        <target id="w_39"/>
      </span>
      <sentiment polarity="positive" resource="VUA_olery_lexicon_nl_lmf"/>
    </term>
    <term tid="t_40" lemma="!" type="open">
      <span>
        <target id="w_40"/>
      </span>
      <sentiment sentiment_modifier="intensifier" resource="VUA_olery_lexicon_nl_lmf"/>
    </term>
    <term tid="t_41" lemma="we" type="open">
      <span>
        <target id="w_41"/>
      </span>
    </term>
    <term tid="t_42" lemma="zaten" type="open">
      <span>
        <target id="w_42"/>
      </span>
    </term>
    <term tid="t_43" lemma="met" type="open">
      <span>
        <target id="w_43"/>
      </span>
    </term>
    <term tid="t_44" lemma="zijn" type="open">
      <span>
        <target id="w_44"/>
      </span>
    </term>
    <term tid="t_45" lemma="tweetjes" type="open">
      <span>
        <target id="w_45"/>
      </span>
    </term>
    <term tid="t_46" lemma="!!" type="open">
      <span>
        <target id="w_46"/>
      </span>
    </term>
    <term tid="t_47" lemma="op" type="open">
      <span>
        <target id="w_47"/>
      </span>
    </term>
    <term tid="t_48" lemma="de" type="open">
      <span>
        <target id="w_48"/>
      </span>
    </term>
    <term tid="t_49" lemma="zaterdagavond" type="open">
      <span>
        <target id="w_49"/>
      </span>
    </term>
    <term tid="t_50" lemma="te" type="open">
      <span>
        <target id="w_50"/>
      </span>
    </term>
    <term tid="t_51" lemma="eten" type="open">
      <span>
        <target id="w_51"/>
      </span>
    </term>
    <term tid="t_52" lemma="." type="open">
      <span>
        <target id="w_52"/>
      </span>
    </term>
    <term tid="t_53" lemma="ontbijt" type="open">
      <span>
        <target id="w_53"/>
      </span>
    </term>
    <term tid="t_54" lemma="was" type="open">
      <span>
        <target id="w_54"/>
      </span>
    </term>
    <term tid="t_55" lemma="lekker" type="open" pos="G">
      <span>
        <target id="w_55"/>
      </span>
      <sentiment polarity="positive" resource="VUA_olery_lexicon_nl_lmf"/>
    </term>
    <term tid="t_56" lemma="en" type="open">
      <span>
        <target id="w_56"/>
      </span>
    </term>
    <term tid="t_57" lemma="de" type="open">
      <span>
        <target id="w_57"/>
      </span>
    </term>
    <term tid="t_58" lemma="kamer" type="open">
      <span>
        <target id="w_58"/>
      </span>
    </term>
    <term tid="t_59" lemma="was" type="open">
      <span>
        <target id="w_59"/>
      </span>
    </term>
    <term tid="t_60" lemma="redelijk" type="open">
      <span>
        <target id="w_60"/>
      </span>
    </term>
    <term tid="t_61" lemma="." type="open">
      <span>
        <target id="w_61"/>
      </span>
    </term>
    <term tid="t_62" lemma="koffie" type="open">
      <span>
        <target id="w_62"/>
      </span>
    </term>
    <term tid="t_63" lemma="-" type="open">
      <span>
        <target id="w_63"/>
      </span>
    </term>
    <term tid="t_64" lemma="faciliteiten" type="open">
      <span>
        <target id="w_64"/>
      </span>
    </term>
    <term tid="t_65" lemma="," type="open">
      <span>
        <target id="w_65"/>
      </span>
    </term>
    <term tid="t_66" lemma="een" type="open">
      <span>
        <target id="w_66"/>
      </span>
    </term>
    <term tid="t_67" lemma="koelkastje" type="open">
      <span>
        <target id="w_67"/>
      </span>
    </term>
    <term tid="t_68" lemma="met" type="open">
      <span>
        <target id="w_68"/>
      </span>
    </term>
    <term tid="t_69" lemma="inhoud" type="open">
      <span>
        <target id="w_69"/>
      </span>
    </term>
    <term tid="t_70" lemma="met" type="open">
      <span>
        <target id="w_70"/>
      </span>
    </term>
    <term tid="t_71" lemma="zeer" type="open">
      <span>
        <target id="w_71"/>
      </span>
      <sentiment sentiment_modifier="intensifier" resource="VUA_olery_lexicon_nl_lmf"/>
    </term>
    <term tid="t_72" lemma="redelijke" type="open">
      <span>
        <target id="w_72"/>
      </span>
    </term>
    <term tid="t_73" lemma="prijzen" type="open" pos="V">
      <span>
        <target id="w_73"/>
      </span>
      <sentiment polarity="positive" resource="VUA_olery_lexicon_nl_lmf"/>
    </term>
    <term tid="t_74" lemma="." type="open">
      <span>
        <target id="w_74"/>
      </span>
    </term>
    <term tid="t_75" lemma="bed" type="open">
      <span>
        <target id="w_75"/>
      </span>
    </term>
    <term tid="t_76" lemma="was" type="open">
      <span>
        <target id="w_76"/>
      </span>
    </term>
    <term tid="t_77" lemma="knus" type="open" pos="G">
      <span>
        <target id="w_77"/>
      </span>
      <sentiment polarity="positive" resource="VUA_olery_lexicon_nl_lmf"/>
    </term>
    <term tid="t_78" lemma="," type="open">
      <span>
        <target id="w_78"/>
      </span>
    </term>
    <term tid="t_79" lemma="maar" type="open">
      <span>
        <target id="w_79"/>
      </span>
    </term>
    <term tid="t_80" lemma="iets" type="open">
      <span>
        <target id="w_80"/>
      </span>
    </term>
    <term tid="t_81" lemma="te" type="open">
      <span>
        <target id="w_81"/>
      </span>
    </term>
    <term tid="t_82" lemma="knus" type="open" pos="G">
      <span>
        <target id="w_82"/>
      </span>
      <sentiment polarity="positive" resource="VUA_olery_lexicon_nl_lmf"/>
    </term>
    <term tid="t_83" lemma="." type="open">
      <span>
        <target id="w_83"/>
      </span>
    </term>
    <term tid="t_84" lemma="ik" type="open">
      <span>
        <target id="w_84"/>
      </span>
    </term>
    <term tid="t_85" lemma="kon" type="open">
      <span>
        <target id="w_85"/>
      </span>
    </term>
    <term tid="t_86" lemma="mijn" type="open">
      <span>
        <target id="w_86"/>
      </span>
    </term>
    <term tid="t_87" lemma="benen" type="open">
      <span>
        <target id="w_87"/>
      </span>
    </term>
    <term tid="t_88" lemma="niet" type="open">
      <span>
        <target id="w_88"/>
      </span>
      <sentiment sentiment_modifier="shifter" resource="VUA_olery_lexicon_nl_lmf"/>
    </term>
    <term tid="t_89" lemma="kwijt" type="open" pos="G">
      <span>
        <target id="w_89"/>
      </span>
      <sentiment polarity="negative" resource="VUA_olery_lexicon_nl_lmf"/>
    </term>
    <term tid="t_90" lemma=".." type="open">
      <span>
        <target id="w_90"/>
      </span>
    </term>
    <term tid="t_91" lemma="de" type="open">
      <span>
        <target id="w_91"/>
      </span>
    </term>
    <term tid="t_92" lemma="lange" type="open">
      <span>
        <target id="w_92"/>
      </span>
    </term>
    <term tid="t_93" lemma="gangen" type="open">
      <span>
        <target id="w_93"/>
      </span>
    </term>
    <term tid="t_94" lemma="hadden" type="open">
      <span>
        <target id="w_94"/>
      </span>
    </term>
    <term tid="t_95" lemma="echt" type="open">
      <span>
        <target id="w_95"/>
      </span>
      <sentiment sentiment_modifier="intensifier" resource="VUA_olery_lexicon_nl_lmf"/>
    </term>
    <term tid="t_96" lemma="oude" type="open">
      <span>
        <target id="w_96"/>
      </span>
    </term>
    <term tid="t_97" lemma="vloerbedekking" type="open">
      <span>
        <target id="w_97"/>
      </span>
    </term>
    <term tid="t_98" lemma="," type="open">
      <span>
        <target id="w_98"/>
      </span>
    </term>
    <term tid="t_99" lemma="flink" type="open">
      <span>
        <target id="w_99"/>
      </span>
      <sentiment sentiment_modifier="intensifier" resource="VUA_olery_lexicon_nl_lmf"/>
    </term>
    <term tid="t_100" lemma="versleten" type="open">
      <span>
        <target id="w_100"/>
      </span>
    </term>
    <term tid="t_101" lemma="." type="open">
      <span>
        <target id="w_101"/>
      </span>
    </term>
    <term tid="t_102" lemma="het" type="open">
      <span>
        <target id="w_102"/>
      </span>
    </term>
    <term tid="t_103" lemma="personeel" type="open">
      <span>
        <target id="w_103"/>
      </span>
    </term>
    <term tid="t_104" lemma="was" type="open">
      <span>
        <target id="w_104"/>
      </span>
    </term>
    <term tid="t_105" lemma="wel" type="open">
      <span>
        <target id="w_105"/>
      </span>
    </term>
    <term tid="t_106" lemma="heel" type="open">
      <span>
        <target id="w_106"/>
      </span>
      <sentiment sentiment_modifier="intensifier" resource="VUA_olery_lexicon_nl_lmf"/>
    </term>
    <term tid="t_107" lemma="aardig" type="open" pos="G">
      <span>
        <target id="w_107"/>
      </span>
      <sentiment polarity="positive" resource="VUA_olery_lexicon_nl_lmf"/>
    </term>
    <term tid="t_108" lemma=";" type="open">
      <span>
        <target id="w_108"/>
      </span>
    </term>
    <term tid="t_109" lemma="dat" type="open">
      <span>
        <target id="w_109"/>
      </span>
    </term>
    <term tid="t_110" lemma="vergoedt" type="open">
      <span>
        <target id="w_110"/>
      </span>
    </term>
    <term tid="t_111" lemma="heel" type="open">
      <span>
        <target id="w_111"/>
      </span>
      <sentiment sentiment_modifier="intensifier" resource="VUA_olery_lexicon_nl_lmf"/>
    </term>
    <term tid="t_112" lemma="veel" type="open">
      <span>
        <target id="w_112"/>
      </span>
    </term>
    <term tid="t_113" lemma="." type="open">
      <span>
        <target id="w_113"/>
      </span>
    </term>
    <term tid="t_114" lemma="toch" type="open">
      <span>
        <target id="w_114"/>
      </span>
    </term>
    <term tid="t_115" lemma="zien" type="open">
      <span>
        <target id="w_115"/>
      </span>
    </term>
    <term tid="t_116" lemma="ze" type="open">
      <span>
        <target id="w_116"/>
      </span>
    </term>
    <term tid="t_117" lemma="ons" type="open">
      <span>
        <target id="w_117"/>
      </span>
    </term>
    <term tid="t_118" lemma="hier" type="open">
      <span>
        <target id="w_118"/>
      </span>
    </term>
    <term tid="t_119" lemma="niet" type="open">
      <span>
        <target id="w_119"/>
      </span>
      <sentiment sentiment_modifier="shifter" resource="VUA_olery_lexicon_nl_lmf"/>
    </term>
    <term tid="t_120" lemma="meer" type="open">
      <span>
        <target id="w_120"/>
      </span>
    </term>
    <term tid="t_121" lemma="terug" type="open">
      <span>
        <target id="w_121"/>
      </span>
    </term>
    <term tid="t_122" lemma="," type="open">
      <span>
        <target id="w_122"/>
      </span>
    </term>
    <term tid="t_123" lemma="te" type="open">
      <span>
        <target id="w_123"/>
      </span>
    </term>
    <term tid="t_124" lemma="koud" type="open" pos="G">
      <span>
        <target id="w_124"/>
      </span>
      <sentiment polarity="negative" resource="VUA_olery_lexicon_nl_lmf"/>
    </term>
    <term tid="t_125" lemma="en" type="open">
      <span>
        <target id="w_125"/>
      </span>
    </term>
    <term tid="t_126" lemma="ongezellig" type="open" pos="G">
      <span>
        <target id="w_126"/>
      </span>
      <sentiment polarity="negative" resource="VUA_olery_lexicon_nl_lmf"/>
    </term>
  </terms>
  <entities>
    <entity type="MISC" eid="e_1">
      <span>
        <target id="t_44"/>
      </span>
    </entity>
    <entity type="PER" eid="e_2">
      <span>
        <target id="t_41"/>
      </span>
    </entity>
    <entity type="ORG" eid="e_3">
      <span>
        <target id="t_58"/>
      </span>
    </entity>
    <entity type="PER" eid="e_4">
      <span>
        <target id="t_92"/>
      </span>
    </entity>
  </entities>
  <properties>
    <property type="staff" pid="p_1">
      <span>
        <target id="t_103"/>
      </span>
      <span>
        <target id="t_107"/>
      </span>
    </property>
    <property type="room" pid="p_2">
      <span>
        <target id="t_58"/>
      </span>
      <span>
        <target id="t_97"/>
      </span>
    </property>
    <property type="sleeping_comfort" pid="p_3">
      <span>
        <target id="t_75"/>
      </span>
    </property>
    <property type="restaurant" pid="p_4">
      <span>
        <target id="t_11"/>
      </span>
      <span>
        <target id="t_26"/>
      </span>
      <span>
        <target id="t_39"/>
      </span>
      <span>
        <target id="t_51"/>
      </span>
      <span>
        <target id="t_53"/>
      </span>
      <span>
        <target id="t_55"/>
      </span>
      <span>
        <target id="t_62"/>
      </span>
    </property>
  </properties>
  <opinions>
    <opinion oid="o_1">
      <opinion_target>
        <span>
          <target id="t_26"/>
        </span>
      </opinion_target>
      <opinion_expression polarity="positive" strength="1">
        <span>
          <target id="t_29"/>
          <target id="t_28"/>
        </span>
      </opinion_expression>
    </opinion>
    <opinion oid="o_2">
      <opinion_target>
        <span>
          <target id="t_37"/>
        </span>
      </opinion_target>
      <opinion_expression polarity="positive" strength="2">
        <span>
          <target id="t_36"/>
          <target id="t_35"/>
        </span>
      </opinion_expression>
    </opinion>
    <opinion oid="o_3">
      <opinion_target>
        <span>
          <target id="t_58"/>
        </span>
      </opinion_target>
      <opinion_expression polarity="positive" strength="1">
        <span>
          <target id="t_55"/>
        </span>
      </opinion_expression>
    </opinion>
    <opinion oid="o_4">
      <opinion_target>
        <span>
          <target id="t_72"/>
        </span>
      </opinion_target>
      <opinion_expression polarity="positive" strength="1">
        <span>
          <target id="t_73"/>
        </span>
      </opinion_expression>
    </opinion>
    <opinion oid="o_5">
      <opinion_target>
        <span>
          <target id="t_75"/>
        </span>
      </opinion_target>
      <opinion_expression polarity="positive" strength="1">
        <span>
          <target id="t_77"/>
        </span>
      </opinion_expression>
    </opinion>
    <opinion oid="o_6">
      <opinion_holder>
        <span>
          <target id="t_84"/>
        </span>
      </opinion_holder>
      <opinion_target>
        <span>
          <target id="t_87"/>
        </span>
      </opinion_target>
      <opinion_expression polarity="positive" strength="1">
        <span>
          <target id="t_89"/>
          <target id="t_88"/>
        </span>
      </opinion_expression>
    </opinion>
    <opinion oid="o_7">
      <opinion_target>
        <span>
          <target id="t_110"/>
        </span>
      </opinion_target>
      <opinion_expression polarity="positive" strength="2">
        <span>
          <target id="t_107"/>
          <target id="t_106"/>
        </span>
      </opinion_expression>
    </opinion>
    <opinion oid="o_8">
      <opinion_target>
        <span>
          <target id="t_121"/>
        </span>
      </opinion_target>
      <opinion_expression polarity="negative" strength="-2">
        <span>
          <target id="t_124"/>
          <target id="t_126"/>
        </span>
      </opinion_expression>
    </opinion>
  </opinions>
</KAF>
