<?xml version='1.0' encoding='UTF-8'?>
<KAF xml:lang="nl">
  <linguisticProcessors layer="text">
    <lp timestamp="2013-01-06T18:33:51CET" version="2.0" name="SentenceTokenizer"/>
  </linguisticProcessors>
  <linguisticProcessors layer="terms">
    <lp timestamp="2013-01-06T18:33:51CET" version="2.0" name="SentenceTokenizer"/>
    <lp timestamp="2013-01-06T18:33:51CET" version="1.0" name="SimplePolarityTagger"/>
  </linguisticProcessors>
  <linguisticProcessor layer="opinions">
    <lp timestamp="2013-01-06T18:33:51CET" version="1.0" name="SimpleOpinionDetector"/>
  </linguisticProcessor>
  <linguisticProcessor layer="properties">
    <lp timestamp="2013-01-06T18:33:51CET" version="1.0" name="SimplePropRecognizer_lookup"/>
  </linguisticProcessor>
  <linguisticProcessor layer="entities">
    <lp timestamp="2013-01-06T18:33:51CET" version="1.0" name="SimpleNER_lookup"/>
  </linguisticProcessor>
  <text>
    <wf wid="w_1" para="1" sent="1">Matig</wf>
    <wf wid="w_2" para="1" sent="1">hotel</wf>
    <wf wid="w_3" para="1" sent="1">in</wf>
    <wf wid="w_4" para="1" sent="1">een</wf>
    <wf wid="w_5" para="1" sent="1">woonwijk</wf>
    <wf wid="w_6" para="1" sent="1">.</wf>
    <wf wid="w_7" para="1" sent="2">Weinig</wf>
    <wf wid="w_8" para="1" sent="2">parkeerplaatsen</wf>
    <wf wid="w_9" para="1" sent="2">,</wf>
    <wf wid="w_10" para="1" sent="2">slecht</wf>
    <wf wid="w_11" para="1" sent="2">onderhouden</wf>
    <wf wid="w_12" para="1" sent="2">(</wf>
    <wf wid="w_13" para="1" sent="2">in</wf>
    <wf wid="w_14" para="1" sent="2">de</wf>
    <wf wid="w_15" para="1" sent="2">kamer</wf>
    <wf wid="w_16" para="1" sent="2">zat</wf>
    <wf wid="w_17" para="1" sent="2">het</wf>
    <wf wid="w_18" para="1" sent="2">behang</wf>
    <wf wid="w_19" para="1" sent="2">met</wf>
    <wf wid="w_20" para="1" sent="2">plakband</wf>
    <wf wid="w_21" para="1" sent="2">aan</wf>
    <wf wid="w_22" para="1" sent="2">elkaar</wf>
    <wf wid="w_23" para="1" sent="2">geplakt</wf>
    <wf wid="w_24" para="1" sent="2">)</wf>
    <wf wid="w_25" para="1" sent="2">Ontbijt</wf>
    <wf wid="w_26" para="1" sent="2">wordt</wf>
    <wf wid="w_27" para="1" sent="2">geserveerd</wf>
    <wf wid="w_28" para="1" sent="2">maar</wf>
    <wf wid="w_29" para="1" sent="2">dan</wf>
    <wf wid="w_30" para="1" sent="2">kun</wf>
    <wf wid="w_31" para="1" sent="2">je</wf>
    <wf wid="w_32" para="1" sent="2">niet</wf>
    <wf wid="w_33" para="1" sent="2">alles</wf>
    <wf wid="w_34" para="1" sent="2">nemen</wf>
    <wf wid="w_35" para="1" sent="2">wat</wf>
    <wf wid="w_36" para="1" sent="2">je</wf>
    <wf wid="w_37" para="1" sent="2">wilt</wf>
    <wf wid="w_38" para="1" sent="2">.</wf>
    <wf wid="w_39" para="1" sent="3">Brood</wf>
    <wf wid="w_40" para="1" sent="3">erg</wf>
    <wf wid="w_41" para="1" sent="3">oud</wf>
    <wf wid="w_42" para="1" sent="3">.</wf>
    <wf wid="w_43" para="1" sent="4">Onvriendelijk</wf>
    <wf wid="w_44" para="1" sent="4">personeel</wf>
    <wf wid="w_45" para="1" sent="4">.</wf>
    <wf wid="w_46" para="1" sent="5">`t</wf>
    <wf wid="w_47" para="1" sent="5">Is</wf>
    <wf wid="w_48" para="1" sent="5">dat</wf>
    <wf wid="w_49" para="1" sent="5">we</wf>
    <wf wid="w_50" para="1" sent="5">geboekt</wf>
    <wf wid="w_51" para="1" sent="5">hebben</wf>
    <wf wid="w_52" para="1" sent="5">via</wf>
    <wf wid="w_53" para="1" sent="5">vakantieveiling</wf>
    <wf wid="w_54" para="1" sent="5">.</wf>
    <wf wid="w_55" para="1" sent="6">nl</wf>
    <wf wid="w_56" para="1" sent="6">anders</wf>
    <wf wid="w_57" para="1" sent="6">was</wf>
    <wf wid="w_58" para="1" sent="6">het</wf>
    <wf wid="w_59" para="1" sent="6">het</wf>
    <wf wid="w_60" para="1" sent="6">geld</wf>
    <wf wid="w_61" para="1" sent="6">zeker</wf>
    <wf wid="w_62" para="1" sent="6">niet</wf>
    <wf wid="w_63" para="1" sent="6">waard</wf>
    <wf wid="w_64" para="1" sent="6">!</wf>
  </text>
  <terms>
    <term tid="t_1" lemma="matig" type="open" pos="G">
      <span>
        <target id="w_1"/>
      </span>
      <sentiment polarity="negative" resource="VUA_olery_lexicon_nl_lmf"/>
    </term>
    <term tid="t_2" lemma="hotel" type="open">
      <span>
        <target id="w_2"/>
      </span>
    </term>
    <term tid="t_3" lemma="in" type="open">
      <span>
        <target id="w_3"/>
      </span>
    </term>
    <term tid="t_4" lemma="een" type="open">
      <span>
        <target id="w_4"/>
      </span>
    </term>
    <term tid="t_5" lemma="woonwijk" type="open">
      <span>
        <target id="w_5"/>
      </span>
    </term>
    <term tid="t_6" lemma="." type="open">
      <span>
        <target id="w_6"/>
      </span>
    </term>
    <term tid="t_7" lemma="weinig" type="open">
      <span>
        <target id="w_7"/>
      </span>
      <sentiment sentiment_modifier="shifter" resource="VUA_olery_lexicon_nl_lmf"/>
    </term>
    <term tid="t_8" lemma="parkeerplaatsen" type="open">
      <span>
        <target id="w_8"/>
      </span>
    </term>
    <term tid="t_9" lemma="," type="open">
      <span>
        <target id="w_9"/>
      </span>
    </term>
    <term tid="t_10" lemma="slecht" type="open" pos="G">
      <span>
        <target id="w_10"/>
      </span>
      <sentiment polarity="negative" resource="VUA_olery_lexicon_nl_lmf"/>
    </term>
    <term tid="t_11" lemma="onderhouden" type="open">
      <span>
        <target id="w_11"/>
      </span>
    </term>
    <term tid="t_12" lemma="(" type="open">
      <span>
        <target id="w_12"/>
      </span>
    </term>
    <term tid="t_13" lemma="in" type="open">
      <span>
        <target id="w_13"/>
      </span>
    </term>
    <term tid="t_14" lemma="de" type="open">
      <span>
        <target id="w_14"/>
      </span>
    </term>
    <term tid="t_15" lemma="kamer" type="open">
      <span>
        <target id="w_15"/>
      </span>
    </term>
    <term tid="t_16" lemma="zat" type="open" pos="G">
      <span>
        <target id="w_16"/>
      </span>
      <sentiment polarity="negative" resource="VUA_olery_lexicon_nl_lmf"/>
    </term>
    <term tid="t_17" lemma="het" type="open">
      <span>
        <target id="w_17"/>
      </span>
    </term>
    <term tid="t_18" lemma="behang" type="open">
      <span>
        <target id="w_18"/>
      </span>
    </term>
    <term tid="t_19" lemma="met" type="open">
      <span>
        <target id="w_19"/>
      </span>
    </term>
    <term tid="t_20" lemma="plakband" type="open">
      <span>
        <target id="w_20"/>
      </span>
    </term>
    <term tid="t_21" lemma="aan" type="open">
      <span>
        <target id="w_21"/>
      </span>
    </term>
    <term tid="t_22" lemma="elkaar" type="open">
      <span>
        <target id="w_22"/>
      </span>
    </term>
    <term tid="t_23" lemma="geplakt" type="open">
      <span>
        <target id="w_23"/>
      </span>
    </term>
    <term tid="t_24" lemma=")" type="open">
      <span>
        <target id="w_24"/>
      </span>
    </term>
    <term tid="t_25" lemma="ontbijt" type="open">
      <span>
        <target id="w_25"/>
      </span>
    </term>
    <term tid="t_26" lemma="wordt" type="open">
      <span>
        <target id="w_26"/>
      </span>
    </term>
    <term tid="t_27" lemma="geserveerd" type="open">
      <span>
        <target id="w_27"/>
      </span>
    </term>
    <term tid="t_28" lemma="maar" type="open">
      <span>
        <target id="w_28"/>
      </span>
    </term>
    <term tid="t_29" lemma="dan" type="open">
      <span>
        <target id="w_29"/>
      </span>
    </term>
    <term tid="t_30" lemma="kun" type="open">
      <span>
        <target id="w_30"/>
      </span>
    </term>
    <term tid="t_31" lemma="je" type="open">
      <span>
        <target id="w_31"/>
      </span>
    </term>
    <term tid="t_32" lemma="niet" type="open">
      <span>
        <target id="w_32"/>
      </span>
      <sentiment sentiment_modifier="shifter" resource="VUA_olery_lexicon_nl_lmf"/>
    </term>
    <term tid="t_33" lemma="alles" type="open">
      <span>
        <target id="w_33"/>
      </span>
    </term>
    <term tid="t_34" lemma="nemen" type="open">
      <span>
        <target id="w_34"/>
      </span>
    </term>
    <term tid="t_35" lemma="wat" type="open">
      <span>
        <target id="w_35"/>
      </span>
    </term>
    <term tid="t_36" lemma="je" type="open">
      <span>
        <target id="w_36"/>
      </span>
    </term>
    <term tid="t_37" lemma="wilt" type="open">
      <span>
        <target id="w_37"/>
      </span>
    </term>
    <term tid="t_38" lemma="." type="open">
      <span>
        <target id="w_38"/>
      </span>
    </term>
    <term tid="t_39" lemma="brood" type="open">
      <span>
        <target id="w_39"/>
      </span>
    </term>
    <term tid="t_40" lemma="erg" type="open">
      <span>
        <target id="w_40"/>
      </span>
      <sentiment sentiment_modifier="intensifier" resource="VUA_olery_lexicon_nl_lmf"/>
    </term>
    <term tid="t_41" lemma="oud" type="open">
      <span>
        <target id="w_41"/>
      </span>
    </term>
    <term tid="t_42" lemma="." type="open">
      <span>
        <target id="w_42"/>
      </span>
    </term>
    <term tid="t_43" lemma="onvriendelijk" type="open" pos="G">
      <span>
        <target id="w_43"/>
      </span>
      <sentiment polarity="negative" resource="VUA_olery_lexicon_nl_lmf"/>
    </term>
    <term tid="t_44" lemma="personeel" type="open">
      <span>
        <target id="w_44"/>
      </span>
    </term>
    <term tid="t_45" lemma="." type="open">
      <span>
        <target id="w_45"/>
      </span>
    </term>
    <term tid="t_46" lemma="`t" type="open">
      <span>
        <target id="w_46"/>
      </span>
    </term>
    <term tid="t_47" lemma="is" type="open">
      <span>
        <target id="w_47"/>
      </span>
    </term>
    <term tid="t_48" lemma="dat" type="open">
      <span>
        <target id="w_48"/>
      </span>
    </term>
    <term tid="t_49" lemma="we" type="open">
      <span>
        <target id="w_49"/>
      </span>
    </term>
    <term tid="t_50" lemma="geboekt" type="open">
      <span>
        <target id="w_50"/>
      </span>
    </term>
    <term tid="t_51" lemma="hebben" type="open">
      <span>
        <target id="w_51"/>
      </span>
    </term>
    <term tid="t_52" lemma="via" type="open">
      <span>
        <target id="w_52"/>
      </span>
    </term>
    <term tid="t_53" lemma="vakantieveiling" type="open">
      <span>
        <target id="w_53"/>
      </span>
    </term>
    <term tid="t_54" lemma="." type="open">
      <span>
        <target id="w_54"/>
      </span>
    </term>
    <term tid="t_55" lemma="nl" type="open">
      <span>
        <target id="w_55"/>
      </span>
    </term>
    <term tid="t_56" lemma="anders" type="open">
      <span>
        <target id="w_56"/>
      </span>
    </term>
    <term tid="t_57" lemma="was" type="open">
      <span>
        <target id="w_57"/>
      </span>
    </term>
    <term tid="t_58" lemma="het" type="open">
      <span>
        <target id="w_58"/>
      </span>
    </term>
    <term tid="t_59" lemma="het" type="open">
      <span>
        <target id="w_59"/>
      </span>
    </term>
    <term tid="t_60" lemma="geld" type="open">
      <span>
        <target id="w_60"/>
      </span>
    </term>
    <term tid="t_61" lemma="zeker" type="open">
      <span>
        <target id="w_61"/>
      </span>
    </term>
    <term tid="t_62" lemma="niet" type="open">
      <span>
        <target id="w_62"/>
      </span>
      <sentiment sentiment_modifier="shifter" resource="VUA_olery_lexicon_nl_lmf"/>
    </term>
    <term tid="t_63" lemma="waard" type="open">
      <span>
        <target id="w_63"/>
      </span>
    </term>
    <term tid="t_64" lemma="!" type="open">
      <span>
        <target id="w_64"/>
      </span>
      <sentiment sentiment_modifier="intensifier" resource="VUA_olery_lexicon_nl_lmf"/>
    </term>
  </terms>
  <entities>
    <entity type="PER" eid="e_1">
      <span>
        <target id="t_49"/>
      </span>
    </entity>
    <entity type="PER" eid="e_2">
      <span>
        <target id="t_30"/>
      </span>
    </entity>
    <entity type="ORG" eid="e_3">
      <span>
        <target id="t_15"/>
      </span>
    </entity>
  </entities>
  <properties>
    <property type="staff" pid="p_1">
      <span>
        <target id="t_43"/>
      </span>
      <span>
        <target id="t_44"/>
      </span>
    </property>
    <property type="value_for_money" pid="p_2">
      <span>
        <target id="t_60"/>
      </span>
    </property>
    <property type="restaurant" pid="p_3">
      <span>
        <target id="t_25"/>
      </span>
      <span>
        <target id="t_39"/>
      </span>
    </property>
    <property type="location" pid="p_4">
      <span>
        <target id="t_5"/>
      </span>
    </property>
    <property type="room" pid="p_5">
      <span>
        <target id="t_15"/>
      </span>
      <span>
        <target id="t_18"/>
      </span>
    </property>
  </properties>
  <opinions>
    <opinion oid="o_1">
      <opinion_target>
        <span>
          <target id="t_2"/>
        </span>
      </opinion_target>
      <opinion_expression polarity="negative" strength="-1">
        <span>
          <target id="t_1"/>
        </span>
      </opinion_expression>
    </opinion>
    <opinion oid="o_2">
      <opinion_target>
        <span>
          <target id="t_11"/>
        </span>
      </opinion_target>
      <opinion_expression polarity="negative" strength="-1">
        <span>
          <target id="t_10"/>
        </span>
      </opinion_expression>
    </opinion>
    <opinion oid="o_3">
      <opinion_target>
        <span>
          <target id="t_18"/>
        </span>
      </opinion_target>
      <opinion_expression polarity="negative" strength="-1">
        <span>
          <target id="t_16"/>
        </span>
      </opinion_expression>
    </opinion>
    <opinion oid="o_4">
      <opinion_target>
        <span>
          <target id="t_44"/>
        </span>
      </opinion_target>
      <opinion_expression polarity="negative" strength="-1">
        <span>
          <target id="t_43"/>
        </span>
      </opinion_expression>
    </opinion>
  </opinions>
</KAF>
