<?xml version='1.0' encoding='UTF-8'?>
<KAF xml:lang="nl">
  <linguisticProcessors layer="text">
    <lp timestamp="2013-01-06T18:44:47CET" version="2.0" name="SentenceTokenizer"/>
  </linguisticProcessors>
  <linguisticProcessors layer="terms">
    <lp timestamp="2013-01-06T18:44:47CET" version="2.0" name="SentenceTokenizer"/>
    <lp timestamp="2013-01-06T18:44:47CET" version="1.0" name="SimplePolarityTagger"/>
  </linguisticProcessors>
  <linguisticProcessor layer="opinions">
    <lp timestamp="2013-01-06T18:44:48CET" version="1.0" name="SimpleOpinionDetector"/>
  </linguisticProcessor>
  <linguisticProcessor layer="properties">
    <lp timestamp="2013-01-06T18:44:48CET" version="1.0" name="SimplePropRecognizer_lookup"/>
  </linguisticProcessor>
  <linguisticProcessor layer="entities">
    <lp timestamp="2013-01-06T18:44:47CET" version="1.0" name="SimpleNER_lookup"/>
  </linguisticProcessor>
  <text>
    <wf wid="w_1" para="1" sent="1">Mijden</wf>
    <wf wid="w_2" para="1" sent="1">!.</wf>
    <wf wid="w_3" para="1" sent="2">Negatieve</wf>
    <wf wid="w_4" para="1" sent="2">ervaring</wf>
    <wf wid="w_5" para="1" sent="2">haffpensioen</wf>
    <wf wid="w_6" para="1" sent="2">.</wf>
    <wf wid="w_7" para="1" sent="3">Ontvangst</wf>
    <wf wid="w_8" para="1" sent="3">en</wf>
    <wf wid="w_9" para="1" sent="3">omgang</wf>
    <wf wid="w_10" para="1" sent="3">met</wf>
    <wf wid="w_11" para="1" sent="3">eigenaares</wf>
    <wf wid="w_12" para="1" sent="3">nogal</wf>
    <wf wid="w_13" para="1" sent="3">koeltjes</wf>
    <wf wid="w_14" para="1" sent="3">.</wf>
    <wf wid="w_15" para="1" sent="4">Continentaal</wf>
    <wf wid="w_16" para="1" sent="4">ontbijt</wf>
    <wf wid="w_17" para="1" sent="4">is</wf>
    <wf wid="w_18" para="1" sent="4">extra</wf>
    <wf wid="w_19" para="1" sent="4">verzorgd</wf>
    <wf wid="w_20" para="1" sent="4">.</wf>
    <wf wid="w_21" para="1" sent="5">Avondmaaltijden</wf>
    <wf wid="w_22" para="1" sent="5">zeer</wf>
    <wf wid="w_23" para="1" sent="5">ordinair</wf>
    <wf wid="w_24" para="1" sent="5">en</wf>
    <wf wid="w_25" para="1" sent="5">niet</wf>
    <wf wid="w_26" para="1" sent="5">steeds</wf>
    <wf wid="w_27" para="1" sent="5">smaakvol</wf>
    <wf wid="w_28" para="1" sent="5">.</wf>
    <wf wid="w_29" para="1" sent="6">Spuitwater</wf>
    <wf wid="w_30" para="1" sent="6">kwam</wf>
    <wf wid="w_31" para="1" sent="6">niet</wf>
    <wf wid="w_32" para="1" sent="6">uit</wf>
    <wf wid="w_33" para="1" sent="6">de</wf>
    <wf wid="w_34" para="1" sent="6">koelkast</wf>
    <wf wid="w_35" para="1" sent="6">,</wf>
    <wf wid="w_36" para="1" sent="6">bij</wf>
    <wf wid="w_37" para="1" sent="6">navraag</wf>
    <wf wid="w_38" para="1" sent="6">was</wf>
    <wf wid="w_39" para="1" sent="6">er</wf>
    <wf wid="w_40" para="1" sent="6">geen</wf>
    <wf wid="w_41" para="1" sent="6">koude</wf>
    <wf wid="w_42" para="1" sent="6">voorhanden</wf>
    <wf wid="w_43" para="1" sent="6">.</wf>
    <wf wid="w_44" para="1" sent="7">Kamer</wf>
    <wf wid="w_45" para="1" sent="7">was</wf>
    <wf wid="w_46" para="1" sent="7">zeer</wf>
    <wf wid="w_47" para="1" sent="7">ruim</wf>
    <wf wid="w_48" para="1" sent="7">.</wf>
    <wf wid="w_49" para="1" sent="8">Je</wf>
    <wf wid="w_50" para="1" sent="8">hoort</wf>
    <wf wid="w_51" para="1" sent="8">weliswaar</wf>
    <wf wid="w_52" para="1" sent="8">de</wf>
    <wf wid="w_53" para="1" sent="8">buren</wf>
    <wf wid="w_54" para="1" sent="8">in</wf>
    <wf wid="w_55" para="1" sent="8">hun</wf>
    <wf wid="w_56" para="1" sent="8">gesprekken</wf>
    <wf wid="w_57" para="1" sent="8">en</wf>
    <wf wid="w_58" para="1" sent="8">op</wf>
    <wf wid="w_59" para="1" sent="8">de</wf>
    <wf wid="w_60" para="1" sent="8">toiletten</wf>
    <wf wid="w_61" para="1" sent="8">.</wf>
    <wf wid="w_62" para="1" sent="9">Kraan</wf>
    <wf wid="w_63" para="1" sent="9">van</wf>
    <wf wid="w_64" para="1" sent="9">de</wf>
    <wf wid="w_65" para="1" sent="9">lavabo</wf>
    <wf wid="w_66" para="1" sent="9">kan</wf>
    <wf wid="w_67" para="1" sent="9">niet</wf>
    <wf wid="w_68" para="1" sent="9">meer</wf>
    <wf wid="w_69" para="1" sent="9">dichtgedraaid</wf>
    <wf wid="w_70" para="1" sent="9">worden</wf>
    <wf wid="w_71" para="1" sent="9">en</wf>
    <wf wid="w_72" para="1" sent="9">blijft</wf>
    <wf wid="w_73" para="1" sent="9">dus</wf>
    <wf wid="w_74" para="1" sent="9">steeds</wf>
    <wf wid="w_75" para="1" sent="9">druppen</wf>
    <wf wid="w_76" para="1" sent="9">.</wf>
    <wf wid="w_77" para="1" sent="10">Tweepersoonsbed</wf>
    <wf wid="w_78" para="1" sent="10">met</wf>
    <wf wid="w_79" para="1" sent="10">goede</wf>
    <wf wid="w_80" para="1" sent="10">matras</wf>
    <wf wid="w_81" para="1" sent="10">.</wf>
    <wf wid="w_82" para="1" sent="11">Geen</wf>
    <wf wid="w_83" para="1" sent="11">gewone</wf>
    <wf wid="w_84" para="1" sent="11">dekens</wf>
    <wf wid="w_85" para="1" sent="11">wel</wf>
    <wf wid="w_86" para="1" sent="11">een</wf>
    <wf wid="w_87" para="1" sent="11">donsdeken</wf>
    <wf wid="w_88" para="1" sent="11">met</wf>
    <wf wid="w_89" para="1" sent="11">overtrek</wf>
    <wf wid="w_90" para="1" sent="11">.</wf>
    <wf wid="w_91" para="1" sent="12">Bij</wf>
    <wf wid="w_92" para="1" sent="12">afhalen</wf>
    <wf wid="w_93" para="1" sent="12">van</wf>
    <wf wid="w_94" para="1" sent="12">de</wf>
    <wf wid="w_95" para="1" sent="12">overtrek</wf>
    <wf wid="w_96" para="1" sent="12">wegens</wf>
    <wf wid="w_97" para="1" sent="12">te</wf>
    <wf wid="w_98" para="1" sent="12">warm</wf>
    <wf wid="w_99" para="1" sent="12">slapen</wf>
    <wf wid="w_100" para="1" sent="12">in</wf>
    <wf wid="w_101" para="1" sent="12">de</wf>
    <wf wid="w_102" para="1" sent="12">zomer</wf>
    <wf wid="w_103" para="1" sent="12">,</wf>
    <wf wid="w_104" para="1" sent="12">ontdekken</wf>
    <wf wid="w_105" para="1" sent="12">wij</wf>
    <wf wid="w_106" para="1" sent="12">een</wf>
    <wf wid="w_107" para="1" sent="12">donsdeken</wf>
    <wf wid="w_108" para="1" sent="12">met</wf>
    <wf wid="w_109" para="1" sent="12">verscheidene</wf>
    <wf wid="w_110" para="1" sent="12">diepbruine</wf>
    <wf wid="w_111" para="1" sent="12">urinevlekken</wf>
    <wf wid="w_112" para="1" sent="12">verspreid</wf>
    <wf wid="w_113" para="1" sent="12">over</wf>
    <wf wid="w_114" para="1" sent="12">het</wf>
    <wf wid="w_115" para="1" sent="12">deken</wf>
    <wf wid="w_116" para="1" sent="12">.</wf>
    <wf wid="w_117" para="1" sent="13">Wat</wf>
    <wf wid="w_118" para="1" sent="13">de</wf>
    <wf wid="w_119" para="1" sent="13">hygiÃ«ne</wf>
    <wf wid="w_120" para="1" sent="13">betreft</wf>
    <wf wid="w_121" para="1" sent="13">kan</wf>
    <wf wid="w_122" para="1" sent="13">het</wf>
    <wf wid="w_123" para="1" sent="13">heel</wf>
    <wf wid="w_124" para="1" sent="13">wat</wf>
    <wf wid="w_125" para="1" sent="13">beter</wf>
    <wf wid="w_126" para="1" sent="13">volgens</wf>
    <wf wid="w_127" para="1" sent="13">mij</wf>
    <wf wid="w_128" para="1" sent="13">.</wf>
    <wf wid="w_129" para="1" sent="14">Ik</wf>
    <wf wid="w_130" para="1" sent="14">heb</wf>
    <wf wid="w_131" para="1" sent="14">de</wf>
    <wf wid="w_132" para="1" sent="14">eigenares</wf>
    <wf wid="w_133" para="1" sent="14">verwittigd</wf>
    <wf wid="w_134" para="1" sent="14">hieromtrent</wf>
    <wf wid="w_135" para="1" sent="14">en</wf>
    <wf wid="w_136" para="1" sent="14">haar</wf>
    <wf wid="w_137" para="1" sent="14">antwoord</wf>
    <wf wid="w_138" para="1" sent="14">luidde</wf>
    <wf wid="w_139" para="1" sent="14">als</wf>
    <wf wid="w_140" para="1" sent="14">volgt</wf>
    <wf wid="w_141" para="1" sent="14">:</wf>
    <wf wid="w_142" para="1" sent="14">'Ik</wf>
    <wf wid="w_143" para="1" sent="14">zal</wf>
    <wf wid="w_144" para="1" sent="14">er</wf>
    <wf wid="w_145" para="1" sent="14">even</wf>
    <wf wid="w_146" para="1" sent="14">naar</wf>
    <wf wid="w_147" para="1" sent="14">laten</wf>
    <wf wid="w_148" para="1" sent="14">kijken</wf>
    <wf wid="w_149" para="1" sent="14">.</wf>
    <wf wid="w_150" para="1" sent="15">'</wf>
    <wf wid="w_151" para="1" sent="15">Toen</wf>
    <wf wid="w_152" para="1" sent="15">ik</wf>
    <wf wid="w_153" para="1" sent="15">haar</wf>
    <wf wid="w_154" para="1" sent="15">liet</wf>
    <wf wid="w_155" para="1" sent="15">opmerken</wf>
    <wf wid="w_156" para="1" sent="15">dat</wf>
    <wf wid="w_157" para="1" sent="15">zij</wf>
    <wf wid="w_158" para="1" sent="15">ook</wf>
    <wf wid="w_159" para="1" sent="15">helpt</wf>
    <wf wid="w_160" para="1" sent="15">bij</wf>
    <wf wid="w_161" para="1" sent="15">de</wf>
    <wf wid="w_162" para="1" sent="15">schoonmaak</wf>
    <wf wid="w_163" para="1" sent="15">van</wf>
    <wf wid="w_164" para="1" sent="15">de</wf>
    <wf wid="w_165" para="1" sent="15">kamers</wf>
    <wf wid="w_166" para="1" sent="15">en</wf>
    <wf wid="w_167" para="1" sent="15">zij</wf>
    <wf wid="w_168" para="1" sent="15">dat</wf>
    <wf wid="w_169" para="1" sent="15">toch</wf>
    <wf wid="w_170" para="1" sent="15">al</wf>
    <wf wid="w_171" para="1" sent="15">moest</wf>
    <wf wid="w_172" para="1" sent="15">gezien</wf>
    <wf wid="w_173" para="1" sent="15">hebben</wf>
    <wf wid="w_174" para="1" sent="15">wanneer</wf>
    <wf wid="w_175" para="1" sent="15">zij</wf>
    <wf wid="w_176" para="1" sent="15">de</wf>
    <wf wid="w_177" para="1" sent="15">overtrek</wf>
    <wf wid="w_178" para="1" sent="15">vervangt</wf>
    <wf wid="w_179" para="1" sent="15">,</wf>
    <wf wid="w_180" para="1" sent="15">krijg</wf>
    <wf wid="w_181" para="1" sent="15">ik</wf>
    <wf wid="w_182" para="1" sent="15">volgend</wf>
    <wf wid="w_183" para="1" sent="15">antwoord</wf>
    <wf wid="w_184" para="1" sent="15">:</wf>
    <wf wid="w_185" para="1" sent="15">'Ik</wf>
    <wf wid="w_186" para="1" sent="15">zal</wf>
    <wf wid="w_187" para="1" sent="15">er</wf>
    <wf wid="w_188" para="1" sent="15">even</wf>
    <wf wid="w_189" para="1" sent="15">laten</wf>
    <wf wid="w_190" para="1" sent="15">naar</wf>
    <wf wid="w_191" para="1" sent="15">kijken</wf>
    <wf wid="w_192" para="1" sent="15">,</wf>
    <wf wid="w_193" para="1" sent="15">staat</wf>
    <wf wid="w_194" para="1" sent="15">U</wf>
    <wf wid="w_195" para="1" sent="15">dat</wf>
    <wf wid="w_196" para="1" sent="15">aan</wf>
    <wf wid="w_197" para="1" sent="15">?</wf>
    <wf wid="w_198" para="1" sent="16">'</wf>
    <wf wid="w_199" para="1" sent="16">Geen</wf>
    <wf wid="w_200" para="1" sent="16">rookvrije</wf>
    <wf wid="w_201" para="1" sent="16">kamers</wf>
    <wf wid="w_202" para="1" sent="16">!</wf>
    <wf wid="w_203" para="1" sent="17">Er</wf>
    <wf wid="w_204" para="1" sent="17">is</wf>
    <wf wid="w_205" para="1" sent="17">ook</wf>
    <wf wid="w_206" para="1" sent="17">geen</wf>
    <wf wid="w_207" para="1" sent="17">drankenkaart</wf>
    <wf wid="w_208" para="1" sent="17">voorhanden</wf>
    <wf wid="w_209" para="1" sent="17">met</wf>
    <wf wid="w_210" para="1" sent="17">dranken</wf>
    <wf wid="w_211" para="1" sent="17">en</wf>
    <wf wid="w_212" para="1" sent="17">prijzen</wf>
    <wf wid="w_213" para="1" sent="17">.</wf>
    <wf wid="w_214" para="1" sent="18">Bij</wf>
    <wf wid="w_215" para="1" sent="18">afrekening</wf>
    <wf wid="w_216" para="1" sent="18">kreeg</wf>
    <wf wid="w_217" para="1" sent="18">ik</wf>
    <wf wid="w_218" para="1" sent="18">een</wf>
    <wf wid="w_219" para="1" sent="18">totaalbedrag</wf>
    <wf wid="w_220" para="1" sent="18">voorgeschoteld</wf>
    <wf wid="w_221" para="1" sent="18">en</wf>
    <wf wid="w_222" para="1" sent="18">geen</wf>
    <wf wid="w_223" para="1" sent="18">opsomming</wf>
    <wf wid="w_224" para="1" sent="18">met</wf>
    <wf wid="w_225" para="1" sent="18">de</wf>
    <wf wid="w_226" para="1" sent="18">verschillende</wf>
    <wf wid="w_227" para="1" sent="18">prijzen</wf>
    <wf wid="w_228" para="1" sent="18">.</wf>
    <wf wid="w_229" para="1" sent="19">Bij</wf>
    <wf wid="w_230" para="1" sent="19">navraag</wf>
    <wf wid="w_231" para="1" sent="19">weigert</wf>
    <wf wid="w_232" para="1" sent="19">men</wf>
    <wf wid="w_233" para="1" sent="19">mij</wf>
    <wf wid="w_234" para="1" sent="19">die</wf>
    <wf wid="w_235" para="1" sent="19">te</wf>
    <wf wid="w_236" para="1" sent="19">geven</wf>
    <wf wid="w_237" para="1" sent="19">.</wf>
    <wf wid="w_238" para="1" sent="20">Dit</wf>
    <wf wid="w_239" para="1" sent="20">hotel</wf>
    <wf wid="w_240" para="1" sent="20">is</wf>
    <wf wid="w_241" para="1" sent="20">naar</wf>
    <wf wid="w_242" para="1" sent="20">mijn</wf>
    <wf wid="w_243" para="1" sent="20">gevoel</wf>
    <wf wid="w_244" para="1" sent="20">geen</wf>
    <wf wid="w_245" para="1" sent="20">echte</wf>
    <wf wid="w_246" para="1" sent="20">aanrader</wf>
    <wf wid="w_247" para="1" sent="20">.</wf>
  </text>
  <terms>
    <term tid="t_1" lemma="mijden" type="open" pos="V">
      <span>
        <target id="w_1"/>
      </span>
      <sentiment polarity="negative" resource="VUA_olery_lexicon_nl_lmf"/>
    </term>
    <term tid="t_2" lemma="!." type="open">
      <span>
        <target id="w_2"/>
      </span>
    </term>
    <term tid="t_3" lemma="negatieve" type="open">
      <span>
        <target id="w_3"/>
      </span>
    </term>
    <term tid="t_4" lemma="ervaring" type="open">
      <span>
        <target id="w_4"/>
      </span>
    </term>
    <term tid="t_5" lemma="haffpensioen" type="open">
      <span>
        <target id="w_5"/>
      </span>
    </term>
    <term tid="t_6" lemma="." type="open">
      <span>
        <target id="w_6"/>
      </span>
    </term>
    <term tid="t_7" lemma="ontvangst" type="open">
      <span>
        <target id="w_7"/>
      </span>
    </term>
    <term tid="t_8" lemma="en" type="open">
      <span>
        <target id="w_8"/>
      </span>
    </term>
    <term tid="t_9" lemma="omgang" type="open">
      <span>
        <target id="w_9"/>
      </span>
    </term>
    <term tid="t_10" lemma="met" type="open">
      <span>
        <target id="w_10"/>
      </span>
    </term>
    <term tid="t_11" lemma="eigenaares" type="open">
      <span>
        <target id="w_11"/>
      </span>
    </term>
    <term tid="t_12" lemma="nogal" type="open">
      <span>
        <target id="w_12"/>
      </span>
    </term>
    <term tid="t_13" lemma="koeltjes" type="open">
      <span>
        <target id="w_13"/>
      </span>
    </term>
    <term tid="t_14" lemma="." type="open">
      <span>
        <target id="w_14"/>
      </span>
    </term>
    <term tid="t_15" lemma="continentaal" type="open">
      <span>
        <target id="w_15"/>
      </span>
    </term>
    <term tid="t_16" lemma="ontbijt" type="open">
      <span>
        <target id="w_16"/>
      </span>
    </term>
    <term tid="t_17" lemma="is" type="open">
      <span>
        <target id="w_17"/>
      </span>
    </term>
    <term tid="t_18" lemma="extra" type="open">
      <span>
        <target id="w_18"/>
      </span>
    </term>
    <term tid="t_19" lemma="verzorgd" type="open" pos="G">
      <span>
        <target id="w_19"/>
      </span>
      <sentiment polarity="positive" resource="VUA_olery_lexicon_nl_lmf"/>
    </term>
    <term tid="t_20" lemma="." type="open">
      <span>
        <target id="w_20"/>
      </span>
    </term>
    <term tid="t_21" lemma="avondmaaltijden" type="open">
      <span>
        <target id="w_21"/>
      </span>
    </term>
    <term tid="t_22" lemma="zeer" type="open">
      <span>
        <target id="w_22"/>
      </span>
      <sentiment sentiment_modifier="intensifier" resource="VUA_olery_lexicon_nl_lmf"/>
    </term>
    <term tid="t_23" lemma="ordinair" type="open">
      <span>
        <target id="w_23"/>
      </span>
    </term>
    <term tid="t_24" lemma="en" type="open">
      <span>
        <target id="w_24"/>
      </span>
    </term>
    <term tid="t_25" lemma="niet" type="open">
      <span>
        <target id="w_25"/>
      </span>
      <sentiment sentiment_modifier="shifter" resource="VUA_olery_lexicon_nl_lmf"/>
    </term>
    <term tid="t_26" lemma="steeds" type="open">
      <span>
        <target id="w_26"/>
      </span>
      <sentiment sentiment_modifier="intensifier" resource="VUA_olery_lexicon_nl_lmf"/>
    </term>
    <term tid="t_27" lemma="smaakvol" type="open" pos="G">
      <span>
        <target id="w_27"/>
      </span>
      <sentiment polarity="positive" resource="VUA_olery_lexicon_nl_lmf"/>
    </term>
    <term tid="t_28" lemma="." type="open">
      <span>
        <target id="w_28"/>
      </span>
    </term>
    <term tid="t_29" lemma="spuitwater" type="open">
      <span>
        <target id="w_29"/>
      </span>
    </term>
    <term tid="t_30" lemma="kwam" type="open">
      <span>
        <target id="w_30"/>
      </span>
    </term>
    <term tid="t_31" lemma="niet" type="open">
      <span>
        <target id="w_31"/>
      </span>
      <sentiment sentiment_modifier="shifter" resource="VUA_olery_lexicon_nl_lmf"/>
    </term>
    <term tid="t_32" lemma="uit" type="open">
      <span>
        <target id="w_32"/>
      </span>
    </term>
    <term tid="t_33" lemma="de" type="open">
      <span>
        <target id="w_33"/>
      </span>
    </term>
    <term tid="t_34" lemma="koelkast" type="open">
      <span>
        <target id="w_34"/>
      </span>
    </term>
    <term tid="t_35" lemma="," type="open">
      <span>
        <target id="w_35"/>
      </span>
    </term>
    <term tid="t_36" lemma="bij" type="open">
      <span>
        <target id="w_36"/>
      </span>
    </term>
    <term tid="t_37" lemma="navraag" type="open">
      <span>
        <target id="w_37"/>
      </span>
    </term>
    <term tid="t_38" lemma="was" type="open">
      <span>
        <target id="w_38"/>
      </span>
    </term>
    <term tid="t_39" lemma="er" type="open">
      <span>
        <target id="w_39"/>
      </span>
    </term>
    <term tid="t_40" lemma="geen" type="open">
      <span>
        <target id="w_40"/>
      </span>
      <sentiment sentiment_modifier="shifter" resource="VUA_olery_lexicon_nl_lmf"/>
    </term>
    <term tid="t_41" lemma="koude" type="open">
      <span>
        <target id="w_41"/>
      </span>
    </term>
    <term tid="t_42" lemma="voorhanden" type="open">
      <span>
        <target id="w_42"/>
      </span>
    </term>
    <term tid="t_43" lemma="." type="open">
      <span>
        <target id="w_43"/>
      </span>
    </term>
    <term tid="t_44" lemma="kamer" type="open">
      <span>
        <target id="w_44"/>
      </span>
    </term>
    <term tid="t_45" lemma="was" type="open">
      <span>
        <target id="w_45"/>
      </span>
    </term>
    <term tid="t_46" lemma="zeer" type="open">
      <span>
        <target id="w_46"/>
      </span>
      <sentiment sentiment_modifier="intensifier" resource="VUA_olery_lexicon_nl_lmf"/>
    </term>
    <term tid="t_47" lemma="ruim" type="open">
      <span>
        <target id="w_47"/>
      </span>
    </term>
    <term tid="t_48" lemma="." type="open">
      <span>
        <target id="w_48"/>
      </span>
    </term>
    <term tid="t_49" lemma="je" type="open">
      <span>
        <target id="w_49"/>
      </span>
    </term>
    <term tid="t_50" lemma="hoort" type="open">
      <span>
        <target id="w_50"/>
      </span>
    </term>
    <term tid="t_51" lemma="weliswaar" type="open">
      <span>
        <target id="w_51"/>
      </span>
    </term>
    <term tid="t_52" lemma="de" type="open">
      <span>
        <target id="w_52"/>
      </span>
    </term>
    <term tid="t_53" lemma="buren" type="open">
      <span>
        <target id="w_53"/>
      </span>
    </term>
    <term tid="t_54" lemma="in" type="open">
      <span>
        <target id="w_54"/>
      </span>
    </term>
    <term tid="t_55" lemma="hun" type="open">
      <span>
        <target id="w_55"/>
      </span>
    </term>
    <term tid="t_56" lemma="gesprekken" type="open">
      <span>
        <target id="w_56"/>
      </span>
    </term>
    <term tid="t_57" lemma="en" type="open">
      <span>
        <target id="w_57"/>
      </span>
    </term>
    <term tid="t_58" lemma="op" type="open">
      <span>
        <target id="w_58"/>
      </span>
    </term>
    <term tid="t_59" lemma="de" type="open">
      <span>
        <target id="w_59"/>
      </span>
    </term>
    <term tid="t_60" lemma="toiletten" type="open">
      <span>
        <target id="w_60"/>
      </span>
    </term>
    <term tid="t_61" lemma="." type="open">
      <span>
        <target id="w_61"/>
      </span>
    </term>
    <term tid="t_62" lemma="kraan" type="open">
      <span>
        <target id="w_62"/>
      </span>
    </term>
    <term tid="t_63" lemma="van" type="open">
      <span>
        <target id="w_63"/>
      </span>
    </term>
    <term tid="t_64" lemma="de" type="open">
      <span>
        <target id="w_64"/>
      </span>
    </term>
    <term tid="t_65" lemma="lavabo" type="open">
      <span>
        <target id="w_65"/>
      </span>
    </term>
    <term tid="t_66" lemma="kan" type="open">
      <span>
        <target id="w_66"/>
      </span>
    </term>
    <term tid="t_67" lemma="niet" type="open">
      <span>
        <target id="w_67"/>
      </span>
      <sentiment sentiment_modifier="shifter" resource="VUA_olery_lexicon_nl_lmf"/>
    </term>
    <term tid="t_68" lemma="meer" type="open">
      <span>
        <target id="w_68"/>
      </span>
    </term>
    <term tid="t_69" lemma="dichtgedraaid" type="open">
      <span>
        <target id="w_69"/>
      </span>
    </term>
    <term tid="t_70" lemma="worden" type="open">
      <span>
        <target id="w_70"/>
      </span>
    </term>
    <term tid="t_71" lemma="en" type="open">
      <span>
        <target id="w_71"/>
      </span>
    </term>
    <term tid="t_72" lemma="blijft" type="open">
      <span>
        <target id="w_72"/>
      </span>
    </term>
    <term tid="t_73" lemma="dus" type="open">
      <span>
        <target id="w_73"/>
      </span>
    </term>
    <term tid="t_74" lemma="steeds" type="open">
      <span>
        <target id="w_74"/>
      </span>
      <sentiment sentiment_modifier="intensifier" resource="VUA_olery_lexicon_nl_lmf"/>
    </term>
    <term tid="t_75" lemma="druppen" type="open">
      <span>
        <target id="w_75"/>
      </span>
    </term>
    <term tid="t_76" lemma="." type="open">
      <span>
        <target id="w_76"/>
      </span>
    </term>
    <term tid="t_77" lemma="tweepersoonsbed" type="open">
      <span>
        <target id="w_77"/>
      </span>
    </term>
    <term tid="t_78" lemma="met" type="open">
      <span>
        <target id="w_78"/>
      </span>
    </term>
    <term tid="t_79" lemma="goede" type="open" pos="G">
      <span>
        <target id="w_79"/>
      </span>
      <sentiment polarity="positive" resource="VUA_olery_lexicon_nl_lmf"/>
    </term>
    <term tid="t_80" lemma="matras" type="open">
      <span>
        <target id="w_80"/>
      </span>
    </term>
    <term tid="t_81" lemma="." type="open">
      <span>
        <target id="w_81"/>
      </span>
    </term>
    <term tid="t_82" lemma="geen" type="open">
      <span>
        <target id="w_82"/>
      </span>
      <sentiment sentiment_modifier="shifter" resource="VUA_olery_lexicon_nl_lmf"/>
    </term>
    <term tid="t_83" lemma="gewone" type="open">
      <span>
        <target id="w_83"/>
      </span>
    </term>
    <term tid="t_84" lemma="dekens" type="open">
      <span>
        <target id="w_84"/>
      </span>
    </term>
    <term tid="t_85" lemma="wel" type="open">
      <span>
        <target id="w_85"/>
      </span>
    </term>
    <term tid="t_86" lemma="een" type="open">
      <span>
        <target id="w_86"/>
      </span>
    </term>
    <term tid="t_87" lemma="donsdeken" type="open">
      <span>
        <target id="w_87"/>
      </span>
    </term>
    <term tid="t_88" lemma="met" type="open">
      <span>
        <target id="w_88"/>
      </span>
    </term>
    <term tid="t_89" lemma="overtrek" type="open">
      <span>
        <target id="w_89"/>
      </span>
    </term>
    <term tid="t_90" lemma="." type="open">
      <span>
        <target id="w_90"/>
      </span>
    </term>
    <term tid="t_91" lemma="bij" type="open">
      <span>
        <target id="w_91"/>
      </span>
    </term>
    <term tid="t_92" lemma="afhalen" type="open">
      <span>
        <target id="w_92"/>
      </span>
    </term>
    <term tid="t_93" lemma="van" type="open">
      <span>
        <target id="w_93"/>
      </span>
    </term>
    <term tid="t_94" lemma="de" type="open">
      <span>
        <target id="w_94"/>
      </span>
    </term>
    <term tid="t_95" lemma="overtrek" type="open">
      <span>
        <target id="w_95"/>
      </span>
    </term>
    <term tid="t_96" lemma="wegens" type="open">
      <span>
        <target id="w_96"/>
      </span>
    </term>
    <term tid="t_97" lemma="te" type="open">
      <span>
        <target id="w_97"/>
      </span>
    </term>
    <term tid="t_98" lemma="warm" type="open">
      <span>
        <target id="w_98"/>
      </span>
    </term>
    <term tid="t_99" lemma="slapen" type="open">
      <span>
        <target id="w_99"/>
      </span>
    </term>
    <term tid="t_100" lemma="in" type="open">
      <span>
        <target id="w_100"/>
      </span>
    </term>
    <term tid="t_101" lemma="de" type="open">
      <span>
        <target id="w_101"/>
      </span>
    </term>
    <term tid="t_102" lemma="zomer" type="open">
      <span>
        <target id="w_102"/>
      </span>
    </term>
    <term tid="t_103" lemma="," type="open">
      <span>
        <target id="w_103"/>
      </span>
    </term>
    <term tid="t_104" lemma="ontdekken" type="open">
      <span>
        <target id="w_104"/>
      </span>
    </term>
    <term tid="t_105" lemma="wij" type="open">
      <span>
        <target id="w_105"/>
      </span>
    </term>
    <term tid="t_106" lemma="een" type="open">
      <span>
        <target id="w_106"/>
      </span>
    </term>
    <term tid="t_107" lemma="donsdeken" type="open">
      <span>
        <target id="w_107"/>
      </span>
    </term>
    <term tid="t_108" lemma="met" type="open">
      <span>
        <target id="w_108"/>
      </span>
    </term>
    <term tid="t_109" lemma="verscheidene" type="open">
      <span>
        <target id="w_109"/>
      </span>
    </term>
    <term tid="t_110" lemma="diepbruine" type="open">
      <span>
        <target id="w_110"/>
      </span>
    </term>
    <term tid="t_111" lemma="urinevlekken" type="open">
      <span>
        <target id="w_111"/>
      </span>
    </term>
    <term tid="t_112" lemma="verspreid" type="open">
      <span>
        <target id="w_112"/>
      </span>
    </term>
    <term tid="t_113" lemma="over" type="open">
      <span>
        <target id="w_113"/>
      </span>
    </term>
    <term tid="t_114" lemma="het" type="open">
      <span>
        <target id="w_114"/>
      </span>
    </term>
    <term tid="t_115" lemma="deken" type="open">
      <span>
        <target id="w_115"/>
      </span>
    </term>
    <term tid="t_116" lemma="." type="open">
      <span>
        <target id="w_116"/>
      </span>
    </term>
    <term tid="t_117" lemma="wat" type="open">
      <span>
        <target id="w_117"/>
      </span>
    </term>
    <term tid="t_118" lemma="de" type="open">
      <span>
        <target id="w_118"/>
      </span>
    </term>
    <term tid="t_119" lemma="hygiÃ«ne" type="open">
      <span>
        <target id="w_119"/>
      </span>
    </term>
    <term tid="t_120" lemma="betreft" type="open">
      <span>
        <target id="w_120"/>
      </span>
    </term>
    <term tid="t_121" lemma="kan" type="open">
      <span>
        <target id="w_121"/>
      </span>
    </term>
    <term tid="t_122" lemma="het" type="open">
      <span>
        <target id="w_122"/>
      </span>
    </term>
    <term tid="t_123" lemma="heel" type="open">
      <span>
        <target id="w_123"/>
      </span>
      <sentiment sentiment_modifier="intensifier" resource="VUA_olery_lexicon_nl_lmf"/>
    </term>
    <term tid="t_124" lemma="wat" type="open">
      <span>
        <target id="w_124"/>
      </span>
    </term>
    <term tid="t_125" lemma="beter" type="open">
      <span>
        <target id="w_125"/>
      </span>
    </term>
    <term tid="t_126" lemma="volgens" type="open">
      <span>
        <target id="w_126"/>
      </span>
    </term>
    <term tid="t_127" lemma="mij" type="open">
      <span>
        <target id="w_127"/>
      </span>
    </term>
    <term tid="t_128" lemma="." type="open">
      <span>
        <target id="w_128"/>
      </span>
    </term>
    <term tid="t_129" lemma="ik" type="open">
      <span>
        <target id="w_129"/>
      </span>
    </term>
    <term tid="t_130" lemma="heb" type="open">
      <span>
        <target id="w_130"/>
      </span>
    </term>
    <term tid="t_131" lemma="de" type="open">
      <span>
        <target id="w_131"/>
      </span>
    </term>
    <term tid="t_132" lemma="eigenares" type="open">
      <span>
        <target id="w_132"/>
      </span>
    </term>
    <term tid="t_133" lemma="verwittigd" type="open">
      <span>
        <target id="w_133"/>
      </span>
    </term>
    <term tid="t_134" lemma="hieromtrent" type="open">
      <span>
        <target id="w_134"/>
      </span>
    </term>
    <term tid="t_135" lemma="en" type="open">
      <span>
        <target id="w_135"/>
      </span>
    </term>
    <term tid="t_136" lemma="haar" type="open" pos="N">
      <span>
        <target id="w_136"/>
      </span>
      <sentiment polarity="negative" resource="VUA_olery_lexicon_nl_lmf"/>
    </term>
    <term tid="t_137" lemma="antwoord" type="open">
      <span>
        <target id="w_137"/>
      </span>
    </term>
    <term tid="t_138" lemma="luidde" type="open">
      <span>
        <target id="w_138"/>
      </span>
    </term>
    <term tid="t_139" lemma="als" type="open">
      <span>
        <target id="w_139"/>
      </span>
    </term>
    <term tid="t_140" lemma="volgt" type="open">
      <span>
        <target id="w_140"/>
      </span>
    </term>
    <term tid="t_141" lemma=":" type="open">
      <span>
        <target id="w_141"/>
      </span>
    </term>
    <term tid="t_142" lemma="'ik" type="open">
      <span>
        <target id="w_142"/>
      </span>
    </term>
    <term tid="t_143" lemma="zal" type="open">
      <span>
        <target id="w_143"/>
      </span>
    </term>
    <term tid="t_144" lemma="er" type="open">
      <span>
        <target id="w_144"/>
      </span>
    </term>
    <term tid="t_145" lemma="even" type="open">
      <span>
        <target id="w_145"/>
      </span>
    </term>
    <term tid="t_146" lemma="naar" type="open" pos="G">
      <span>
        <target id="w_146"/>
      </span>
      <sentiment polarity="negative" resource="VUA_olery_lexicon_nl_lmf"/>
    </term>
    <term tid="t_147" lemma="laten" type="open">
      <span>
        <target id="w_147"/>
      </span>
    </term>
    <term tid="t_148" lemma="kijken" type="open">
      <span>
        <target id="w_148"/>
      </span>
    </term>
    <term tid="t_149" lemma="." type="open">
      <span>
        <target id="w_149"/>
      </span>
    </term>
    <term tid="t_150" lemma="'" type="open">
      <span>
        <target id="w_150"/>
      </span>
    </term>
    <term tid="t_151" lemma="toen" type="open">
      <span>
        <target id="w_151"/>
      </span>
    </term>
    <term tid="t_152" lemma="ik" type="open">
      <span>
        <target id="w_152"/>
      </span>
    </term>
    <term tid="t_153" lemma="haar" type="open" pos="N">
      <span>
        <target id="w_153"/>
      </span>
      <sentiment polarity="negative" resource="VUA_olery_lexicon_nl_lmf"/>
    </term>
    <term tid="t_154" lemma="liet" type="open">
      <span>
        <target id="w_154"/>
      </span>
    </term>
    <term tid="t_155" lemma="opmerken" type="open">
      <span>
        <target id="w_155"/>
      </span>
    </term>
    <term tid="t_156" lemma="dat" type="open">
      <span>
        <target id="w_156"/>
      </span>
    </term>
    <term tid="t_157" lemma="zij" type="open">
      <span>
        <target id="w_157"/>
      </span>
    </term>
    <term tid="t_158" lemma="ook" type="open">
      <span>
        <target id="w_158"/>
      </span>
    </term>
    <term tid="t_159" lemma="helpt" type="open">
      <span>
        <target id="w_159"/>
      </span>
    </term>
    <term tid="t_160" lemma="bij" type="open">
      <span>
        <target id="w_160"/>
      </span>
    </term>
    <term tid="t_161" lemma="de" type="open">
      <span>
        <target id="w_161"/>
      </span>
    </term>
    <term tid="t_162" lemma="schoonmaak" type="open">
      <span>
        <target id="w_162"/>
      </span>
    </term>
    <term tid="t_163" lemma="van" type="open">
      <span>
        <target id="w_163"/>
      </span>
    </term>
    <term tid="t_164" lemma="de" type="open">
      <span>
        <target id="w_164"/>
      </span>
    </term>
    <term tid="t_165" lemma="kamers" type="open">
      <span>
        <target id="w_165"/>
      </span>
    </term>
    <term tid="t_166" lemma="en" type="open">
      <span>
        <target id="w_166"/>
      </span>
    </term>
    <term tid="t_167" lemma="zij" type="open">
      <span>
        <target id="w_167"/>
      </span>
    </term>
    <term tid="t_168" lemma="dat" type="open">
      <span>
        <target id="w_168"/>
      </span>
    </term>
    <term tid="t_169" lemma="toch" type="open">
      <span>
        <target id="w_169"/>
      </span>
    </term>
    <term tid="t_170" lemma="al" type="open">
      <span>
        <target id="w_170"/>
      </span>
    </term>
    <term tid="t_171" lemma="moest" type="open">
      <span>
        <target id="w_171"/>
      </span>
    </term>
    <term tid="t_172" lemma="gezien" type="open">
      <span>
        <target id="w_172"/>
      </span>
    </term>
    <term tid="t_173" lemma="hebben" type="open">
      <span>
        <target id="w_173"/>
      </span>
    </term>
    <term tid="t_174" lemma="wanneer" type="open">
      <span>
        <target id="w_174"/>
      </span>
    </term>
    <term tid="t_175" lemma="zij" type="open">
      <span>
        <target id="w_175"/>
      </span>
    </term>
    <term tid="t_176" lemma="de" type="open">
      <span>
        <target id="w_176"/>
      </span>
    </term>
    <term tid="t_177" lemma="overtrek" type="open">
      <span>
        <target id="w_177"/>
      </span>
    </term>
    <term tid="t_178" lemma="vervangt" type="open">
      <span>
        <target id="w_178"/>
      </span>
    </term>
    <term tid="t_179" lemma="," type="open">
      <span>
        <target id="w_179"/>
      </span>
    </term>
    <term tid="t_180" lemma="krijg" type="open">
      <span>
        <target id="w_180"/>
      </span>
    </term>
    <term tid="t_181" lemma="ik" type="open">
      <span>
        <target id="w_181"/>
      </span>
    </term>
    <term tid="t_182" lemma="volgend" type="open">
      <span>
        <target id="w_182"/>
      </span>
    </term>
    <term tid="t_183" lemma="antwoord" type="open">
      <span>
        <target id="w_183"/>
      </span>
    </term>
    <term tid="t_184" lemma=":" type="open">
      <span>
        <target id="w_184"/>
      </span>
    </term>
    <term tid="t_185" lemma="'ik" type="open">
      <span>
        <target id="w_185"/>
      </span>
    </term>
    <term tid="t_186" lemma="zal" type="open">
      <span>
        <target id="w_186"/>
      </span>
    </term>
    <term tid="t_187" lemma="er" type="open">
      <span>
        <target id="w_187"/>
      </span>
    </term>
    <term tid="t_188" lemma="even" type="open">
      <span>
        <target id="w_188"/>
      </span>
    </term>
    <term tid="t_189" lemma="laten" type="open">
      <span>
        <target id="w_189"/>
      </span>
    </term>
    <term tid="t_190" lemma="naar" type="open" pos="G">
      <span>
        <target id="w_190"/>
      </span>
      <sentiment polarity="negative" resource="VUA_olery_lexicon_nl_lmf"/>
    </term>
    <term tid="t_191" lemma="kijken" type="open">
      <span>
        <target id="w_191"/>
      </span>
    </term>
    <term tid="t_192" lemma="," type="open">
      <span>
        <target id="w_192"/>
      </span>
    </term>
    <term tid="t_193" lemma="staat" type="open">
      <span>
        <target id="w_193"/>
      </span>
    </term>
    <term tid="t_194" lemma="u" type="open">
      <span>
        <target id="w_194"/>
      </span>
    </term>
    <term tid="t_195" lemma="dat" type="open">
      <span>
        <target id="w_195"/>
      </span>
    </term>
    <term tid="t_196" lemma="aan" type="open">
      <span>
        <target id="w_196"/>
      </span>
    </term>
    <term tid="t_197" lemma="?" type="open">
      <span>
        <target id="w_197"/>
      </span>
    </term>
    <term tid="t_198" lemma="'" type="open">
      <span>
        <target id="w_198"/>
      </span>
    </term>
    <term tid="t_199" lemma="geen" type="open">
      <span>
        <target id="w_199"/>
      </span>
      <sentiment sentiment_modifier="shifter" resource="VUA_olery_lexicon_nl_lmf"/>
    </term>
    <term tid="t_200" lemma="rookvrije" type="open">
      <span>
        <target id="w_200"/>
      </span>
    </term>
    <term tid="t_201" lemma="kamers" type="open">
      <span>
        <target id="w_201"/>
      </span>
    </term>
    <term tid="t_202" lemma="!" type="open">
      <span>
        <target id="w_202"/>
      </span>
      <sentiment sentiment_modifier="intensifier" resource="VUA_olery_lexicon_nl_lmf"/>
    </term>
    <term tid="t_203" lemma="er" type="open">
      <span>
        <target id="w_203"/>
      </span>
    </term>
    <term tid="t_204" lemma="is" type="open">
      <span>
        <target id="w_204"/>
      </span>
    </term>
    <term tid="t_205" lemma="ook" type="open">
      <span>
        <target id="w_205"/>
      </span>
    </term>
    <term tid="t_206" lemma="geen" type="open">
      <span>
        <target id="w_206"/>
      </span>
      <sentiment sentiment_modifier="shifter" resource="VUA_olery_lexicon_nl_lmf"/>
    </term>
    <term tid="t_207" lemma="drankenkaart" type="open">
      <span>
        <target id="w_207"/>
      </span>
    </term>
    <term tid="t_208" lemma="voorhanden" type="open">
      <span>
        <target id="w_208"/>
      </span>
    </term>
    <term tid="t_209" lemma="met" type="open">
      <span>
        <target id="w_209"/>
      </span>
    </term>
    <term tid="t_210" lemma="dranken" type="open">
      <span>
        <target id="w_210"/>
      </span>
    </term>
    <term tid="t_211" lemma="en" type="open">
      <span>
        <target id="w_211"/>
      </span>
    </term>
    <term tid="t_212" lemma="prijzen" type="open" pos="V">
      <span>
        <target id="w_212"/>
      </span>
      <sentiment polarity="positive" resource="VUA_olery_lexicon_nl_lmf"/>
    </term>
    <term tid="t_213" lemma="." type="open">
      <span>
        <target id="w_213"/>
      </span>
    </term>
    <term tid="t_214" lemma="bij" type="open">
      <span>
        <target id="w_214"/>
      </span>
    </term>
    <term tid="t_215" lemma="afrekening" type="open">
      <span>
        <target id="w_215"/>
      </span>
    </term>
    <term tid="t_216" lemma="kreeg" type="open">
      <span>
        <target id="w_216"/>
      </span>
    </term>
    <term tid="t_217" lemma="ik" type="open">
      <span>
        <target id="w_217"/>
      </span>
    </term>
    <term tid="t_218" lemma="een" type="open">
      <span>
        <target id="w_218"/>
      </span>
    </term>
    <term tid="t_219" lemma="totaalbedrag" type="open">
      <span>
        <target id="w_219"/>
      </span>
    </term>
    <term tid="t_220" lemma="voorgeschoteld" type="open">
      <span>
        <target id="w_220"/>
      </span>
    </term>
    <term tid="t_221" lemma="en" type="open">
      <span>
        <target id="w_221"/>
      </span>
    </term>
    <term tid="t_222" lemma="geen" type="open">
      <span>
        <target id="w_222"/>
      </span>
      <sentiment sentiment_modifier="shifter" resource="VUA_olery_lexicon_nl_lmf"/>
    </term>
    <term tid="t_223" lemma="opsomming" type="open">
      <span>
        <target id="w_223"/>
      </span>
    </term>
    <term tid="t_224" lemma="met" type="open">
      <span>
        <target id="w_224"/>
      </span>
    </term>
    <term tid="t_225" lemma="de" type="open">
      <span>
        <target id="w_225"/>
      </span>
    </term>
    <term tid="t_226" lemma="verschillende" type="open">
      <span>
        <target id="w_226"/>
      </span>
    </term>
    <term tid="t_227" lemma="prijzen" type="open" pos="V">
      <span>
        <target id="w_227"/>
      </span>
      <sentiment polarity="positive" resource="VUA_olery_lexicon_nl_lmf"/>
    </term>
    <term tid="t_228" lemma="." type="open">
      <span>
        <target id="w_228"/>
      </span>
    </term>
    <term tid="t_229" lemma="bij" type="open">
      <span>
        <target id="w_229"/>
      </span>
    </term>
    <term tid="t_230" lemma="navraag" type="open">
      <span>
        <target id="w_230"/>
      </span>
    </term>
    <term tid="t_231" lemma="weigert" type="open">
      <span>
        <target id="w_231"/>
      </span>
    </term>
    <term tid="t_232" lemma="men" type="open">
      <span>
        <target id="w_232"/>
      </span>
    </term>
    <term tid="t_233" lemma="mij" type="open">
      <span>
        <target id="w_233"/>
      </span>
    </term>
    <term tid="t_234" lemma="die" type="open">
      <span>
        <target id="w_234"/>
      </span>
    </term>
    <term tid="t_235" lemma="te" type="open">
      <span>
        <target id="w_235"/>
      </span>
    </term>
    <term tid="t_236" lemma="geven" type="open">
      <span>
        <target id="w_236"/>
      </span>
    </term>
    <term tid="t_237" lemma="." type="open">
      <span>
        <target id="w_237"/>
      </span>
    </term>
    <term tid="t_238" lemma="dit" type="open">
      <span>
        <target id="w_238"/>
      </span>
    </term>
    <term tid="t_239" lemma="hotel" type="open">
      <span>
        <target id="w_239"/>
      </span>
    </term>
    <term tid="t_240" lemma="is" type="open">
      <span>
        <target id="w_240"/>
      </span>
    </term>
    <term tid="t_241" lemma="naar" type="open" pos="G">
      <span>
        <target id="w_241"/>
      </span>
      <sentiment polarity="negative" resource="VUA_olery_lexicon_nl_lmf"/>
    </term>
    <term tid="t_242" lemma="mijn" type="open">
      <span>
        <target id="w_242"/>
      </span>
    </term>
    <term tid="t_243" lemma="gevoel" type="open">
      <span>
        <target id="w_243"/>
      </span>
    </term>
    <term tid="t_244" lemma="geen" type="open">
      <span>
        <target id="w_244"/>
      </span>
      <sentiment sentiment_modifier="shifter" resource="VUA_olery_lexicon_nl_lmf"/>
    </term>
    <term tid="t_245" lemma="echte" type="open">
      <span>
        <target id="w_245"/>
      </span>
    </term>
    <term tid="t_246" lemma="aanrader" type="open" pos="N">
      <span>
        <target id="w_246"/>
      </span>
      <sentiment polarity="positive" resource="VUA_olery_lexicon_nl_lmf"/>
    </term>
    <term tid="t_247" lemma="." type="open">
      <span>
        <target id="w_247"/>
      </span>
    </term>
  </terms>
  <entities>
    <entity type="MISC" eid="e_1">
      <span>
        <target id="t_134"/>
      </span>
    </entity>
    <entity type="ORG" eid="e_2">
      <span>
        <target id="t_44"/>
      </span>
    </entity>
    <entity type="MISC" eid="e_3">
      <span>
        <target id="t_102"/>
      </span>
    </entity>
  </entities>
  <properties>
    <property type="value_for_money" pid="p_1">
      <span>
        <target id="t_215"/>
      </span>
    </property>
    <property type="bathroom" pid="p_2">
      <span>
        <target id="t_62"/>
      </span>
    </property>
    <property type="room" pid="p_3">
      <span>
        <target id="t_44"/>
      </span>
    </property>
    <property type="restaurant" pid="p_4">
      <span>
        <target id="t_16"/>
      </span>
    </property>
    <property type="cleanliness" pid="p_5">
      <span>
        <target id="t_136"/>
      </span>
      <span>
        <target id="t_153"/>
      </span>
      <span>
        <target id="t_162"/>
      </span>
    </property>
    <property type="sleeping_comfort" pid="p_6">
      <span>
        <target id="t_77"/>
      </span>
      <span>
        <target id="t_80"/>
      </span>
      <span>
        <target id="t_99"/>
      </span>
      <span>
        <target id="t_115"/>
      </span>
    </property>
    <property type="facilities" pid="p_7">
      <span>
        <target id="t_34"/>
      </span>
    </property>
    <property type="staff" pid="p_8">
      <span>
        <target id="t_7"/>
      </span>
    </property>
  </properties>
  <opinions>
    <opinion oid="o_1">
      <opinion_target>
        <span>
          <target id="t_18"/>
        </span>
      </opinion_target>
      <opinion_expression polarity="positive" strength="1">
        <span>
          <target id="t_19"/>
        </span>
      </opinion_expression>
    </opinion>
    <opinion oid="o_2">
      <opinion_target>
        <span>
          <target id="t_23"/>
        </span>
      </opinion_target>
      <opinion_expression polarity="negative" strength="-2">
        <span>
          <target id="t_27"/>
          <target id="t_26"/>
          <target id="t_25"/>
        </span>
      </opinion_expression>
    </opinion>
    <opinion oid="o_3">
      <opinion_target>
        <span>
          <target id="t_80"/>
        </span>
      </opinion_target>
      <opinion_expression polarity="positive" strength="1">
        <span>
          <target id="t_79"/>
        </span>
      </opinion_expression>
    </opinion>
    <opinion oid="o_4">
      <opinion_holder>
        <span>
          <target id="t_129"/>
        </span>
      </opinion_holder>
      <opinion_target>
        <span>
          <target id="t_137"/>
        </span>
      </opinion_target>
      <opinion_expression polarity="negative" strength="-1">
        <span>
          <target id="t_136"/>
        </span>
      </opinion_expression>
    </opinion>
    <opinion oid="o_5">
      <opinion_holder>
        <span>
          <target id="t_129"/>
        </span>
      </opinion_holder>
      <opinion_target>
        <span>
          <target id="t_147"/>
        </span>
      </opinion_target>
      <opinion_expression polarity="negative" strength="-1">
        <span>
          <target id="t_146"/>
        </span>
      </opinion_expression>
    </opinion>
    <opinion oid="o_6">
      <opinion_holder>
        <span>
          <target id="t_152"/>
        </span>
      </opinion_holder>
      <opinion_target>
        <span>
          <target id="t_154"/>
        </span>
      </opinion_target>
      <opinion_expression polarity="negative" strength="-1">
        <span>
          <target id="t_153"/>
        </span>
      </opinion_expression>
    </opinion>
    <opinion oid="o_7">
      <opinion_holder>
        <span>
          <target id="t_152"/>
        </span>
      </opinion_holder>
      <opinion_target>
        <span>
          <target id="t_191"/>
        </span>
      </opinion_target>
      <opinion_expression polarity="negative" strength="-1">
        <span>
          <target id="t_190"/>
        </span>
      </opinion_expression>
    </opinion>
    <opinion oid="o_8">
      <opinion_target>
        <span>
          <target id="t_210"/>
        </span>
      </opinion_target>
      <opinion_expression polarity="positive" strength="1">
        <span>
          <target id="t_212"/>
        </span>
      </opinion_expression>
    </opinion>
    <opinion oid="o_9">
      <opinion_holder>
        <span>
          <target id="t_217"/>
        </span>
      </opinion_holder>
      <opinion_target>
        <span>
          <target id="t_226"/>
        </span>
      </opinion_target>
      <opinion_expression polarity="positive" strength="1">
        <span>
          <target id="t_227"/>
        </span>
      </opinion_expression>
    </opinion>
    <opinion oid="o_10">
      <opinion_target>
        <span>
          <target id="t_243"/>
        </span>
      </opinion_target>
      <opinion_expression polarity="negative" strength="-1">
        <span>
          <target id="t_241"/>
        </span>
      </opinion_expression>
    </opinion>
    <opinion oid="o_11">
      <opinion_target>
        <span>
          <target id="t_245"/>
        </span>
      </opinion_target>
      <opinion_expression polarity="positive" strength="1">
        <span>
          <target id="t_246"/>
        </span>
      </opinion_expression>
    </opinion>
  </opinions>
</KAF>
