<?xml version='1.0' encoding='UTF-8'?>
<KAF xml:lang="nl">
  <linguisticProcessors layer="text">
    <lp timestamp="2013-01-06T18:30:08CET" version="2.0" name="SentenceTokenizer"/>
  </linguisticProcessors>
  <linguisticProcessors layer="terms">
    <lp timestamp="2013-01-06T18:30:08CET" version="2.0" name="SentenceTokenizer"/>
    <lp timestamp="2013-01-06T18:30:08CET" version="1.0" name="SimplePolarityTagger"/>
  </linguisticProcessors>
  <linguisticProcessor layer="opinions">
    <lp timestamp="2013-01-06T18:30:08CET" version="1.0" name="SimpleOpinionDetector"/>
  </linguisticProcessor>
  <linguisticProcessor layer="properties">
    <lp timestamp="2013-01-06T18:30:08CET" version="1.0" name="SimplePropRecognizer_lookup"/>
  </linguisticProcessor>
  <linguisticProcessor layer="entities">
    <lp timestamp="2013-01-06T18:30:08CET" version="1.0" name="SimpleNER_lookup"/>
  </linguisticProcessor>
  <text>
    <wf wid="w_1" para="1" sent="1">De</wf>
    <wf wid="w_2" para="1" sent="1">vriendelijkheid</wf>
    <wf wid="w_3" para="1" sent="1">van</wf>
    <wf wid="w_4" para="1" sent="1">het</wf>
    <wf wid="w_5" para="1" sent="1">personeel</wf>
    <wf wid="w_6" para="1" sent="1">was</wf>
    <wf wid="w_7" para="1" sent="1">uitstekend</wf>
    <wf wid="w_8" para="1" sent="1">zowel</wf>
    <wf wid="w_9" para="1" sent="1">bij</wf>
    <wf wid="w_10" para="1" sent="1">de</wf>
    <wf wid="w_11" para="1" sent="1">receptie</wf>
    <wf wid="w_12" para="1" sent="1">als</wf>
    <wf wid="w_13" para="1" sent="1">de</wf>
    <wf wid="w_14" para="1" sent="1">conciërge</wf>
    <wf wid="w_15" para="1" sent="1">.</wf>
    <wf wid="w_16" para="1" sent="2">De</wf>
    <wf wid="w_17" para="1" sent="2">locatie</wf>
    <wf wid="w_18" para="1" sent="2">is</wf>
    <wf wid="w_19" para="1" sent="2">perfect</wf>
    <wf wid="w_20" para="1" sent="2">evenals</wf>
    <wf wid="w_21" para="1" sent="2">de</wf>
    <wf wid="w_22" para="1" sent="2">indrukwekkende</wf>
    <wf wid="w_23" para="1" sent="2">voorhal</wf>
    <wf wid="w_24" para="1" sent="2">..</wf>
    <wf wid="w_25" para="1" sent="3">Voor</wf>
    <wf wid="w_26" para="1" sent="3">een</wf>
    <wf wid="w_27" para="1" sent="3">vijfsterren</wf>
    <wf wid="w_28" para="1" sent="3">hotel</wf>
    <wf wid="w_29" para="1" sent="3">vind</wf>
    <wf wid="w_30" para="1" sent="3">ik</wf>
    <wf wid="w_31" para="1" sent="3">vier</wf>
    <wf wid="w_32" para="1" sent="3">sterren</wf>
    <wf wid="w_33" para="1" sent="3">meer</wf>
    <wf wid="w_34" para="1" sent="3">dan</wf>
    <wf wid="w_35" para="1" sent="3">genoeg</wf>
    <wf wid="w_36" para="1" sent="3">.</wf>
    <wf wid="w_37" para="1" sent="4">Het</wf>
    <wf wid="w_38" para="1" sent="4">extra</wf>
    <wf wid="w_39" para="1" sent="4">moten</wf>
    <wf wid="w_40" para="1" sent="4">betalen</wf>
    <wf wid="w_41" para="1" sent="4">voor</wf>
    <wf wid="w_42" para="1" sent="4">de</wf>
    <wf wid="w_43" para="1" sent="4">sauna</wf>
    <wf wid="w_44" para="1" sent="4">etc</wf>
    <wf wid="w_45" para="1" sent="4">.</wf>
    <wf wid="w_46" para="1" sent="5">vond</wf>
    <wf wid="w_47" para="1" sent="5">ik</wf>
    <wf wid="w_48" para="1" sent="5">overdreven</wf>
    <wf wid="w_49" para="1" sent="5">.</wf>
  </text>
  <terms>
    <term tid="t_1" lemma="de" type="open">
      <span>
        <target id="w_1"/>
      </span>
    </term>
    <term tid="t_2" lemma="vriendelijkheid" type="open" pos="N">
      <span>
        <target id="w_2"/>
      </span>
      <sentiment polarity="positive" resource="VUA_olery_lexicon_nl_lmf"/>
    </term>
    <term tid="t_3" lemma="van" type="open">
      <span>
        <target id="w_3"/>
      </span>
    </term>
    <term tid="t_4" lemma="het" type="open">
      <span>
        <target id="w_4"/>
      </span>
    </term>
    <term tid="t_5" lemma="personeel" type="open">
      <span>
        <target id="w_5"/>
      </span>
    </term>
    <term tid="t_6" lemma="was" type="open">
      <span>
        <target id="w_6"/>
      </span>
    </term>
    <term tid="t_7" lemma="uitstekend" type="open" pos="G">
      <span>
        <target id="w_7"/>
      </span>
      <sentiment polarity="positive" resource="VUA_olery_lexicon_nl_lmf"/>
    </term>
    <term tid="t_8" lemma="zowel" type="open">
      <span>
        <target id="w_8"/>
      </span>
    </term>
    <term tid="t_9" lemma="bij" type="open">
      <span>
        <target id="w_9"/>
      </span>
    </term>
    <term tid="t_10" lemma="de" type="open">
      <span>
        <target id="w_10"/>
      </span>
    </term>
    <term tid="t_11" lemma="receptie" type="open">
      <span>
        <target id="w_11"/>
      </span>
    </term>
    <term tid="t_12" lemma="als" type="open">
      <span>
        <target id="w_12"/>
      </span>
    </term>
    <term tid="t_13" lemma="de" type="open">
      <span>
        <target id="w_13"/>
      </span>
    </term>
    <term tid="t_14" lemma="conciërge" type="open">
      <span>
        <target id="w_14"/>
      </span>
    </term>
    <term tid="t_15" lemma="." type="open">
      <span>
        <target id="w_15"/>
      </span>
    </term>
    <term tid="t_16" lemma="de" type="open">
      <span>
        <target id="w_16"/>
      </span>
    </term>
    <term tid="t_17" lemma="locatie" type="open">
      <span>
        <target id="w_17"/>
      </span>
    </term>
    <term tid="t_18" lemma="is" type="open">
      <span>
        <target id="w_18"/>
      </span>
    </term>
    <term tid="t_19" lemma="perfect" type="open" pos="G">
      <span>
        <target id="w_19"/>
      </span>
      <sentiment polarity="positive" resource="VUA_olery_lexicon_nl_lmf"/>
    </term>
    <term tid="t_20" lemma="evenals" type="open">
      <span>
        <target id="w_20"/>
      </span>
    </term>
    <term tid="t_21" lemma="de" type="open">
      <span>
        <target id="w_21"/>
      </span>
    </term>
    <term tid="t_22" lemma="indrukwekkende" type="open">
      <span>
        <target id="w_22"/>
      </span>
    </term>
    <term tid="t_23" lemma="voorhal" type="open">
      <span>
        <target id="w_23"/>
      </span>
    </term>
    <term tid="t_24" lemma=".." type="open">
      <span>
        <target id="w_24"/>
      </span>
    </term>
    <term tid="t_25" lemma="voor" type="open">
      <span>
        <target id="w_25"/>
      </span>
    </term>
    <term tid="t_26" lemma="een" type="open">
      <span>
        <target id="w_26"/>
      </span>
    </term>
    <term tid="t_27" lemma="vijfsterren" type="open">
      <span>
        <target id="w_27"/>
      </span>
    </term>
    <term tid="t_28" lemma="hotel" type="open">
      <span>
        <target id="w_28"/>
      </span>
    </term>
    <term tid="t_29" lemma="vind" type="open">
      <span>
        <target id="w_29"/>
      </span>
    </term>
    <term tid="t_30" lemma="ik" type="open">
      <span>
        <target id="w_30"/>
      </span>
    </term>
    <term tid="t_31" lemma="vier" type="open">
      <span>
        <target id="w_31"/>
      </span>
    </term>
    <term tid="t_32" lemma="sterren" type="open">
      <span>
        <target id="w_32"/>
      </span>
    </term>
    <term tid="t_33" lemma="meer" type="open">
      <span>
        <target id="w_33"/>
      </span>
    </term>
    <term tid="t_34" lemma="dan" type="open">
      <span>
        <target id="w_34"/>
      </span>
    </term>
    <term tid="t_35" lemma="genoeg" type="open">
      <span>
        <target id="w_35"/>
      </span>
    </term>
    <term tid="t_36" lemma="." type="open">
      <span>
        <target id="w_36"/>
      </span>
    </term>
    <term tid="t_37" lemma="het" type="open">
      <span>
        <target id="w_37"/>
      </span>
    </term>
    <term tid="t_38" lemma="extra" type="open">
      <span>
        <target id="w_38"/>
      </span>
    </term>
    <term tid="t_39" lemma="moten" type="open">
      <span>
        <target id="w_39"/>
      </span>
    </term>
    <term tid="t_40" lemma="betalen" type="open">
      <span>
        <target id="w_40"/>
      </span>
    </term>
    <term tid="t_41" lemma="voor" type="open">
      <span>
        <target id="w_41"/>
      </span>
    </term>
    <term tid="t_42" lemma="de" type="open">
      <span>
        <target id="w_42"/>
      </span>
    </term>
    <term tid="t_43" lemma="sauna" type="open">
      <span>
        <target id="w_43"/>
      </span>
    </term>
    <term tid="t_44" lemma="etc" type="open">
      <span>
        <target id="w_44"/>
      </span>
    </term>
    <term tid="t_45" lemma="." type="open">
      <span>
        <target id="w_45"/>
      </span>
    </term>
    <term tid="t_46" lemma="vond" type="open">
      <span>
        <target id="w_46"/>
      </span>
    </term>
    <term tid="t_47" lemma="ik" type="open">
      <span>
        <target id="w_47"/>
      </span>
    </term>
    <term tid="t_48" lemma="overdreven" type="open" pos="G">
      <span>
        <target id="w_48"/>
      </span>
      <sentiment polarity="negative" resource="VUA_olery_lexicon_nl_lmf"/>
    </term>
    <term tid="t_49" lemma="." type="open">
      <span>
        <target id="w_49"/>
      </span>
    </term>
  </terms>
  <properties>
    <property type="value_for_money" pid="p_1">
      <span>
        <target id="t_40"/>
      </span>
    </property>
    <property type="facilities" pid="p_2">
      <span>
        <target id="t_43"/>
      </span>
    </property>
    <property type="location" pid="p_3">
      <span>
        <target id="t_17"/>
      </span>
    </property>
    <property type="staff" pid="p_4">
      <span>
        <target id="t_2"/>
      </span>
      <span>
        <target id="t_5"/>
      </span>
      <span>
        <target id="t_11"/>
      </span>
    </property>
  </properties>
  <opinions>
    <opinion oid="o_1">
      <opinion_target>
        <span>
          <target id="t_5"/>
        </span>
      </opinion_target>
      <opinion_expression polarity="positive" strength="1">
        <span>
          <target id="t_2"/>
        </span>
      </opinion_expression>
    </opinion>
    <opinion oid="o_2">
      <opinion_target>
        <span>
          <target id="t_8"/>
        </span>
      </opinion_target>
      <opinion_expression polarity="positive" strength="1">
        <span>
          <target id="t_7"/>
        </span>
      </opinion_expression>
    </opinion>
    <opinion oid="o_3">
      <opinion_target>
        <span>
          <target id="t_20"/>
        </span>
      </opinion_target>
      <opinion_expression polarity="positive" strength="1">
        <span>
          <target id="t_19"/>
        </span>
      </opinion_expression>
    </opinion>
    <opinion oid="o_4">
      <opinion_holder>
        <span>
          <target id="t_47"/>
        </span>
      </opinion_holder>
      <opinion_target>
        <span>
          <target id="t_46"/>
        </span>
      </opinion_target>
      <opinion_expression polarity="negative" strength="-1">
        <span>
          <target id="t_48"/>
        </span>
      </opinion_expression>
    </opinion>
  </opinions>
</KAF>
