<?xml version='1.0' encoding='UTF-8'?>
<KAF xml:lang="nl">
  <linguisticProcessors layer="text">
    <lp timestamp="2013-01-06T18:44:14CET" version="2.0" name="SentenceTokenizer"/>
  </linguisticProcessors>
  <linguisticProcessors layer="terms">
    <lp timestamp="2013-01-06T18:44:14CET" version="2.0" name="SentenceTokenizer"/>
    <lp timestamp="2013-01-06T18:44:14CET" version="1.0" name="SimplePolarityTagger"/>
  </linguisticProcessors>
  <linguisticProcessor layer="opinions">
    <lp timestamp="2013-01-06T18:44:14CET" version="1.0" name="SimpleOpinionDetector"/>
  </linguisticProcessor>
  <linguisticProcessor layer="properties">
    <lp timestamp="2013-01-06T18:44:14CET" version="1.0" name="SimplePropRecognizer_lookup"/>
  </linguisticProcessor>
  <linguisticProcessor layer="entities">
    <lp timestamp="2013-01-06T18:44:14CET" version="1.0" name="SimpleNER_lookup"/>
  </linguisticProcessor>
  <text>
    <wf wid="w_1" para="1" sent="1">Een</wf>
    <wf wid="w_2" para="1" sent="1">grote</wf>
    <wf wid="w_3" para="1" sent="1">tegenvaller</wf>
    <wf wid="w_4" para="1" sent="1">..</wf>
    <wf wid="w_5" para="1" sent="2">nooit</wf>
    <wf wid="w_6" para="1" sent="2">meer</wf>
    <wf wid="w_7" para="1" sent="2">!!</wf>
    <wf wid="w_8" para="1" sent="3">Op</wf>
    <wf wid="w_9" para="1" sent="3">grond</wf>
    <wf wid="w_10" para="1" sent="3">van</wf>
    <wf wid="w_11" para="1" sent="3">alle</wf>
    <wf wid="w_12" para="1" sent="3">positieve</wf>
    <wf wid="w_13" para="1" sent="3">ervaringen</wf>
    <wf wid="w_14" para="1" sent="3">zijn</wf>
    <wf wid="w_15" para="1" sent="3">wij</wf>
    <wf wid="w_16" para="1" sent="3">bij</wf>
    <wf wid="w_17" para="1" sent="3">Gerda</wf>
    <wf wid="w_18" para="1" sent="3">'s</wf>
    <wf wid="w_19" para="1" sent="3">Garden</wf>
    <wf wid="w_20" para="1" sent="3">gaan</wf>
    <wf wid="w_21" para="1" sent="3">eten</wf>
    <wf wid="w_22" para="1" sent="3">.</wf>
    <wf wid="w_23" para="1" sent="4">Wat</wf>
    <wf wid="w_24" para="1" sent="4">een</wf>
    <wf wid="w_25" para="1" sent="4">enorme</wf>
    <wf wid="w_26" para="1" sent="4">tegenvaller</wf>
    <wf wid="w_27" para="1" sent="4">!</wf>
    <wf wid="w_28" para="1" sent="5">Het</wf>
    <wf wid="w_29" para="1" sent="5">restaurant</wf>
    <wf wid="w_30" para="1" sent="5">heeft</wf>
    <wf wid="w_31" para="1" sent="5">sinds</wf>
    <wf wid="w_32" para="1" sent="5">kort</wf>
    <wf wid="w_33" para="1" sent="5">een</wf>
    <wf wid="w_34" para="1" sent="5">andere</wf>
    <wf wid="w_35" para="1" sent="5">kok</wf>
    <wf wid="w_36" para="1" sent="5">en</wf>
    <wf wid="w_37" para="1" sent="5">het</wf>
    <wf wid="w_38" para="1" sent="5">eten</wf>
    <wf wid="w_39" para="1" sent="5">was</wf>
    <wf wid="w_40" para="1" sent="5">in</wf>
    <wf wid="w_41" para="1" sent="5">een</wf>
    <wf wid="w_42" para="1" sent="5">woordt</wf>
    <wf wid="w_43" para="1" sent="5">afschuwelijk</wf>
    <wf wid="w_44" para="1" sent="5">.</wf>
    <wf wid="w_45" para="1" sent="6">De</wf>
    <wf wid="w_46" para="1" sent="6">soep</wf>
    <wf wid="w_47" para="1" sent="6">ging</wf>
    <wf wid="w_48" para="1" sent="6">nog</wf>
    <wf wid="w_49" para="1" sent="6">wel</wf>
    <wf wid="w_50" para="1" sent="6">,</wf>
    <wf wid="w_51" para="1" sent="6">er</wf>
    <wf wid="w_52" para="1" sent="6">zat</wf>
    <wf wid="w_53" para="1" sent="6">geen</wf>
    <wf wid="w_54" para="1" sent="6">smaak</wf>
    <wf wid="w_55" para="1" sent="6">aan</wf>
    <wf wid="w_56" para="1" sent="6">,</wf>
    <wf wid="w_57" para="1" sent="6">maar</wf>
    <wf wid="w_58" para="1" sent="6">het</wf>
    <wf wid="w_59" para="1" sent="6">was</wf>
    <wf wid="w_60" para="1" sent="6">niet</wf>
    <wf wid="w_61" para="1" sent="6">vies</wf>
    <wf wid="w_62" para="1" sent="6">.</wf>
    <wf wid="w_63" para="1" sent="7">De</wf>
    <wf wid="w_64" para="1" sent="7">friet</wf>
    <wf wid="w_65" para="1" sent="7">was</wf>
    <wf wid="w_66" para="1" sent="7">vet</wf>
    <wf wid="w_67" para="1" sent="7">en</wf>
    <wf wid="w_68" para="1" sent="7">slap</wf>
    <wf wid="w_69" para="1" sent="7">.</wf>
    <wf wid="w_70" para="1" sent="8">Het</wf>
    <wf wid="w_71" para="1" sent="8">vlees</wf>
    <wf wid="w_72" para="1" sent="8">taai</wf>
    <wf wid="w_73" para="1" sent="8">en</wf>
    <wf wid="w_74" para="1" sent="8">de</wf>
    <wf wid="w_75" para="1" sent="8">paneerlaag</wf>
    <wf wid="w_76" para="1" sent="8">doortrokken</wf>
    <wf wid="w_77" para="1" sent="8">van</wf>
    <wf wid="w_78" para="1" sent="8">vet</wf>
    <wf wid="w_79" para="1" sent="8">.</wf>
    <wf wid="w_80" para="1" sent="9">Het</wf>
    <wf wid="w_81" para="1" sent="9">lag</wf>
    <wf wid="w_82" para="1" sent="9">als</wf>
    <wf wid="w_83" para="1" sent="9">een</wf>
    <wf wid="w_84" para="1" sent="9">brok</wf>
    <wf wid="w_85" para="1" sent="9">in</wf>
    <wf wid="w_86" para="1" sent="9">onze</wf>
    <wf wid="w_87" para="1" sent="9">maag</wf>
    <wf wid="w_88" para="1" sent="9">.</wf>
    <wf wid="w_89" para="1" sent="10">We</wf>
    <wf wid="w_90" para="1" sent="10">hadden</wf>
    <wf wid="w_91" para="1" sent="10">op</wf>
    <wf wid="w_92" para="1" sent="10">dat</wf>
    <wf wid="w_93" para="1" sent="10">moment</wf>
    <wf wid="w_94" para="1" sent="10">een</wf>
    <wf wid="w_95" para="1" sent="10">paar</wf>
    <wf wid="w_96" para="1" sent="10">weken</wf>
    <wf wid="w_97" para="1" sent="10">in</wf>
    <wf wid="w_98" para="1" sent="10">Egypte</wf>
    <wf wid="w_99" para="1" sent="10">rondgereisd</wf>
    <wf wid="w_100" para="1" sent="10">en</wf>
    <wf wid="w_101" para="1" sent="10">waren</wf>
    <wf wid="w_102" para="1" sent="10">tot</wf>
    <wf wid="w_103" para="1" sent="10">onze</wf>
    <wf wid="w_104" para="1" sent="10">verbazing</wf>
    <wf wid="w_105" para="1" sent="10">niet</wf>
    <wf wid="w_106" para="1" sent="10">ziek</wf>
    <wf wid="w_107" para="1" sent="10">geweest</wf>
    <wf wid="w_108" para="1" sent="10">.</wf>
    <wf wid="w_109" para="1" sent="11">Tot</wf>
    <wf wid="w_110" para="1" sent="11">we</wf>
    <wf wid="w_111" para="1" sent="11">bij</wf>
    <wf wid="w_112" para="1" sent="11">Gerda</wf>
    <wf wid="w_113" para="1" sent="11">hebben</wf>
    <wf wid="w_114" para="1" sent="11">gegeten</wf>
    <wf wid="w_115" para="1" sent="11">.</wf>
    <wf wid="w_116" para="1" sent="12">Direct</wf>
    <wf wid="w_117" para="1" sent="12">na</wf>
    <wf wid="w_118" para="1" sent="12">het</wf>
    <wf wid="w_119" para="1" sent="12">eten</wf>
    <wf wid="w_120" para="1" sent="12">voelde</wf>
    <wf wid="w_121" para="1" sent="12">het</wf>
    <wf wid="w_122" para="1" sent="12">al</wf>
    <wf wid="w_123" para="1" sent="12">niet</wf>
    <wf wid="w_124" para="1" sent="12">goed</wf>
    <wf wid="w_125" para="1" sent="12">en</wf>
    <wf wid="w_126" para="1" sent="12">die</wf>
    <wf wid="w_127" para="1" sent="12">nacht</wf>
    <wf wid="w_128" para="1" sent="12">hebben</wf>
    <wf wid="w_129" para="1" sent="12">we</wf>
    <wf wid="w_130" para="1" sent="12">veel</wf>
    <wf wid="w_131" para="1" sent="12">tijd</wf>
    <wf wid="w_132" para="1" sent="12">op</wf>
    <wf wid="w_133" para="1" sent="12">het</wf>
    <wf wid="w_134" para="1" sent="12">toilet</wf>
    <wf wid="w_135" para="1" sent="12">doorgebracht</wf>
    <wf wid="w_136" para="1" sent="12">.</wf>
    <wf wid="w_137" para="1" sent="13">Ik</wf>
    <wf wid="w_138" para="1" sent="13">zou</wf>
    <wf wid="w_139" para="1" sent="13">niemand</wf>
    <wf wid="w_140" para="1" sent="13">aanraden</wf>
    <wf wid="w_141" para="1" sent="13">om</wf>
    <wf wid="w_142" para="1" sent="13">bij</wf>
    <wf wid="w_143" para="1" sent="13">Gerda</wf>
    <wf wid="w_144" para="1" sent="13">te</wf>
    <wf wid="w_145" para="1" sent="13">gaan</wf>
    <wf wid="w_146" para="1" sent="13">eten</wf>
    <wf wid="w_147" para="1" sent="13">!!</wf>
  </text>
  <terms>
    <term tid="t_1" lemma="een" type="open">
      <span>
        <target id="w_1"/>
      </span>
    </term>
    <term tid="t_2" lemma="grote" type="open">
      <span>
        <target id="w_2"/>
      </span>
    </term>
    <term tid="t_3" lemma="tegenvaller" type="open" pos="N">
      <span>
        <target id="w_3"/>
      </span>
      <sentiment polarity="negative" resource="VUA_olery_lexicon_nl_lmf"/>
    </term>
    <term tid="t_4" lemma=".." type="open">
      <span>
        <target id="w_4"/>
      </span>
    </term>
    <term tid="t_5" lemma="nooit" type="open">
      <span>
        <target id="w_5"/>
      </span>
      <sentiment sentiment_modifier="shifter" resource="VUA_olery_lexicon_nl_lmf"/>
    </term>
    <term tid="t_6" lemma="meer" type="open">
      <span>
        <target id="w_6"/>
      </span>
    </term>
    <term tid="t_7" lemma="!!" type="open">
      <span>
        <target id="w_7"/>
      </span>
    </term>
    <term tid="t_8" lemma="op" type="open">
      <span>
        <target id="w_8"/>
      </span>
    </term>
    <term tid="t_9" lemma="grond" type="open">
      <span>
        <target id="w_9"/>
      </span>
    </term>
    <term tid="t_10" lemma="van" type="open">
      <span>
        <target id="w_10"/>
      </span>
    </term>
    <term tid="t_11" lemma="alle" type="open">
      <span>
        <target id="w_11"/>
      </span>
    </term>
    <term tid="t_12" lemma="positieve" type="open">
      <span>
        <target id="w_12"/>
      </span>
    </term>
    <term tid="t_13" lemma="ervaringen" type="open">
      <span>
        <target id="w_13"/>
      </span>
    </term>
    <term tid="t_14" lemma="zijn" type="open">
      <span>
        <target id="w_14"/>
      </span>
    </term>
    <term tid="t_15" lemma="wij" type="open">
      <span>
        <target id="w_15"/>
      </span>
    </term>
    <term tid="t_16" lemma="bij" type="open">
      <span>
        <target id="w_16"/>
      </span>
    </term>
    <term tid="t_17" lemma="gerda" type="open">
      <span>
        <target id="w_17"/>
      </span>
    </term>
    <term tid="t_18" lemma="'s" type="open">
      <span>
        <target id="w_18"/>
      </span>
    </term>
    <term tid="t_19" lemma="garden" type="open">
      <span>
        <target id="w_19"/>
      </span>
    </term>
    <term tid="t_20" lemma="gaan" type="open">
      <span>
        <target id="w_20"/>
      </span>
    </term>
    <term tid="t_21" lemma="eten" type="open">
      <span>
        <target id="w_21"/>
      </span>
    </term>
    <term tid="t_22" lemma="." type="open">
      <span>
        <target id="w_22"/>
      </span>
    </term>
    <term tid="t_23" lemma="wat" type="open">
      <span>
        <target id="w_23"/>
      </span>
    </term>
    <term tid="t_24" lemma="een" type="open">
      <span>
        <target id="w_24"/>
      </span>
    </term>
    <term tid="t_25" lemma="enorme" type="open">
      <span>
        <target id="w_25"/>
      </span>
    </term>
    <term tid="t_26" lemma="tegenvaller" type="open" pos="N">
      <span>
        <target id="w_26"/>
      </span>
      <sentiment polarity="negative" resource="VUA_olery_lexicon_nl_lmf"/>
    </term>
    <term tid="t_27" lemma="!" type="open">
      <span>
        <target id="w_27"/>
      </span>
      <sentiment sentiment_modifier="intensifier" resource="VUA_olery_lexicon_nl_lmf"/>
    </term>
    <term tid="t_28" lemma="het" type="open">
      <span>
        <target id="w_28"/>
      </span>
    </term>
    <term tid="t_29" lemma="restaurant" type="open">
      <span>
        <target id="w_29"/>
      </span>
    </term>
    <term tid="t_30" lemma="heeft" type="open">
      <span>
        <target id="w_30"/>
      </span>
    </term>
    <term tid="t_31" lemma="sinds" type="open">
      <span>
        <target id="w_31"/>
      </span>
    </term>
    <term tid="t_32" lemma="kort" type="open">
      <span>
        <target id="w_32"/>
      </span>
    </term>
    <term tid="t_33" lemma="een" type="open">
      <span>
        <target id="w_33"/>
      </span>
    </term>
    <term tid="t_34" lemma="andere" type="open">
      <span>
        <target id="w_34"/>
      </span>
    </term>
    <term tid="t_35" lemma="kok" type="open">
      <span>
        <target id="w_35"/>
      </span>
    </term>
    <term tid="t_36" lemma="en" type="open">
      <span>
        <target id="w_36"/>
      </span>
    </term>
    <term tid="t_37" lemma="het" type="open">
      <span>
        <target id="w_37"/>
      </span>
    </term>
    <term tid="t_38" lemma="eten" type="open">
      <span>
        <target id="w_38"/>
      </span>
    </term>
    <term tid="t_39" lemma="was" type="open">
      <span>
        <target id="w_39"/>
      </span>
    </term>
    <term tid="t_40" lemma="in" type="open">
      <span>
        <target id="w_40"/>
      </span>
    </term>
    <term tid="t_41" lemma="een" type="open">
      <span>
        <target id="w_41"/>
      </span>
    </term>
    <term tid="t_42" lemma="woordt" type="open">
      <span>
        <target id="w_42"/>
      </span>
    </term>
    <term tid="t_43" lemma="afschuwelijk" type="open" pos="G">
      <span>
        <target id="w_43"/>
      </span>
      <sentiment polarity="negative" resource="VUA_olery_lexicon_nl_lmf"/>
    </term>
    <term tid="t_44" lemma="." type="open">
      <span>
        <target id="w_44"/>
      </span>
    </term>
    <term tid="t_45" lemma="de" type="open">
      <span>
        <target id="w_45"/>
      </span>
    </term>
    <term tid="t_46" lemma="soep" type="open">
      <span>
        <target id="w_46"/>
      </span>
    </term>
    <term tid="t_47" lemma="ging" type="open">
      <span>
        <target id="w_47"/>
      </span>
    </term>
    <term tid="t_48" lemma="nog" type="open">
      <span>
        <target id="w_48"/>
      </span>
    </term>
    <term tid="t_49" lemma="wel" type="open">
      <span>
        <target id="w_49"/>
      </span>
    </term>
    <term tid="t_50" lemma="," type="open">
      <span>
        <target id="w_50"/>
      </span>
    </term>
    <term tid="t_51" lemma="er" type="open">
      <span>
        <target id="w_51"/>
      </span>
    </term>
    <term tid="t_52" lemma="zat" type="open" pos="G">
      <span>
        <target id="w_52"/>
      </span>
      <sentiment polarity="negative" resource="VUA_olery_lexicon_nl_lmf"/>
    </term>
    <term tid="t_53" lemma="geen" type="open">
      <span>
        <target id="w_53"/>
      </span>
      <sentiment sentiment_modifier="shifter" resource="VUA_olery_lexicon_nl_lmf"/>
    </term>
    <term tid="t_54" lemma="smaak" type="open">
      <span>
        <target id="w_54"/>
      </span>
    </term>
    <term tid="t_55" lemma="aan" type="open">
      <span>
        <target id="w_55"/>
      </span>
    </term>
    <term tid="t_56" lemma="," type="open">
      <span>
        <target id="w_56"/>
      </span>
    </term>
    <term tid="t_57" lemma="maar" type="open">
      <span>
        <target id="w_57"/>
      </span>
    </term>
    <term tid="t_58" lemma="het" type="open">
      <span>
        <target id="w_58"/>
      </span>
    </term>
    <term tid="t_59" lemma="was" type="open">
      <span>
        <target id="w_59"/>
      </span>
    </term>
    <term tid="t_60" lemma="niet" type="open">
      <span>
        <target id="w_60"/>
      </span>
      <sentiment sentiment_modifier="shifter" resource="VUA_olery_lexicon_nl_lmf"/>
    </term>
    <term tid="t_61" lemma="vies" type="open" pos="G">
      <span>
        <target id="w_61"/>
      </span>
      <sentiment polarity="negative" resource="VUA_olery_lexicon_nl_lmf"/>
    </term>
    <term tid="t_62" lemma="." type="open">
      <span>
        <target id="w_62"/>
      </span>
    </term>
    <term tid="t_63" lemma="de" type="open">
      <span>
        <target id="w_63"/>
      </span>
    </term>
    <term tid="t_64" lemma="friet" type="open">
      <span>
        <target id="w_64"/>
      </span>
    </term>
    <term tid="t_65" lemma="was" type="open">
      <span>
        <target id="w_65"/>
      </span>
    </term>
    <term tid="t_66" lemma="vet" type="open">
      <span>
        <target id="w_66"/>
      </span>
    </term>
    <term tid="t_67" lemma="en" type="open">
      <span>
        <target id="w_67"/>
      </span>
    </term>
    <term tid="t_68" lemma="slap" type="open" pos="G">
      <span>
        <target id="w_68"/>
      </span>
      <sentiment polarity="negative" resource="VUA_olery_lexicon_nl_lmf"/>
    </term>
    <term tid="t_69" lemma="." type="open">
      <span>
        <target id="w_69"/>
      </span>
    </term>
    <term tid="t_70" lemma="het" type="open">
      <span>
        <target id="w_70"/>
      </span>
    </term>
    <term tid="t_71" lemma="vlees" type="open">
      <span>
        <target id="w_71"/>
      </span>
    </term>
    <term tid="t_72" lemma="taai" type="open" pos="G">
      <span>
        <target id="w_72"/>
      </span>
      <sentiment polarity="negative" resource="VUA_olery_lexicon_nl_lmf"/>
    </term>
    <term tid="t_73" lemma="en" type="open">
      <span>
        <target id="w_73"/>
      </span>
    </term>
    <term tid="t_74" lemma="de" type="open">
      <span>
        <target id="w_74"/>
      </span>
    </term>
    <term tid="t_75" lemma="paneerlaag" type="open">
      <span>
        <target id="w_75"/>
      </span>
    </term>
    <term tid="t_76" lemma="doortrokken" type="open">
      <span>
        <target id="w_76"/>
      </span>
    </term>
    <term tid="t_77" lemma="van" type="open">
      <span>
        <target id="w_77"/>
      </span>
    </term>
    <term tid="t_78" lemma="vet" type="open">
      <span>
        <target id="w_78"/>
      </span>
    </term>
    <term tid="t_79" lemma="." type="open">
      <span>
        <target id="w_79"/>
      </span>
    </term>
    <term tid="t_80" lemma="het" type="open">
      <span>
        <target id="w_80"/>
      </span>
    </term>
    <term tid="t_81" lemma="lag" type="open">
      <span>
        <target id="w_81"/>
      </span>
    </term>
    <term tid="t_82" lemma="als" type="open">
      <span>
        <target id="w_82"/>
      </span>
    </term>
    <term tid="t_83" lemma="een" type="open">
      <span>
        <target id="w_83"/>
      </span>
    </term>
    <term tid="t_84" lemma="brok" type="open">
      <span>
        <target id="w_84"/>
      </span>
    </term>
    <term tid="t_85" lemma="in" type="open">
      <span>
        <target id="w_85"/>
      </span>
    </term>
    <term tid="t_86" lemma="onze" type="open">
      <span>
        <target id="w_86"/>
      </span>
    </term>
    <term tid="t_87" lemma="maag" type="open">
      <span>
        <target id="w_87"/>
      </span>
    </term>
    <term tid="t_88" lemma="." type="open">
      <span>
        <target id="w_88"/>
      </span>
    </term>
    <term tid="t_89" lemma="we" type="open">
      <span>
        <target id="w_89"/>
      </span>
    </term>
    <term tid="t_90" lemma="hadden" type="open">
      <span>
        <target id="w_90"/>
      </span>
    </term>
    <term tid="t_91" lemma="op" type="open">
      <span>
        <target id="w_91"/>
      </span>
    </term>
    <term tid="t_92" lemma="dat" type="open">
      <span>
        <target id="w_92"/>
      </span>
    </term>
    <term tid="t_93" lemma="moment" type="open">
      <span>
        <target id="w_93"/>
      </span>
    </term>
    <term tid="t_94" lemma="een" type="open">
      <span>
        <target id="w_94"/>
      </span>
    </term>
    <term tid="t_95" lemma="paar" type="open">
      <span>
        <target id="w_95"/>
      </span>
    </term>
    <term tid="t_96" lemma="weken" type="open">
      <span>
        <target id="w_96"/>
      </span>
    </term>
    <term tid="t_97" lemma="in" type="open">
      <span>
        <target id="w_97"/>
      </span>
    </term>
    <term tid="t_98" lemma="egypte" type="open">
      <span>
        <target id="w_98"/>
      </span>
    </term>
    <term tid="t_99" lemma="rondgereisd" type="open">
      <span>
        <target id="w_99"/>
      </span>
    </term>
    <term tid="t_100" lemma="en" type="open">
      <span>
        <target id="w_100"/>
      </span>
    </term>
    <term tid="t_101" lemma="waren" type="open">
      <span>
        <target id="w_101"/>
      </span>
    </term>
    <term tid="t_102" lemma="tot" type="open">
      <span>
        <target id="w_102"/>
      </span>
    </term>
    <term tid="t_103" lemma="onze" type="open">
      <span>
        <target id="w_103"/>
      </span>
    </term>
    <term tid="t_104" lemma="verbazing" type="open">
      <span>
        <target id="w_104"/>
      </span>
    </term>
    <term tid="t_105" lemma="niet" type="open">
      <span>
        <target id="w_105"/>
      </span>
      <sentiment sentiment_modifier="shifter" resource="VUA_olery_lexicon_nl_lmf"/>
    </term>
    <term tid="t_106" lemma="ziek" type="open" pos="G">
      <span>
        <target id="w_106"/>
      </span>
      <sentiment polarity="negative" resource="VUA_olery_lexicon_nl_lmf"/>
    </term>
    <term tid="t_107" lemma="geweest" type="open">
      <span>
        <target id="w_107"/>
      </span>
    </term>
    <term tid="t_108" lemma="." type="open">
      <span>
        <target id="w_108"/>
      </span>
    </term>
    <term tid="t_109" lemma="tot" type="open">
      <span>
        <target id="w_109"/>
      </span>
    </term>
    <term tid="t_110" lemma="we" type="open">
      <span>
        <target id="w_110"/>
      </span>
    </term>
    <term tid="t_111" lemma="bij" type="open">
      <span>
        <target id="w_111"/>
      </span>
    </term>
    <term tid="t_112" lemma="gerda" type="open">
      <span>
        <target id="w_112"/>
      </span>
    </term>
    <term tid="t_113" lemma="hebben" type="open">
      <span>
        <target id="w_113"/>
      </span>
    </term>
    <term tid="t_114" lemma="gegeten" type="open">
      <span>
        <target id="w_114"/>
      </span>
    </term>
    <term tid="t_115" lemma="." type="open">
      <span>
        <target id="w_115"/>
      </span>
    </term>
    <term tid="t_116" lemma="direct" type="open">
      <span>
        <target id="w_116"/>
      </span>
    </term>
    <term tid="t_117" lemma="na" type="open">
      <span>
        <target id="w_117"/>
      </span>
    </term>
    <term tid="t_118" lemma="het" type="open">
      <span>
        <target id="w_118"/>
      </span>
    </term>
    <term tid="t_119" lemma="eten" type="open">
      <span>
        <target id="w_119"/>
      </span>
    </term>
    <term tid="t_120" lemma="voelde" type="open">
      <span>
        <target id="w_120"/>
      </span>
    </term>
    <term tid="t_121" lemma="het" type="open">
      <span>
        <target id="w_121"/>
      </span>
    </term>
    <term tid="t_122" lemma="al" type="open">
      <span>
        <target id="w_122"/>
      </span>
    </term>
    <term tid="t_123" lemma="niet" type="open">
      <span>
        <target id="w_123"/>
      </span>
      <sentiment sentiment_modifier="shifter" resource="VUA_olery_lexicon_nl_lmf"/>
    </term>
    <term tid="t_124" lemma="goed" type="open" pos="G">
      <span>
        <target id="w_124"/>
      </span>
      <sentiment polarity="positive" resource="VUA_olery_lexicon_nl_lmf"/>
    </term>
    <term tid="t_125" lemma="en" type="open">
      <span>
        <target id="w_125"/>
      </span>
    </term>
    <term tid="t_126" lemma="die" type="open">
      <span>
        <target id="w_126"/>
      </span>
    </term>
    <term tid="t_127" lemma="nacht" type="open">
      <span>
        <target id="w_127"/>
      </span>
    </term>
    <term tid="t_128" lemma="hebben" type="open">
      <span>
        <target id="w_128"/>
      </span>
    </term>
    <term tid="t_129" lemma="we" type="open">
      <span>
        <target id="w_129"/>
      </span>
    </term>
    <term tid="t_130" lemma="veel" type="open">
      <span>
        <target id="w_130"/>
      </span>
    </term>
    <term tid="t_131" lemma="tijd" type="open">
      <span>
        <target id="w_131"/>
      </span>
    </term>
    <term tid="t_132" lemma="op" type="open">
      <span>
        <target id="w_132"/>
      </span>
    </term>
    <term tid="t_133" lemma="het" type="open">
      <span>
        <target id="w_133"/>
      </span>
    </term>
    <term tid="t_134" lemma="toilet" type="open">
      <span>
        <target id="w_134"/>
      </span>
    </term>
    <term tid="t_135" lemma="doorgebracht" type="open">
      <span>
        <target id="w_135"/>
      </span>
    </term>
    <term tid="t_136" lemma="." type="open">
      <span>
        <target id="w_136"/>
      </span>
    </term>
    <term tid="t_137" lemma="ik" type="open">
      <span>
        <target id="w_137"/>
      </span>
    </term>
    <term tid="t_138" lemma="zou" type="open">
      <span>
        <target id="w_138"/>
      </span>
    </term>
    <term tid="t_139" lemma="niemand" type="open">
      <span>
        <target id="w_139"/>
      </span>
      <sentiment sentiment_modifier="shifter" resource="VUA_olery_lexicon_nl_lmf"/>
    </term>
    <term tid="t_140" lemma="aanraden" type="open" pos="V">
      <span>
        <target id="w_140"/>
      </span>
      <sentiment polarity="positive" resource="VUA_olery_lexicon_nl_lmf"/>
    </term>
    <term tid="t_141" lemma="om" type="open">
      <span>
        <target id="w_141"/>
      </span>
    </term>
    <term tid="t_142" lemma="bij" type="open">
      <span>
        <target id="w_142"/>
      </span>
    </term>
    <term tid="t_143" lemma="gerda" type="open">
      <span>
        <target id="w_143"/>
      </span>
    </term>
    <term tid="t_144" lemma="te" type="open">
      <span>
        <target id="w_144"/>
      </span>
    </term>
    <term tid="t_145" lemma="gaan" type="open">
      <span>
        <target id="w_145"/>
      </span>
    </term>
    <term tid="t_146" lemma="eten" type="open">
      <span>
        <target id="w_146"/>
      </span>
    </term>
    <term tid="t_147" lemma="!!" type="open">
      <span>
        <target id="w_147"/>
      </span>
    </term>
  </terms>
  <entities>
    <entity type="MISC" eid="e_1">
      <span>
        <target id="t_14"/>
      </span>
    </entity>
    <entity type="PER" eid="e_2">
      <span>
        <target id="t_35"/>
      </span>
    </entity>
    <entity type="LOC" eid="e_3">
      <span>
        <target id="t_98"/>
      </span>
    </entity>
    <entity type="PER" eid="e_4">
      <span>
        <target id="t_89"/>
      </span>
      <span>
        <target id="t_110"/>
      </span>
      <span>
        <target id="t_129"/>
      </span>
    </entity>
  </entities>
  <properties>
    <property type="cleanliness" pid="p_1">
      <span>
        <target id="t_61"/>
      </span>
    </property>
    <property type="bathroom" pid="p_2">
      <span>
        <target id="t_134"/>
      </span>
    </property>
    <property type="restaurant" pid="p_3">
      <span>
        <target id="t_21"/>
      </span>
      <span>
        <target id="t_29"/>
      </span>
      <span>
        <target id="t_35"/>
      </span>
      <span>
        <target id="t_38"/>
      </span>
      <span>
        <target id="t_46"/>
      </span>
      <span>
        <target id="t_71"/>
      </span>
      <span>
        <target id="t_72"/>
      </span>
      <span>
        <target id="t_119"/>
      </span>
      <span>
        <target id="t_146"/>
      </span>
    </property>
  </properties>
  <opinions>
    <opinion oid="o_1">
      <opinion_target>
        <span>
          <target id="t_2"/>
        </span>
      </opinion_target>
      <opinion_expression polarity="negative" strength="-1">
        <span>
          <target id="t_3"/>
        </span>
      </opinion_expression>
    </opinion>
    <opinion oid="o_2">
      <opinion_target>
        <span>
          <target id="t_25"/>
        </span>
      </opinion_target>
      <opinion_expression polarity="negative" strength="-1">
        <span>
          <target id="t_26"/>
        </span>
      </opinion_expression>
    </opinion>
    <opinion oid="o_3">
      <opinion_target>
        <span>
          <target id="t_42"/>
        </span>
      </opinion_target>
      <opinion_expression polarity="negative" strength="-1">
        <span>
          <target id="t_43"/>
        </span>
      </opinion_expression>
    </opinion>
    <opinion oid="o_4">
      <opinion_target>
        <span>
          <target id="t_54"/>
        </span>
      </opinion_target>
      <opinion_expression polarity="negative" strength="-1">
        <span>
          <target id="t_52"/>
        </span>
      </opinion_expression>
    </opinion>
    <opinion oid="o_5">
      <opinion_target>
        <span>
          <target id="t_66"/>
        </span>
      </opinion_target>
      <opinion_expression polarity="negative" strength="-1">
        <span>
          <target id="t_68"/>
        </span>
      </opinion_expression>
    </opinion>
    <opinion oid="o_6">
      <opinion_target>
        <span>
          <target id="t_75"/>
        </span>
      </opinion_target>
      <opinion_expression polarity="negative" strength="-1">
        <span>
          <target id="t_72"/>
        </span>
      </opinion_expression>
    </opinion>
    <opinion oid="o_7">
      <opinion_holder>
        <span>
          <target id="t_89"/>
        </span>
      </opinion_holder>
      <opinion_target>
        <span>
          <target id="t_104"/>
        </span>
      </opinion_target>
      <opinion_expression polarity="positive" strength="1">
        <span>
          <target id="t_106"/>
          <target id="t_105"/>
        </span>
      </opinion_expression>
    </opinion>
    <opinion oid="o_8">
      <opinion_holder>
        <span>
          <target id="t_129"/>
        </span>
      </opinion_holder>
      <opinion_target>
        <span>
          <target id="t_127"/>
        </span>
      </opinion_target>
      <opinion_expression polarity="negative" strength="-1">
        <span>
          <target id="t_124"/>
          <target id="t_123"/>
        </span>
      </opinion_expression>
    </opinion>
    <opinion oid="o_9">
      <opinion_holder>
        <span>
          <target id="t_137"/>
        </span>
      </opinion_holder>
      <opinion_target>
        <span>
          <target id="t_143"/>
        </span>
      </opinion_target>
      <opinion_expression polarity="negative" strength="-1">
        <span>
          <target id="t_140"/>
          <target id="t_139"/>
        </span>
      </opinion_expression>
    </opinion>
  </opinions>
</KAF>
