<?xml version='1.0' encoding='UTF-8'?>
<KAF xml:lang="nl">
  <linguisticProcessors layer="text">
    <lp timestamp="2013-01-06T18:37:40CET" version="2.0" name="SentenceTokenizer"/>
  </linguisticProcessors>
  <linguisticProcessors layer="terms">
    <lp timestamp="2013-01-06T18:37:40CET" version="2.0" name="SentenceTokenizer"/>
    <lp timestamp="2013-01-06T18:37:40CET" version="1.0" name="SimplePolarityTagger"/>
  </linguisticProcessors>
  <linguisticProcessor layer="opinions">
    <lp timestamp="2013-01-06T18:37:40CET" version="1.0" name="SimpleOpinionDetector"/>
  </linguisticProcessor>
  <linguisticProcessor layer="properties">
    <lp timestamp="2013-01-06T18:37:40CET" version="1.0" name="SimplePropRecognizer_lookup"/>
  </linguisticProcessor>
  <linguisticProcessor layer="entities">
    <lp timestamp="2013-01-06T18:37:40CET" version="1.0" name="SimpleNER_lookup"/>
  </linguisticProcessor>
  <text>
    <wf wid="w_1" para="1" sent="1">Vond</wf>
    <wf wid="w_2" para="1" sent="1">het</wf>
    <wf wid="w_3" para="1" sent="1">erg</wf>
    <wf wid="w_4" para="1" sent="1">warm</wf>
    <wf wid="w_5" para="1" sent="1">in</wf>
    <wf wid="w_6" para="1" sent="1">het</wf>
    <wf wid="w_7" para="1" sent="1">hotel</wf>
  </text>
  <terms>
    <term tid="t_1" lemma="vond" type="open">
      <span>
        <target id="w_1"/>
      </span>
    </term>
    <term tid="t_2" lemma="het" type="open">
      <span>
        <target id="w_2"/>
      </span>
    </term>
    <term tid="t_3" lemma="erg" type="open">
      <span>
        <target id="w_3"/>
      </span>
      <sentiment sentiment_modifier="intensifier" resource="VUA_olery_lexicon_nl_lmf"/>
    </term>
    <term tid="t_4" lemma="warm" type="open">
      <span>
        <target id="w_4"/>
      </span>
    </term>
    <term tid="t_5" lemma="in" type="open">
      <span>
        <target id="w_5"/>
      </span>
    </term>
    <term tid="t_6" lemma="het" type="open">
      <span>
        <target id="w_6"/>
      </span>
    </term>
    <term tid="t_7" lemma="hotel" type="open">
      <span>
        <target id="w_7"/>
      </span>
    </term>
  </terms>
</KAF>
