<?xml version='1.0' encoding='UTF-8'?>
<KAF xml:lang="nl">
  <linguisticProcessors layer="text">
    <lp timestamp="2013-01-06T18:31:20CET" version="2.0" name="SentenceTokenizer"/>
  </linguisticProcessors>
  <linguisticProcessors layer="terms">
    <lp timestamp="2013-01-06T18:31:20CET" version="2.0" name="SentenceTokenizer"/>
    <lp timestamp="2013-01-06T18:31:20CET" version="1.0" name="SimplePolarityTagger"/>
  </linguisticProcessors>
  <linguisticProcessor layer="opinions">
    <lp timestamp="2013-01-06T18:31:20CET" version="1.0" name="SimpleOpinionDetector"/>
  </linguisticProcessor>
  <linguisticProcessor layer="properties">
    <lp timestamp="2013-01-06T18:31:20CET" version="1.0" name="SimplePropRecognizer_lookup"/>
  </linguisticProcessor>
  <linguisticProcessor layer="entities">
    <lp timestamp="2013-01-06T18:31:20CET" version="1.0" name="SimpleNER_lookup"/>
  </linguisticProcessor>
  <text>
    <wf wid="w_1" para="1" sent="1">"Bijzonder</wf>
    <wf wid="w_2" para="1" sent="1">matig</wf>
    <wf wid="w_3" para="1" sent="1">verblijf</wf>
    <wf wid="w_4" para="1" sent="1">.</wf>
    <wf wid="w_5" para="1" sent="2">Lange</wf>
    <wf wid="w_6" para="1" sent="2">wachttijden</wf>
    <wf wid="w_7" para="1" sent="2">bij</wf>
    <wf wid="w_8" para="1" sent="2">in</wf>
    <wf wid="w_9" para="1" sent="2">-</wf>
    <wf wid="w_10" para="1" sent="2">en</wf>
    <wf wid="w_11" para="1" sent="2">uit</wf>
    <wf wid="w_12" para="1" sent="2">checken</wf>
    <wf wid="w_13" para="1" sent="2">.</wf>
    <wf wid="w_14" para="1" sent="3">Eten</wf>
    <wf wid="w_15" para="1" sent="3">ronduit</wf>
    <wf wid="w_16" para="1" sent="3">slecht</wf>
    <wf wid="w_17" para="1" sent="3">.</wf>
    <wf wid="w_18" para="1" sent="4">Geen</wf>
    <wf wid="w_19" para="1" sent="4">of</wf>
    <wf wid="w_20" para="1" sent="4">nauwelijks</wf>
    <wf wid="w_21" para="1" sent="4">nederlandstalige</wf>
    <wf wid="w_22" para="1" sent="4">bediening</wf>
    <wf wid="w_23" para="1" sent="4">.</wf>
    <wf wid="w_24" para="1" sent="5">Bij</wf>
    <wf wid="w_25" para="1" sent="5">groepen</wf>
    <wf wid="w_26" para="1" sent="5">vanaf</wf>
    <wf wid="w_27" para="1" sent="5">10</wf>
    <wf wid="w_28" para="1" sent="5">personen</wf>
    <wf wid="w_29" para="1" sent="5">wordt</wf>
    <wf wid="w_30" para="1" sent="5">het</wf>
    <wf wid="w_31" para="1" sent="5">menu</wf>
    <wf wid="w_32" para="1" sent="5">aangepast</wf>
    <wf wid="w_33" para="1" sent="5">.</wf>
    <wf wid="w_34" para="1" sent="6">In</wf>
    <wf wid="w_35" para="1" sent="6">plaats</wf>
    <wf wid="w_36" para="1" sent="6">van</wf>
    <wf wid="w_37" para="1" sent="6">keuze</wf>
    <wf wid="w_38" para="1" sent="6">uit</wf>
    <wf wid="w_39" para="1" sent="6">5</wf>
    <wf wid="w_40" para="1" sent="6">voorgerechten</wf>
    <wf wid="w_41" para="1" sent="6">,</wf>
    <wf wid="w_42" para="1" sent="6">5</wf>
    <wf wid="w_43" para="1" sent="6">hoofdgerechten</wf>
    <wf wid="w_44" para="1" sent="6">en</wf>
    <wf wid="w_45" para="1" sent="6">3</wf>
    <wf wid="w_46" para="1" sent="6">deserts</wf>
    <wf wid="w_47" para="1" sent="6">wordt</wf>
    <wf wid="w_48" para="1" sent="6">de</wf>
    <wf wid="w_49" para="1" sent="6">keuze</wf>
    <wf wid="w_50" para="1" sent="6">terug</wf>
    <wf wid="w_51" para="1" sent="6">gebracht</wf>
    <wf wid="w_52" para="1" sent="6">naar</wf>
    <wf wid="w_53" para="1" sent="6">2</wf>
    <wf wid="w_54" para="1" sent="6">voorgerechten</wf>
    <wf wid="w_55" para="1" sent="6">,</wf>
    <wf wid="w_56" para="1" sent="6">2</wf>
    <wf wid="w_57" para="1" sent="6">hoofdgerechten</wf>
    <wf wid="w_58" para="1" sent="6">en</wf>
    <wf wid="w_59" para="1" sent="6">1</wf>
    <wf wid="w_60" para="1" sent="6">desert</wf>
    <wf wid="w_61" para="1" sent="6">.</wf>
    <wf wid="w_62" para="1" sent="7">Dit</wf>
    <wf wid="w_63" para="1" sent="7">omdat</wf>
    <wf wid="w_64" para="1" sent="7">"</wf>
    <wf wid="w_65" para="1" sent="8">"de</wf>
    <wf wid="w_66" para="1" sent="8">keuken</wf>
    <wf wid="w_67" para="1" sent="8">het</wf>
    <wf wid="w_68" para="1" sent="8">anders</wf>
    <wf wid="w_69" para="1" sent="8">niet</wf>
    <wf wid="w_70" para="1" sent="8">aan</wf>
    <wf wid="w_71" para="1" sent="8">kan</wf>
    <wf wid="w_72" para="1" sent="8">""</wf>
    <wf wid="w_73" para="1" sent="9">Na</wf>
    <wf wid="w_74" para="1" sent="9">veel</wf>
    <wf wid="w_75" para="1" sent="9">onderhandelen</wf>
    <wf wid="w_76" para="1" sent="9">waren</wf>
    <wf wid="w_77" para="1" sent="9">er</wf>
    <wf wid="w_78" para="1" sent="9">mogelijkheden</wf>
    <wf wid="w_79" para="1" sent="9">voor</wf>
    <wf wid="w_80" para="1" sent="9">de</wf>
    <wf wid="w_81" para="1" sent="9">vegetarische</wf>
    <wf wid="w_82" para="1" sent="9">gasten</wf>
    <wf wid="w_83" para="1" sent="9">.</wf>
    <wf wid="w_84" para="1" sent="10">Het</wf>
    <wf wid="w_85" para="1" sent="10">eten</wf>
    <wf wid="w_86" para="1" sent="10">is</wf>
    <wf wid="w_87" para="1" sent="10">vervolgens</wf>
    <wf wid="w_88" para="1" sent="10">van</wf>
    <wf wid="w_89" para="1" sent="10">zeer</wf>
    <wf wid="w_90" para="1" sent="10">beroerde</wf>
    <wf wid="w_91" para="1" sent="10">kwaliteit</wf>
    <wf wid="w_92" para="1" sent="10">.</wf>
    <wf wid="w_93" para="1" sent="11">Een</wf>
    <wf wid="w_94" para="1" sent="11">vraag</wf>
    <wf wid="w_95" para="1" sent="11">als</wf>
    <wf wid="w_96" para="1" sent="11">"</wf>
    <wf wid="w_97" para="1" sent="12">"wie</wf>
    <wf wid="w_98" para="1" sent="12">had</wf>
    <wf wid="w_99" para="1" sent="12">ook</wf>
    <wf wid="w_100" para="1" sent="12">alweer</wf>
    <wf wid="w_101" para="1" sent="12">de</wf>
    <wf wid="w_102" para="1" sent="12">kalkoen</wf>
    <wf wid="w_103" para="1" sent="12">?"</wf>
    <wf wid="w_104" para="1" sent="13">hoort</wf>
    <wf wid="w_105" para="1" sent="13">in</wf>
    <wf wid="w_106" para="1" sent="13">een</wf>
    <wf wid="w_107" para="1" sent="13">5</wf>
    <wf wid="w_108" para="1" sent="13">*</wf>
    <wf wid="w_109" para="1" sent="13">hotel</wf>
    <wf wid="w_110" para="1" sent="13">niet</wf>
    <wf wid="w_111" para="1" sent="13">thuis</wf>
    <wf wid="w_112" para="1" sent="13">.</wf>
    <wf wid="w_113" para="1" sent="14">Het</wf>
    <wf wid="w_114" para="1" sent="14">ontbijtbuffet</wf>
    <wf wid="w_115" para="1" sent="14">is</wf>
    <wf wid="w_116" para="1" sent="14">niet</wf>
    <wf wid="w_117" para="1" sent="14">berekend</wf>
    <wf wid="w_118" para="1" sent="14">op</wf>
    <wf wid="w_119" para="1" sent="14">de</wf>
    <wf wid="w_120" para="1" sent="14">aantallen</wf>
    <wf wid="w_121" para="1" sent="14">bezoekers</wf>
    <wf wid="w_122" para="1" sent="14">.</wf>
    <wf wid="w_123" para="1" sent="15">Hier</wf>
    <wf wid="w_124" para="1" sent="15">dus</wf>
    <wf wid="w_125" para="1" sent="15">lange</wf>
    <wf wid="w_126" para="1" sent="15">rijen</wf>
    <wf wid="w_127" para="1" sent="15">.</wf>
    <wf wid="w_128" para="1" sent="16">Het</wf>
    <wf wid="w_129" para="1" sent="16">kurhaus</wf>
    <wf wid="w_130" para="1" sent="16">heeft</wf>
    <wf wid="w_131" para="1" sent="16">"</wf>
    <wf wid="w_132" para="1" sent="17">"de</wf>
    <wf wid="w_133" para="1" sent="17">naam</wf>
    <wf wid="w_134" para="1" sent="17">""</wf>
    <wf wid="w_135" para="1" sent="18">Echter</wf>
    <wf wid="w_136" para="1" sent="18">met</wf>
    <wf wid="w_137" para="1" sent="18">stip</wf>
    <wf wid="w_138" para="1" sent="18">het</wf>
    <wf wid="w_139" para="1" sent="18">hotel</wf>
    <wf wid="w_140" para="1" sent="18">met</wf>
    <wf wid="w_141" para="1" sent="18">de</wf>
    <wf wid="w_142" para="1" sent="18">slechtste</wf>
    <wf wid="w_143" para="1" sent="18">prijskwaliteitsverhouding</wf>
    <wf wid="w_144" para="1" sent="18">dat</wf>
    <wf wid="w_145" para="1" sent="18">ik</wf>
    <wf wid="w_146" para="1" sent="18">in</wf>
    <wf wid="w_147" para="1" sent="18">de</wf>
    <wf wid="w_148" para="1" sent="18">laatste</wf>
    <wf wid="w_149" para="1" sent="18">drie</wf>
    <wf wid="w_150" para="1" sent="18">jaar</wf>
    <wf wid="w_151" para="1" sent="18">bezocht</wf>
    <wf wid="w_152" para="1" sent="18">heb</wf>
    <wf wid="w_153" para="1" sent="18">.</wf>
    <wf wid="w_154" para="1" sent="19">Veel</wf>
    <wf wid="w_155" para="1" sent="19">lawaai</wf>
    <wf wid="w_156" para="1" sent="19">'s</wf>
    <wf wid="w_157" para="1" sent="19">nachts</wf>
    <wf wid="w_158" para="1" sent="19">.</wf>
    <wf wid="w_159" para="1" sent="20">Kamers</wf>
    <wf wid="w_160" para="1" sent="20">zijn</wf>
    <wf wid="w_161" para="1" sent="20">wel</wf>
    <wf wid="w_162" para="1" sent="20">schoon</wf>
    <wf wid="w_163" para="1" sent="20">.</wf>
    <wf wid="w_164" para="1" sent="21">Ook</wf>
    <wf wid="w_165" para="1" sent="21">de</wf>
    <wf wid="w_166" para="1" sent="21">ligging</wf>
    <wf wid="w_167" para="1" sent="21">is</wf>
    <wf wid="w_168" para="1" sent="21">goed</wf>
    <wf wid="w_169" para="1" sent="21">.</wf>
    <wf wid="w_170" para="1" sent="22">Als</wf>
    <wf wid="w_171" para="1" sent="22">gebouw</wf>
    <wf wid="w_172" para="1" sent="22">is</wf>
    <wf wid="w_173" para="1" sent="22">het</wf>
    <wf wid="w_174" para="1" sent="22">een</wf>
    <wf wid="w_175" para="1" sent="22">prachtig</wf>
    <wf wid="w_176" para="1" sent="22">hotel</wf>
    <wf wid="w_177" para="1" sent="22">.</wf>
    <wf wid="w_178" para="1" sent="23">Foto</wf>
    <wf wid="w_179" para="1" sent="23">van</wf>
    <wf wid="w_180" para="1" sent="23">maken</wf>
    <wf wid="w_181" para="1" sent="23">dus</wf>
    <wf wid="w_182" para="1" sent="23">,</wf>
    <wf wid="w_183" para="1" sent="23">maar</wf>
    <wf wid="w_184" para="1" sent="23">ergens</wf>
    <wf wid="w_185" para="1" sent="23">anders</wf>
    <wf wid="w_186" para="1" sent="23">slapen</wf>
    <wf wid="w_187" para="1" sent="23">en</wf>
    <wf wid="w_188" para="1" sent="23">eten</wf>
    <wf wid="w_189" para="1" sent="23">!"</wf>
  </text>
  <terms>
    <term tid="t_1" lemma="&quot;bijzonder" type="open">
      <span>
        <target id="w_1"/>
      </span>
    </term>
    <term tid="t_2" lemma="matig" type="open" pos="G">
      <span>
        <target id="w_2"/>
      </span>
      <sentiment polarity="negative" resource="VUA_olery_lexicon_nl_lmf"/>
    </term>
    <term tid="t_3" lemma="verblijf" type="open">
      <span>
        <target id="w_3"/>
      </span>
    </term>
    <term tid="t_4" lemma="." type="open">
      <span>
        <target id="w_4"/>
      </span>
    </term>
    <term tid="t_5" lemma="lange" type="open">
      <span>
        <target id="w_5"/>
      </span>
    </term>
    <term tid="t_6" lemma="wachttijden" type="open">
      <span>
        <target id="w_6"/>
      </span>
    </term>
    <term tid="t_7" lemma="bij" type="open">
      <span>
        <target id="w_7"/>
      </span>
    </term>
    <term tid="t_8" lemma="in" type="open">
      <span>
        <target id="w_8"/>
      </span>
    </term>
    <term tid="t_9" lemma="-" type="open">
      <span>
        <target id="w_9"/>
      </span>
    </term>
    <term tid="t_10" lemma="en" type="open">
      <span>
        <target id="w_10"/>
      </span>
    </term>
    <term tid="t_11" lemma="uit" type="open">
      <span>
        <target id="w_11"/>
      </span>
    </term>
    <term tid="t_12" lemma="checken" type="open">
      <span>
        <target id="w_12"/>
      </span>
    </term>
    <term tid="t_13" lemma="." type="open">
      <span>
        <target id="w_13"/>
      </span>
    </term>
    <term tid="t_14" lemma="eten" type="open">
      <span>
        <target id="w_14"/>
      </span>
    </term>
    <term tid="t_15" lemma="ronduit" type="open">
      <span>
        <target id="w_15"/>
      </span>
      <sentiment sentiment_modifier="intensifier" resource="VUA_olery_lexicon_nl_lmf"/>
    </term>
    <term tid="t_16" lemma="slecht" type="open" pos="G">
      <span>
        <target id="w_16"/>
      </span>
      <sentiment polarity="negative" resource="VUA_olery_lexicon_nl_lmf"/>
    </term>
    <term tid="t_17" lemma="." type="open">
      <span>
        <target id="w_17"/>
      </span>
    </term>
    <term tid="t_18" lemma="geen" type="open">
      <span>
        <target id="w_18"/>
      </span>
      <sentiment sentiment_modifier="shifter" resource="VUA_olery_lexicon_nl_lmf"/>
    </term>
    <term tid="t_19" lemma="of" type="open">
      <span>
        <target id="w_19"/>
      </span>
    </term>
    <term tid="t_20" lemma="nauwelijks" type="open" pos="A">
      <span>
        <target id="w_20"/>
      </span>
      <sentiment polarity="negative" resource="VUA_olery_lexicon_nl_lmf"/>
    </term>
    <term tid="t_21" lemma="nederlandstalige" type="open">
      <span>
        <target id="w_21"/>
      </span>
    </term>
    <term tid="t_22" lemma="bediening" type="open">
      <span>
        <target id="w_22"/>
      </span>
    </term>
    <term tid="t_23" lemma="." type="open">
      <span>
        <target id="w_23"/>
      </span>
    </term>
    <term tid="t_24" lemma="bij" type="open">
      <span>
        <target id="w_24"/>
      </span>
    </term>
    <term tid="t_25" lemma="groepen" type="open">
      <span>
        <target id="w_25"/>
      </span>
    </term>
    <term tid="t_26" lemma="vanaf" type="open">
      <span>
        <target id="w_26"/>
      </span>
    </term>
    <term tid="t_27" lemma="10" type="open">
      <span>
        <target id="w_27"/>
      </span>
    </term>
    <term tid="t_28" lemma="personen" type="open">
      <span>
        <target id="w_28"/>
      </span>
    </term>
    <term tid="t_29" lemma="wordt" type="open">
      <span>
        <target id="w_29"/>
      </span>
    </term>
    <term tid="t_30" lemma="het" type="open">
      <span>
        <target id="w_30"/>
      </span>
    </term>
    <term tid="t_31" lemma="menu" type="open">
      <span>
        <target id="w_31"/>
      </span>
    </term>
    <term tid="t_32" lemma="aangepast" type="open">
      <span>
        <target id="w_32"/>
      </span>
    </term>
    <term tid="t_33" lemma="." type="open">
      <span>
        <target id="w_33"/>
      </span>
    </term>
    <term tid="t_34" lemma="in" type="open">
      <span>
        <target id="w_34"/>
      </span>
    </term>
    <term tid="t_35" lemma="plaats" type="open">
      <span>
        <target id="w_35"/>
      </span>
    </term>
    <term tid="t_36" lemma="van" type="open">
      <span>
        <target id="w_36"/>
      </span>
    </term>
    <term tid="t_37" lemma="keuze" type="open">
      <span>
        <target id="w_37"/>
      </span>
    </term>
    <term tid="t_38" lemma="uit" type="open">
      <span>
        <target id="w_38"/>
      </span>
    </term>
    <term tid="t_39" lemma="5" type="open">
      <span>
        <target id="w_39"/>
      </span>
    </term>
    <term tid="t_40" lemma="voorgerechten" type="open">
      <span>
        <target id="w_40"/>
      </span>
    </term>
    <term tid="t_41" lemma="," type="open">
      <span>
        <target id="w_41"/>
      </span>
    </term>
    <term tid="t_42" lemma="5" type="open">
      <span>
        <target id="w_42"/>
      </span>
    </term>
    <term tid="t_43" lemma="hoofdgerechten" type="open">
      <span>
        <target id="w_43"/>
      </span>
    </term>
    <term tid="t_44" lemma="en" type="open">
      <span>
        <target id="w_44"/>
      </span>
    </term>
    <term tid="t_45" lemma="3" type="open">
      <span>
        <target id="w_45"/>
      </span>
    </term>
    <term tid="t_46" lemma="deserts" type="open">
      <span>
        <target id="w_46"/>
      </span>
    </term>
    <term tid="t_47" lemma="wordt" type="open">
      <span>
        <target id="w_47"/>
      </span>
    </term>
    <term tid="t_48" lemma="de" type="open">
      <span>
        <target id="w_48"/>
      </span>
    </term>
    <term tid="t_49" lemma="keuze" type="open">
      <span>
        <target id="w_49"/>
      </span>
    </term>
    <term tid="t_50" lemma="terug" type="open">
      <span>
        <target id="w_50"/>
      </span>
    </term>
    <term tid="t_51" lemma="gebracht" type="open">
      <span>
        <target id="w_51"/>
      </span>
    </term>
    <term tid="t_52" lemma="naar" type="open" pos="G">
      <span>
        <target id="w_52"/>
      </span>
      <sentiment polarity="negative" resource="VUA_olery_lexicon_nl_lmf"/>
    </term>
    <term tid="t_53" lemma="2" type="open">
      <span>
        <target id="w_53"/>
      </span>
    </term>
    <term tid="t_54" lemma="voorgerechten" type="open">
      <span>
        <target id="w_54"/>
      </span>
    </term>
    <term tid="t_55" lemma="," type="open">
      <span>
        <target id="w_55"/>
      </span>
    </term>
    <term tid="t_56" lemma="2" type="open">
      <span>
        <target id="w_56"/>
      </span>
    </term>
    <term tid="t_57" lemma="hoofdgerechten" type="open">
      <span>
        <target id="w_57"/>
      </span>
    </term>
    <term tid="t_58" lemma="en" type="open">
      <span>
        <target id="w_58"/>
      </span>
    </term>
    <term tid="t_59" lemma="1" type="open">
      <span>
        <target id="w_59"/>
      </span>
    </term>
    <term tid="t_60" lemma="desert" type="open">
      <span>
        <target id="w_60"/>
      </span>
    </term>
    <term tid="t_61" lemma="." type="open">
      <span>
        <target id="w_61"/>
      </span>
    </term>
    <term tid="t_62" lemma="dit" type="open">
      <span>
        <target id="w_62"/>
      </span>
    </term>
    <term tid="t_63" lemma="omdat" type="open">
      <span>
        <target id="w_63"/>
      </span>
    </term>
    <term tid="t_64" lemma="&quot;" type="open">
      <span>
        <target id="w_64"/>
      </span>
    </term>
    <term tid="t_65" lemma="&quot;de" type="open">
      <span>
        <target id="w_65"/>
      </span>
    </term>
    <term tid="t_66" lemma="keuken" type="open">
      <span>
        <target id="w_66"/>
      </span>
    </term>
    <term tid="t_67" lemma="het" type="open">
      <span>
        <target id="w_67"/>
      </span>
    </term>
    <term tid="t_68" lemma="anders" type="open">
      <span>
        <target id="w_68"/>
      </span>
    </term>
    <term tid="t_69" lemma="niet" type="open">
      <span>
        <target id="w_69"/>
      </span>
      <sentiment sentiment_modifier="shifter" resource="VUA_olery_lexicon_nl_lmf"/>
    </term>
    <term tid="t_70" lemma="aan" type="open">
      <span>
        <target id="w_70"/>
      </span>
    </term>
    <term tid="t_71" lemma="kan" type="open">
      <span>
        <target id="w_71"/>
      </span>
    </term>
    <term tid="t_72" lemma="&quot;&quot;" type="open">
      <span>
        <target id="w_72"/>
      </span>
    </term>
    <term tid="t_73" lemma="na" type="open">
      <span>
        <target id="w_73"/>
      </span>
    </term>
    <term tid="t_74" lemma="veel" type="open">
      <span>
        <target id="w_74"/>
      </span>
    </term>
    <term tid="t_75" lemma="onderhandelen" type="open">
      <span>
        <target id="w_75"/>
      </span>
    </term>
    <term tid="t_76" lemma="waren" type="open">
      <span>
        <target id="w_76"/>
      </span>
    </term>
    <term tid="t_77" lemma="er" type="open">
      <span>
        <target id="w_77"/>
      </span>
    </term>
    <term tid="t_78" lemma="mogelijkheden" type="open">
      <span>
        <target id="w_78"/>
      </span>
    </term>
    <term tid="t_79" lemma="voor" type="open">
      <span>
        <target id="w_79"/>
      </span>
    </term>
    <term tid="t_80" lemma="de" type="open">
      <span>
        <target id="w_80"/>
      </span>
    </term>
    <term tid="t_81" lemma="vegetarische" type="open">
      <span>
        <target id="w_81"/>
      </span>
    </term>
    <term tid="t_82" lemma="gasten" type="open">
      <span>
        <target id="w_82"/>
      </span>
    </term>
    <term tid="t_83" lemma="." type="open">
      <span>
        <target id="w_83"/>
      </span>
    </term>
    <term tid="t_84" lemma="het" type="open">
      <span>
        <target id="w_84"/>
      </span>
    </term>
    <term tid="t_85" lemma="eten" type="open">
      <span>
        <target id="w_85"/>
      </span>
    </term>
    <term tid="t_86" lemma="is" type="open">
      <span>
        <target id="w_86"/>
      </span>
    </term>
    <term tid="t_87" lemma="vervolgens" type="open">
      <span>
        <target id="w_87"/>
      </span>
    </term>
    <term tid="t_88" lemma="van" type="open">
      <span>
        <target id="w_88"/>
      </span>
    </term>
    <term tid="t_89" lemma="zeer" type="open">
      <span>
        <target id="w_89"/>
      </span>
      <sentiment sentiment_modifier="intensifier" resource="VUA_olery_lexicon_nl_lmf"/>
    </term>
    <term tid="t_90" lemma="beroerde" type="open">
      <span>
        <target id="w_90"/>
      </span>
    </term>
    <term tid="t_91" lemma="kwaliteit" type="open">
      <span>
        <target id="w_91"/>
      </span>
    </term>
    <term tid="t_92" lemma="." type="open">
      <span>
        <target id="w_92"/>
      </span>
    </term>
    <term tid="t_93" lemma="een" type="open">
      <span>
        <target id="w_93"/>
      </span>
    </term>
    <term tid="t_94" lemma="vraag" type="open">
      <span>
        <target id="w_94"/>
      </span>
    </term>
    <term tid="t_95" lemma="als" type="open">
      <span>
        <target id="w_95"/>
      </span>
    </term>
    <term tid="t_96" lemma="&quot;" type="open">
      <span>
        <target id="w_96"/>
      </span>
    </term>
    <term tid="t_97" lemma="&quot;wie" type="open">
      <span>
        <target id="w_97"/>
      </span>
    </term>
    <term tid="t_98" lemma="had" type="open">
      <span>
        <target id="w_98"/>
      </span>
    </term>
    <term tid="t_99" lemma="ook" type="open">
      <span>
        <target id="w_99"/>
      </span>
    </term>
    <term tid="t_100" lemma="alweer" type="open">
      <span>
        <target id="w_100"/>
      </span>
    </term>
    <term tid="t_101" lemma="de" type="open">
      <span>
        <target id="w_101"/>
      </span>
    </term>
    <term tid="t_102" lemma="kalkoen" type="open">
      <span>
        <target id="w_102"/>
      </span>
    </term>
    <term tid="t_103" lemma="?&quot;" type="open">
      <span>
        <target id="w_103"/>
      </span>
    </term>
    <term tid="t_104" lemma="hoort" type="open">
      <span>
        <target id="w_104"/>
      </span>
    </term>
    <term tid="t_105" lemma="in" type="open">
      <span>
        <target id="w_105"/>
      </span>
    </term>
    <term tid="t_106" lemma="een" type="open">
      <span>
        <target id="w_106"/>
      </span>
    </term>
    <term tid="t_107" lemma="5" type="open">
      <span>
        <target id="w_107"/>
      </span>
    </term>
    <term tid="t_108" lemma="*" type="open">
      <span>
        <target id="w_108"/>
      </span>
    </term>
    <term tid="t_109" lemma="hotel" type="open">
      <span>
        <target id="w_109"/>
      </span>
    </term>
    <term tid="t_110" lemma="niet" type="open">
      <span>
        <target id="w_110"/>
      </span>
      <sentiment sentiment_modifier="shifter" resource="VUA_olery_lexicon_nl_lmf"/>
    </term>
    <term tid="t_111" lemma="thuis" type="open">
      <span>
        <target id="w_111"/>
      </span>
    </term>
    <term tid="t_112" lemma="." type="open">
      <span>
        <target id="w_112"/>
      </span>
    </term>
    <term tid="t_113" lemma="het" type="open">
      <span>
        <target id="w_113"/>
      </span>
    </term>
    <term tid="t_114" lemma="ontbijtbuffet" type="open">
      <span>
        <target id="w_114"/>
      </span>
    </term>
    <term tid="t_115" lemma="is" type="open">
      <span>
        <target id="w_115"/>
      </span>
    </term>
    <term tid="t_116" lemma="niet" type="open">
      <span>
        <target id="w_116"/>
      </span>
      <sentiment sentiment_modifier="shifter" resource="VUA_olery_lexicon_nl_lmf"/>
    </term>
    <term tid="t_117" lemma="berekend" type="open">
      <span>
        <target id="w_117"/>
      </span>
    </term>
    <term tid="t_118" lemma="op" type="open">
      <span>
        <target id="w_118"/>
      </span>
    </term>
    <term tid="t_119" lemma="de" type="open">
      <span>
        <target id="w_119"/>
      </span>
    </term>
    <term tid="t_120" lemma="aantallen" type="open">
      <span>
        <target id="w_120"/>
      </span>
    </term>
    <term tid="t_121" lemma="bezoekers" type="open">
      <span>
        <target id="w_121"/>
      </span>
    </term>
    <term tid="t_122" lemma="." type="open">
      <span>
        <target id="w_122"/>
      </span>
    </term>
    <term tid="t_123" lemma="hier" type="open">
      <span>
        <target id="w_123"/>
      </span>
    </term>
    <term tid="t_124" lemma="dus" type="open">
      <span>
        <target id="w_124"/>
      </span>
    </term>
    <term tid="t_125" lemma="lange" type="open">
      <span>
        <target id="w_125"/>
      </span>
    </term>
    <term tid="t_126" lemma="rijen" type="open">
      <span>
        <target id="w_126"/>
      </span>
    </term>
    <term tid="t_127" lemma="." type="open">
      <span>
        <target id="w_127"/>
      </span>
    </term>
    <term tid="t_128" lemma="het" type="open">
      <span>
        <target id="w_128"/>
      </span>
    </term>
    <term tid="t_129" lemma="kurhaus" type="open">
      <span>
        <target id="w_129"/>
      </span>
    </term>
    <term tid="t_130" lemma="heeft" type="open">
      <span>
        <target id="w_130"/>
      </span>
    </term>
    <term tid="t_131" lemma="&quot;" type="open">
      <span>
        <target id="w_131"/>
      </span>
    </term>
    <term tid="t_132" lemma="&quot;de" type="open">
      <span>
        <target id="w_132"/>
      </span>
    </term>
    <term tid="t_133" lemma="naam" type="open">
      <span>
        <target id="w_133"/>
      </span>
    </term>
    <term tid="t_134" lemma="&quot;&quot;" type="open">
      <span>
        <target id="w_134"/>
      </span>
    </term>
    <term tid="t_135" lemma="echter" type="open">
      <span>
        <target id="w_135"/>
      </span>
    </term>
    <term tid="t_136" lemma="met" type="open">
      <span>
        <target id="w_136"/>
      </span>
    </term>
    <term tid="t_137" lemma="stip" type="open">
      <span>
        <target id="w_137"/>
      </span>
    </term>
    <term tid="t_138" lemma="het" type="open">
      <span>
        <target id="w_138"/>
      </span>
    </term>
    <term tid="t_139" lemma="hotel" type="open">
      <span>
        <target id="w_139"/>
      </span>
    </term>
    <term tid="t_140" lemma="met" type="open">
      <span>
        <target id="w_140"/>
      </span>
    </term>
    <term tid="t_141" lemma="de" type="open">
      <span>
        <target id="w_141"/>
      </span>
    </term>
    <term tid="t_142" lemma="slechtste" type="open">
      <span>
        <target id="w_142"/>
      </span>
    </term>
    <term tid="t_143" lemma="prijskwaliteitsverhouding" type="open">
      <span>
        <target id="w_143"/>
      </span>
    </term>
    <term tid="t_144" lemma="dat" type="open">
      <span>
        <target id="w_144"/>
      </span>
    </term>
    <term tid="t_145" lemma="ik" type="open">
      <span>
        <target id="w_145"/>
      </span>
    </term>
    <term tid="t_146" lemma="in" type="open">
      <span>
        <target id="w_146"/>
      </span>
    </term>
    <term tid="t_147" lemma="de" type="open">
      <span>
        <target id="w_147"/>
      </span>
    </term>
    <term tid="t_148" lemma="laatste" type="open">
      <span>
        <target id="w_148"/>
      </span>
    </term>
    <term tid="t_149" lemma="drie" type="open">
      <span>
        <target id="w_149"/>
      </span>
    </term>
    <term tid="t_150" lemma="jaar" type="open">
      <span>
        <target id="w_150"/>
      </span>
    </term>
    <term tid="t_151" lemma="bezocht" type="open">
      <span>
        <target id="w_151"/>
      </span>
    </term>
    <term tid="t_152" lemma="heb" type="open">
      <span>
        <target id="w_152"/>
      </span>
    </term>
    <term tid="t_153" lemma="." type="open">
      <span>
        <target id="w_153"/>
      </span>
    </term>
    <term tid="t_154" lemma="veel" type="open">
      <span>
        <target id="w_154"/>
      </span>
    </term>
    <term tid="t_155" lemma="lawaai" type="open" pos="N">
      <span>
        <target id="w_155"/>
      </span>
      <sentiment polarity="negative" resource="VUA_olery_lexicon_nl_lmf"/>
    </term>
    <term tid="t_156" lemma="'s" type="open">
      <span>
        <target id="w_156"/>
      </span>
    </term>
    <term tid="t_157" lemma="nachts" type="open">
      <span>
        <target id="w_157"/>
      </span>
    </term>
    <term tid="t_158" lemma="." type="open">
      <span>
        <target id="w_158"/>
      </span>
    </term>
    <term tid="t_159" lemma="kamers" type="open">
      <span>
        <target id="w_159"/>
      </span>
    </term>
    <term tid="t_160" lemma="zijn" type="open">
      <span>
        <target id="w_160"/>
      </span>
    </term>
    <term tid="t_161" lemma="wel" type="open">
      <span>
        <target id="w_161"/>
      </span>
    </term>
    <term tid="t_162" lemma="schoon" type="open" pos="G">
      <span>
        <target id="w_162"/>
      </span>
      <sentiment polarity="positive" resource="VUA_olery_lexicon_nl_lmf"/>
    </term>
    <term tid="t_163" lemma="." type="open">
      <span>
        <target id="w_163"/>
      </span>
    </term>
    <term tid="t_164" lemma="ook" type="open">
      <span>
        <target id="w_164"/>
      </span>
    </term>
    <term tid="t_165" lemma="de" type="open">
      <span>
        <target id="w_165"/>
      </span>
    </term>
    <term tid="t_166" lemma="ligging" type="open">
      <span>
        <target id="w_166"/>
      </span>
    </term>
    <term tid="t_167" lemma="is" type="open">
      <span>
        <target id="w_167"/>
      </span>
    </term>
    <term tid="t_168" lemma="goed" type="open" pos="G">
      <span>
        <target id="w_168"/>
      </span>
      <sentiment polarity="positive" resource="VUA_olery_lexicon_nl_lmf"/>
    </term>
    <term tid="t_169" lemma="." type="open">
      <span>
        <target id="w_169"/>
      </span>
    </term>
    <term tid="t_170" lemma="als" type="open">
      <span>
        <target id="w_170"/>
      </span>
    </term>
    <term tid="t_171" lemma="gebouw" type="open">
      <span>
        <target id="w_171"/>
      </span>
    </term>
    <term tid="t_172" lemma="is" type="open">
      <span>
        <target id="w_172"/>
      </span>
    </term>
    <term tid="t_173" lemma="het" type="open">
      <span>
        <target id="w_173"/>
      </span>
    </term>
    <term tid="t_174" lemma="een" type="open">
      <span>
        <target id="w_174"/>
      </span>
    </term>
    <term tid="t_175" lemma="prachtig" type="open" pos="G">
      <span>
        <target id="w_175"/>
      </span>
      <sentiment polarity="positive" resource="VUA_olery_lexicon_nl_lmf"/>
    </term>
    <term tid="t_176" lemma="hotel" type="open">
      <span>
        <target id="w_176"/>
      </span>
    </term>
    <term tid="t_177" lemma="." type="open">
      <span>
        <target id="w_177"/>
      </span>
    </term>
    <term tid="t_178" lemma="foto" type="open">
      <span>
        <target id="w_178"/>
      </span>
    </term>
    <term tid="t_179" lemma="van" type="open">
      <span>
        <target id="w_179"/>
      </span>
    </term>
    <term tid="t_180" lemma="maken" type="open">
      <span>
        <target id="w_180"/>
      </span>
    </term>
    <term tid="t_181" lemma="dus" type="open">
      <span>
        <target id="w_181"/>
      </span>
    </term>
    <term tid="t_182" lemma="," type="open">
      <span>
        <target id="w_182"/>
      </span>
    </term>
    <term tid="t_183" lemma="maar" type="open">
      <span>
        <target id="w_183"/>
      </span>
    </term>
    <term tid="t_184" lemma="ergens" type="open">
      <span>
        <target id="w_184"/>
      </span>
    </term>
    <term tid="t_185" lemma="anders" type="open">
      <span>
        <target id="w_185"/>
      </span>
    </term>
    <term tid="t_186" lemma="slapen" type="open">
      <span>
        <target id="w_186"/>
      </span>
    </term>
    <term tid="t_187" lemma="en" type="open">
      <span>
        <target id="w_187"/>
      </span>
    </term>
    <term tid="t_188" lemma="eten" type="open">
      <span>
        <target id="w_188"/>
      </span>
    </term>
    <term tid="t_189" lemma="!&quot;" type="open">
      <span>
        <target id="w_189"/>
      </span>
    </term>
  </terms>
  <entities>
    <entity type="MISC" eid="e_1">
      <span>
        <target id="t_160"/>
      </span>
    </entity>
    <entity type="PER" eid="e_2">
      <span>
        <target id="t_59"/>
      </span>
    </entity>
    <entity type="PER" eid="e_3">
      <span>
        <target id="t_5"/>
      </span>
      <span>
        <target id="t_125"/>
      </span>
    </entity>
    <entity type="PER" eid="e_4">
      <span>
        <target id="t_53"/>
      </span>
      <span>
        <target id="t_56"/>
      </span>
    </entity>
    <entity type="MISC" eid="e_5">
      <span>
        <target id="t_21"/>
      </span>
    </entity>
  </entities>
  <properties>
    <property type="noise" pid="p_1">
      <span>
        <target id="t_155"/>
      </span>
    </property>
    <property type="restaurant" pid="p_2">
      <span>
        <target id="t_14"/>
      </span>
      <span>
        <target id="t_31"/>
      </span>
      <span>
        <target id="t_85"/>
      </span>
      <span>
        <target id="t_114"/>
      </span>
      <span>
        <target id="t_188"/>
      </span>
    </property>
    <property type="cleanliness" pid="p_3">
      <span>
        <target id="t_162"/>
      </span>
    </property>
    <property type="sleeping_comfort" pid="p_4">
      <span>
        <target id="t_186"/>
      </span>
    </property>
    <property type="facilities" pid="p_5">
      <span>
        <target id="t_171"/>
      </span>
    </property>
    <property type="location" pid="p_6">
      <span>
        <target id="t_129"/>
      </span>
      <span>
        <target id="t_166"/>
      </span>
    </property>
    <property type="staff" pid="p_7">
      <span>
        <target id="t_12"/>
      </span>
      <span>
        <target id="t_22"/>
      </span>
    </property>
  </properties>
  <opinions>
    <opinion oid="o_1">
      <opinion_target>
        <span>
          <target id="t_3"/>
        </span>
      </opinion_target>
      <opinion_expression polarity="negative" strength="-1">
        <span>
          <target id="t_2"/>
        </span>
      </opinion_expression>
    </opinion>
    <opinion oid="o_2">
      <opinion_target>
        <span>
          <target id="t_14"/>
        </span>
      </opinion_target>
      <opinion_expression polarity="negative" strength="-2">
        <span>
          <target id="t_16"/>
          <target id="t_15"/>
        </span>
      </opinion_expression>
    </opinion>
    <opinion oid="o_3">
      <opinion_target>
        <span>
          <target id="t_21"/>
        </span>
      </opinion_target>
      <opinion_expression polarity="negative" strength="-1">
        <span>
          <target id="t_20"/>
        </span>
      </opinion_expression>
    </opinion>
    <opinion oid="o_4">
      <opinion_target>
        <span>
          <target id="t_54"/>
        </span>
      </opinion_target>
      <opinion_expression polarity="negative" strength="-1">
        <span>
          <target id="t_52"/>
        </span>
      </opinion_expression>
    </opinion>
    <opinion oid="o_5">
      <opinion_target>
        <span>
          <target id="t_157"/>
        </span>
      </opinion_target>
      <opinion_expression polarity="negative" strength="-1">
        <span>
          <target id="t_155"/>
        </span>
      </opinion_expression>
    </opinion>
    <opinion oid="o_6">
      <opinion_target>
        <span>
          <target id="t_161"/>
        </span>
      </opinion_target>
      <opinion_expression polarity="positive" strength="1">
        <span>
          <target id="t_162"/>
        </span>
      </opinion_expression>
    </opinion>
    <opinion oid="o_7">
      <opinion_target>
        <span>
          <target id="t_166"/>
        </span>
      </opinion_target>
      <opinion_expression polarity="positive" strength="1">
        <span>
          <target id="t_168"/>
        </span>
      </opinion_expression>
    </opinion>
    <opinion oid="o_8">
      <opinion_target>
        <span>
          <target id="t_176"/>
        </span>
      </opinion_target>
      <opinion_expression polarity="positive" strength="1">
        <span>
          <target id="t_175"/>
        </span>
      </opinion_expression>
    </opinion>
  </opinions>
</KAF>
