<?xml version='1.0' encoding='UTF-8'?>
<KAF xml:lang="nl">
  <linguisticProcessors layer="text">
    <lp timestamp="2013-01-06T18:42:12CET" version="2.0" name="SentenceTokenizer"/>
  </linguisticProcessors>
  <linguisticProcessors layer="terms">
    <lp timestamp="2013-01-06T18:42:12CET" version="2.0" name="SentenceTokenizer"/>
    <lp timestamp="2013-01-06T18:42:12CET" version="1.0" name="SimplePolarityTagger"/>
  </linguisticProcessors>
  <linguisticProcessor layer="opinions">
    <lp timestamp="2013-01-06T18:42:12CET" version="1.0" name="SimpleOpinionDetector"/>
  </linguisticProcessor>
  <linguisticProcessor layer="properties">
    <lp timestamp="2013-01-06T18:42:12CET" version="1.0" name="SimplePropRecognizer_lookup"/>
  </linguisticProcessor>
  <linguisticProcessor layer="entities">
    <lp timestamp="2013-01-06T18:42:12CET" version="1.0" name="SimpleNER_lookup"/>
  </linguisticProcessor>
  <text>
    <wf wid="w_1" para="1" sent="1">mooi</wf>
    <wf wid="w_2" para="1" sent="1">hotel</wf>
    <wf wid="w_3" para="1" sent="1">met</wf>
    <wf wid="w_4" para="1" sent="1">dure</wf>
    <wf wid="w_5" para="1" sent="1">extra</wf>
    <wf wid="w_6" para="1" sent="1">&amp;</wf>
    <wf wid="w_7" para="1" sent="1">#39</wf>
    <wf wid="w_8" para="1" sent="1">.</wf>
    <wf wid="w_9" para="1" sent="2">s</wf>
    <wf wid="w_10" para="1" sent="2">.</wf>
    <wf wid="w_11" para="1" sent="3">Goed</wf>
    <wf wid="w_12" para="1" sent="3">:</wf>
    <wf wid="w_13" para="1" sent="3">ligging</wf>
    <wf wid="w_14" para="1" sent="3">,</wf>
    <wf wid="w_15" para="1" sent="3">badkamer</wf>
    <wf wid="w_16" para="1" sent="3">,</wf>
    <wf wid="w_17" para="1" sent="3">inrichting</wf>
    <wf wid="w_18" para="1" sent="3">slaapkamer</wf>
    <wf wid="w_19" para="1" sent="3">.</wf>
    <wf wid="w_20" para="1" sent="4">Kan</wf>
    <wf wid="w_21" para="1" sent="4">beter</wf>
    <wf wid="w_22" para="1" sent="4">:</wf>
    <wf wid="w_23" para="1" sent="4">ontbijt</wf>
    <wf wid="w_24" para="1" sent="4">slecht</wf>
    <wf wid="w_25" para="1" sent="4">:</wf>
    <wf wid="w_26" para="1" sent="4">bed</wf>
    <wf wid="w_27" para="1" sent="4">,</wf>
    <wf wid="w_28" para="1" sent="4">alles</wf>
    <wf wid="w_29" para="1" sent="4">extra</wf>
    <wf wid="w_30" para="1" sent="4">te</wf>
    <wf wid="w_31" para="1" sent="4">betalen</wf>
    <wf wid="w_32" para="1" sent="4">(wellness</wf>
    <wf wid="w_33" para="1" sent="4">)</wf>
    <wf wid="w_34" para="1" sent="4">,</wf>
    <wf wid="w_35" para="1" sent="4">verluchting</wf>
    <wf wid="w_36" para="1" sent="4">kamer</wf>
    <wf wid="w_37" para="1" sent="4">,</wf>
    <wf wid="w_38" para="1" sent="4">vensters</wf>
    <wf wid="w_39" para="1" sent="4">kunnen</wf>
    <wf wid="w_40" para="1" sent="4">niet</wf>
    <wf wid="w_41" para="1" sent="4">open</wf>
    <wf wid="w_42" para="1" sent="4">,</wf>
    <wf wid="w_43" para="1" sent="4">veeel</wf>
    <wf wid="w_44" para="1" sent="4">te</wf>
    <wf wid="w_45" para="1" sent="4">warm</wf>
    <wf wid="w_46" para="1" sent="4">in</wf>
    <wf wid="w_47" para="1" sent="4">de</wf>
    <wf wid="w_48" para="1" sent="4">zomer</wf>
    <wf wid="w_49" para="1" sent="4">,</wf>
    <wf wid="w_50" para="1" sent="4">parking</wf>
    <wf wid="w_51" para="1" sent="4">rond</wf>
    <wf wid="w_52" para="1" sent="4">het</wf>
    <wf wid="w_53" para="1" sent="4">hotel</wf>
    <wf wid="w_54" para="1" sent="4">10euro</wf>
    <wf wid="w_55" para="1" sent="4">veeeel</wf>
    <wf wid="w_56" para="1" sent="4">te</wf>
    <wf wid="w_57" para="1" sent="4">duur</wf>
    <wf wid="w_58" para="1" sent="4">.</wf>
    <wf wid="w_59" para="1" sent="5">Door</wf>
    <wf wid="w_60" para="1" sent="5">alle</wf>
    <wf wid="w_61" para="1" sent="5">extra</wf>
    <wf wid="w_62" para="1" sent="5">'s</wf>
    <wf wid="w_63" para="1" sent="5">die</wf>
    <wf wid="w_64" para="1" sent="5">je</wf>
    <wf wid="w_65" para="1" sent="5">betaald</wf>
    <wf wid="w_66" para="1" sent="5">was</wf>
    <wf wid="w_67" para="1" sent="5">dit</wf>
    <wf wid="w_68" para="1" sent="5">niet</wf>
    <wf wid="w_69" para="1" sent="5">een</wf>
    <wf wid="w_70" para="1" sent="5">geslaagd</wf>
    <wf wid="w_71" para="1" sent="5">hotel</wf>
    <wf wid="w_72" para="1" sent="5">voor</wf>
    <wf wid="w_73" para="1" sent="5">5</wf>
    <wf wid="w_74" para="1" sent="5">sterren</wf>
    <wf wid="w_75" para="1" sent="5">.</wf>
  </text>
  <terms>
    <term tid="t_1" lemma="mooi" type="open" pos="G">
      <span>
        <target id="w_1"/>
      </span>
      <sentiment polarity="positive" resource="VUA_olery_lexicon_nl_lmf"/>
    </term>
    <term tid="t_2" lemma="hotel" type="open">
      <span>
        <target id="w_2"/>
      </span>
    </term>
    <term tid="t_3" lemma="met" type="open">
      <span>
        <target id="w_3"/>
      </span>
    </term>
    <term tid="t_4" lemma="dure" type="open">
      <span>
        <target id="w_4"/>
      </span>
    </term>
    <term tid="t_5" lemma="extra" type="open">
      <span>
        <target id="w_5"/>
      </span>
    </term>
    <term tid="t_6" lemma="&amp;" type="open">
      <span>
        <target id="w_6"/>
      </span>
    </term>
    <term tid="t_7" lemma="#39" type="open">
      <span>
        <target id="w_7"/>
      </span>
    </term>
    <term tid="t_8" lemma="." type="open">
      <span>
        <target id="w_8"/>
      </span>
    </term>
    <term tid="t_9" lemma="s" type="open">
      <span>
        <target id="w_9"/>
      </span>
    </term>
    <term tid="t_10" lemma="." type="open">
      <span>
        <target id="w_10"/>
      </span>
    </term>
    <term tid="t_11" lemma="goed" type="open" pos="G">
      <span>
        <target id="w_11"/>
      </span>
      <sentiment polarity="positive" resource="VUA_olery_lexicon_nl_lmf"/>
    </term>
    <term tid="t_12" lemma=":" type="open">
      <span>
        <target id="w_12"/>
      </span>
    </term>
    <term tid="t_13" lemma="ligging" type="open">
      <span>
        <target id="w_13"/>
      </span>
    </term>
    <term tid="t_14" lemma="," type="open">
      <span>
        <target id="w_14"/>
      </span>
    </term>
    <term tid="t_15" lemma="badkamer" type="open">
      <span>
        <target id="w_15"/>
      </span>
    </term>
    <term tid="t_16" lemma="," type="open">
      <span>
        <target id="w_16"/>
      </span>
    </term>
    <term tid="t_17" lemma="inrichting" type="open">
      <span>
        <target id="w_17"/>
      </span>
    </term>
    <term tid="t_18" lemma="slaapkamer" type="open">
      <span>
        <target id="w_18"/>
      </span>
    </term>
    <term tid="t_19" lemma="." type="open">
      <span>
        <target id="w_19"/>
      </span>
    </term>
    <term tid="t_20" lemma="kan" type="open">
      <span>
        <target id="w_20"/>
      </span>
    </term>
    <term tid="t_21" lemma="beter" type="open">
      <span>
        <target id="w_21"/>
      </span>
    </term>
    <term tid="t_22" lemma=":" type="open">
      <span>
        <target id="w_22"/>
      </span>
    </term>
    <term tid="t_23" lemma="ontbijt" type="open">
      <span>
        <target id="w_23"/>
      </span>
    </term>
    <term tid="t_24" lemma="slecht" type="open" pos="G">
      <span>
        <target id="w_24"/>
      </span>
      <sentiment polarity="negative" resource="VUA_olery_lexicon_nl_lmf"/>
    </term>
    <term tid="t_25" lemma=":" type="open">
      <span>
        <target id="w_25"/>
      </span>
    </term>
    <term tid="t_26" lemma="bed" type="open">
      <span>
        <target id="w_26"/>
      </span>
    </term>
    <term tid="t_27" lemma="," type="open">
      <span>
        <target id="w_27"/>
      </span>
    </term>
    <term tid="t_28" lemma="alles" type="open">
      <span>
        <target id="w_28"/>
      </span>
    </term>
    <term tid="t_29" lemma="extra" type="open">
      <span>
        <target id="w_29"/>
      </span>
    </term>
    <term tid="t_30" lemma="te" type="open">
      <span>
        <target id="w_30"/>
      </span>
    </term>
    <term tid="t_31" lemma="betalen" type="open">
      <span>
        <target id="w_31"/>
      </span>
    </term>
    <term tid="t_32" lemma="(wellness" type="open">
      <span>
        <target id="w_32"/>
      </span>
    </term>
    <term tid="t_33" lemma=")" type="open">
      <span>
        <target id="w_33"/>
      </span>
    </term>
    <term tid="t_34" lemma="," type="open">
      <span>
        <target id="w_34"/>
      </span>
    </term>
    <term tid="t_35" lemma="verluchting" type="open">
      <span>
        <target id="w_35"/>
      </span>
    </term>
    <term tid="t_36" lemma="kamer" type="open">
      <span>
        <target id="w_36"/>
      </span>
    </term>
    <term tid="t_37" lemma="," type="open">
      <span>
        <target id="w_37"/>
      </span>
    </term>
    <term tid="t_38" lemma="vensters" type="open">
      <span>
        <target id="w_38"/>
      </span>
    </term>
    <term tid="t_39" lemma="kunnen" type="open">
      <span>
        <target id="w_39"/>
      </span>
    </term>
    <term tid="t_40" lemma="niet" type="open">
      <span>
        <target id="w_40"/>
      </span>
      <sentiment sentiment_modifier="shifter" resource="VUA_olery_lexicon_nl_lmf"/>
    </term>
    <term tid="t_41" lemma="open" type="open">
      <span>
        <target id="w_41"/>
      </span>
    </term>
    <term tid="t_42" lemma="," type="open">
      <span>
        <target id="w_42"/>
      </span>
    </term>
    <term tid="t_43" lemma="veeel" type="open">
      <span>
        <target id="w_43"/>
      </span>
    </term>
    <term tid="t_44" lemma="te" type="open">
      <span>
        <target id="w_44"/>
      </span>
    </term>
    <term tid="t_45" lemma="warm" type="open">
      <span>
        <target id="w_45"/>
      </span>
    </term>
    <term tid="t_46" lemma="in" type="open">
      <span>
        <target id="w_46"/>
      </span>
    </term>
    <term tid="t_47" lemma="de" type="open">
      <span>
        <target id="w_47"/>
      </span>
    </term>
    <term tid="t_48" lemma="zomer" type="open">
      <span>
        <target id="w_48"/>
      </span>
    </term>
    <term tid="t_49" lemma="," type="open">
      <span>
        <target id="w_49"/>
      </span>
    </term>
    <term tid="t_50" lemma="parking" type="open">
      <span>
        <target id="w_50"/>
      </span>
    </term>
    <term tid="t_51" lemma="rond" type="open">
      <span>
        <target id="w_51"/>
      </span>
    </term>
    <term tid="t_52" lemma="het" type="open">
      <span>
        <target id="w_52"/>
      </span>
    </term>
    <term tid="t_53" lemma="hotel" type="open">
      <span>
        <target id="w_53"/>
      </span>
    </term>
    <term tid="t_54" lemma="10euro" type="open">
      <span>
        <target id="w_54"/>
      </span>
    </term>
    <term tid="t_55" lemma="veeeel" type="open">
      <span>
        <target id="w_55"/>
      </span>
    </term>
    <term tid="t_56" lemma="te" type="open">
      <span>
        <target id="w_56"/>
      </span>
    </term>
    <term tid="t_57" lemma="duur" type="open" pos="G">
      <span>
        <target id="w_57"/>
      </span>
      <sentiment polarity="negative" resource="VUA_olery_lexicon_nl_lmf"/>
    </term>
    <term tid="t_58" lemma="." type="open">
      <span>
        <target id="w_58"/>
      </span>
    </term>
    <term tid="t_59" lemma="door" type="open">
      <span>
        <target id="w_59"/>
      </span>
    </term>
    <term tid="t_60" lemma="alle" type="open">
      <span>
        <target id="w_60"/>
      </span>
    </term>
    <term tid="t_61" lemma="extra" type="open">
      <span>
        <target id="w_61"/>
      </span>
    </term>
    <term tid="t_62" lemma="'s" type="open">
      <span>
        <target id="w_62"/>
      </span>
    </term>
    <term tid="t_63" lemma="die" type="open">
      <span>
        <target id="w_63"/>
      </span>
    </term>
    <term tid="t_64" lemma="je" type="open">
      <span>
        <target id="w_64"/>
      </span>
    </term>
    <term tid="t_65" lemma="betaald" type="open">
      <span>
        <target id="w_65"/>
      </span>
    </term>
    <term tid="t_66" lemma="was" type="open">
      <span>
        <target id="w_66"/>
      </span>
    </term>
    <term tid="t_67" lemma="dit" type="open">
      <span>
        <target id="w_67"/>
      </span>
    </term>
    <term tid="t_68" lemma="niet" type="open">
      <span>
        <target id="w_68"/>
      </span>
      <sentiment sentiment_modifier="shifter" resource="VUA_olery_lexicon_nl_lmf"/>
    </term>
    <term tid="t_69" lemma="een" type="open">
      <span>
        <target id="w_69"/>
      </span>
    </term>
    <term tid="t_70" lemma="geslaagd" type="open" pos="G">
      <span>
        <target id="w_70"/>
      </span>
      <sentiment polarity="positive" resource="VUA_olery_lexicon_nl_lmf"/>
    </term>
    <term tid="t_71" lemma="hotel" type="open">
      <span>
        <target id="w_71"/>
      </span>
    </term>
    <term tid="t_72" lemma="voor" type="open">
      <span>
        <target id="w_72"/>
      </span>
    </term>
    <term tid="t_73" lemma="5" type="open">
      <span>
        <target id="w_73"/>
      </span>
    </term>
    <term tid="t_74" lemma="sterren" type="open">
      <span>
        <target id="w_74"/>
      </span>
    </term>
    <term tid="t_75" lemma="." type="open">
      <span>
        <target id="w_75"/>
      </span>
    </term>
  </terms>
  <entities>
    <entity type="MISC" eid="e_1">
      <span>
        <target id="t_41"/>
      </span>
    </entity>
    <entity type="ORG" eid="e_2">
      <span>
        <target id="t_36"/>
      </span>
    </entity>
    <entity type="MISC" eid="e_3">
      <span>
        <target id="t_48"/>
      </span>
    </entity>
  </entities>
  <properties>
    <property type="value_for_money" pid="p_1">
      <span>
        <target id="t_31"/>
      </span>
      <span>
        <target id="t_57"/>
      </span>
    </property>
    <property type="bathroom" pid="p_2">
      <span>
        <target id="t_15"/>
      </span>
    </property>
    <property type="room" pid="p_3">
      <span>
        <target id="t_18"/>
      </span>
      <span>
        <target id="t_36"/>
      </span>
    </property>
    <property type="restaurant" pid="p_4">
      <span>
        <target id="t_23"/>
      </span>
    </property>
    <property type="sleeping_comfort" pid="p_5">
      <span>
        <target id="t_26"/>
      </span>
    </property>
    <property type="location" pid="p_6">
      <span>
        <target id="t_13"/>
      </span>
    </property>
    <property type="parking" pid="p_7">
      <span>
        <target id="t_50"/>
      </span>
    </property>
  </properties>
  <opinions>
    <opinion oid="o_1">
      <opinion_target>
        <span>
          <target id="t_2"/>
        </span>
      </opinion_target>
      <opinion_expression polarity="positive" strength="1">
        <span>
          <target id="t_1"/>
        </span>
      </opinion_expression>
    </opinion>
    <opinion oid="o_2">
      <opinion_target>
        <span>
          <target id="t_13"/>
        </span>
      </opinion_target>
      <opinion_expression polarity="positive" strength="1">
        <span>
          <target id="t_11"/>
        </span>
      </opinion_expression>
    </opinion>
    <opinion oid="o_3">
      <opinion_target>
        <span>
          <target id="t_26"/>
        </span>
      </opinion_target>
      <opinion_expression polarity="negative" strength="-1">
        <span>
          <target id="t_24"/>
        </span>
      </opinion_expression>
    </opinion>
    <opinion oid="o_4">
      <opinion_target>
        <span>
          <target id="t_55"/>
        </span>
      </opinion_target>
      <opinion_expression polarity="negative" strength="-1">
        <span>
          <target id="t_57"/>
        </span>
      </opinion_expression>
    </opinion>
    <opinion oid="o_5">
      <opinion_target>
        <span>
          <target id="t_71"/>
        </span>
      </opinion_target>
      <opinion_expression polarity="positive" strength="1">
        <span>
          <target id="t_70"/>
        </span>
      </opinion_expression>
    </opinion>
  </opinions>
</KAF>
