<?xml version='1.0' encoding='UTF-8'?>
<KAF xml:lang="nl">
  <linguisticProcessors layer="text">
    <lp timestamp="2013-01-06T18:42:16CET" version="2.0" name="SentenceTokenizer"/>
  </linguisticProcessors>
  <linguisticProcessors layer="terms">
    <lp timestamp="2013-01-06T18:42:16CET" version="2.0" name="SentenceTokenizer"/>
    <lp timestamp="2013-01-06T18:42:17CET" version="1.0" name="SimplePolarityTagger"/>
  </linguisticProcessors>
  <linguisticProcessor layer="opinions">
    <lp timestamp="2013-01-06T18:42:17CET" version="1.0" name="SimpleOpinionDetector"/>
  </linguisticProcessor>
  <linguisticProcessor layer="properties">
    <lp timestamp="2013-01-06T18:42:17CET" version="1.0" name="SimplePropRecognizer_lookup"/>
  </linguisticProcessor>
  <linguisticProcessor layer="entities">
    <lp timestamp="2013-01-06T18:42:17CET" version="1.0" name="SimpleNER_lookup"/>
  </linguisticProcessor>
  <text>
    <wf wid="w_1" para="1" sent="1">Stoffig</wf>
    <wf wid="w_2" para="1" sent="1">(dikke</wf>
    <wf wid="w_3" para="1" sent="1">lagen</wf>
    <wf wid="w_4" para="1" sent="1">stof</wf>
    <wf wid="w_5" para="1" sent="1">)</wf>
    <wf wid="w_6" para="1" sent="1">,</wf>
    <wf wid="w_7" para="1" sent="1">klein</wf>
    <wf wid="w_8" para="1" sent="1">,</wf>
    <wf wid="w_9" para="1" sent="1">oud</wf>
    <wf wid="w_10" para="1" sent="1">,</wf>
    <wf wid="w_11" para="1" sent="1">zeggen</wf>
    <wf wid="w_12" para="1" sent="1">geen</wf>
    <wf wid="w_13" para="1" sent="1">2persoonbedden</wf>
    <wf wid="w_14" para="1" sent="1">te</wf>
    <wf wid="w_15" para="1" sent="1">hebben</wf>
    <wf wid="w_16" para="1" sent="1">,</wf>
    <wf wid="w_17" para="1" sent="1">teleurstelling</wf>
    <wf wid="w_18" para="1" sent="1">!.</wf>
    <wf wid="w_19" para="1" sent="2">We</wf>
    <wf wid="w_20" para="1" sent="2">hadden</wf>
    <wf wid="w_21" para="1" sent="2">wel</wf>
    <wf wid="w_22" para="1" sent="2">wat</wf>
    <wf wid="w_23" para="1" sent="2">verwachtingen</wf>
    <wf wid="w_24" para="1" sent="2">van</wf>
    <wf wid="w_25" para="1" sent="2">een</wf>
    <wf wid="w_26" para="1" sent="2">vier</wf>
    <wf wid="w_27" para="1" sent="2">sterren</wf>
    <wf wid="w_28" para="1" sent="2">Sandton</wf>
    <wf wid="w_29" para="1" sent="2">hotel</wf>
    <wf wid="w_30" para="1" sent="2">.</wf>
    <wf wid="w_31" para="1" sent="3">Helaas</wf>
    <wf wid="w_32" para="1" sent="3">is</wf>
    <wf wid="w_33" para="1" sent="3">het</wf>
    <wf wid="w_34" para="1" sent="3">een</wf>
    <wf wid="w_35" para="1" sent="3">teleurstelling</wf>
    <wf wid="w_36" para="1" sent="3">geworden</wf>
    <wf wid="w_37" para="1" sent="3">.</wf>
    <wf wid="w_38" para="1" sent="4">Mocht</wf>
    <wf wid="w_39" para="1" sent="4">je</wf>
    <wf wid="w_40" para="1" sent="4">allergisch</wf>
    <wf wid="w_41" para="1" sent="4">zijn</wf>
    <wf wid="w_42" para="1" sent="4">voor</wf>
    <wf wid="w_43" para="1" sent="4">stof</wf>
    <wf wid="w_44" para="1" sent="4">dan</wf>
    <wf wid="w_45" para="1" sent="4">kun</wf>
    <wf wid="w_46" para="1" sent="4">je</wf>
    <wf wid="w_47" para="1" sent="4">hier</wf>
    <wf wid="w_48" para="1" sent="4">beter</wf>
    <wf wid="w_49" para="1" sent="4">niet</wf>
    <wf wid="w_50" para="1" sent="4">komen</wf>
    <wf wid="w_51" para="1" sent="4">.</wf>
    <wf wid="w_52" para="1" sent="5">Dikke</wf>
    <wf wid="w_53" para="1" sent="5">lagen</wf>
    <wf wid="w_54" para="1" sent="5">stof</wf>
    <wf wid="w_55" para="1" sent="5">op</wf>
    <wf wid="w_56" para="1" sent="5">het</wf>
    <wf wid="w_57" para="1" sent="5">nachtskastje</wf>
    <wf wid="w_58" para="1" sent="5">etc</wf>
    <wf wid="w_59" para="1" sent="5">.</wf>
    <wf wid="w_60" para="1" sent="6">Haren</wf>
    <wf wid="w_61" para="1" sent="6">in</wf>
    <wf wid="w_62" para="1" sent="6">het</wf>
    <wf wid="w_63" para="1" sent="6">bad</wf>
    <wf wid="w_64" para="1" sent="6">..</wf>
    <wf wid="w_65" para="1" sent="7">Kleine</wf>
    <wf wid="w_66" para="1" sent="7">oubollige</wf>
    <wf wid="w_67" para="1" sent="7">kamer</wf>
    <wf wid="w_68" para="1" sent="7">.</wf>
    <wf wid="w_69" para="1" sent="8">Nou</wf>
    <wf wid="w_70" para="1" sent="8">is</wf>
    <wf wid="w_71" para="1" sent="8">dat</wf>
    <wf wid="w_72" para="1" sent="8">oubollige</wf>
    <wf wid="w_73" para="1" sent="8">niet</wf>
    <wf wid="w_74" para="1" sent="8">erg</wf>
    <wf wid="w_75" para="1" sent="8">,</wf>
    <wf wid="w_76" para="1" sent="8">maar</wf>
    <wf wid="w_77" para="1" sent="8">je</wf>
    <wf wid="w_78" para="1" sent="8">verwacht</wf>
    <wf wid="w_79" para="1" sent="8">wel</wf>
    <wf wid="w_80" para="1" sent="8">dat</wf>
    <wf wid="w_81" para="1" sent="8">het</wf>
    <wf wid="w_82" para="1" sent="8">schoon</wf>
    <wf wid="w_83" para="1" sent="8">is</wf>
    <wf wid="w_84" para="1" sent="8">.</wf>
    <wf wid="w_85" para="1" sent="9">Vroeg</wf>
    <wf wid="w_86" para="1" sent="9">om</wf>
    <wf wid="w_87" para="1" sent="9">een</wf>
    <wf wid="w_88" para="1" sent="9">tweepersoonsbed</wf>
    <wf wid="w_89" para="1" sent="9">maar</wf>
    <wf wid="w_90" para="1" sent="9">ze</wf>
    <wf wid="w_91" para="1" sent="9">hebben</wf>
    <wf wid="w_92" para="1" sent="9">alleen</wf>
    <wf wid="w_93" para="1" sent="9">maar</wf>
    <wf wid="w_94" para="1" sent="9">losse</wf>
    <wf wid="w_95" para="1" sent="9">bedden</wf>
    <wf wid="w_96" para="1" sent="9">met</wf>
    <wf wid="w_97" para="1" sent="9">'n</wf>
    <wf wid="w_98" para="1" sent="9">kastje</wf>
    <wf wid="w_99" para="1" sent="9">er</wf>
    <wf wid="w_100" para="1" sent="9">tussen</wf>
    <wf wid="w_101" para="1" sent="9">.</wf>
    <wf wid="w_102" para="1" sent="10">Helaas</wf>
    <wf wid="w_103" para="1" sent="10">geen</wf>
    <wf wid="w_104" para="1" sent="10">Sandton</wf>
    <wf wid="w_105" para="1" sent="10">meer</wf>
    <wf wid="w_106" para="1" sent="10">voor</wf>
    <wf wid="w_107" para="1" sent="10">ons</wf>
    <wf wid="w_108" para="1" sent="10">!</wf>
  </text>
  <terms>
    <term tid="t_1" lemma="stoffig" type="open" pos="G">
      <span>
        <target id="w_1"/>
      </span>
      <sentiment polarity="negative" resource="VUA_olery_lexicon_nl_lmf"/>
    </term>
    <term tid="t_2" lemma="(dikke" type="open">
      <span>
        <target id="w_2"/>
      </span>
    </term>
    <term tid="t_3" lemma="lagen" type="open">
      <span>
        <target id="w_3"/>
      </span>
    </term>
    <term tid="t_4" lemma="stof" type="open" pos="N">
      <span>
        <target id="w_4"/>
      </span>
      <sentiment polarity="negative" resource="VUA_olery_lexicon_nl_lmf"/>
    </term>
    <term tid="t_5" lemma=")" type="open">
      <span>
        <target id="w_5"/>
      </span>
    </term>
    <term tid="t_6" lemma="," type="open">
      <span>
        <target id="w_6"/>
      </span>
    </term>
    <term tid="t_7" lemma="klein" type="open">
      <span>
        <target id="w_7"/>
      </span>
    </term>
    <term tid="t_8" lemma="," type="open">
      <span>
        <target id="w_8"/>
      </span>
    </term>
    <term tid="t_9" lemma="oud" type="open">
      <span>
        <target id="w_9"/>
      </span>
    </term>
    <term tid="t_10" lemma="," type="open">
      <span>
        <target id="w_10"/>
      </span>
    </term>
    <term tid="t_11" lemma="zeggen" type="open">
      <span>
        <target id="w_11"/>
      </span>
    </term>
    <term tid="t_12" lemma="geen" type="open">
      <span>
        <target id="w_12"/>
      </span>
      <sentiment sentiment_modifier="shifter" resource="VUA_olery_lexicon_nl_lmf"/>
    </term>
    <term tid="t_13" lemma="2persoonbedden" type="open">
      <span>
        <target id="w_13"/>
      </span>
    </term>
    <term tid="t_14" lemma="te" type="open">
      <span>
        <target id="w_14"/>
      </span>
    </term>
    <term tid="t_15" lemma="hebben" type="open">
      <span>
        <target id="w_15"/>
      </span>
    </term>
    <term tid="t_16" lemma="," type="open">
      <span>
        <target id="w_16"/>
      </span>
    </term>
    <term tid="t_17" lemma="teleurstelling" type="open" pos="N">
      <span>
        <target id="w_17"/>
      </span>
      <sentiment polarity="negative" resource="VUA_olery_lexicon_nl_lmf"/>
    </term>
    <term tid="t_18" lemma="!." type="open">
      <span>
        <target id="w_18"/>
      </span>
    </term>
    <term tid="t_19" lemma="we" type="open">
      <span>
        <target id="w_19"/>
      </span>
    </term>
    <term tid="t_20" lemma="hadden" type="open">
      <span>
        <target id="w_20"/>
      </span>
    </term>
    <term tid="t_21" lemma="wel" type="open">
      <span>
        <target id="w_21"/>
      </span>
    </term>
    <term tid="t_22" lemma="wat" type="open">
      <span>
        <target id="w_22"/>
      </span>
    </term>
    <term tid="t_23" lemma="verwachtingen" type="open">
      <span>
        <target id="w_23"/>
      </span>
    </term>
    <term tid="t_24" lemma="van" type="open">
      <span>
        <target id="w_24"/>
      </span>
    </term>
    <term tid="t_25" lemma="een" type="open">
      <span>
        <target id="w_25"/>
      </span>
    </term>
    <term tid="t_26" lemma="vier" type="open">
      <span>
        <target id="w_26"/>
      </span>
    </term>
    <term tid="t_27" lemma="sterren" type="open">
      <span>
        <target id="w_27"/>
      </span>
    </term>
    <term tid="t_28" lemma="sandton" type="open">
      <span>
        <target id="w_28"/>
      </span>
    </term>
    <term tid="t_29" lemma="hotel" type="open">
      <span>
        <target id="w_29"/>
      </span>
    </term>
    <term tid="t_30" lemma="." type="open">
      <span>
        <target id="w_30"/>
      </span>
    </term>
    <term tid="t_31" lemma="helaas" type="open" pos="A">
      <span>
        <target id="w_31"/>
      </span>
      <sentiment polarity="negative" resource="VUA_olery_lexicon_nl_lmf"/>
    </term>
    <term tid="t_32" lemma="is" type="open">
      <span>
        <target id="w_32"/>
      </span>
    </term>
    <term tid="t_33" lemma="het" type="open">
      <span>
        <target id="w_33"/>
      </span>
    </term>
    <term tid="t_34" lemma="een" type="open">
      <span>
        <target id="w_34"/>
      </span>
    </term>
    <term tid="t_35" lemma="teleurstelling" type="open" pos="N">
      <span>
        <target id="w_35"/>
      </span>
      <sentiment polarity="negative" resource="VUA_olery_lexicon_nl_lmf"/>
    </term>
    <term tid="t_36" lemma="geworden" type="open">
      <span>
        <target id="w_36"/>
      </span>
    </term>
    <term tid="t_37" lemma="." type="open">
      <span>
        <target id="w_37"/>
      </span>
    </term>
    <term tid="t_38" lemma="mocht" type="open">
      <span>
        <target id="w_38"/>
      </span>
    </term>
    <term tid="t_39" lemma="je" type="open">
      <span>
        <target id="w_39"/>
      </span>
    </term>
    <term tid="t_40" lemma="allergisch" type="open">
      <span>
        <target id="w_40"/>
      </span>
    </term>
    <term tid="t_41" lemma="zijn" type="open">
      <span>
        <target id="w_41"/>
      </span>
    </term>
    <term tid="t_42" lemma="voor" type="open">
      <span>
        <target id="w_42"/>
      </span>
    </term>
    <term tid="t_43" lemma="stof" type="open" pos="N">
      <span>
        <target id="w_43"/>
      </span>
      <sentiment polarity="negative" resource="VUA_olery_lexicon_nl_lmf"/>
    </term>
    <term tid="t_44" lemma="dan" type="open">
      <span>
        <target id="w_44"/>
      </span>
    </term>
    <term tid="t_45" lemma="kun" type="open">
      <span>
        <target id="w_45"/>
      </span>
    </term>
    <term tid="t_46" lemma="je" type="open">
      <span>
        <target id="w_46"/>
      </span>
    </term>
    <term tid="t_47" lemma="hier" type="open">
      <span>
        <target id="w_47"/>
      </span>
    </term>
    <term tid="t_48" lemma="beter" type="open">
      <span>
        <target id="w_48"/>
      </span>
    </term>
    <term tid="t_49" lemma="niet" type="open">
      <span>
        <target id="w_49"/>
      </span>
      <sentiment sentiment_modifier="shifter" resource="VUA_olery_lexicon_nl_lmf"/>
    </term>
    <term tid="t_50" lemma="komen" type="open">
      <span>
        <target id="w_50"/>
      </span>
    </term>
    <term tid="t_51" lemma="." type="open">
      <span>
        <target id="w_51"/>
      </span>
    </term>
    <term tid="t_52" lemma="dikke" type="open">
      <span>
        <target id="w_52"/>
      </span>
    </term>
    <term tid="t_53" lemma="lagen" type="open">
      <span>
        <target id="w_53"/>
      </span>
    </term>
    <term tid="t_54" lemma="stof" type="open" pos="N">
      <span>
        <target id="w_54"/>
      </span>
      <sentiment polarity="negative" resource="VUA_olery_lexicon_nl_lmf"/>
    </term>
    <term tid="t_55" lemma="op" type="open">
      <span>
        <target id="w_55"/>
      </span>
    </term>
    <term tid="t_56" lemma="het" type="open">
      <span>
        <target id="w_56"/>
      </span>
    </term>
    <term tid="t_57" lemma="nachtskastje" type="open">
      <span>
        <target id="w_57"/>
      </span>
    </term>
    <term tid="t_58" lemma="etc" type="open">
      <span>
        <target id="w_58"/>
      </span>
    </term>
    <term tid="t_59" lemma="." type="open">
      <span>
        <target id="w_59"/>
      </span>
    </term>
    <term tid="t_60" lemma="haren" type="open">
      <span>
        <target id="w_60"/>
      </span>
    </term>
    <term tid="t_61" lemma="in" type="open">
      <span>
        <target id="w_61"/>
      </span>
    </term>
    <term tid="t_62" lemma="het" type="open">
      <span>
        <target id="w_62"/>
      </span>
    </term>
    <term tid="t_63" lemma="bad" type="open">
      <span>
        <target id="w_63"/>
      </span>
    </term>
    <term tid="t_64" lemma=".." type="open">
      <span>
        <target id="w_64"/>
      </span>
    </term>
    <term tid="t_65" lemma="kleine" type="open">
      <span>
        <target id="w_65"/>
      </span>
    </term>
    <term tid="t_66" lemma="oubollige" type="open">
      <span>
        <target id="w_66"/>
      </span>
    </term>
    <term tid="t_67" lemma="kamer" type="open">
      <span>
        <target id="w_67"/>
      </span>
    </term>
    <term tid="t_68" lemma="." type="open">
      <span>
        <target id="w_68"/>
      </span>
    </term>
    <term tid="t_69" lemma="nou" type="open">
      <span>
        <target id="w_69"/>
      </span>
    </term>
    <term tid="t_70" lemma="is" type="open">
      <span>
        <target id="w_70"/>
      </span>
    </term>
    <term tid="t_71" lemma="dat" type="open">
      <span>
        <target id="w_71"/>
      </span>
    </term>
    <term tid="t_72" lemma="oubollige" type="open">
      <span>
        <target id="w_72"/>
      </span>
    </term>
    <term tid="t_73" lemma="niet" type="open">
      <span>
        <target id="w_73"/>
      </span>
      <sentiment sentiment_modifier="shifter" resource="VUA_olery_lexicon_nl_lmf"/>
    </term>
    <term tid="t_74" lemma="erg" type="open">
      <span>
        <target id="w_74"/>
      </span>
      <sentiment sentiment_modifier="intensifier" resource="VUA_olery_lexicon_nl_lmf"/>
    </term>
    <term tid="t_75" lemma="," type="open">
      <span>
        <target id="w_75"/>
      </span>
    </term>
    <term tid="t_76" lemma="maar" type="open">
      <span>
        <target id="w_76"/>
      </span>
    </term>
    <term tid="t_77" lemma="je" type="open">
      <span>
        <target id="w_77"/>
      </span>
    </term>
    <term tid="t_78" lemma="verwacht" type="open">
      <span>
        <target id="w_78"/>
      </span>
    </term>
    <term tid="t_79" lemma="wel" type="open">
      <span>
        <target id="w_79"/>
      </span>
    </term>
    <term tid="t_80" lemma="dat" type="open">
      <span>
        <target id="w_80"/>
      </span>
    </term>
    <term tid="t_81" lemma="het" type="open">
      <span>
        <target id="w_81"/>
      </span>
    </term>
    <term tid="t_82" lemma="schoon" type="open" pos="G">
      <span>
        <target id="w_82"/>
      </span>
      <sentiment polarity="positive" resource="VUA_olery_lexicon_nl_lmf"/>
    </term>
    <term tid="t_83" lemma="is" type="open">
      <span>
        <target id="w_83"/>
      </span>
    </term>
    <term tid="t_84" lemma="." type="open">
      <span>
        <target id="w_84"/>
      </span>
    </term>
    <term tid="t_85" lemma="vroeg" type="open">
      <span>
        <target id="w_85"/>
      </span>
    </term>
    <term tid="t_86" lemma="om" type="open">
      <span>
        <target id="w_86"/>
      </span>
    </term>
    <term tid="t_87" lemma="een" type="open">
      <span>
        <target id="w_87"/>
      </span>
    </term>
    <term tid="t_88" lemma="tweepersoonsbed" type="open">
      <span>
        <target id="w_88"/>
      </span>
    </term>
    <term tid="t_89" lemma="maar" type="open">
      <span>
        <target id="w_89"/>
      </span>
    </term>
    <term tid="t_90" lemma="ze" type="open">
      <span>
        <target id="w_90"/>
      </span>
    </term>
    <term tid="t_91" lemma="hebben" type="open">
      <span>
        <target id="w_91"/>
      </span>
    </term>
    <term tid="t_92" lemma="alleen" type="open">
      <span>
        <target id="w_92"/>
      </span>
    </term>
    <term tid="t_93" lemma="maar" type="open">
      <span>
        <target id="w_93"/>
      </span>
    </term>
    <term tid="t_94" lemma="losse" type="open">
      <span>
        <target id="w_94"/>
      </span>
    </term>
    <term tid="t_95" lemma="bedden" type="open">
      <span>
        <target id="w_95"/>
      </span>
    </term>
    <term tid="t_96" lemma="met" type="open">
      <span>
        <target id="w_96"/>
      </span>
    </term>
    <term tid="t_97" lemma="'n" type="open">
      <span>
        <target id="w_97"/>
      </span>
    </term>
    <term tid="t_98" lemma="kastje" type="open">
      <span>
        <target id="w_98"/>
      </span>
    </term>
    <term tid="t_99" lemma="er" type="open">
      <span>
        <target id="w_99"/>
      </span>
    </term>
    <term tid="t_100" lemma="tussen" type="open">
      <span>
        <target id="w_100"/>
      </span>
    </term>
    <term tid="t_101" lemma="." type="open">
      <span>
        <target id="w_101"/>
      </span>
    </term>
    <term tid="t_102" lemma="helaas" type="open" pos="A">
      <span>
        <target id="w_102"/>
      </span>
      <sentiment polarity="negative" resource="VUA_olery_lexicon_nl_lmf"/>
    </term>
    <term tid="t_103" lemma="geen" type="open">
      <span>
        <target id="w_103"/>
      </span>
      <sentiment sentiment_modifier="shifter" resource="VUA_olery_lexicon_nl_lmf"/>
    </term>
    <term tid="t_104" lemma="sandton" type="open">
      <span>
        <target id="w_104"/>
      </span>
    </term>
    <term tid="t_105" lemma="meer" type="open">
      <span>
        <target id="w_105"/>
      </span>
    </term>
    <term tid="t_106" lemma="voor" type="open">
      <span>
        <target id="w_106"/>
      </span>
    </term>
    <term tid="t_107" lemma="ons" type="open">
      <span>
        <target id="w_107"/>
      </span>
    </term>
    <term tid="t_108" lemma="!" type="open">
      <span>
        <target id="w_108"/>
      </span>
      <sentiment sentiment_modifier="intensifier" resource="VUA_olery_lexicon_nl_lmf"/>
    </term>
  </terms>
  <entities>
    <entity type="MISC" eid="e_1">
      <span>
        <target id="t_41"/>
      </span>
    </entity>
    <entity type="PER" eid="e_2">
      <span>
        <target id="t_19"/>
      </span>
    </entity>
    <entity type="PER" eid="e_3">
      <span>
        <target id="t_45"/>
      </span>
    </entity>
    <entity type="ORG" eid="e_4">
      <span>
        <target id="t_67"/>
      </span>
    </entity>
  </entities>
  <properties>
    <property type="cleanliness" pid="p_1">
      <span>
        <target id="t_1"/>
      </span>
      <span>
        <target id="t_4"/>
      </span>
      <span>
        <target id="t_43"/>
      </span>
      <span>
        <target id="t_54"/>
      </span>
      <span>
        <target id="t_82"/>
      </span>
    </property>
    <property type="bathroom" pid="p_2">
      <span>
        <target id="t_63"/>
      </span>
    </property>
    <property type="room" pid="p_3">
      <span>
        <target id="t_67"/>
      </span>
      <span>
        <target id="t_98"/>
      </span>
    </property>
    <property type="sleeping_comfort" pid="p_4">
      <span>
        <target id="t_88"/>
      </span>
    </property>
  </properties>
  <opinions>
    <opinion oid="o_1">
      <opinion_target>
        <span>
          <target id="t_2"/>
        </span>
      </opinion_target>
      <opinion_expression polarity="negative" strength="-1">
        <span>
          <target id="t_1"/>
        </span>
      </opinion_expression>
    </opinion>
    <opinion oid="o_2">
      <opinion_target>
        <span>
          <target id="t_7"/>
        </span>
      </opinion_target>
      <opinion_expression polarity="negative" strength="-1">
        <span>
          <target id="t_4"/>
        </span>
      </opinion_expression>
    </opinion>
    <opinion oid="o_3">
      <opinion_target>
        <span>
          <target id="t_13"/>
        </span>
      </opinion_target>
      <opinion_expression polarity="negative" strength="-1">
        <span>
          <target id="t_17"/>
        </span>
      </opinion_expression>
    </opinion>
    <opinion oid="o_4">
      <opinion_target>
        <span>
          <target id="t_36"/>
        </span>
      </opinion_target>
      <opinion_expression polarity="negative" strength="-1">
        <span>
          <target id="t_35"/>
        </span>
      </opinion_expression>
    </opinion>
    <opinion oid="o_5">
      <opinion_target>
        <span>
          <target id="t_45"/>
        </span>
      </opinion_target>
      <opinion_expression polarity="negative" strength="-1">
        <span>
          <target id="t_43"/>
        </span>
      </opinion_expression>
    </opinion>
    <opinion oid="o_6">
      <opinion_target>
        <span>
          <target id="t_57"/>
        </span>
      </opinion_target>
      <opinion_expression polarity="negative" strength="-1">
        <span>
          <target id="t_54"/>
        </span>
      </opinion_expression>
    </opinion>
    <opinion oid="o_7">
      <opinion_target>
        <span>
          <target id="t_79"/>
        </span>
      </opinion_target>
      <opinion_expression polarity="positive" strength="1">
        <span>
          <target id="t_82"/>
        </span>
      </opinion_expression>
    </opinion>
    <opinion oid="o_8">
      <opinion_target>
        <span>
          <target id="t_104"/>
        </span>
      </opinion_target>
      <opinion_expression polarity="negative" strength="-1">
        <span>
          <target id="t_102"/>
        </span>
      </opinion_expression>
    </opinion>
  </opinions>
</KAF>
