<?xml version='1.0' encoding='UTF-8'?>
<KAF xml:lang="nl">
  <linguisticProcessors layer="text">
    <lp timestamp="2013-01-06T18:30:10CET" version="2.0" name="SentenceTokenizer"/>
  </linguisticProcessors>
  <linguisticProcessors layer="terms">
    <lp timestamp="2013-01-06T18:30:10CET" version="2.0" name="SentenceTokenizer"/>
    <lp timestamp="2013-01-06T18:30:10CET" version="1.0" name="SimplePolarityTagger"/>
  </linguisticProcessors>
  <linguisticProcessor layer="opinions">
    <lp timestamp="2013-01-06T18:30:10CET" version="1.0" name="SimpleOpinionDetector"/>
  </linguisticProcessor>
  <linguisticProcessor layer="properties">
    <lp timestamp="2013-01-06T18:30:10CET" version="1.0" name="SimplePropRecognizer_lookup"/>
  </linguisticProcessor>
  <linguisticProcessor layer="entities">
    <lp timestamp="2013-01-06T18:30:10CET" version="1.0" name="SimpleNER_lookup"/>
  </linguisticProcessor>
  <text>
    <wf wid="w_1" para="1" sent="1">De</wf>
    <wf wid="w_2" para="1" sent="1">locatie</wf>
    <wf wid="w_3" para="1" sent="1">is</wf>
    <wf wid="w_4" para="1" sent="1">prima</wf>
    <wf wid="w_5" para="1" sent="1">.</wf>
    <wf wid="w_6" para="1" sent="2">Redelijk</wf>
    <wf wid="w_7" para="1" sent="2">rustig</wf>
    <wf wid="w_8" para="1" sent="2">in</wf>
    <wf wid="w_9" para="1" sent="2">een</wf>
    <wf wid="w_10" para="1" sent="2">grote</wf>
    <wf wid="w_11" para="1" sent="2">stad</wf>
    <wf wid="w_12" para="1" sent="2">nabij</wf>
    <wf wid="w_13" para="1" sent="2">cultuur</wf>
    <wf wid="w_14" para="1" sent="2">,</wf>
    <wf wid="w_15" para="1" sent="2">park</wf>
    <wf wid="w_16" para="1" sent="2">en</wf>
    <wf wid="w_17" para="1" sent="2">winkels</wf>
    <wf wid="w_18" para="1" sent="2">.</wf>
    <wf wid="w_19" para="1" sent="3">Voor</wf>
    <wf wid="w_20" para="1" sent="3">dat</wf>
    <wf wid="w_21" para="1" sent="3">moment</wf>
    <wf wid="w_22" para="1" sent="3">een</wf>
    <wf wid="w_23" para="1" sent="3">goede</wf>
    <wf wid="w_24" para="1" sent="3">prijs</wf>
    <wf wid="w_25" para="1" sent="3">..</wf>
    <wf wid="w_26" para="1" sent="4">Ik</wf>
    <wf wid="w_27" para="1" sent="4">was</wf>
    <wf wid="w_28" para="1" sent="4">al</wf>
    <wf wid="w_29" para="1" sent="4">uitgekleed</wf>
    <wf wid="w_30" para="1" sent="4">om</wf>
    <wf wid="w_31" para="1" sent="4">te</wf>
    <wf wid="w_32" para="1" sent="4">gaan</wf>
    <wf wid="w_33" para="1" sent="4">douchen</wf>
    <wf wid="w_34" para="1" sent="4">toen</wf>
    <wf wid="w_35" para="1" sent="4">bleek</wf>
    <wf wid="w_36" para="1" sent="4">dat</wf>
    <wf wid="w_37" para="1" sent="4">er</wf>
    <wf wid="w_38" para="1" sent="4">geen</wf>
    <wf wid="w_39" para="1" sent="4">handdoek</wf>
    <wf wid="w_40" para="1" sent="4">was</wf>
    <wf wid="w_41" para="1" sent="4">.</wf>
    <wf wid="w_42" para="1" sent="5">Na</wf>
    <wf wid="w_43" para="1" sent="5">mijn</wf>
    <wf wid="w_44" para="1" sent="5">telefoontje</wf>
    <wf wid="w_45" para="1" sent="5">erover</wf>
    <wf wid="w_46" para="1" sent="5">en</wf>
    <wf wid="w_47" para="1" sent="5">de</wf>
    <wf wid="w_48" para="1" sent="5">toezegging</wf>
    <wf wid="w_49" para="1" sent="5">dat</wf>
    <wf wid="w_50" para="1" sent="5">er</wf>
    <wf wid="w_51" para="1" sent="5">een</wf>
    <wf wid="w_52" para="1" sent="5">gebracht</wf>
    <wf wid="w_53" para="1" sent="5">zou</wf>
    <wf wid="w_54" para="1" sent="5">worden</wf>
    <wf wid="w_55" para="1" sent="5">werd</wf>
    <wf wid="w_56" para="1" sent="5">het</wf>
    <wf wid="w_57" para="1" sent="5">vergeten</wf>
    <wf wid="w_58" para="1" sent="5">.</wf>
    <wf wid="w_59" para="1" sent="6">Na</wf>
    <wf wid="w_60" para="1" sent="6">een</wf>
    <wf wid="w_61" para="1" sent="6">tweede</wf>
    <wf wid="w_62" para="1" sent="6">telefoontje</wf>
    <wf wid="w_63" para="1" sent="6">kreeg</wf>
    <wf wid="w_64" para="1" sent="6">ik</wf>
    <wf wid="w_65" para="1" sent="6">tenslotte</wf>
    <wf wid="w_66" para="1" sent="6">een</wf>
    <wf wid="w_67" para="1" sent="6">handdoek</wf>
    <wf wid="w_68" para="1" sent="6">waar</wf>
    <wf wid="w_69" para="1" sent="6">een</wf>
    <wf wid="w_70" para="1" sent="6">vlek</wf>
    <wf wid="w_71" para="1" sent="6">op</wf>
    <wf wid="w_72" para="1" sent="6">was</wf>
    <wf wid="w_73" para="1" sent="6">.</wf>
  </text>
  <terms>
    <term tid="t_1" lemma="de" type="open">
      <span>
        <target id="w_1"/>
      </span>
    </term>
    <term tid="t_2" lemma="locatie" type="open">
      <span>
        <target id="w_2"/>
      </span>
    </term>
    <term tid="t_3" lemma="is" type="open">
      <span>
        <target id="w_3"/>
      </span>
    </term>
    <term tid="t_4" lemma="prima" type="open" pos="G">
      <span>
        <target id="w_4"/>
      </span>
      <sentiment polarity="positive" resource="VUA_olery_lexicon_nl_lmf"/>
    </term>
    <term tid="t_5" lemma="." type="open">
      <span>
        <target id="w_5"/>
      </span>
    </term>
    <term tid="t_6" lemma="redelijk" type="open">
      <span>
        <target id="w_6"/>
      </span>
    </term>
    <term tid="t_7" lemma="rustig" type="open" pos="G">
      <span>
        <target id="w_7"/>
      </span>
      <sentiment polarity="positive" resource="VUA_olery_lexicon_nl_lmf"/>
    </term>
    <term tid="t_8" lemma="in" type="open">
      <span>
        <target id="w_8"/>
      </span>
    </term>
    <term tid="t_9" lemma="een" type="open">
      <span>
        <target id="w_9"/>
      </span>
    </term>
    <term tid="t_10" lemma="grote" type="open">
      <span>
        <target id="w_10"/>
      </span>
    </term>
    <term tid="t_11" lemma="stad" type="open">
      <span>
        <target id="w_11"/>
      </span>
    </term>
    <term tid="t_12" lemma="nabij" type="open" pos="G">
      <span>
        <target id="w_12"/>
      </span>
      <sentiment polarity="positive" resource="VUA_olery_lexicon_nl_lmf"/>
    </term>
    <term tid="t_13" lemma="cultuur" type="open">
      <span>
        <target id="w_13"/>
      </span>
    </term>
    <term tid="t_14" lemma="," type="open">
      <span>
        <target id="w_14"/>
      </span>
    </term>
    <term tid="t_15" lemma="park" type="open">
      <span>
        <target id="w_15"/>
      </span>
    </term>
    <term tid="t_16" lemma="en" type="open">
      <span>
        <target id="w_16"/>
      </span>
    </term>
    <term tid="t_17" lemma="winkels" type="open">
      <span>
        <target id="w_17"/>
      </span>
    </term>
    <term tid="t_18" lemma="." type="open">
      <span>
        <target id="w_18"/>
      </span>
    </term>
    <term tid="t_19" lemma="voor" type="open">
      <span>
        <target id="w_19"/>
      </span>
    </term>
    <term tid="t_20" lemma="dat" type="open">
      <span>
        <target id="w_20"/>
      </span>
    </term>
    <term tid="t_21" lemma="moment" type="open">
      <span>
        <target id="w_21"/>
      </span>
    </term>
    <term tid="t_22" lemma="een" type="open">
      <span>
        <target id="w_22"/>
      </span>
    </term>
    <term tid="t_23" lemma="goede" type="open" pos="G">
      <span>
        <target id="w_23"/>
      </span>
      <sentiment polarity="positive" resource="VUA_olery_lexicon_nl_lmf"/>
    </term>
    <term tid="t_24" lemma="prijs" type="open">
      <span>
        <target id="w_24"/>
      </span>
    </term>
    <term tid="t_25" lemma=".." type="open">
      <span>
        <target id="w_25"/>
      </span>
    </term>
    <term tid="t_26" lemma="ik" type="open">
      <span>
        <target id="w_26"/>
      </span>
    </term>
    <term tid="t_27" lemma="was" type="open">
      <span>
        <target id="w_27"/>
      </span>
    </term>
    <term tid="t_28" lemma="al" type="open">
      <span>
        <target id="w_28"/>
      </span>
    </term>
    <term tid="t_29" lemma="uitgekleed" type="open">
      <span>
        <target id="w_29"/>
      </span>
    </term>
    <term tid="t_30" lemma="om" type="open">
      <span>
        <target id="w_30"/>
      </span>
    </term>
    <term tid="t_31" lemma="te" type="open">
      <span>
        <target id="w_31"/>
      </span>
    </term>
    <term tid="t_32" lemma="gaan" type="open">
      <span>
        <target id="w_32"/>
      </span>
    </term>
    <term tid="t_33" lemma="douchen" type="open">
      <span>
        <target id="w_33"/>
      </span>
    </term>
    <term tid="t_34" lemma="toen" type="open">
      <span>
        <target id="w_34"/>
      </span>
    </term>
    <term tid="t_35" lemma="bleek" type="open">
      <span>
        <target id="w_35"/>
      </span>
    </term>
    <term tid="t_36" lemma="dat" type="open">
      <span>
        <target id="w_36"/>
      </span>
    </term>
    <term tid="t_37" lemma="er" type="open">
      <span>
        <target id="w_37"/>
      </span>
    </term>
    <term tid="t_38" lemma="geen" type="open">
      <span>
        <target id="w_38"/>
      </span>
      <sentiment sentiment_modifier="shifter" resource="VUA_olery_lexicon_nl_lmf"/>
    </term>
    <term tid="t_39" lemma="handdoek" type="open">
      <span>
        <target id="w_39"/>
      </span>
    </term>
    <term tid="t_40" lemma="was" type="open">
      <span>
        <target id="w_40"/>
      </span>
    </term>
    <term tid="t_41" lemma="." type="open">
      <span>
        <target id="w_41"/>
      </span>
    </term>
    <term tid="t_42" lemma="na" type="open">
      <span>
        <target id="w_42"/>
      </span>
    </term>
    <term tid="t_43" lemma="mijn" type="open">
      <span>
        <target id="w_43"/>
      </span>
    </term>
    <term tid="t_44" lemma="telefoontje" type="open">
      <span>
        <target id="w_44"/>
      </span>
    </term>
    <term tid="t_45" lemma="erover" type="open">
      <span>
        <target id="w_45"/>
      </span>
    </term>
    <term tid="t_46" lemma="en" type="open">
      <span>
        <target id="w_46"/>
      </span>
    </term>
    <term tid="t_47" lemma="de" type="open">
      <span>
        <target id="w_47"/>
      </span>
    </term>
    <term tid="t_48" lemma="toezegging" type="open">
      <span>
        <target id="w_48"/>
      </span>
    </term>
    <term tid="t_49" lemma="dat" type="open">
      <span>
        <target id="w_49"/>
      </span>
    </term>
    <term tid="t_50" lemma="er" type="open">
      <span>
        <target id="w_50"/>
      </span>
    </term>
    <term tid="t_51" lemma="een" type="open">
      <span>
        <target id="w_51"/>
      </span>
    </term>
    <term tid="t_52" lemma="gebracht" type="open">
      <span>
        <target id="w_52"/>
      </span>
    </term>
    <term tid="t_53" lemma="zou" type="open">
      <span>
        <target id="w_53"/>
      </span>
    </term>
    <term tid="t_54" lemma="worden" type="open">
      <span>
        <target id="w_54"/>
      </span>
    </term>
    <term tid="t_55" lemma="werd" type="open">
      <span>
        <target id="w_55"/>
      </span>
    </term>
    <term tid="t_56" lemma="het" type="open">
      <span>
        <target id="w_56"/>
      </span>
    </term>
    <term tid="t_57" lemma="vergeten" type="open" pos="V">
      <span>
        <target id="w_57"/>
      </span>
      <sentiment polarity="negative" resource="VUA_olery_lexicon_nl_lmf"/>
    </term>
    <term tid="t_58" lemma="." type="open">
      <span>
        <target id="w_58"/>
      </span>
    </term>
    <term tid="t_59" lemma="na" type="open">
      <span>
        <target id="w_59"/>
      </span>
    </term>
    <term tid="t_60" lemma="een" type="open">
      <span>
        <target id="w_60"/>
      </span>
    </term>
    <term tid="t_61" lemma="tweede" type="open">
      <span>
        <target id="w_61"/>
      </span>
    </term>
    <term tid="t_62" lemma="telefoontje" type="open">
      <span>
        <target id="w_62"/>
      </span>
    </term>
    <term tid="t_63" lemma="kreeg" type="open">
      <span>
        <target id="w_63"/>
      </span>
    </term>
    <term tid="t_64" lemma="ik" type="open">
      <span>
        <target id="w_64"/>
      </span>
    </term>
    <term tid="t_65" lemma="tenslotte" type="open">
      <span>
        <target id="w_65"/>
      </span>
    </term>
    <term tid="t_66" lemma="een" type="open">
      <span>
        <target id="w_66"/>
      </span>
    </term>
    <term tid="t_67" lemma="handdoek" type="open">
      <span>
        <target id="w_67"/>
      </span>
    </term>
    <term tid="t_68" lemma="waar" type="open">
      <span>
        <target id="w_68"/>
      </span>
    </term>
    <term tid="t_69" lemma="een" type="open">
      <span>
        <target id="w_69"/>
      </span>
    </term>
    <term tid="t_70" lemma="vlek" type="open" pos="N">
      <span>
        <target id="w_70"/>
      </span>
      <sentiment polarity="negative" resource="VUA_olery_lexicon_nl_lmf"/>
    </term>
    <term tid="t_71" lemma="op" type="open">
      <span>
        <target id="w_71"/>
      </span>
    </term>
    <term tid="t_72" lemma="was" type="open">
      <span>
        <target id="w_72"/>
      </span>
    </term>
    <term tid="t_73" lemma="." type="open">
      <span>
        <target id="w_73"/>
      </span>
    </term>
  </terms>
  <entities>
    <entity type="PER" eid="e_1">
      <span>
        <target id="t_4"/>
      </span>
    </entity>
    <entity type="ORG" eid="e_2">
      <span>
        <target id="t_13"/>
      </span>
    </entity>
  </entities>
  <properties>
    <property type="cleanliness" pid="p_1">
      <span>
        <target id="t_70"/>
      </span>
    </property>
    <property type="facilities" pid="p_2">
      <span>
        <target id="t_15"/>
      </span>
    </property>
    <property type="bathroom" pid="p_3">
      <span>
        <target id="t_33"/>
      </span>
      <span>
        <target id="t_39"/>
      </span>
      <span>
        <target id="t_67"/>
      </span>
    </property>
    <property type="location" pid="p_4">
      <span>
        <target id="t_2"/>
      </span>
      <span>
        <target id="t_11"/>
      </span>
      <span>
        <target id="t_12"/>
      </span>
    </property>
    <property type="value_for_money" pid="p_5">
      <span>
        <target id="t_24"/>
      </span>
    </property>
  </properties>
  <opinions>
    <opinion oid="o_1">
      <opinion_target>
        <span>
          <target id="t_2"/>
        </span>
      </opinion_target>
      <opinion_expression polarity="positive" strength="1">
        <span>
          <target id="t_4"/>
        </span>
      </opinion_expression>
    </opinion>
    <opinion oid="o_2">
      <opinion_target>
        <span>
          <target id="t_10"/>
        </span>
      </opinion_target>
      <opinion_expression polarity="positive" strength="1">
        <span>
          <target id="t_7"/>
        </span>
      </opinion_expression>
    </opinion>
    <opinion oid="o_3">
      <opinion_target>
        <span>
          <target id="t_13"/>
        </span>
      </opinion_target>
      <opinion_expression polarity="positive" strength="1">
        <span>
          <target id="t_12"/>
        </span>
      </opinion_expression>
    </opinion>
    <opinion oid="o_4">
      <opinion_target>
        <span>
          <target id="t_24"/>
        </span>
      </opinion_target>
      <opinion_expression polarity="positive" strength="1">
        <span>
          <target id="t_23"/>
        </span>
      </opinion_expression>
    </opinion>
    <opinion oid="o_5">
      <opinion_holder>
        <span>
          <target id="t_64"/>
        </span>
      </opinion_holder>
      <opinion_target>
        <span>
          <target id="t_68"/>
        </span>
      </opinion_target>
      <opinion_expression polarity="negative" strength="-1">
        <span>
          <target id="t_70"/>
        </span>
      </opinion_expression>
    </opinion>
  </opinions>
</KAF>
