<?xml version='1.0' encoding='UTF-8'?>
<KAF xml:lang="nl">
  <linguisticProcessors layer="text">
    <lp timestamp="2013-01-06T18:44:13CET" version="2.0" name="SentenceTokenizer"/>
  </linguisticProcessors>
  <linguisticProcessors layer="terms">
    <lp timestamp="2013-01-06T18:44:13CET" version="2.0" name="SentenceTokenizer"/>
    <lp timestamp="2013-01-06T18:44:13CET" version="1.0" name="SimplePolarityTagger"/>
  </linguisticProcessors>
  <linguisticProcessor layer="opinions">
    <lp timestamp="2013-01-06T18:44:13CET" version="1.0" name="SimpleOpinionDetector"/>
  </linguisticProcessor>
  <linguisticProcessor layer="properties">
    <lp timestamp="2013-01-06T18:44:13CET" version="1.0" name="SimplePropRecognizer_lookup"/>
  </linguisticProcessor>
  <linguisticProcessor layer="entities">
    <lp timestamp="2013-01-06T18:44:13CET" version="1.0" name="SimpleNER_lookup"/>
  </linguisticProcessor>
  <text>
    <wf wid="w_1" para="1" sent="1">wat</wf>
    <wf wid="w_2" para="1" sent="1">een</wf>
    <wf wid="w_3" para="1" sent="1">desillusie</wf>
    <wf wid="w_4" para="1" sent="1">.</wf>
    <wf wid="w_5" para="1" sent="2">gezien</wf>
    <wf wid="w_6" para="1" sent="2">wij</wf>
    <wf wid="w_7" para="1" sent="2">logeerden</wf>
    <wf wid="w_8" para="1" sent="2">in</wf>
    <wf wid="w_9" para="1" sent="2">het</wf>
    <wf wid="w_10" para="1" sent="2">Hilton</wf>
    <wf wid="w_11" para="1" sent="2">hotel</wf>
    <wf wid="w_12" para="1" sent="2">en</wf>
    <wf wid="w_13" para="1" sent="2">door</wf>
    <wf wid="w_14" para="1" sent="2">de</wf>
    <wf wid="w_15" para="1" sent="2">positieve</wf>
    <wf wid="w_16" para="1" sent="2">commentaren</wf>
    <wf wid="w_17" para="1" sent="2">op</wf>
    <wf wid="w_18" para="1" sent="2">Tripadvisor</wf>
    <wf wid="w_19" para="1" sent="2">,</wf>
    <wf wid="w_20" para="1" sent="2">zijn</wf>
    <wf wid="w_21" para="1" sent="2">wij</wf>
    <wf wid="w_22" para="1" sent="2">gaan</wf>
    <wf wid="w_23" para="1" sent="2">eten</wf>
    <wf wid="w_24" para="1" sent="2">bij</wf>
    <wf wid="w_25" para="1" sent="2">Gerda</wf>
    <wf wid="w_26" para="1" sent="2">'s</wf>
    <wf wid="w_27" para="1" sent="2">garden</wf>
    <wf wid="w_28" para="1" sent="2">.</wf>
    <wf wid="w_29" para="1" sent="3">Wat</wf>
    <wf wid="w_30" para="1" sent="3">een</wf>
    <wf wid="w_31" para="1" sent="3">desillusie</wf>
    <wf wid="w_32" para="1" sent="3">!</wf>
    <wf wid="w_33" para="1" sent="4">Het</wf>
    <wf wid="w_34" para="1" sent="4">interieur</wf>
    <wf wid="w_35" para="1" sent="4">is</wf>
    <wf wid="w_36" para="1" sent="4">triestig</wf>
    <wf wid="w_37" para="1" sent="4">,</wf>
    <wf wid="w_38" para="1" sent="4">en</wf>
    <wf wid="w_39" para="1" sent="4">het</wf>
    <wf wid="w_40" para="1" sent="4">stonk</wf>
    <wf wid="w_41" para="1" sent="4">er</wf>
    <wf wid="w_42" para="1" sent="4">naar</wf>
    <wf wid="w_43" para="1" sent="4">de</wf>
    <wf wid="w_44" para="1" sent="4">sigaretten</wf>
    <wf wid="w_45" para="1" sent="4">(</wf>
    <wf wid="w_46" para="1" sent="4">er</wf>
    <wf wid="w_47" para="1" sent="4">zaten</wf>
    <wf wid="w_48" para="1" sent="4">4</wf>
    <wf wid="w_49" para="1" sent="4">personen</wf>
    <wf wid="w_50" para="1" sent="4">die</wf>
    <wf wid="w_51" para="1" sent="4">de</wf>
    <wf wid="w_52" para="1" sent="4">ene</wf>
    <wf wid="w_53" para="1" sent="4">sigaret</wf>
    <wf wid="w_54" para="1" sent="4">na</wf>
    <wf wid="w_55" para="1" sent="4">de</wf>
    <wf wid="w_56" para="1" sent="4">andere</wf>
    <wf wid="w_57" para="1" sent="4">opstaken</wf>
    <wf wid="w_58" para="1" sent="4">)</wf>
    <wf wid="w_59" para="1" sent="4">Het</wf>
    <wf wid="w_60" para="1" sent="4">eten</wf>
    <wf wid="w_61" para="1" sent="4">dan</wf>
    <wf wid="w_62" para="1" sent="4">:</wf>
    <wf wid="w_63" para="1" sent="4">soep</wf>
    <wf wid="w_64" para="1" sent="4">was</wf>
    <wf wid="w_65" para="1" sent="4">eetbaar</wf>
    <wf wid="w_66" para="1" sent="4">,</wf>
    <wf wid="w_67" para="1" sent="4">het</wf>
    <wf wid="w_68" para="1" sent="4">Egyptisch</wf>
    <wf wid="w_69" para="1" sent="4">voorgerecht</wf>
    <wf wid="w_70" para="1" sent="4">zag</wf>
    <wf wid="w_71" para="1" sent="4">eruit</wf>
    <wf wid="w_72" para="1" sent="4">als</wf>
    <wf wid="w_73" para="1" sent="4">een</wf>
    <wf wid="w_74" para="1" sent="4">hoop</wf>
    <wf wid="w_75" para="1" sent="4">braaksel</wf>
    <wf wid="w_76" para="1" sent="4">op</wf>
    <wf wid="w_77" para="1" sent="4">een</wf>
    <wf wid="w_78" para="1" sent="4">bord</wf>
    <wf wid="w_79" para="1" sent="4">(sorry</wf>
    <wf wid="w_80" para="1" sent="4">maar</wf>
    <wf wid="w_81" para="1" sent="4">waar</wf>
    <wf wid="w_82" para="1" sent="4">)</wf>
    <wf wid="w_83" para="1" sent="4">,</wf>
    <wf wid="w_84" para="1" sent="4">hoofdgerecht</wf>
    <wf wid="w_85" para="1" sent="4">:</wf>
    <wf wid="w_86" para="1" sent="4">kip</wf>
    <wf wid="w_87" para="1" sent="4">op</wf>
    <wf wid="w_88" para="1" sent="4">wijze</wf>
    <wf wid="w_89" para="1" sent="4">van</wf>
    <wf wid="w_90" para="1" sent="4">Alexandrie</wf>
    <wf wid="w_91" para="1" sent="4">,</wf>
    <wf wid="w_92" para="1" sent="4">deze</wf>
    <wf wid="w_93" para="1" sent="4">was</wf>
    <wf wid="w_94" para="1" sent="4">nog</wf>
    <wf wid="w_95" para="1" sent="4">rauw</wf>
    <wf wid="w_96" para="1" sent="4">vanbinnen</wf>
    <wf wid="w_97" para="1" sent="4">dus</wf>
    <wf wid="w_98" para="1" sent="4">geheel</wf>
    <wf wid="w_99" para="1" sent="4">teruggestuurd</wf>
    <wf wid="w_100" para="1" sent="4">.</wf>
    <wf wid="w_101" para="1" sent="5">Mijn</wf>
    <wf wid="w_102" para="1" sent="5">hoofdgerecht</wf>
    <wf wid="w_103" para="1" sent="5">was</wf>
    <wf wid="w_104" para="1" sent="5">moussaka</wf>
    <wf wid="w_105" para="1" sent="5">dat</wf>
    <wf wid="w_106" para="1" sent="5">zo</wf>
    <wf wid="w_107" para="1" sent="5">vettig</wf>
    <wf wid="w_108" para="1" sent="5">was</wf>
    <wf wid="w_109" para="1" sent="5">dat</wf>
    <wf wid="w_110" para="1" sent="5">ik</wf>
    <wf wid="w_111" para="1" sent="5">er</wf>
    <wf wid="w_112" para="1" sent="5">maar</wf>
    <wf wid="w_113" para="1" sent="5">2</wf>
    <wf wid="w_114" para="1" sent="5">happen</wf>
    <wf wid="w_115" para="1" sent="5">van</wf>
    <wf wid="w_116" para="1" sent="5">genomen</wf>
    <wf wid="w_117" para="1" sent="5">heb</wf>
    <wf wid="w_118" para="1" sent="5">.</wf>
    <wf wid="w_119" para="1" sent="6">Het</wf>
    <wf wid="w_120" para="1" sent="6">was</wf>
    <wf wid="w_121" para="1" sent="6">gewoon</wf>
    <wf wid="w_122" para="1" sent="6">niet</wf>
    <wf wid="w_123" para="1" sent="6">eetbaar</wf>
    <wf wid="w_124" para="1" sent="6">.</wf>
    <wf wid="w_125" para="1" sent="7">Wat</wf>
    <wf wid="w_126" para="1" sent="7">gebeurt</wf>
    <wf wid="w_127" para="1" sent="7">daar</wf>
    <wf wid="w_128" para="1" sent="7">eigenlijk</wf>
    <wf wid="w_129" para="1" sent="7">?</wf>
    <wf wid="w_130" para="1" sent="8">een</wf>
    <wf wid="w_131" para="1" sent="8">slechte</wf>
    <wf wid="w_132" para="1" sent="8">dag</wf>
    <wf wid="w_133" para="1" sent="8">of</wf>
    <wf wid="w_134" para="1" sent="8">andere</wf>
    <wf wid="w_135" para="1" sent="8">kok</wf>
    <wf wid="w_136" para="1" sent="8">,</wf>
    <wf wid="w_137" para="1" sent="8">?</wf>
    <wf wid="w_138" para="1" sent="9">Je</wf>
    <wf wid="w_139" para="1" sent="9">kan</wf>
    <wf wid="w_140" para="1" sent="9">wel</wf>
    <wf wid="w_141" para="1" sent="9">raden</wf>
    <wf wid="w_142" para="1" sent="9">dat</wf>
    <wf wid="w_143" para="1" sent="9">wij</wf>
    <wf wid="w_144" para="1" sent="9">niet</wf>
    <wf wid="w_145" para="1" sent="9">meer</wf>
    <wf wid="w_146" para="1" sent="9">zijn</wf>
    <wf wid="w_147" para="1" sent="9">teruggekeerd</wf>
    <wf wid="w_148" para="1" sent="9">,</wf>
    <wf wid="w_149" para="1" sent="9">anderzijds</wf>
    <wf wid="w_150" para="1" sent="9">zijn</wf>
    <wf wid="w_151" para="1" sent="9">Gerda</wf>
    <wf wid="w_152" para="1" sent="9">en</wf>
    <wf wid="w_153" para="1" sent="9">echtgenoot</wf>
    <wf wid="w_154" para="1" sent="9">echt</wf>
    <wf wid="w_155" para="1" sent="9">wel</wf>
    <wf wid="w_156" para="1" sent="9">lieve</wf>
    <wf wid="w_157" para="1" sent="9">,</wf>
    <wf wid="w_158" para="1" sent="9">vriendelijke</wf>
    <wf wid="w_159" para="1" sent="9">mensen</wf>
    <wf wid="w_160" para="1" sent="9">,</wf>
    <wf wid="w_161" para="1" sent="9">dat</wf>
    <wf wid="w_162" para="1" sent="9">is</wf>
    <wf wid="w_163" para="1" sent="9">dan</wf>
    <wf wid="w_164" para="1" sent="9">ook</wf>
    <wf wid="w_165" para="1" sent="9">het</wf>
    <wf wid="w_166" para="1" sent="9">enige</wf>
    <wf wid="w_167" para="1" sent="9">positieve</wf>
    <wf wid="w_168" para="1" sent="9">aan</wf>
    <wf wid="w_169" para="1" sent="9">dit</wf>
    <wf wid="w_170" para="1" sent="9">restaurant</wf>
    <wf wid="w_171" para="1" sent="9">!</wf>
    <wf wid="w_172" para="1" sent="10">(als</wf>
    <wf wid="w_173" para="1" sent="10">je</wf>
    <wf wid="w_174" para="1" sent="10">wijn</wf>
    <wf wid="w_175" para="1" sent="10">bestelt</wf>
    <wf wid="w_176" para="1" sent="10">hebben</wf>
    <wf wid="w_177" para="1" sent="10">ze</wf>
    <wf wid="w_178" para="1" sent="10">deze</wf>
    <wf wid="w_179" para="1" sent="10">niet</wf>
    <wf wid="w_180" para="1" sent="10">voorradig</wf>
    <wf wid="w_181" para="1" sent="10">maar</wf>
    <wf wid="w_182" para="1" sent="10">lopen</wf>
    <wf wid="w_183" para="1" sent="10">er</wf>
    <wf wid="w_184" para="1" sent="10">gauw</wf>
    <wf wid="w_185" para="1" sent="10">om</wf>
    <wf wid="w_186" para="1" sent="10">buiten</wf>
    <wf wid="w_187" para="1" sent="10">in</wf>
    <wf wid="w_188" para="1" sent="10">een</wf>
    <wf wid="w_189" para="1" sent="10">winkel</wf>
    <wf wid="w_190" para="1" sent="10">)</wf>
    <wf wid="w_191" para="1" sent="10">Spijtig</wf>
    <wf wid="w_192" para="1" sent="10">hoor</wf>
    <wf wid="w_193" para="1" sent="10">.</wf>
  </text>
  <terms>
    <term tid="t_1" lemma="wat" type="open">
      <span>
        <target id="w_1"/>
      </span>
    </term>
    <term tid="t_2" lemma="een" type="open">
      <span>
        <target id="w_2"/>
      </span>
    </term>
    <term tid="t_3" lemma="desillusie" type="open">
      <span>
        <target id="w_3"/>
      </span>
    </term>
    <term tid="t_4" lemma="." type="open">
      <span>
        <target id="w_4"/>
      </span>
    </term>
    <term tid="t_5" lemma="gezien" type="open">
      <span>
        <target id="w_5"/>
      </span>
    </term>
    <term tid="t_6" lemma="wij" type="open">
      <span>
        <target id="w_6"/>
      </span>
    </term>
    <term tid="t_7" lemma="logeerden" type="open">
      <span>
        <target id="w_7"/>
      </span>
    </term>
    <term tid="t_8" lemma="in" type="open">
      <span>
        <target id="w_8"/>
      </span>
    </term>
    <term tid="t_9" lemma="het" type="open">
      <span>
        <target id="w_9"/>
      </span>
    </term>
    <term tid="t_10" lemma="hilton" type="open">
      <span>
        <target id="w_10"/>
      </span>
    </term>
    <term tid="t_11" lemma="hotel" type="open">
      <span>
        <target id="w_11"/>
      </span>
    </term>
    <term tid="t_12" lemma="en" type="open">
      <span>
        <target id="w_12"/>
      </span>
    </term>
    <term tid="t_13" lemma="door" type="open">
      <span>
        <target id="w_13"/>
      </span>
    </term>
    <term tid="t_14" lemma="de" type="open">
      <span>
        <target id="w_14"/>
      </span>
    </term>
    <term tid="t_15" lemma="positieve" type="open">
      <span>
        <target id="w_15"/>
      </span>
    </term>
    <term tid="t_16" lemma="commentaren" type="open">
      <span>
        <target id="w_16"/>
      </span>
    </term>
    <term tid="t_17" lemma="op" type="open">
      <span>
        <target id="w_17"/>
      </span>
    </term>
    <term tid="t_18" lemma="tripadvisor" type="open">
      <span>
        <target id="w_18"/>
      </span>
    </term>
    <term tid="t_19" lemma="," type="open">
      <span>
        <target id="w_19"/>
      </span>
    </term>
    <term tid="t_20" lemma="zijn" type="open">
      <span>
        <target id="w_20"/>
      </span>
    </term>
    <term tid="t_21" lemma="wij" type="open">
      <span>
        <target id="w_21"/>
      </span>
    </term>
    <term tid="t_22" lemma="gaan" type="open">
      <span>
        <target id="w_22"/>
      </span>
    </term>
    <term tid="t_23" lemma="eten" type="open">
      <span>
        <target id="w_23"/>
      </span>
    </term>
    <term tid="t_24" lemma="bij" type="open">
      <span>
        <target id="w_24"/>
      </span>
    </term>
    <term tid="t_25" lemma="gerda" type="open">
      <span>
        <target id="w_25"/>
      </span>
    </term>
    <term tid="t_26" lemma="'s" type="open">
      <span>
        <target id="w_26"/>
      </span>
    </term>
    <term tid="t_27" lemma="garden" type="open">
      <span>
        <target id="w_27"/>
      </span>
    </term>
    <term tid="t_28" lemma="." type="open">
      <span>
        <target id="w_28"/>
      </span>
    </term>
    <term tid="t_29" lemma="wat" type="open">
      <span>
        <target id="w_29"/>
      </span>
    </term>
    <term tid="t_30" lemma="een" type="open">
      <span>
        <target id="w_30"/>
      </span>
    </term>
    <term tid="t_31" lemma="desillusie" type="open">
      <span>
        <target id="w_31"/>
      </span>
    </term>
    <term tid="t_32" lemma="!" type="open">
      <span>
        <target id="w_32"/>
      </span>
      <sentiment sentiment_modifier="intensifier" resource="VUA_olery_lexicon_nl_lmf"/>
    </term>
    <term tid="t_33" lemma="het" type="open">
      <span>
        <target id="w_33"/>
      </span>
    </term>
    <term tid="t_34" lemma="interieur" type="open">
      <span>
        <target id="w_34"/>
      </span>
    </term>
    <term tid="t_35" lemma="is" type="open">
      <span>
        <target id="w_35"/>
      </span>
    </term>
    <term tid="t_36" lemma="triestig" type="open">
      <span>
        <target id="w_36"/>
      </span>
    </term>
    <term tid="t_37" lemma="," type="open">
      <span>
        <target id="w_37"/>
      </span>
    </term>
    <term tid="t_38" lemma="en" type="open">
      <span>
        <target id="w_38"/>
      </span>
    </term>
    <term tid="t_39" lemma="het" type="open">
      <span>
        <target id="w_39"/>
      </span>
    </term>
    <term tid="t_40" lemma="stonk" type="open">
      <span>
        <target id="w_40"/>
      </span>
    </term>
    <term tid="t_41" lemma="er" type="open">
      <span>
        <target id="w_41"/>
      </span>
    </term>
    <term tid="t_42" lemma="naar" type="open" pos="G">
      <span>
        <target id="w_42"/>
      </span>
      <sentiment polarity="negative" resource="VUA_olery_lexicon_nl_lmf"/>
    </term>
    <term tid="t_43" lemma="de" type="open">
      <span>
        <target id="w_43"/>
      </span>
    </term>
    <term tid="t_44" lemma="sigaretten" type="open">
      <span>
        <target id="w_44"/>
      </span>
    </term>
    <term tid="t_45" lemma="(" type="open">
      <span>
        <target id="w_45"/>
      </span>
    </term>
    <term tid="t_46" lemma="er" type="open">
      <span>
        <target id="w_46"/>
      </span>
    </term>
    <term tid="t_47" lemma="zaten" type="open">
      <span>
        <target id="w_47"/>
      </span>
    </term>
    <term tid="t_48" lemma="4" type="open">
      <span>
        <target id="w_48"/>
      </span>
    </term>
    <term tid="t_49" lemma="personen" type="open">
      <span>
        <target id="w_49"/>
      </span>
    </term>
    <term tid="t_50" lemma="die" type="open">
      <span>
        <target id="w_50"/>
      </span>
    </term>
    <term tid="t_51" lemma="de" type="open">
      <span>
        <target id="w_51"/>
      </span>
    </term>
    <term tid="t_52" lemma="ene" type="open">
      <span>
        <target id="w_52"/>
      </span>
    </term>
    <term tid="t_53" lemma="sigaret" type="open">
      <span>
        <target id="w_53"/>
      </span>
    </term>
    <term tid="t_54" lemma="na" type="open">
      <span>
        <target id="w_54"/>
      </span>
    </term>
    <term tid="t_55" lemma="de" type="open">
      <span>
        <target id="w_55"/>
      </span>
    </term>
    <term tid="t_56" lemma="andere" type="open">
      <span>
        <target id="w_56"/>
      </span>
    </term>
    <term tid="t_57" lemma="opstaken" type="open">
      <span>
        <target id="w_57"/>
      </span>
    </term>
    <term tid="t_58" lemma=")" type="open">
      <span>
        <target id="w_58"/>
      </span>
    </term>
    <term tid="t_59" lemma="het" type="open">
      <span>
        <target id="w_59"/>
      </span>
    </term>
    <term tid="t_60" lemma="eten" type="open">
      <span>
        <target id="w_60"/>
      </span>
    </term>
    <term tid="t_61" lemma="dan" type="open">
      <span>
        <target id="w_61"/>
      </span>
    </term>
    <term tid="t_62" lemma=":" type="open">
      <span>
        <target id="w_62"/>
      </span>
    </term>
    <term tid="t_63" lemma="soep" type="open">
      <span>
        <target id="w_63"/>
      </span>
    </term>
    <term tid="t_64" lemma="was" type="open">
      <span>
        <target id="w_64"/>
      </span>
    </term>
    <term tid="t_65" lemma="eetbaar" type="open">
      <span>
        <target id="w_65"/>
      </span>
    </term>
    <term tid="t_66" lemma="," type="open">
      <span>
        <target id="w_66"/>
      </span>
    </term>
    <term tid="t_67" lemma="het" type="open">
      <span>
        <target id="w_67"/>
      </span>
    </term>
    <term tid="t_68" lemma="egyptisch" type="open">
      <span>
        <target id="w_68"/>
      </span>
    </term>
    <term tid="t_69" lemma="voorgerecht" type="open">
      <span>
        <target id="w_69"/>
      </span>
    </term>
    <term tid="t_70" lemma="zag" type="open">
      <span>
        <target id="w_70"/>
      </span>
    </term>
    <term tid="t_71" lemma="eruit" type="open">
      <span>
        <target id="w_71"/>
      </span>
    </term>
    <term tid="t_72" lemma="als" type="open">
      <span>
        <target id="w_72"/>
      </span>
    </term>
    <term tid="t_73" lemma="een" type="open">
      <span>
        <target id="w_73"/>
      </span>
    </term>
    <term tid="t_74" lemma="hoop" type="open">
      <span>
        <target id="w_74"/>
      </span>
    </term>
    <term tid="t_75" lemma="braaksel" type="open">
      <span>
        <target id="w_75"/>
      </span>
    </term>
    <term tid="t_76" lemma="op" type="open">
      <span>
        <target id="w_76"/>
      </span>
    </term>
    <term tid="t_77" lemma="een" type="open">
      <span>
        <target id="w_77"/>
      </span>
    </term>
    <term tid="t_78" lemma="bord" type="open">
      <span>
        <target id="w_78"/>
      </span>
    </term>
    <term tid="t_79" lemma="(sorry" type="open">
      <span>
        <target id="w_79"/>
      </span>
    </term>
    <term tid="t_80" lemma="maar" type="open">
      <span>
        <target id="w_80"/>
      </span>
    </term>
    <term tid="t_81" lemma="waar" type="open">
      <span>
        <target id="w_81"/>
      </span>
    </term>
    <term tid="t_82" lemma=")" type="open">
      <span>
        <target id="w_82"/>
      </span>
    </term>
    <term tid="t_83" lemma="," type="open">
      <span>
        <target id="w_83"/>
      </span>
    </term>
    <term tid="t_84" lemma="hoofdgerecht" type="open">
      <span>
        <target id="w_84"/>
      </span>
    </term>
    <term tid="t_85" lemma=":" type="open">
      <span>
        <target id="w_85"/>
      </span>
    </term>
    <term tid="t_86" lemma="kip" type="open">
      <span>
        <target id="w_86"/>
      </span>
    </term>
    <term tid="t_87" lemma="op" type="open">
      <span>
        <target id="w_87"/>
      </span>
    </term>
    <term tid="t_88" lemma="wijze" type="open">
      <span>
        <target id="w_88"/>
      </span>
    </term>
    <term tid="t_89" lemma="van" type="open">
      <span>
        <target id="w_89"/>
      </span>
    </term>
    <term tid="t_90" lemma="alexandrie" type="open">
      <span>
        <target id="w_90"/>
      </span>
    </term>
    <term tid="t_91" lemma="," type="open">
      <span>
        <target id="w_91"/>
      </span>
    </term>
    <term tid="t_92" lemma="deze" type="open">
      <span>
        <target id="w_92"/>
      </span>
    </term>
    <term tid="t_93" lemma="was" type="open">
      <span>
        <target id="w_93"/>
      </span>
    </term>
    <term tid="t_94" lemma="nog" type="open">
      <span>
        <target id="w_94"/>
      </span>
    </term>
    <term tid="t_95" lemma="rauw" type="open" pos="G">
      <span>
        <target id="w_95"/>
      </span>
      <sentiment polarity="negative" resource="VUA_olery_lexicon_nl_lmf"/>
    </term>
    <term tid="t_96" lemma="vanbinnen" type="open">
      <span>
        <target id="w_96"/>
      </span>
    </term>
    <term tid="t_97" lemma="dus" type="open">
      <span>
        <target id="w_97"/>
      </span>
    </term>
    <term tid="t_98" lemma="geheel" type="open">
      <span>
        <target id="w_98"/>
      </span>
      <sentiment sentiment_modifier="intensifier" resource="VUA_olery_lexicon_nl_lmf"/>
    </term>
    <term tid="t_99" lemma="teruggestuurd" type="open">
      <span>
        <target id="w_99"/>
      </span>
    </term>
    <term tid="t_100" lemma="." type="open">
      <span>
        <target id="w_100"/>
      </span>
    </term>
    <term tid="t_101" lemma="mijn" type="open">
      <span>
        <target id="w_101"/>
      </span>
    </term>
    <term tid="t_102" lemma="hoofdgerecht" type="open">
      <span>
        <target id="w_102"/>
      </span>
    </term>
    <term tid="t_103" lemma="was" type="open">
      <span>
        <target id="w_103"/>
      </span>
    </term>
    <term tid="t_104" lemma="moussaka" type="open">
      <span>
        <target id="w_104"/>
      </span>
    </term>
    <term tid="t_105" lemma="dat" type="open">
      <span>
        <target id="w_105"/>
      </span>
    </term>
    <term tid="t_106" lemma="zo" type="open">
      <span>
        <target id="w_106"/>
      </span>
    </term>
    <term tid="t_107" lemma="vettig" type="open">
      <span>
        <target id="w_107"/>
      </span>
    </term>
    <term tid="t_108" lemma="was" type="open">
      <span>
        <target id="w_108"/>
      </span>
    </term>
    <term tid="t_109" lemma="dat" type="open">
      <span>
        <target id="w_109"/>
      </span>
    </term>
    <term tid="t_110" lemma="ik" type="open">
      <span>
        <target id="w_110"/>
      </span>
    </term>
    <term tid="t_111" lemma="er" type="open">
      <span>
        <target id="w_111"/>
      </span>
    </term>
    <term tid="t_112" lemma="maar" type="open">
      <span>
        <target id="w_112"/>
      </span>
    </term>
    <term tid="t_113" lemma="2" type="open">
      <span>
        <target id="w_113"/>
      </span>
    </term>
    <term tid="t_114" lemma="happen" type="open">
      <span>
        <target id="w_114"/>
      </span>
    </term>
    <term tid="t_115" lemma="van" type="open">
      <span>
        <target id="w_115"/>
      </span>
    </term>
    <term tid="t_116" lemma="genomen" type="open">
      <span>
        <target id="w_116"/>
      </span>
    </term>
    <term tid="t_117" lemma="heb" type="open">
      <span>
        <target id="w_117"/>
      </span>
    </term>
    <term tid="t_118" lemma="." type="open">
      <span>
        <target id="w_118"/>
      </span>
    </term>
    <term tid="t_119" lemma="het" type="open">
      <span>
        <target id="w_119"/>
      </span>
    </term>
    <term tid="t_120" lemma="was" type="open">
      <span>
        <target id="w_120"/>
      </span>
    </term>
    <term tid="t_121" lemma="gewoon" type="open">
      <span>
        <target id="w_121"/>
      </span>
    </term>
    <term tid="t_122" lemma="niet" type="open">
      <span>
        <target id="w_122"/>
      </span>
      <sentiment sentiment_modifier="shifter" resource="VUA_olery_lexicon_nl_lmf"/>
    </term>
    <term tid="t_123" lemma="eetbaar" type="open">
      <span>
        <target id="w_123"/>
      </span>
    </term>
    <term tid="t_124" lemma="." type="open">
      <span>
        <target id="w_124"/>
      </span>
    </term>
    <term tid="t_125" lemma="wat" type="open">
      <span>
        <target id="w_125"/>
      </span>
    </term>
    <term tid="t_126" lemma="gebeurt" type="open">
      <span>
        <target id="w_126"/>
      </span>
    </term>
    <term tid="t_127" lemma="daar" type="open">
      <span>
        <target id="w_127"/>
      </span>
    </term>
    <term tid="t_128" lemma="eigenlijk" type="open">
      <span>
        <target id="w_128"/>
      </span>
    </term>
    <term tid="t_129" lemma="?" type="open">
      <span>
        <target id="w_129"/>
      </span>
    </term>
    <term tid="t_130" lemma="een" type="open">
      <span>
        <target id="w_130"/>
      </span>
    </term>
    <term tid="t_131" lemma="slechte" type="open">
      <span>
        <target id="w_131"/>
      </span>
    </term>
    <term tid="t_132" lemma="dag" type="open">
      <span>
        <target id="w_132"/>
      </span>
    </term>
    <term tid="t_133" lemma="of" type="open">
      <span>
        <target id="w_133"/>
      </span>
    </term>
    <term tid="t_134" lemma="andere" type="open">
      <span>
        <target id="w_134"/>
      </span>
    </term>
    <term tid="t_135" lemma="kok" type="open">
      <span>
        <target id="w_135"/>
      </span>
    </term>
    <term tid="t_136" lemma="," type="open">
      <span>
        <target id="w_136"/>
      </span>
    </term>
    <term tid="t_137" lemma="?" type="open">
      <span>
        <target id="w_137"/>
      </span>
    </term>
    <term tid="t_138" lemma="je" type="open">
      <span>
        <target id="w_138"/>
      </span>
    </term>
    <term tid="t_139" lemma="kan" type="open">
      <span>
        <target id="w_139"/>
      </span>
    </term>
    <term tid="t_140" lemma="wel" type="open">
      <span>
        <target id="w_140"/>
      </span>
    </term>
    <term tid="t_141" lemma="raden" type="open">
      <span>
        <target id="w_141"/>
      </span>
    </term>
    <term tid="t_142" lemma="dat" type="open">
      <span>
        <target id="w_142"/>
      </span>
    </term>
    <term tid="t_143" lemma="wij" type="open">
      <span>
        <target id="w_143"/>
      </span>
    </term>
    <term tid="t_144" lemma="niet" type="open">
      <span>
        <target id="w_144"/>
      </span>
      <sentiment sentiment_modifier="shifter" resource="VUA_olery_lexicon_nl_lmf"/>
    </term>
    <term tid="t_145" lemma="meer" type="open">
      <span>
        <target id="w_145"/>
      </span>
    </term>
    <term tid="t_146" lemma="zijn" type="open">
      <span>
        <target id="w_146"/>
      </span>
    </term>
    <term tid="t_147" lemma="teruggekeerd" type="open">
      <span>
        <target id="w_147"/>
      </span>
    </term>
    <term tid="t_148" lemma="," type="open">
      <span>
        <target id="w_148"/>
      </span>
    </term>
    <term tid="t_149" lemma="anderzijds" type="open">
      <span>
        <target id="w_149"/>
      </span>
    </term>
    <term tid="t_150" lemma="zijn" type="open">
      <span>
        <target id="w_150"/>
      </span>
    </term>
    <term tid="t_151" lemma="gerda" type="open">
      <span>
        <target id="w_151"/>
      </span>
    </term>
    <term tid="t_152" lemma="en" type="open">
      <span>
        <target id="w_152"/>
      </span>
    </term>
    <term tid="t_153" lemma="echtgenoot" type="open">
      <span>
        <target id="w_153"/>
      </span>
    </term>
    <term tid="t_154" lemma="echt" type="open">
      <span>
        <target id="w_154"/>
      </span>
      <sentiment sentiment_modifier="intensifier" resource="VUA_olery_lexicon_nl_lmf"/>
    </term>
    <term tid="t_155" lemma="wel" type="open">
      <span>
        <target id="w_155"/>
      </span>
    </term>
    <term tid="t_156" lemma="lieve" type="open">
      <span>
        <target id="w_156"/>
      </span>
    </term>
    <term tid="t_157" lemma="," type="open">
      <span>
        <target id="w_157"/>
      </span>
    </term>
    <term tid="t_158" lemma="vriendelijke" type="open">
      <span>
        <target id="w_158"/>
      </span>
    </term>
    <term tid="t_159" lemma="mensen" type="open">
      <span>
        <target id="w_159"/>
      </span>
    </term>
    <term tid="t_160" lemma="," type="open">
      <span>
        <target id="w_160"/>
      </span>
    </term>
    <term tid="t_161" lemma="dat" type="open">
      <span>
        <target id="w_161"/>
      </span>
    </term>
    <term tid="t_162" lemma="is" type="open">
      <span>
        <target id="w_162"/>
      </span>
    </term>
    <term tid="t_163" lemma="dan" type="open">
      <span>
        <target id="w_163"/>
      </span>
    </term>
    <term tid="t_164" lemma="ook" type="open">
      <span>
        <target id="w_164"/>
      </span>
    </term>
    <term tid="t_165" lemma="het" type="open">
      <span>
        <target id="w_165"/>
      </span>
    </term>
    <term tid="t_166" lemma="enige" type="open">
      <span>
        <target id="w_166"/>
      </span>
    </term>
    <term tid="t_167" lemma="positieve" type="open">
      <span>
        <target id="w_167"/>
      </span>
    </term>
    <term tid="t_168" lemma="aan" type="open">
      <span>
        <target id="w_168"/>
      </span>
    </term>
    <term tid="t_169" lemma="dit" type="open">
      <span>
        <target id="w_169"/>
      </span>
    </term>
    <term tid="t_170" lemma="restaurant" type="open">
      <span>
        <target id="w_170"/>
      </span>
    </term>
    <term tid="t_171" lemma="!" type="open">
      <span>
        <target id="w_171"/>
      </span>
      <sentiment sentiment_modifier="intensifier" resource="VUA_olery_lexicon_nl_lmf"/>
    </term>
    <term tid="t_172" lemma="(als" type="open">
      <span>
        <target id="w_172"/>
      </span>
    </term>
    <term tid="t_173" lemma="je" type="open">
      <span>
        <target id="w_173"/>
      </span>
    </term>
    <term tid="t_174" lemma="wijn" type="open">
      <span>
        <target id="w_174"/>
      </span>
    </term>
    <term tid="t_175" lemma="bestelt" type="open">
      <span>
        <target id="w_175"/>
      </span>
    </term>
    <term tid="t_176" lemma="hebben" type="open">
      <span>
        <target id="w_176"/>
      </span>
    </term>
    <term tid="t_177" lemma="ze" type="open">
      <span>
        <target id="w_177"/>
      </span>
    </term>
    <term tid="t_178" lemma="deze" type="open">
      <span>
        <target id="w_178"/>
      </span>
    </term>
    <term tid="t_179" lemma="niet" type="open">
      <span>
        <target id="w_179"/>
      </span>
      <sentiment sentiment_modifier="shifter" resource="VUA_olery_lexicon_nl_lmf"/>
    </term>
    <term tid="t_180" lemma="voorradig" type="open">
      <span>
        <target id="w_180"/>
      </span>
    </term>
    <term tid="t_181" lemma="maar" type="open">
      <span>
        <target id="w_181"/>
      </span>
    </term>
    <term tid="t_182" lemma="lopen" type="open">
      <span>
        <target id="w_182"/>
      </span>
    </term>
    <term tid="t_183" lemma="er" type="open">
      <span>
        <target id="w_183"/>
      </span>
    </term>
    <term tid="t_184" lemma="gauw" type="open">
      <span>
        <target id="w_184"/>
      </span>
    </term>
    <term tid="t_185" lemma="om" type="open">
      <span>
        <target id="w_185"/>
      </span>
    </term>
    <term tid="t_186" lemma="buiten" type="open">
      <span>
        <target id="w_186"/>
      </span>
    </term>
    <term tid="t_187" lemma="in" type="open">
      <span>
        <target id="w_187"/>
      </span>
    </term>
    <term tid="t_188" lemma="een" type="open">
      <span>
        <target id="w_188"/>
      </span>
    </term>
    <term tid="t_189" lemma="winkel" type="open">
      <span>
        <target id="w_189"/>
      </span>
    </term>
    <term tid="t_190" lemma=")" type="open">
      <span>
        <target id="w_190"/>
      </span>
    </term>
    <term tid="t_191" lemma="spijtig" type="open" pos="G">
      <span>
        <target id="w_191"/>
      </span>
      <sentiment polarity="negative" resource="VUA_olery_lexicon_nl_lmf"/>
    </term>
    <term tid="t_192" lemma="hoor" type="open">
      <span>
        <target id="w_192"/>
      </span>
    </term>
    <term tid="t_193" lemma="." type="open">
      <span>
        <target id="w_193"/>
      </span>
    </term>
  </terms>
  <entities>
    <entity type="MISC" eid="e_1">
      <span>
        <target id="t_20"/>
      </span>
      <span>
        <target id="t_146"/>
      </span>
      <span>
        <target id="t_150"/>
      </span>
    </entity>
    <entity type="MISC" eid="e_2">
      <span>
        <target id="t_159"/>
      </span>
    </entity>
    <entity type="PER" eid="e_3">
      <span>
        <target id="t_135"/>
      </span>
    </entity>
    <entity type="PER" eid="e_4">
      <span>
        <target id="t_113"/>
      </span>
    </entity>
  </entities>
  <properties>
    <property type="location" pid="p_1">
      <span>
        <target id="t_189"/>
      </span>
    </property>
    <property type="room" pid="p_2">
      <span>
        <target id="t_34"/>
      </span>
    </property>
    <property type="restaurant" pid="p_3">
      <span>
        <target id="t_23"/>
      </span>
      <span>
        <target id="t_60"/>
      </span>
      <span>
        <target id="t_63"/>
      </span>
      <span>
        <target id="t_69"/>
      </span>
      <span>
        <target id="t_78"/>
      </span>
      <span>
        <target id="t_84"/>
      </span>
      <span>
        <target id="t_86"/>
      </span>
      <span>
        <target id="t_95"/>
      </span>
      <span>
        <target id="t_102"/>
      </span>
      <span>
        <target id="t_135"/>
      </span>
      <span>
        <target id="t_170"/>
      </span>
      <span>
        <target id="t_174"/>
      </span>
    </property>
  </properties>
  <opinions>
    <opinion oid="o_1">
      <opinion_target>
        <span>
          <target id="t_44"/>
        </span>
      </opinion_target>
      <opinion_expression polarity="negative" strength="-1">
        <span>
          <target id="t_42"/>
        </span>
      </opinion_expression>
    </opinion>
    <opinion oid="o_2">
      <opinion_target>
        <span>
          <target id="t_96"/>
        </span>
      </opinion_target>
      <opinion_expression polarity="negative" strength="-1">
        <span>
          <target id="t_95"/>
        </span>
      </opinion_expression>
    </opinion>
    <opinion oid="o_3">
      <opinion_target>
        <span>
          <target id="t_192"/>
        </span>
      </opinion_target>
      <opinion_expression polarity="negative" strength="-1">
        <span>
          <target id="t_191"/>
        </span>
      </opinion_expression>
    </opinion>
  </opinions>
</KAF>
