<?xml version='1.0' encoding='UTF-8'?>
<KAF xml:lang="nl">
  <linguisticProcessors layer="text">
    <lp timestamp="2013-01-06T18:30:34CET" version="2.0" name="SentenceTokenizer"/>
  </linguisticProcessors>
  <linguisticProcessors layer="terms">
    <lp timestamp="2013-01-06T18:30:34CET" version="2.0" name="SentenceTokenizer"/>
    <lp timestamp="2013-01-06T18:30:34CET" version="1.0" name="SimplePolarityTagger"/>
  </linguisticProcessors>
  <linguisticProcessor layer="opinions">
    <lp timestamp="2013-01-06T18:30:34CET" version="1.0" name="SimpleOpinionDetector"/>
  </linguisticProcessor>
  <linguisticProcessor layer="properties">
    <lp timestamp="2013-01-06T18:30:34CET" version="1.0" name="SimplePropRecognizer_lookup"/>
  </linguisticProcessor>
  <linguisticProcessor layer="entities">
    <lp timestamp="2013-01-06T18:30:34CET" version="1.0" name="SimpleNER_lookup"/>
  </linguisticProcessor>
  <text>
    <wf wid="w_1" para="1" sent="1">standaard</wf>
    <wf wid="w_2" para="1" sent="1">faciliteiten</wf>
    <wf wid="w_3" para="1" sent="1">overgoten</wf>
    <wf wid="w_4" para="1" sent="1">met</wf>
    <wf wid="w_5" para="1" sent="1">een</wf>
    <wf wid="w_6" para="1" sent="1">laagje</wf>
    <wf wid="w_7" para="1" sent="1">design</wf>
    <wf wid="w_8" para="1" sent="1">.</wf>
    <wf wid="w_9" para="1" sent="2">een</wf>
    <wf wid="w_10" para="1" sent="2">opstapeling</wf>
    <wf wid="w_11" para="1" sent="2">van</wf>
    <wf wid="w_12" para="1" sent="2">kleine</wf>
    <wf wid="w_13" para="1" sent="2">ergernissen</wf>
    <wf wid="w_14" para="1" sent="2">die</wf>
    <wf wid="w_15" para="1" sent="2">het</wf>
    <wf wid="w_16" para="1" sent="2">toch</wf>
    <wf wid="w_17" para="1" sent="2">niet</wf>
    <wf wid="w_18" para="1" sent="2">zo</wf>
    <wf wid="w_19" para="1" sent="2">'n</wf>
    <wf wid="w_20" para="1" sent="2">goede</wf>
    <wf wid="w_21" para="1" sent="2">ervaring</wf>
    <wf wid="w_22" para="1" sent="2">maken</wf>
    <wf wid="w_23" para="1" sent="2">,</wf>
    <wf wid="w_24" para="1" sent="2">zoals</wf>
    <wf wid="w_25" para="1" sent="2">de</wf>
    <wf wid="w_26" para="1" sent="2">batterij</wf>
    <wf wid="w_27" para="1" sent="2">van</wf>
    <wf wid="w_28" para="1" sent="2">de</wf>
    <wf wid="w_29" para="1" sent="2">afstandsbediening</wf>
    <wf wid="w_30" para="1" sent="2">die</wf>
    <wf wid="w_31" para="1" sent="2">leeg</wf>
    <wf wid="w_32" para="1" sent="2">is</wf>
    <wf wid="w_33" para="1" sent="2">,</wf>
    <wf wid="w_34" para="1" sent="2">geen</wf>
    <wf wid="w_35" para="1" sent="2">badschuim</wf>
    <wf wid="w_36" para="1" sent="2">,</wf>
    <wf wid="w_37" para="1" sent="2">vuil</wf>
    <wf wid="w_38" para="1" sent="2">linnen</wf>
    <wf wid="w_39" para="1" sent="2">dat</wf>
    <wf wid="w_40" para="1" sent="2">in</wf>
    <wf wid="w_41" para="1" sent="2">de</wf>
    <wf wid="w_42" para="1" sent="2">gang</wf>
    <wf wid="w_43" para="1" sent="2">blijft</wf>
    <wf wid="w_44" para="1" sent="2">staan</wf>
    <wf wid="w_45" para="1" sent="2">..</wf>
  </text>
  <terms>
    <term tid="t_1" lemma="standaard" type="open">
      <span>
        <target id="w_1"/>
      </span>
    </term>
    <term tid="t_2" lemma="faciliteiten" type="open">
      <span>
        <target id="w_2"/>
      </span>
    </term>
    <term tid="t_3" lemma="overgoten" type="open">
      <span>
        <target id="w_3"/>
      </span>
    </term>
    <term tid="t_4" lemma="met" type="open">
      <span>
        <target id="w_4"/>
      </span>
    </term>
    <term tid="t_5" lemma="een" type="open">
      <span>
        <target id="w_5"/>
      </span>
    </term>
    <term tid="t_6" lemma="laagje" type="open">
      <span>
        <target id="w_6"/>
      </span>
    </term>
    <term tid="t_7" lemma="design" type="open">
      <span>
        <target id="w_7"/>
      </span>
    </term>
    <term tid="t_8" lemma="." type="open">
      <span>
        <target id="w_8"/>
      </span>
    </term>
    <term tid="t_9" lemma="een" type="open">
      <span>
        <target id="w_9"/>
      </span>
    </term>
    <term tid="t_10" lemma="opstapeling" type="open">
      <span>
        <target id="w_10"/>
      </span>
    </term>
    <term tid="t_11" lemma="van" type="open">
      <span>
        <target id="w_11"/>
      </span>
    </term>
    <term tid="t_12" lemma="kleine" type="open">
      <span>
        <target id="w_12"/>
      </span>
    </term>
    <term tid="t_13" lemma="ergernissen" type="open">
      <span>
        <target id="w_13"/>
      </span>
    </term>
    <term tid="t_14" lemma="die" type="open">
      <span>
        <target id="w_14"/>
      </span>
    </term>
    <term tid="t_15" lemma="het" type="open">
      <span>
        <target id="w_15"/>
      </span>
    </term>
    <term tid="t_16" lemma="toch" type="open">
      <span>
        <target id="w_16"/>
      </span>
    </term>
    <term tid="t_17" lemma="niet" type="open">
      <span>
        <target id="w_17"/>
      </span>
      <sentiment sentiment_modifier="shifter" resource="VUA_olery_lexicon_nl_lmf"/>
    </term>
    <term tid="t_18" lemma="zo" type="open">
      <span>
        <target id="w_18"/>
      </span>
    </term>
    <term tid="t_19" lemma="'n" type="open">
      <span>
        <target id="w_19"/>
      </span>
    </term>
    <term tid="t_20" lemma="goede" type="open" pos="G">
      <span>
        <target id="w_20"/>
      </span>
      <sentiment polarity="positive" resource="VUA_olery_lexicon_nl_lmf"/>
    </term>
    <term tid="t_21" lemma="ervaring" type="open">
      <span>
        <target id="w_21"/>
      </span>
    </term>
    <term tid="t_22" lemma="maken" type="open">
      <span>
        <target id="w_22"/>
      </span>
    </term>
    <term tid="t_23" lemma="," type="open">
      <span>
        <target id="w_23"/>
      </span>
    </term>
    <term tid="t_24" lemma="zoals" type="open">
      <span>
        <target id="w_24"/>
      </span>
    </term>
    <term tid="t_25" lemma="de" type="open">
      <span>
        <target id="w_25"/>
      </span>
    </term>
    <term tid="t_26" lemma="batterij" type="open">
      <span>
        <target id="w_26"/>
      </span>
    </term>
    <term tid="t_27" lemma="van" type="open">
      <span>
        <target id="w_27"/>
      </span>
    </term>
    <term tid="t_28" lemma="de" type="open">
      <span>
        <target id="w_28"/>
      </span>
    </term>
    <term tid="t_29" lemma="afstandsbediening" type="open">
      <span>
        <target id="w_29"/>
      </span>
    </term>
    <term tid="t_30" lemma="die" type="open">
      <span>
        <target id="w_30"/>
      </span>
    </term>
    <term tid="t_31" lemma="leeg" type="open">
      <span>
        <target id="w_31"/>
      </span>
    </term>
    <term tid="t_32" lemma="is" type="open">
      <span>
        <target id="w_32"/>
      </span>
    </term>
    <term tid="t_33" lemma="," type="open">
      <span>
        <target id="w_33"/>
      </span>
    </term>
    <term tid="t_34" lemma="geen" type="open">
      <span>
        <target id="w_34"/>
      </span>
      <sentiment sentiment_modifier="shifter" resource="VUA_olery_lexicon_nl_lmf"/>
    </term>
    <term tid="t_35" lemma="badschuim" type="open">
      <span>
        <target id="w_35"/>
      </span>
    </term>
    <term tid="t_36" lemma="," type="open">
      <span>
        <target id="w_36"/>
      </span>
    </term>
    <term tid="t_37" lemma="vuil" type="open" pos="G">
      <span>
        <target id="w_37"/>
      </span>
      <sentiment polarity="negative" resource="VUA_olery_lexicon_nl_lmf"/>
    </term>
    <term tid="t_38" lemma="linnen" type="open">
      <span>
        <target id="w_38"/>
      </span>
    </term>
    <term tid="t_39" lemma="dat" type="open">
      <span>
        <target id="w_39"/>
      </span>
    </term>
    <term tid="t_40" lemma="in" type="open">
      <span>
        <target id="w_40"/>
      </span>
    </term>
    <term tid="t_41" lemma="de" type="open">
      <span>
        <target id="w_41"/>
      </span>
    </term>
    <term tid="t_42" lemma="gang" type="open">
      <span>
        <target id="w_42"/>
      </span>
    </term>
    <term tid="t_43" lemma="blijft" type="open">
      <span>
        <target id="w_43"/>
      </span>
    </term>
    <term tid="t_44" lemma="staan" type="open">
      <span>
        <target id="w_44"/>
      </span>
    </term>
    <term tid="t_45" lemma=".." type="open">
      <span>
        <target id="w_45"/>
      </span>
    </term>
  </terms>
  <properties>
    <property type="cleanliness" pid="p_1">
      <span>
        <target id="t_37"/>
      </span>
    </property>
    <property type="facilities" pid="p_2">
      <span>
        <target id="t_29"/>
      </span>
    </property>
    <property type="bathroom" pid="p_3">
      <span>
        <target id="t_35"/>
      </span>
    </property>
    <property type="room" pid="p_4">
      <span>
        <target id="t_1"/>
      </span>
      <span>
        <target id="t_7"/>
      </span>
    </property>
  </properties>
  <opinions>
    <opinion oid="o_1">
      <opinion_target>
        <span>
          <target id="t_21"/>
        </span>
      </opinion_target>
      <opinion_expression polarity="positive" strength="1">
        <span>
          <target id="t_20"/>
        </span>
      </opinion_expression>
    </opinion>
    <opinion oid="o_2">
      <opinion_target>
        <span>
          <target id="t_38"/>
        </span>
      </opinion_target>
      <opinion_expression polarity="negative" strength="-1">
        <span>
          <target id="t_37"/>
        </span>
      </opinion_expression>
    </opinion>
  </opinions>
</KAF>
