<?xml version='1.0' encoding='UTF-8'?>
<KAF xml:lang="nl">
  <linguisticProcessors layer="text">
    <lp timestamp="2013-01-06T18:29:46CET" version="2.0" name="SentenceTokenizer"/>
  </linguisticProcessors>
  <linguisticProcessors layer="terms">
    <lp timestamp="2013-01-06T18:29:46CET" version="2.0" name="SentenceTokenizer"/>
    <lp timestamp="2013-01-06T18:29:46CET" version="1.0" name="SimplePolarityTagger"/>
  </linguisticProcessors>
  <linguisticProcessor layer="opinions">
    <lp timestamp="2013-01-06T18:29:46CET" version="1.0" name="SimpleOpinionDetector"/>
  </linguisticProcessor>
  <linguisticProcessor layer="properties">
    <lp timestamp="2013-01-06T18:29:46CET" version="1.0" name="SimplePropRecognizer_lookup"/>
  </linguisticProcessor>
  <linguisticProcessor layer="entities">
    <lp timestamp="2013-01-06T18:29:46CET" version="1.0" name="SimpleNER_lookup"/>
  </linguisticProcessor>
  <text>
    <wf wid="w_1" para="1" sent="1">prima</wf>
    <wf wid="w_2" para="1" sent="1">lokatie</wf>
    <wf wid="w_3" para="1" sent="1">.</wf>
    <wf wid="w_4" para="1" sent="2">de</wf>
    <wf wid="w_5" para="1" sent="2">showergel</wf>
    <wf wid="w_6" para="1" sent="2">en</wf>
    <wf wid="w_7" para="1" sent="2">shampoo</wf>
    <wf wid="w_8" para="1" sent="2">waren</wf>
    <wf wid="w_9" para="1" sent="2">zo</wf>
    <wf wid="w_10" para="1" sent="2">goed</wf>
    <wf wid="w_11" para="1" sent="2">als</wf>
    <wf wid="w_12" para="1" sent="2">op</wf>
    <wf wid="w_13" para="1" sent="2">en</wf>
    <wf wid="w_14" para="1" sent="2">dat</wf>
    <wf wid="w_15" para="1" sent="2">merk</wf>
    <wf wid="w_16" para="1" sent="2">je</wf>
    <wf wid="w_17" para="1" sent="2">pas</wf>
    <wf wid="w_18" para="1" sent="2">als</wf>
    <wf wid="w_19" para="1" sent="2">je</wf>
    <wf wid="w_20" para="1" sent="2">onder</wf>
    <wf wid="w_21" para="1" sent="2">de</wf>
    <wf wid="w_22" para="1" sent="2">douche</wf>
    <wf wid="w_23" para="1" sent="2">staat</wf>
    <wf wid="w_24" para="1" sent="2">.</wf>
    <wf wid="w_25" para="1" sent="3">Het</wf>
    <wf wid="w_26" para="1" sent="3">was</wf>
    <wf wid="w_27" para="1" sent="3">een</wf>
    <wf wid="w_28" para="1" sent="3">2</wf>
    <wf wid="w_29" para="1" sent="3">-</wf>
    <wf wid="w_30" para="1" sent="3">persoonskamer</wf>
    <wf wid="w_31" para="1" sent="3">en</wf>
    <wf wid="w_32" para="1" sent="3">er</wf>
    <wf wid="w_33" para="1" sent="3">lag</wf>
    <wf wid="w_34" para="1" sent="3">maar</wf>
    <wf wid="w_35" para="1" sent="3">1</wf>
    <wf wid="w_36" para="1" sent="3">grote</wf>
    <wf wid="w_37" para="1" sent="3">en</wf>
    <wf wid="w_38" para="1" sent="3">1</wf>
    <wf wid="w_39" para="1" sent="3">kleine</wf>
    <wf wid="w_40" para="1" sent="3">handdoek</wf>
    <wf wid="w_41" para="1" sent="3">klaar</wf>
  </text>
  <terms>
    <term tid="t_1" lemma="prima" type="open" pos="G">
      <span>
        <target id="w_1"/>
      </span>
      <sentiment polarity="positive" resource="VUA_olery_lexicon_nl_lmf"/>
    </term>
    <term tid="t_2" lemma="lokatie" type="open">
      <span>
        <target id="w_2"/>
      </span>
    </term>
    <term tid="t_3" lemma="." type="open">
      <span>
        <target id="w_3"/>
      </span>
    </term>
    <term tid="t_4" lemma="de" type="open">
      <span>
        <target id="w_4"/>
      </span>
    </term>
    <term tid="t_5" lemma="showergel" type="open">
      <span>
        <target id="w_5"/>
      </span>
    </term>
    <term tid="t_6" lemma="en" type="open">
      <span>
        <target id="w_6"/>
      </span>
    </term>
    <term tid="t_7" lemma="shampoo" type="open">
      <span>
        <target id="w_7"/>
      </span>
    </term>
    <term tid="t_8" lemma="waren" type="open">
      <span>
        <target id="w_8"/>
      </span>
    </term>
    <term tid="t_9" lemma="zo" type="open">
      <span>
        <target id="w_9"/>
      </span>
    </term>
    <term tid="t_10" lemma="goed" type="open" pos="G">
      <span>
        <target id="w_10"/>
      </span>
      <sentiment polarity="positive" resource="VUA_olery_lexicon_nl_lmf"/>
    </term>
    <term tid="t_11" lemma="als" type="open">
      <span>
        <target id="w_11"/>
      </span>
    </term>
    <term tid="t_12" lemma="op" type="open">
      <span>
        <target id="w_12"/>
      </span>
    </term>
    <term tid="t_13" lemma="en" type="open">
      <span>
        <target id="w_13"/>
      </span>
    </term>
    <term tid="t_14" lemma="dat" type="open">
      <span>
        <target id="w_14"/>
      </span>
    </term>
    <term tid="t_15" lemma="merk" type="open">
      <span>
        <target id="w_15"/>
      </span>
    </term>
    <term tid="t_16" lemma="je" type="open">
      <span>
        <target id="w_16"/>
      </span>
    </term>
    <term tid="t_17" lemma="pas" type="open">
      <span>
        <target id="w_17"/>
      </span>
    </term>
    <term tid="t_18" lemma="als" type="open">
      <span>
        <target id="w_18"/>
      </span>
    </term>
    <term tid="t_19" lemma="je" type="open">
      <span>
        <target id="w_19"/>
      </span>
    </term>
    <term tid="t_20" lemma="onder" type="open">
      <span>
        <target id="w_20"/>
      </span>
    </term>
    <term tid="t_21" lemma="de" type="open">
      <span>
        <target id="w_21"/>
      </span>
    </term>
    <term tid="t_22" lemma="douche" type="open">
      <span>
        <target id="w_22"/>
      </span>
    </term>
    <term tid="t_23" lemma="staat" type="open">
      <span>
        <target id="w_23"/>
      </span>
    </term>
    <term tid="t_24" lemma="." type="open">
      <span>
        <target id="w_24"/>
      </span>
    </term>
    <term tid="t_25" lemma="het" type="open">
      <span>
        <target id="w_25"/>
      </span>
    </term>
    <term tid="t_26" lemma="was" type="open">
      <span>
        <target id="w_26"/>
      </span>
    </term>
    <term tid="t_27" lemma="een" type="open">
      <span>
        <target id="w_27"/>
      </span>
    </term>
    <term tid="t_28" lemma="2" type="open">
      <span>
        <target id="w_28"/>
      </span>
    </term>
    <term tid="t_29" lemma="-" type="open">
      <span>
        <target id="w_29"/>
      </span>
    </term>
    <term tid="t_30" lemma="persoonskamer" type="open">
      <span>
        <target id="w_30"/>
      </span>
    </term>
    <term tid="t_31" lemma="en" type="open">
      <span>
        <target id="w_31"/>
      </span>
    </term>
    <term tid="t_32" lemma="er" type="open">
      <span>
        <target id="w_32"/>
      </span>
    </term>
    <term tid="t_33" lemma="lag" type="open">
      <span>
        <target id="w_33"/>
      </span>
    </term>
    <term tid="t_34" lemma="maar" type="open">
      <span>
        <target id="w_34"/>
      </span>
    </term>
    <term tid="t_35" lemma="1" type="open">
      <span>
        <target id="w_35"/>
      </span>
    </term>
    <term tid="t_36" lemma="grote" type="open">
      <span>
        <target id="w_36"/>
      </span>
    </term>
    <term tid="t_37" lemma="en" type="open">
      <span>
        <target id="w_37"/>
      </span>
    </term>
    <term tid="t_38" lemma="1" type="open">
      <span>
        <target id="w_38"/>
      </span>
    </term>
    <term tid="t_39" lemma="kleine" type="open">
      <span>
        <target id="w_39"/>
      </span>
    </term>
    <term tid="t_40" lemma="handdoek" type="open">
      <span>
        <target id="w_40"/>
      </span>
    </term>
    <term tid="t_41" lemma="klaar" type="open">
      <span>
        <target id="w_41"/>
      </span>
    </term>
  </terms>
  <entities>
    <entity type="PER" eid="e_1">
      <span>
        <target id="t_35"/>
      </span>
      <span>
        <target id="t_38"/>
      </span>
    </entity>
    <entity type="PER" eid="e_2">
      <span>
        <target id="t_1"/>
      </span>
    </entity>
    <entity type="PER" eid="e_3">
      <span>
        <target id="t_28"/>
      </span>
    </entity>
  </entities>
  <properties>
    <property type="bathroom" pid="p_1">
      <span>
        <target id="t_22"/>
      </span>
      <span>
        <target id="t_40"/>
      </span>
    </property>
    <property type="location" pid="p_2">
      <span>
        <target id="t_2"/>
      </span>
    </property>
    <property type="room" pid="p_3">
      <span>
        <target id="t_30"/>
      </span>
    </property>
  </properties>
  <opinions>
    <opinion oid="o_1">
      <opinion_target>
        <span>
          <target id="t_2"/>
        </span>
      </opinion_target>
      <opinion_expression polarity="positive" strength="1">
        <span>
          <target id="t_1"/>
        </span>
      </opinion_expression>
    </opinion>
    <opinion oid="o_2">
      <opinion_target>
        <span>
          <target id="t_7"/>
        </span>
      </opinion_target>
      <opinion_expression polarity="positive" strength="1">
        <span>
          <target id="t_10"/>
        </span>
      </opinion_expression>
    </opinion>
  </opinions>
</KAF>
