<?xml version='1.0' encoding='UTF-8'?>
<KAF xml:lang="nl">
  <linguisticProcessors layer="text">
    <lp timestamp="2013-01-06T18:31:52CET" version="2.0" name="SentenceTokenizer"/>
  </linguisticProcessors>
  <linguisticProcessors layer="terms">
    <lp timestamp="2013-01-06T18:31:52CET" version="2.0" name="SentenceTokenizer"/>
    <lp timestamp="2013-01-06T18:31:52CET" version="1.0" name="SimplePolarityTagger"/>
  </linguisticProcessors>
  <linguisticProcessor layer="opinions">
    <lp timestamp="2013-01-06T18:31:52CET" version="1.0" name="SimpleOpinionDetector"/>
  </linguisticProcessor>
  <linguisticProcessor layer="properties">
    <lp timestamp="2013-01-06T18:31:52CET" version="1.0" name="SimplePropRecognizer_lookup"/>
  </linguisticProcessor>
  <linguisticProcessor layer="entities">
    <lp timestamp="2013-01-06T18:31:52CET" version="1.0" name="SimpleNER_lookup"/>
  </linguisticProcessor>
  <text>
    <wf wid="w_1" para="1" sent="1">We</wf>
    <wf wid="w_2" para="1" sent="1">hebben</wf>
    <wf wid="w_3" para="1" sent="1">hier</wf>
    <wf wid="w_4" para="1" sent="1">eind</wf>
    <wf wid="w_5" para="1" sent="1">juni</wf>
    <wf wid="w_6" para="1" sent="1">geslapen</wf>
    <wf wid="w_7" para="1" sent="1">.</wf>
    <wf wid="w_8" para="1" sent="2">Gezellige</wf>
    <wf wid="w_9" para="1" sent="2">kamer</wf>
    <wf wid="w_10" para="1" sent="2">,</wf>
    <wf wid="w_11" para="1" sent="2">inrichting</wf>
    <wf wid="w_12" para="1" sent="2">een</wf>
    <wf wid="w_13" para="1" sent="2">prettig</wf>
    <wf wid="w_14" para="1" sent="2">alternatief</wf>
    <wf wid="w_15" para="1" sent="2">op</wf>
    <wf wid="w_16" para="1" sent="2">het</wf>
    <wf wid="w_17" para="1" sent="2">gebruikelijke</wf>
    <wf wid="w_18" para="1" sent="2">neutraal</wf>
    <wf wid="w_19" para="1" sent="2">nondescript</wf>
    <wf wid="w_20" para="1" sent="2">.</wf>
    <wf wid="w_21" para="1" sent="3">Afstandsbediening</wf>
    <wf wid="w_22" para="1" sent="3">TV</wf>
    <wf wid="w_23" para="1" sent="3">werkt</wf>
    <wf wid="w_24" para="1" sent="3">niet</wf>
    <wf wid="w_25" para="1" sent="3">.</wf>
    <wf wid="w_26" para="1" sent="4">Badkamer</wf>
    <wf wid="w_27" para="1" sent="4">prima</wf>
    <wf wid="w_28" para="1" sent="4">.</wf>
    <wf wid="w_29" para="1" sent="5">Warm</wf>
    <wf wid="w_30" para="1" sent="5">weer</wf>
    <wf wid="w_31" para="1" sent="5">,</wf>
    <wf wid="w_32" para="1" sent="5">dus</wf>
    <wf wid="w_33" para="1" sent="5">raam</wf>
    <wf wid="w_34" para="1" sent="5">open</wf>
    <wf wid="w_35" para="1" sent="5">bij</wf>
    <wf wid="w_36" para="1" sent="5">de</wf>
    <wf wid="w_37" para="1" sent="5">zolderkamer</wf>
    <wf wid="w_38" para="1" sent="5">.</wf>
    <wf wid="w_39" para="1" sent="6">Uitzicht</wf>
    <wf wid="w_40" para="1" sent="6">op</wf>
    <wf wid="w_41" para="1" sent="6">de</wf>
    <wf wid="w_42" para="1" sent="6">parkeergarage</wf>
    <wf wid="w_43" para="1" sent="6">,</wf>
    <wf wid="w_44" para="1" sent="6">waar</wf>
    <wf wid="w_45" para="1" sent="6">tot</wf>
    <wf wid="w_46" para="1" sent="6">laat</wf>
    <wf wid="w_47" para="1" sent="6">auto</wf>
    <wf wid="w_48" para="1" sent="6">'s</wf>
    <wf wid="w_49" para="1" sent="6">in</wf>
    <wf wid="w_50" para="1" sent="6">en</wf>
    <wf wid="w_51" para="1" sent="6">uit</wf>
    <wf wid="w_52" para="1" sent="6">rijden</wf>
    <wf wid="w_53" para="1" sent="6">.</wf>
    <wf wid="w_54" para="1" sent="7">Daarbij</wf>
    <wf wid="w_55" para="1" sent="7">veel</wf>
    <wf wid="w_56" para="1" sent="7">luidruchtige</wf>
    <wf wid="w_57" para="1" sent="7">stappers</wf>
    <wf wid="w_58" para="1" sent="7">.</wf>
    <wf wid="w_59" para="1" sent="8">Te</wf>
    <wf wid="w_60" para="1" sent="8">veel</wf>
    <wf wid="w_61" para="1" sent="8">herrie</wf>
    <wf wid="w_62" para="1" sent="8">voor</wf>
    <wf wid="w_63" para="1" sent="8">onze</wf>
    <wf wid="w_64" para="1" sent="8">smaak</wf>
    <wf wid="w_65" para="1" sent="8">,</wf>
    <wf wid="w_66" para="1" sent="8">slaapt</wf>
    <wf wid="w_67" para="1" sent="8">niet</wf>
    <wf wid="w_68" para="1" sent="8">lekker</wf>
    <wf wid="w_69" para="1" sent="8">in</wf>
    <wf wid="w_70" para="1" sent="8">.</wf>
    <wf wid="w_71" para="1" sent="9">Ontbijt</wf>
    <wf wid="w_72" para="1" sent="9">prima</wf>
    <wf wid="w_73" para="1" sent="9">,</wf>
    <wf wid="w_74" para="1" sent="9">op</wf>
    <wf wid="w_75" para="1" sent="9">het</wf>
    <wf wid="w_76" para="1" sent="9">bankje</wf>
    <wf wid="w_77" para="1" sent="9">op</wf>
    <wf wid="w_78" para="1" sent="9">de</wf>
    <wf wid="w_79" para="1" sent="9">stoep</wf>
    <wf wid="w_80" para="1" sent="9">in</wf>
    <wf wid="w_81" para="1" sent="9">de</wf>
    <wf wid="w_82" para="1" sent="9">zon</wf>
    <wf wid="w_83" para="1" sent="9">.</wf>
  </text>
  <terms>
    <term tid="t_1" lemma="we" type="open">
      <span>
        <target id="w_1"/>
      </span>
    </term>
    <term tid="t_2" lemma="hebben" type="open">
      <span>
        <target id="w_2"/>
      </span>
    </term>
    <term tid="t_3" lemma="hier" type="open">
      <span>
        <target id="w_3"/>
      </span>
    </term>
    <term tid="t_4" lemma="eind" type="open">
      <span>
        <target id="w_4"/>
      </span>
    </term>
    <term tid="t_5" lemma="juni" type="open">
      <span>
        <target id="w_5"/>
      </span>
    </term>
    <term tid="t_6" lemma="geslapen" type="open">
      <span>
        <target id="w_6"/>
      </span>
    </term>
    <term tid="t_7" lemma="." type="open">
      <span>
        <target id="w_7"/>
      </span>
    </term>
    <term tid="t_8" lemma="gezellige" type="open">
      <span>
        <target id="w_8"/>
      </span>
    </term>
    <term tid="t_9" lemma="kamer" type="open">
      <span>
        <target id="w_9"/>
      </span>
    </term>
    <term tid="t_10" lemma="," type="open">
      <span>
        <target id="w_10"/>
      </span>
    </term>
    <term tid="t_11" lemma="inrichting" type="open">
      <span>
        <target id="w_11"/>
      </span>
    </term>
    <term tid="t_12" lemma="een" type="open">
      <span>
        <target id="w_12"/>
      </span>
    </term>
    <term tid="t_13" lemma="prettig" type="open" pos="G">
      <span>
        <target id="w_13"/>
      </span>
      <sentiment polarity="positive" resource="VUA_olery_lexicon_nl_lmf"/>
    </term>
    <term tid="t_14" lemma="alternatief" type="open">
      <span>
        <target id="w_14"/>
      </span>
    </term>
    <term tid="t_15" lemma="op" type="open">
      <span>
        <target id="w_15"/>
      </span>
    </term>
    <term tid="t_16" lemma="het" type="open">
      <span>
        <target id="w_16"/>
      </span>
    </term>
    <term tid="t_17" lemma="gebruikelijke" type="open">
      <span>
        <target id="w_17"/>
      </span>
    </term>
    <term tid="t_18" lemma="neutraal" type="open">
      <span>
        <target id="w_18"/>
      </span>
    </term>
    <term tid="t_19" lemma="nondescript" type="open">
      <span>
        <target id="w_19"/>
      </span>
    </term>
    <term tid="t_20" lemma="." type="open">
      <span>
        <target id="w_20"/>
      </span>
    </term>
    <term tid="t_21" lemma="afstandsbediening" type="open">
      <span>
        <target id="w_21"/>
      </span>
    </term>
    <term tid="t_22" lemma="tv" type="open">
      <span>
        <target id="w_22"/>
      </span>
    </term>
    <term tid="t_23" lemma="werkt" type="open">
      <span>
        <target id="w_23"/>
      </span>
    </term>
    <term tid="t_24" lemma="niet" type="open">
      <span>
        <target id="w_24"/>
      </span>
      <sentiment sentiment_modifier="shifter" resource="VUA_olery_lexicon_nl_lmf"/>
    </term>
    <term tid="t_25" lemma="." type="open">
      <span>
        <target id="w_25"/>
      </span>
    </term>
    <term tid="t_26" lemma="badkamer" type="open">
      <span>
        <target id="w_26"/>
      </span>
    </term>
    <term tid="t_27" lemma="prima" type="open" pos="G">
      <span>
        <target id="w_27"/>
      </span>
      <sentiment polarity="positive" resource="VUA_olery_lexicon_nl_lmf"/>
    </term>
    <term tid="t_28" lemma="." type="open">
      <span>
        <target id="w_28"/>
      </span>
    </term>
    <term tid="t_29" lemma="warm" type="open">
      <span>
        <target id="w_29"/>
      </span>
    </term>
    <term tid="t_30" lemma="weer" type="open">
      <span>
        <target id="w_30"/>
      </span>
    </term>
    <term tid="t_31" lemma="," type="open">
      <span>
        <target id="w_31"/>
      </span>
    </term>
    <term tid="t_32" lemma="dus" type="open">
      <span>
        <target id="w_32"/>
      </span>
    </term>
    <term tid="t_33" lemma="raam" type="open">
      <span>
        <target id="w_33"/>
      </span>
    </term>
    <term tid="t_34" lemma="open" type="open">
      <span>
        <target id="w_34"/>
      </span>
    </term>
    <term tid="t_35" lemma="bij" type="open">
      <span>
        <target id="w_35"/>
      </span>
    </term>
    <term tid="t_36" lemma="de" type="open">
      <span>
        <target id="w_36"/>
      </span>
    </term>
    <term tid="t_37" lemma="zolderkamer" type="open">
      <span>
        <target id="w_37"/>
      </span>
    </term>
    <term tid="t_38" lemma="." type="open">
      <span>
        <target id="w_38"/>
      </span>
    </term>
    <term tid="t_39" lemma="uitzicht" type="open">
      <span>
        <target id="w_39"/>
      </span>
    </term>
    <term tid="t_40" lemma="op" type="open">
      <span>
        <target id="w_40"/>
      </span>
    </term>
    <term tid="t_41" lemma="de" type="open">
      <span>
        <target id="w_41"/>
      </span>
    </term>
    <term tid="t_42" lemma="parkeergarage" type="open">
      <span>
        <target id="w_42"/>
      </span>
    </term>
    <term tid="t_43" lemma="," type="open">
      <span>
        <target id="w_43"/>
      </span>
    </term>
    <term tid="t_44" lemma="waar" type="open">
      <span>
        <target id="w_44"/>
      </span>
    </term>
    <term tid="t_45" lemma="tot" type="open">
      <span>
        <target id="w_45"/>
      </span>
    </term>
    <term tid="t_46" lemma="laat" type="open">
      <span>
        <target id="w_46"/>
      </span>
    </term>
    <term tid="t_47" lemma="auto" type="open">
      <span>
        <target id="w_47"/>
      </span>
    </term>
    <term tid="t_48" lemma="'s" type="open">
      <span>
        <target id="w_48"/>
      </span>
    </term>
    <term tid="t_49" lemma="in" type="open">
      <span>
        <target id="w_49"/>
      </span>
    </term>
    <term tid="t_50" lemma="en" type="open">
      <span>
        <target id="w_50"/>
      </span>
    </term>
    <term tid="t_51" lemma="uit" type="open">
      <span>
        <target id="w_51"/>
      </span>
    </term>
    <term tid="t_52" lemma="rijden" type="open">
      <span>
        <target id="w_52"/>
      </span>
    </term>
    <term tid="t_53" lemma="." type="open">
      <span>
        <target id="w_53"/>
      </span>
    </term>
    <term tid="t_54" lemma="daarbij" type="open">
      <span>
        <target id="w_54"/>
      </span>
    </term>
    <term tid="t_55" lemma="veel" type="open">
      <span>
        <target id="w_55"/>
      </span>
    </term>
    <term tid="t_56" lemma="luidruchtige" type="open">
      <span>
        <target id="w_56"/>
      </span>
    </term>
    <term tid="t_57" lemma="stappers" type="open">
      <span>
        <target id="w_57"/>
      </span>
    </term>
    <term tid="t_58" lemma="." type="open">
      <span>
        <target id="w_58"/>
      </span>
    </term>
    <term tid="t_59" lemma="te" type="open">
      <span>
        <target id="w_59"/>
      </span>
    </term>
    <term tid="t_60" lemma="veel" type="open">
      <span>
        <target id="w_60"/>
      </span>
    </term>
    <term tid="t_61" lemma="herrie" type="open" pos="N">
      <span>
        <target id="w_61"/>
      </span>
      <sentiment polarity="negative" resource="VUA_olery_lexicon_nl_lmf"/>
    </term>
    <term tid="t_62" lemma="voor" type="open">
      <span>
        <target id="w_62"/>
      </span>
    </term>
    <term tid="t_63" lemma="onze" type="open">
      <span>
        <target id="w_63"/>
      </span>
    </term>
    <term tid="t_64" lemma="smaak" type="open">
      <span>
        <target id="w_64"/>
      </span>
    </term>
    <term tid="t_65" lemma="," type="open">
      <span>
        <target id="w_65"/>
      </span>
    </term>
    <term tid="t_66" lemma="slaapt" type="open">
      <span>
        <target id="w_66"/>
      </span>
    </term>
    <term tid="t_67" lemma="niet" type="open">
      <span>
        <target id="w_67"/>
      </span>
      <sentiment sentiment_modifier="shifter" resource="VUA_olery_lexicon_nl_lmf"/>
    </term>
    <term tid="t_68" lemma="lekker" type="open" pos="G">
      <span>
        <target id="w_68"/>
      </span>
      <sentiment polarity="positive" resource="VUA_olery_lexicon_nl_lmf"/>
    </term>
    <term tid="t_69" lemma="in" type="open">
      <span>
        <target id="w_69"/>
      </span>
    </term>
    <term tid="t_70" lemma="." type="open">
      <span>
        <target id="w_70"/>
      </span>
    </term>
    <term tid="t_71" lemma="ontbijt" type="open">
      <span>
        <target id="w_71"/>
      </span>
    </term>
    <term tid="t_72" lemma="prima" type="open" pos="G">
      <span>
        <target id="w_72"/>
      </span>
      <sentiment polarity="positive" resource="VUA_olery_lexicon_nl_lmf"/>
    </term>
    <term tid="t_73" lemma="," type="open">
      <span>
        <target id="w_73"/>
      </span>
    </term>
    <term tid="t_74" lemma="op" type="open">
      <span>
        <target id="w_74"/>
      </span>
    </term>
    <term tid="t_75" lemma="het" type="open">
      <span>
        <target id="w_75"/>
      </span>
    </term>
    <term tid="t_76" lemma="bankje" type="open">
      <span>
        <target id="w_76"/>
      </span>
    </term>
    <term tid="t_77" lemma="op" type="open">
      <span>
        <target id="w_77"/>
      </span>
    </term>
    <term tid="t_78" lemma="de" type="open">
      <span>
        <target id="w_78"/>
      </span>
    </term>
    <term tid="t_79" lemma="stoep" type="open">
      <span>
        <target id="w_79"/>
      </span>
    </term>
    <term tid="t_80" lemma="in" type="open">
      <span>
        <target id="w_80"/>
      </span>
    </term>
    <term tid="t_81" lemma="de" type="open">
      <span>
        <target id="w_81"/>
      </span>
    </term>
    <term tid="t_82" lemma="zon" type="open">
      <span>
        <target id="w_82"/>
      </span>
    </term>
    <term tid="t_83" lemma="." type="open">
      <span>
        <target id="w_83"/>
      </span>
    </term>
  </terms>
  <entities>
    <entity type="MISC" eid="e_1">
      <span>
        <target id="t_34"/>
      </span>
    </entity>
    <entity type="PER" eid="e_2">
      <span>
        <target id="t_1"/>
      </span>
    </entity>
    <entity type="ORG" eid="e_3">
      <span>
        <target id="t_9"/>
      </span>
    </entity>
    <entity type="PER" eid="e_4">
      <span>
        <target id="t_27"/>
      </span>
      <span>
        <target id="t_72"/>
      </span>
    </entity>
  </entities>
  <properties>
    <property type="facilities" pid="p_1">
      <span>
        <target id="t_21"/>
      </span>
      <span>
        <target id="t_22"/>
      </span>
    </property>
    <property type="bathroom" pid="p_2">
      <span>
        <target id="t_26"/>
      </span>
    </property>
    <property type="restaurant" pid="p_3">
      <span>
        <target id="t_68"/>
      </span>
      <span>
        <target id="t_71"/>
      </span>
    </property>
    <property type="room" pid="p_4">
      <span>
        <target id="t_9"/>
      </span>
      <span>
        <target id="t_37"/>
      </span>
      <span>
        <target id="t_39"/>
      </span>
    </property>
    <property type="parking" pid="p_5">
      <span>
        <target id="t_42"/>
      </span>
    </property>
  </properties>
  <opinions>
    <opinion oid="o_1">
      <opinion_target>
        <span>
          <target id="t_14"/>
        </span>
      </opinion_target>
      <opinion_expression polarity="positive" strength="1">
        <span>
          <target id="t_13"/>
        </span>
      </opinion_expression>
    </opinion>
    <opinion oid="o_2">
      <opinion_target>
        <span>
          <target id="t_26"/>
        </span>
      </opinion_target>
      <opinion_expression polarity="positive" strength="1">
        <span>
          <target id="t_27"/>
        </span>
      </opinion_expression>
    </opinion>
    <opinion oid="o_3">
      <opinion_target>
        <span>
          <target id="t_63"/>
        </span>
      </opinion_target>
      <opinion_expression polarity="negative" strength="-1">
        <span>
          <target id="t_61"/>
        </span>
      </opinion_expression>
    </opinion>
    <opinion oid="o_4">
      <opinion_target>
        <span>
          <target id="t_66"/>
        </span>
      </opinion_target>
      <opinion_expression polarity="negative" strength="-1">
        <span>
          <target id="t_68"/>
          <target id="t_67"/>
        </span>
      </opinion_expression>
    </opinion>
    <opinion oid="o_5">
      <opinion_target>
        <span>
          <target id="t_71"/>
        </span>
      </opinion_target>
      <opinion_expression polarity="positive" strength="1">
        <span>
          <target id="t_72"/>
        </span>
      </opinion_expression>
    </opinion>
  </opinions>
</KAF>
