<?xml version='1.0' encoding='UTF-8'?>
<KAF xml:lang="nl">
  <linguisticProcessors layer="text">
    <lp timestamp="2013-01-06T18:34:03CET" version="2.0" name="SentenceTokenizer"/>
  </linguisticProcessors>
  <linguisticProcessors layer="terms">
    <lp timestamp="2013-01-06T18:34:03CET" version="2.0" name="SentenceTokenizer"/>
    <lp timestamp="2013-01-06T18:34:03CET" version="1.0" name="SimplePolarityTagger"/>
  </linguisticProcessors>
  <linguisticProcessor layer="opinions">
    <lp timestamp="2013-01-06T18:34:03CET" version="1.0" name="SimpleOpinionDetector"/>
  </linguisticProcessor>
  <linguisticProcessor layer="properties">
    <lp timestamp="2013-01-06T18:34:03CET" version="1.0" name="SimplePropRecognizer_lookup"/>
  </linguisticProcessor>
  <linguisticProcessor layer="entities">
    <lp timestamp="2013-01-06T18:34:03CET" version="1.0" name="SimpleNER_lookup"/>
  </linguisticProcessor>
  <text>
    <wf wid="w_1" para="1" sent="1">Vijf</wf>
    <wf wid="w_2" para="1" sent="1">dagen</wf>
    <wf wid="w_3" para="1" sent="1">voor</wf>
    <wf wid="w_4" para="1" sent="1">aanvang</wf>
    <wf wid="w_5" para="1" sent="1">Sail</wf>
    <wf wid="w_6" para="1" sent="1">nog</wf>
    <wf wid="w_7" para="1" sent="1">een</wf>
    <wf wid="w_8" para="1" sent="1">2</wf>
    <wf wid="w_9" para="1" sent="1">-</wf>
    <wf wid="w_10" para="1" sent="1">persoonkamer</wf>
    <wf wid="w_11" para="1" sent="1">kunnen</wf>
    <wf wid="w_12" para="1" sent="1">boeken</wf>
    <wf wid="w_13" para="1" sent="1">tegen</wf>
    <wf wid="w_14" para="1" sent="1">een</wf>
    <wf wid="w_15" para="1" sent="1">schappelijk</wf>
    <wf wid="w_16" para="1" sent="1">prijs</wf>
    <wf wid="w_17" para="1" sent="1">.</wf>
    <wf wid="w_18" para="1" sent="2">Mooie</wf>
    <wf wid="w_19" para="1" sent="2">kamer</wf>
    <wf wid="w_20" para="1" sent="2">,</wf>
    <wf wid="w_21" para="1" sent="2">van</wf>
    <wf wid="w_22" para="1" sent="2">alle</wf>
    <wf wid="w_23" para="1" sent="2">gemakken</wf>
    <wf wid="w_24" para="1" sent="2">voorzien</wf>
    <wf wid="w_25" para="1" sent="2">.</wf>
    <wf wid="w_26" para="1" sent="3">Hotel</wf>
    <wf wid="w_27" para="1" sent="3">gelegen</wf>
    <wf wid="w_28" para="1" sent="3">in</wf>
    <wf wid="w_29" para="1" sent="3">een</wf>
    <wf wid="w_30" para="1" sent="3">gezellig</wf>
    <wf wid="w_31" para="1" sent="3">stukje</wf>
    <wf wid="w_32" para="1" sent="3">Amsterdam</wf>
    <wf wid="w_33" para="1" sent="3">.</wf>
    <wf wid="w_34" para="1" sent="4">Heerlijk</wf>
    <wf wid="w_35" para="1" sent="4">gegeten</wf>
    <wf wid="w_36" para="1" sent="4">bij</wf>
    <wf wid="w_37" para="1" sent="4">Japans</wf>
    <wf wid="w_38" para="1" sent="4">restaurant</wf>
    <wf wid="w_39" para="1" sent="4">Kobe</wf>
    <wf wid="w_40" para="1" sent="4">en</wf>
    <wf wid="w_41" para="1" sent="4">een</wf>
    <wf wid="w_42" para="1" sent="4">prima</wf>
    <wf wid="w_43" para="1" sent="4">bier</wf>
    <wf wid="w_44" para="1" sent="4">gedronken</wf>
    <wf wid="w_45" para="1" sent="4">in</wf>
    <wf wid="w_46" para="1" sent="4">de</wf>
    <wf wid="w_47" para="1" sent="4">buurt</wf>
    <wf wid="w_48" para="1" sent="4">van</wf>
    <wf wid="w_49" para="1" sent="4">het</wf>
    <wf wid="w_50" para="1" sent="4">hotel</wf>
    <wf wid="w_51" para="1" sent="4">.</wf>
    <wf wid="w_52" para="1" sent="5">Weer</wf>
    <wf wid="w_53" para="1" sent="5">eens</wf>
    <wf wid="w_54" para="1" sent="5">wat</wf>
    <wf wid="w_55" para="1" sent="5">anders</wf>
    <wf wid="w_56" para="1" sent="5">dan</wf>
    <wf wid="w_57" para="1" sent="5">in</wf>
    <wf wid="w_58" para="1" sent="5">de</wf>
    <wf wid="w_59" para="1" sent="5">buurt</wf>
    <wf wid="w_60" para="1" sent="5">van</wf>
    <wf wid="w_61" para="1" sent="5">het</wf>
    <wf wid="w_62" para="1" sent="5">Leidse</wf>
    <wf wid="w_63" para="1" sent="5">of</wf>
    <wf wid="w_64" para="1" sent="5">Rembrandplein</wf>
    <wf wid="w_65" para="1" sent="5">.</wf>
  </text>
  <terms>
    <term tid="t_1" lemma="vijf" type="open">
      <span>
        <target id="w_1"/>
      </span>
    </term>
    <term tid="t_2" lemma="dagen" type="open">
      <span>
        <target id="w_2"/>
      </span>
    </term>
    <term tid="t_3" lemma="voor" type="open">
      <span>
        <target id="w_3"/>
      </span>
    </term>
    <term tid="t_4" lemma="aanvang" type="open">
      <span>
        <target id="w_4"/>
      </span>
    </term>
    <term tid="t_5" lemma="sail" type="open">
      <span>
        <target id="w_5"/>
      </span>
    </term>
    <term tid="t_6" lemma="nog" type="open">
      <span>
        <target id="w_6"/>
      </span>
    </term>
    <term tid="t_7" lemma="een" type="open">
      <span>
        <target id="w_7"/>
      </span>
    </term>
    <term tid="t_8" lemma="2" type="open">
      <span>
        <target id="w_8"/>
      </span>
    </term>
    <term tid="t_9" lemma="-" type="open">
      <span>
        <target id="w_9"/>
      </span>
    </term>
    <term tid="t_10" lemma="persoonkamer" type="open">
      <span>
        <target id="w_10"/>
      </span>
    </term>
    <term tid="t_11" lemma="kunnen" type="open">
      <span>
        <target id="w_11"/>
      </span>
    </term>
    <term tid="t_12" lemma="boeken" type="open">
      <span>
        <target id="w_12"/>
      </span>
    </term>
    <term tid="t_13" lemma="tegen" type="open">
      <span>
        <target id="w_13"/>
      </span>
    </term>
    <term tid="t_14" lemma="een" type="open">
      <span>
        <target id="w_14"/>
      </span>
    </term>
    <term tid="t_15" lemma="schappelijk" type="open" pos="G">
      <span>
        <target id="w_15"/>
      </span>
      <sentiment polarity="positive" resource="VUA_olery_lexicon_nl_lmf"/>
    </term>
    <term tid="t_16" lemma="prijs" type="open">
      <span>
        <target id="w_16"/>
      </span>
    </term>
    <term tid="t_17" lemma="." type="open">
      <span>
        <target id="w_17"/>
      </span>
    </term>
    <term tid="t_18" lemma="mooie" type="open">
      <span>
        <target id="w_18"/>
      </span>
    </term>
    <term tid="t_19" lemma="kamer" type="open">
      <span>
        <target id="w_19"/>
      </span>
    </term>
    <term tid="t_20" lemma="," type="open">
      <span>
        <target id="w_20"/>
      </span>
    </term>
    <term tid="t_21" lemma="van" type="open">
      <span>
        <target id="w_21"/>
      </span>
    </term>
    <term tid="t_22" lemma="alle" type="open">
      <span>
        <target id="w_22"/>
      </span>
    </term>
    <term tid="t_23" lemma="gemakken" type="open">
      <span>
        <target id="w_23"/>
      </span>
    </term>
    <term tid="t_24" lemma="voorzien" type="open">
      <span>
        <target id="w_24"/>
      </span>
    </term>
    <term tid="t_25" lemma="." type="open">
      <span>
        <target id="w_25"/>
      </span>
    </term>
    <term tid="t_26" lemma="hotel" type="open">
      <span>
        <target id="w_26"/>
      </span>
    </term>
    <term tid="t_27" lemma="gelegen" type="open">
      <span>
        <target id="w_27"/>
      </span>
    </term>
    <term tid="t_28" lemma="in" type="open">
      <span>
        <target id="w_28"/>
      </span>
    </term>
    <term tid="t_29" lemma="een" type="open">
      <span>
        <target id="w_29"/>
      </span>
    </term>
    <term tid="t_30" lemma="gezellig" type="open" pos="G">
      <span>
        <target id="w_30"/>
      </span>
      <sentiment polarity="positive" resource="VUA_olery_lexicon_nl_lmf"/>
    </term>
    <term tid="t_31" lemma="stukje" type="open">
      <span>
        <target id="w_31"/>
      </span>
    </term>
    <term tid="t_32" lemma="amsterdam" type="open">
      <span>
        <target id="w_32"/>
      </span>
    </term>
    <term tid="t_33" lemma="." type="open">
      <span>
        <target id="w_33"/>
      </span>
    </term>
    <term tid="t_34" lemma="heerlijk" type="open" pos="G">
      <span>
        <target id="w_34"/>
      </span>
      <sentiment polarity="positive" resource="VUA_olery_lexicon_nl_lmf"/>
    </term>
    <term tid="t_35" lemma="gegeten" type="open">
      <span>
        <target id="w_35"/>
      </span>
    </term>
    <term tid="t_36" lemma="bij" type="open">
      <span>
        <target id="w_36"/>
      </span>
    </term>
    <term tid="t_37" lemma="japans" type="open">
      <span>
        <target id="w_37"/>
      </span>
    </term>
    <term tid="t_38" lemma="restaurant" type="open">
      <span>
        <target id="w_38"/>
      </span>
    </term>
    <term tid="t_39" lemma="kobe" type="open">
      <span>
        <target id="w_39"/>
      </span>
    </term>
    <term tid="t_40" lemma="en" type="open">
      <span>
        <target id="w_40"/>
      </span>
    </term>
    <term tid="t_41" lemma="een" type="open">
      <span>
        <target id="w_41"/>
      </span>
    </term>
    <term tid="t_42" lemma="prima" type="open" pos="G">
      <span>
        <target id="w_42"/>
      </span>
      <sentiment polarity="positive" resource="VUA_olery_lexicon_nl_lmf"/>
    </term>
    <term tid="t_43" lemma="bier" type="open">
      <span>
        <target id="w_43"/>
      </span>
    </term>
    <term tid="t_44" lemma="gedronken" type="open">
      <span>
        <target id="w_44"/>
      </span>
    </term>
    <term tid="t_45" lemma="in" type="open">
      <span>
        <target id="w_45"/>
      </span>
    </term>
    <term tid="t_46" lemma="de" type="open">
      <span>
        <target id="w_46"/>
      </span>
    </term>
    <term tid="t_47" lemma="buurt" type="open">
      <span>
        <target id="w_47"/>
      </span>
    </term>
    <term tid="t_48" lemma="van" type="open">
      <span>
        <target id="w_48"/>
      </span>
    </term>
    <term tid="t_49" lemma="het" type="open">
      <span>
        <target id="w_49"/>
      </span>
    </term>
    <term tid="t_50" lemma="hotel" type="open">
      <span>
        <target id="w_50"/>
      </span>
    </term>
    <term tid="t_51" lemma="." type="open">
      <span>
        <target id="w_51"/>
      </span>
    </term>
    <term tid="t_52" lemma="weer" type="open">
      <span>
        <target id="w_52"/>
      </span>
    </term>
    <term tid="t_53" lemma="eens" type="open">
      <span>
        <target id="w_53"/>
      </span>
    </term>
    <term tid="t_54" lemma="wat" type="open">
      <span>
        <target id="w_54"/>
      </span>
    </term>
    <term tid="t_55" lemma="anders" type="open">
      <span>
        <target id="w_55"/>
      </span>
    </term>
    <term tid="t_56" lemma="dan" type="open">
      <span>
        <target id="w_56"/>
      </span>
    </term>
    <term tid="t_57" lemma="in" type="open">
      <span>
        <target id="w_57"/>
      </span>
    </term>
    <term tid="t_58" lemma="de" type="open">
      <span>
        <target id="w_58"/>
      </span>
    </term>
    <term tid="t_59" lemma="buurt" type="open">
      <span>
        <target id="w_59"/>
      </span>
    </term>
    <term tid="t_60" lemma="van" type="open">
      <span>
        <target id="w_60"/>
      </span>
    </term>
    <term tid="t_61" lemma="het" type="open">
      <span>
        <target id="w_61"/>
      </span>
    </term>
    <term tid="t_62" lemma="leidse" type="open">
      <span>
        <target id="w_62"/>
      </span>
    </term>
    <term tid="t_63" lemma="of" type="open">
      <span>
        <target id="w_63"/>
      </span>
    </term>
    <term tid="t_64" lemma="rembrandplein" type="open">
      <span>
        <target id="w_64"/>
      </span>
    </term>
    <term tid="t_65" lemma="." type="open">
      <span>
        <target id="w_65"/>
      </span>
    </term>
  </terms>
  <entities>
    <entity type="MISC" eid="e_1">
      <span>
        <target id="t_37"/>
      </span>
    </entity>
    <entity type="PER" eid="e_2">
      <span>
        <target id="t_42"/>
      </span>
    </entity>
    <entity type="ORG" eid="e_3">
      <span>
        <target id="t_19"/>
      </span>
    </entity>
    <entity type="PER" eid="e_4">
      <span>
        <target id="t_8"/>
      </span>
    </entity>
    <entity type="LOC" eid="e_5">
      <span>
        <target id="t_32"/>
      </span>
    </entity>
  </entities>
  <properties>
    <property type="value_for_money" pid="p_1">
      <span>
        <target id="t_15"/>
      </span>
      <span>
        <target id="t_16"/>
      </span>
    </property>
    <property type="location" pid="p_2">
      <span>
        <target id="t_47"/>
      </span>
      <span>
        <target id="t_59"/>
      </span>
    </property>
    <property type="room" pid="p_3">
      <span>
        <target id="t_19"/>
      </span>
    </property>
    <property type="restaurant" pid="p_4">
      <span>
        <target id="t_38"/>
      </span>
      <span>
        <target id="t_43"/>
      </span>
    </property>
  </properties>
  <opinions>
    <opinion oid="o_1">
      <opinion_target>
        <span>
          <target id="t_16"/>
        </span>
      </opinion_target>
      <opinion_expression polarity="positive" strength="1">
        <span>
          <target id="t_15"/>
        </span>
      </opinion_expression>
    </opinion>
    <opinion oid="o_2">
      <opinion_target>
        <span>
          <target id="t_31"/>
        </span>
      </opinion_target>
      <opinion_expression polarity="positive" strength="1">
        <span>
          <target id="t_30"/>
        </span>
      </opinion_expression>
    </opinion>
    <opinion oid="o_3">
      <opinion_target>
        <span>
          <target id="t_35"/>
        </span>
      </opinion_target>
      <opinion_expression polarity="positive" strength="1">
        <span>
          <target id="t_34"/>
        </span>
      </opinion_expression>
    </opinion>
    <opinion oid="o_4">
      <opinion_target>
        <span>
          <target id="t_43"/>
        </span>
      </opinion_target>
      <opinion_expression polarity="positive" strength="1">
        <span>
          <target id="t_42"/>
        </span>
      </opinion_expression>
    </opinion>
  </opinions>
</KAF>
