<?xml version='1.0' encoding='UTF-8'?>
<KAF xml:lang="nl">
  <linguisticProcessors layer="text">
    <lp timestamp="2013-01-06T18:33:05CET" version="2.0" name="SentenceTokenizer"/>
  </linguisticProcessors>
  <linguisticProcessors layer="terms">
    <lp timestamp="2013-01-06T18:33:05CET" version="2.0" name="SentenceTokenizer"/>
    <lp timestamp="2013-01-06T18:33:05CET" version="1.0" name="SimplePolarityTagger"/>
  </linguisticProcessors>
  <linguisticProcessor layer="opinions">
    <lp timestamp="2013-01-06T18:33:05CET" version="1.0" name="SimpleOpinionDetector"/>
  </linguisticProcessor>
  <linguisticProcessor layer="properties">
    <lp timestamp="2013-01-06T18:33:05CET" version="1.0" name="SimplePropRecognizer_lookup"/>
  </linguisticProcessor>
  <linguisticProcessor layer="entities">
    <lp timestamp="2013-01-06T18:33:05CET" version="1.0" name="SimpleNER_lookup"/>
  </linguisticProcessor>
  <text>
    <wf wid="w_1" para="1" sent="1">Dit</wf>
    <wf wid="w_2" para="1" sent="1">hotel</wf>
    <wf wid="w_3" para="1" sent="1">is</wf>
    <wf wid="w_4" para="1" sent="1">zijn</wf>
    <wf wid="w_5" para="1" sent="1">2</wf>
    <wf wid="w_6" para="1" sent="1">sterren</wf>
    <wf wid="w_7" para="1" sent="1">niet</wf>
    <wf wid="w_8" para="1" sent="1">waard</wf>
    <wf wid="w_9" para="1" sent="1">,</wf>
    <wf wid="w_10" para="1" sent="1">gatverdamme</wf>
    <wf wid="w_11" para="1" sent="1">wat</wf>
    <wf wid="w_12" para="1" sent="1">een</wf>
    <wf wid="w_13" para="1" sent="1">ranzig</wf>
    <wf wid="w_14" para="1" sent="1">hok</wf>
    <wf wid="w_15" para="1" sent="1">is</wf>
    <wf wid="w_16" para="1" sent="1">dit</wf>
    <wf wid="w_17" para="1" sent="1">.</wf>
    <wf wid="w_18" para="1" sent="2">Superkleine</wf>
    <wf wid="w_19" para="1" sent="2">kamer</wf>
    <wf wid="w_20" para="1" sent="2">en</wf>
    <wf wid="w_21" para="1" sent="2">een</wf>
    <wf wid="w_22" para="1" sent="2">badkamer</wf>
    <wf wid="w_23" para="1" sent="2">waar</wf>
    <wf wid="w_24" para="1" sent="2">je</wf>
    <wf wid="w_25" para="1" sent="2">je</wf>
    <wf wid="w_26" para="1" sent="2">kont</wf>
    <wf wid="w_27" para="1" sent="2">niet</wf>
    <wf wid="w_28" para="1" sent="2">in</wf>
    <wf wid="w_29" para="1" sent="2">kunt</wf>
    <wf wid="w_30" para="1" sent="2">keren</wf>
    <wf wid="w_31" para="1" sent="2">.</wf>
    <wf wid="w_32" para="1" sent="3">Het</wf>
    <wf wid="w_33" para="1" sent="3">ongedierte</wf>
    <wf wid="w_34" para="1" sent="3">loopt</wf>
    <wf wid="w_35" para="1" sent="3">over</wf>
    <wf wid="w_36" para="1" sent="3">de</wf>
    <wf wid="w_37" para="1" sent="3">gangen</wf>
    <wf wid="w_38" para="1" sent="3">.</wf>
    <wf wid="w_39" para="1" sent="4">Ik</wf>
    <wf wid="w_40" para="1" sent="4">zag</wf>
    <wf wid="w_41" para="1" sent="4">in</wf>
    <wf wid="w_42" para="1" sent="4">de</wf>
    <wf wid="w_43" para="1" sent="4">avond</wf>
    <wf wid="w_44" para="1" sent="4">een</wf>
    <wf wid="w_45" para="1" sent="4">rat</wf>
    <wf wid="w_46" para="1" sent="4">of</wf>
    <wf wid="w_47" para="1" sent="4">muis</wf>
    <wf wid="w_48" para="1" sent="4">over</wf>
    <wf wid="w_49" para="1" sent="4">de</wf>
    <wf wid="w_50" para="1" sent="4">gang</wf>
    <wf wid="w_51" para="1" sent="4">lopen</wf>
    <wf wid="w_52" para="1" sent="4">en</wf>
    <wf wid="w_53" para="1" sent="4">toen</wf>
    <wf wid="w_54" para="1" sent="4">ik</wf>
    <wf wid="w_55" para="1" sent="4">hier</wf>
    <wf wid="w_56" para="1" sent="4">iets</wf>
    <wf wid="w_57" para="1" sent="4">van</wf>
    <wf wid="w_58" para="1" sent="4">zei</wf>
    <wf wid="w_59" para="1" sent="4">bij</wf>
    <wf wid="w_60" para="1" sent="4">de</wf>
    <wf wid="w_61" para="1" sent="4">receptie</wf>
    <wf wid="w_62" para="1" sent="4">kreeg</wf>
    <wf wid="w_63" para="1" sent="4">ik</wf>
    <wf wid="w_64" para="1" sent="4">als</wf>
    <wf wid="w_65" para="1" sent="4">antwoord</wf>
    <wf wid="w_66" para="1" sent="4">dat</wf>
    <wf wid="w_67" para="1" sent="4">het</wf>
    <wf wid="w_68" para="1" sent="4">een</wf>
    <wf wid="w_69" para="1" sent="4">oud</wf>
    <wf wid="w_70" para="1" sent="4">hotel</wf>
    <wf wid="w_71" para="1" sent="4">is</wf>
    <wf wid="w_72" para="1" sent="4">..</wf>
    <wf wid="w_73" para="1" sent="5">en</wf>
    <wf wid="w_74" para="1" sent="5">dat</wf>
    <wf wid="w_75" para="1" sent="5">is</wf>
    <wf wid="w_76" para="1" sent="5">dus</wf>
    <wf wid="w_77" para="1" sent="5">een</wf>
    <wf wid="w_78" para="1" sent="5">excuus</wf>
    <wf wid="w_79" para="1" sent="5">voor</wf>
    <wf wid="w_80" para="1" sent="5">ongedierte</wf>
    <wf wid="w_81" para="1" sent="5">..</wf>
    <wf wid="w_82" para="1" sent="6">mijn</wf>
    <wf wid="w_83" para="1" sent="6">advies</wf>
    <wf wid="w_84" para="1" sent="6">is</wf>
    <wf wid="w_85" para="1" sent="6">om</wf>
    <wf wid="w_86" para="1" sent="6">dit</wf>
    <wf wid="w_87" para="1" sent="6">hotel</wf>
    <wf wid="w_88" para="1" sent="6">te</wf>
    <wf wid="w_89" para="1" sent="6">mijden</wf>
    <wf wid="w_90" para="1" sent="6">als</wf>
    <wf wid="w_91" para="1" sent="6">de</wf>
    <wf wid="w_92" para="1" sent="6">pest</wf>
    <wf wid="w_93" para="1" sent="6">.</wf>
    <wf wid="w_94" para="1" sent="7">Het</wf>
    <wf wid="w_95" para="1" sent="7">is</wf>
    <wf wid="w_96" para="1" sent="7">werkelijk</wf>
    <wf wid="w_97" para="1" sent="7">niet</wf>
    <wf wid="w_98" para="1" sent="7">schoon</wf>
    <wf wid="w_99" para="1" sent="7">,</wf>
    <wf wid="w_100" para="1" sent="7">in</wf>
    <wf wid="w_101" para="1" sent="7">de</wf>
    <wf wid="w_102" para="1" sent="7">badkamer</wf>
    <wf wid="w_103" para="1" sent="7">trof</wf>
    <wf wid="w_104" para="1" sent="7">ik</wf>
    <wf wid="w_105" para="1" sent="7">een</wf>
    <wf wid="w_106" para="1" sent="7">condoom</wf>
    <wf wid="w_107" para="1" sent="7">aan</wf>
    <wf wid="w_108" para="1" sent="7">in</wf>
    <wf wid="w_109" para="1" sent="7">het</wf>
    <wf wid="w_110" para="1" sent="7">vieze</wf>
    <wf wid="w_111" para="1" sent="7">vuilnisbakje</wf>
    <wf wid="w_112" para="1" sent="7">en</wf>
    <wf wid="w_113" para="1" sent="7">de</wf>
    <wf wid="w_114" para="1" sent="7">ramen</wf>
    <wf wid="w_115" para="1" sent="7">waren</wf>
    <wf wid="w_116" para="1" sent="7">in</wf>
    <wf wid="w_117" para="1" sent="7">20</wf>
    <wf wid="w_118" para="1" sent="7">jaar</wf>
    <wf wid="w_119" para="1" sent="7">niet</wf>
    <wf wid="w_120" para="1" sent="7">gezeemd</wf>
    <wf wid="w_121" para="1" sent="7">.</wf>
    <wf wid="w_122" para="1" sent="8">Het</wf>
    <wf wid="w_123" para="1" sent="8">ontbijt</wf>
    <wf wid="w_124" para="1" sent="8">zwijg</wf>
    <wf wid="w_125" para="1" sent="8">ik</wf>
    <wf wid="w_126" para="1" sent="8">maar</wf>
    <wf wid="w_127" para="1" sent="8">over</wf>
    <wf wid="w_128" para="1" sent="8">..</wf>
    <wf wid="w_129" para="1" sent="9">ik</wf>
    <wf wid="w_130" para="1" sent="9">heb</wf>
    <wf wid="w_131" para="1" sent="9">1x</wf>
    <wf wid="w_132" para="1" sent="9">gegeten</wf>
    <wf wid="w_133" para="1" sent="9">in</wf>
    <wf wid="w_134" para="1" sent="9">de</wf>
    <wf wid="w_135" para="1" sent="9">ontbijtzaal</wf>
    <wf wid="w_136" para="1" sent="9">en</wf>
    <wf wid="w_137" para="1" sent="9">de</wf>
    <wf wid="w_138" para="1" sent="9">rest</wf>
    <wf wid="w_139" para="1" sent="9">van</wf>
    <wf wid="w_140" para="1" sent="9">de</wf>
    <wf wid="w_141" para="1" sent="9">week</wf>
    <wf wid="w_142" para="1" sent="9">in</wf>
    <wf wid="w_143" para="1" sent="9">de</wf>
    <wf wid="w_144" para="1" sent="9">stad</wf>
    <wf wid="w_145" para="1" sent="9">en</wf>
    <wf wid="w_146" para="1" sent="9">bij</wf>
    <wf wid="w_147" para="1" sent="9">andere</wf>
    <wf wid="w_148" para="1" sent="9">hotels</wf>
    <wf wid="w_149" para="1" sent="9">..</wf>
    <wf wid="w_150" para="1" sent="10">wat</wf>
    <wf wid="w_151" para="1" sent="10">een</wf>
    <wf wid="w_152" para="1" sent="10">ranzige</wf>
    <wf wid="w_153" para="1" sent="10">bende</wf>
    <wf wid="w_154" para="1" sent="10">is</wf>
    <wf wid="w_155" para="1" sent="10">dit</wf>
    <wf wid="w_156" para="1" sent="10">.</wf>
  </text>
  <terms>
    <term tid="t_1" lemma="dit" type="open">
      <span>
        <target id="w_1"/>
      </span>
    </term>
    <term tid="t_2" lemma="hotel" type="open">
      <span>
        <target id="w_2"/>
      </span>
    </term>
    <term tid="t_3" lemma="is" type="open">
      <span>
        <target id="w_3"/>
      </span>
    </term>
    <term tid="t_4" lemma="zijn" type="open">
      <span>
        <target id="w_4"/>
      </span>
    </term>
    <term tid="t_5" lemma="2" type="open">
      <span>
        <target id="w_5"/>
      </span>
    </term>
    <term tid="t_6" lemma="sterren" type="open">
      <span>
        <target id="w_6"/>
      </span>
    </term>
    <term tid="t_7" lemma="niet" type="open">
      <span>
        <target id="w_7"/>
      </span>
      <sentiment sentiment_modifier="shifter" resource="VUA_olery_lexicon_nl_lmf"/>
    </term>
    <term tid="t_8" lemma="waard" type="open">
      <span>
        <target id="w_8"/>
      </span>
    </term>
    <term tid="t_9" lemma="," type="open">
      <span>
        <target id="w_9"/>
      </span>
    </term>
    <term tid="t_10" lemma="gatverdamme" type="open">
      <span>
        <target id="w_10"/>
      </span>
    </term>
    <term tid="t_11" lemma="wat" type="open">
      <span>
        <target id="w_11"/>
      </span>
    </term>
    <term tid="t_12" lemma="een" type="open">
      <span>
        <target id="w_12"/>
      </span>
    </term>
    <term tid="t_13" lemma="ranzig" type="open" pos="G">
      <span>
        <target id="w_13"/>
      </span>
      <sentiment polarity="negative" resource="VUA_olery_lexicon_nl_lmf"/>
    </term>
    <term tid="t_14" lemma="hok" type="open" pos="N">
      <span>
        <target id="w_14"/>
      </span>
      <sentiment polarity="negative" resource="VUA_olery_lexicon_nl_lmf"/>
    </term>
    <term tid="t_15" lemma="is" type="open">
      <span>
        <target id="w_15"/>
      </span>
    </term>
    <term tid="t_16" lemma="dit" type="open">
      <span>
        <target id="w_16"/>
      </span>
    </term>
    <term tid="t_17" lemma="." type="open">
      <span>
        <target id="w_17"/>
      </span>
    </term>
    <term tid="t_18" lemma="superkleine" type="open">
      <span>
        <target id="w_18"/>
      </span>
    </term>
    <term tid="t_19" lemma="kamer" type="open">
      <span>
        <target id="w_19"/>
      </span>
    </term>
    <term tid="t_20" lemma="en" type="open">
      <span>
        <target id="w_20"/>
      </span>
    </term>
    <term tid="t_21" lemma="een" type="open">
      <span>
        <target id="w_21"/>
      </span>
    </term>
    <term tid="t_22" lemma="badkamer" type="open">
      <span>
        <target id="w_22"/>
      </span>
    </term>
    <term tid="t_23" lemma="waar" type="open">
      <span>
        <target id="w_23"/>
      </span>
    </term>
    <term tid="t_24" lemma="je" type="open">
      <span>
        <target id="w_24"/>
      </span>
    </term>
    <term tid="t_25" lemma="je" type="open">
      <span>
        <target id="w_25"/>
      </span>
    </term>
    <term tid="t_26" lemma="kont" type="open" pos="N">
      <span>
        <target id="w_26"/>
      </span>
      <sentiment polarity="negative" resource="VUA_olery_lexicon_nl_lmf"/>
    </term>
    <term tid="t_27" lemma="niet" type="open">
      <span>
        <target id="w_27"/>
      </span>
      <sentiment sentiment_modifier="shifter" resource="VUA_olery_lexicon_nl_lmf"/>
    </term>
    <term tid="t_28" lemma="in" type="open">
      <span>
        <target id="w_28"/>
      </span>
    </term>
    <term tid="t_29" lemma="kunt" type="open">
      <span>
        <target id="w_29"/>
      </span>
    </term>
    <term tid="t_30" lemma="keren" type="open">
      <span>
        <target id="w_30"/>
      </span>
    </term>
    <term tid="t_31" lemma="." type="open">
      <span>
        <target id="w_31"/>
      </span>
    </term>
    <term tid="t_32" lemma="het" type="open">
      <span>
        <target id="w_32"/>
      </span>
    </term>
    <term tid="t_33" lemma="ongedierte" type="open">
      <span>
        <target id="w_33"/>
      </span>
    </term>
    <term tid="t_34" lemma="loopt" type="open">
      <span>
        <target id="w_34"/>
      </span>
    </term>
    <term tid="t_35" lemma="over" type="open">
      <span>
        <target id="w_35"/>
      </span>
    </term>
    <term tid="t_36" lemma="de" type="open">
      <span>
        <target id="w_36"/>
      </span>
    </term>
    <term tid="t_37" lemma="gangen" type="open">
      <span>
        <target id="w_37"/>
      </span>
    </term>
    <term tid="t_38" lemma="." type="open">
      <span>
        <target id="w_38"/>
      </span>
    </term>
    <term tid="t_39" lemma="ik" type="open">
      <span>
        <target id="w_39"/>
      </span>
    </term>
    <term tid="t_40" lemma="zag" type="open">
      <span>
        <target id="w_40"/>
      </span>
    </term>
    <term tid="t_41" lemma="in" type="open">
      <span>
        <target id="w_41"/>
      </span>
    </term>
    <term tid="t_42" lemma="de" type="open">
      <span>
        <target id="w_42"/>
      </span>
    </term>
    <term tid="t_43" lemma="avond" type="open">
      <span>
        <target id="w_43"/>
      </span>
    </term>
    <term tid="t_44" lemma="een" type="open">
      <span>
        <target id="w_44"/>
      </span>
    </term>
    <term tid="t_45" lemma="rat" type="open">
      <span>
        <target id="w_45"/>
      </span>
    </term>
    <term tid="t_46" lemma="of" type="open">
      <span>
        <target id="w_46"/>
      </span>
    </term>
    <term tid="t_47" lemma="muis" type="open" pos="N">
      <span>
        <target id="w_47"/>
      </span>
      <sentiment polarity="negative" resource="VUA_olery_lexicon_nl_lmf"/>
    </term>
    <term tid="t_48" lemma="over" type="open">
      <span>
        <target id="w_48"/>
      </span>
    </term>
    <term tid="t_49" lemma="de" type="open">
      <span>
        <target id="w_49"/>
      </span>
    </term>
    <term tid="t_50" lemma="gang" type="open">
      <span>
        <target id="w_50"/>
      </span>
    </term>
    <term tid="t_51" lemma="lopen" type="open">
      <span>
        <target id="w_51"/>
      </span>
    </term>
    <term tid="t_52" lemma="en" type="open">
      <span>
        <target id="w_52"/>
      </span>
    </term>
    <term tid="t_53" lemma="toen" type="open">
      <span>
        <target id="w_53"/>
      </span>
    </term>
    <term tid="t_54" lemma="ik" type="open">
      <span>
        <target id="w_54"/>
      </span>
    </term>
    <term tid="t_55" lemma="hier" type="open">
      <span>
        <target id="w_55"/>
      </span>
    </term>
    <term tid="t_56" lemma="iets" type="open">
      <span>
        <target id="w_56"/>
      </span>
    </term>
    <term tid="t_57" lemma="van" type="open">
      <span>
        <target id="w_57"/>
      </span>
    </term>
    <term tid="t_58" lemma="zei" type="open">
      <span>
        <target id="w_58"/>
      </span>
    </term>
    <term tid="t_59" lemma="bij" type="open">
      <span>
        <target id="w_59"/>
      </span>
    </term>
    <term tid="t_60" lemma="de" type="open">
      <span>
        <target id="w_60"/>
      </span>
    </term>
    <term tid="t_61" lemma="receptie" type="open">
      <span>
        <target id="w_61"/>
      </span>
    </term>
    <term tid="t_62" lemma="kreeg" type="open">
      <span>
        <target id="w_62"/>
      </span>
    </term>
    <term tid="t_63" lemma="ik" type="open">
      <span>
        <target id="w_63"/>
      </span>
    </term>
    <term tid="t_64" lemma="als" type="open">
      <span>
        <target id="w_64"/>
      </span>
    </term>
    <term tid="t_65" lemma="antwoord" type="open">
      <span>
        <target id="w_65"/>
      </span>
    </term>
    <term tid="t_66" lemma="dat" type="open">
      <span>
        <target id="w_66"/>
      </span>
    </term>
    <term tid="t_67" lemma="het" type="open">
      <span>
        <target id="w_67"/>
      </span>
    </term>
    <term tid="t_68" lemma="een" type="open">
      <span>
        <target id="w_68"/>
      </span>
    </term>
    <term tid="t_69" lemma="oud" type="open">
      <span>
        <target id="w_69"/>
      </span>
    </term>
    <term tid="t_70" lemma="hotel" type="open">
      <span>
        <target id="w_70"/>
      </span>
    </term>
    <term tid="t_71" lemma="is" type="open">
      <span>
        <target id="w_71"/>
      </span>
    </term>
    <term tid="t_72" lemma=".." type="open">
      <span>
        <target id="w_72"/>
      </span>
    </term>
    <term tid="t_73" lemma="en" type="open">
      <span>
        <target id="w_73"/>
      </span>
    </term>
    <term tid="t_74" lemma="dat" type="open">
      <span>
        <target id="w_74"/>
      </span>
    </term>
    <term tid="t_75" lemma="is" type="open">
      <span>
        <target id="w_75"/>
      </span>
    </term>
    <term tid="t_76" lemma="dus" type="open">
      <span>
        <target id="w_76"/>
      </span>
    </term>
    <term tid="t_77" lemma="een" type="open">
      <span>
        <target id="w_77"/>
      </span>
    </term>
    <term tid="t_78" lemma="excuus" type="open">
      <span>
        <target id="w_78"/>
      </span>
    </term>
    <term tid="t_79" lemma="voor" type="open">
      <span>
        <target id="w_79"/>
      </span>
    </term>
    <term tid="t_80" lemma="ongedierte" type="open">
      <span>
        <target id="w_80"/>
      </span>
    </term>
    <term tid="t_81" lemma=".." type="open">
      <span>
        <target id="w_81"/>
      </span>
    </term>
    <term tid="t_82" lemma="mijn" type="open">
      <span>
        <target id="w_82"/>
      </span>
    </term>
    <term tid="t_83" lemma="advies" type="open">
      <span>
        <target id="w_83"/>
      </span>
    </term>
    <term tid="t_84" lemma="is" type="open">
      <span>
        <target id="w_84"/>
      </span>
    </term>
    <term tid="t_85" lemma="om" type="open">
      <span>
        <target id="w_85"/>
      </span>
    </term>
    <term tid="t_86" lemma="dit" type="open">
      <span>
        <target id="w_86"/>
      </span>
    </term>
    <term tid="t_87" lemma="hotel" type="open">
      <span>
        <target id="w_87"/>
      </span>
    </term>
    <term tid="t_88" lemma="te" type="open">
      <span>
        <target id="w_88"/>
      </span>
    </term>
    <term tid="t_89" lemma="mijden" type="open" pos="V">
      <span>
        <target id="w_89"/>
      </span>
      <sentiment polarity="negative" resource="VUA_olery_lexicon_nl_lmf"/>
    </term>
    <term tid="t_90" lemma="als" type="open">
      <span>
        <target id="w_90"/>
      </span>
    </term>
    <term tid="t_91" lemma="de" type="open">
      <span>
        <target id="w_91"/>
      </span>
    </term>
    <term tid="t_92" lemma="pest" type="open">
      <span>
        <target id="w_92"/>
      </span>
    </term>
    <term tid="t_93" lemma="." type="open">
      <span>
        <target id="w_93"/>
      </span>
    </term>
    <term tid="t_94" lemma="het" type="open">
      <span>
        <target id="w_94"/>
      </span>
    </term>
    <term tid="t_95" lemma="is" type="open">
      <span>
        <target id="w_95"/>
      </span>
    </term>
    <term tid="t_96" lemma="werkelijk" type="open">
      <span>
        <target id="w_96"/>
      </span>
    </term>
    <term tid="t_97" lemma="niet" type="open">
      <span>
        <target id="w_97"/>
      </span>
      <sentiment sentiment_modifier="shifter" resource="VUA_olery_lexicon_nl_lmf"/>
    </term>
    <term tid="t_98" lemma="schoon" type="open" pos="G">
      <span>
        <target id="w_98"/>
      </span>
      <sentiment polarity="positive" resource="VUA_olery_lexicon_nl_lmf"/>
    </term>
    <term tid="t_99" lemma="," type="open">
      <span>
        <target id="w_99"/>
      </span>
    </term>
    <term tid="t_100" lemma="in" type="open">
      <span>
        <target id="w_100"/>
      </span>
    </term>
    <term tid="t_101" lemma="de" type="open">
      <span>
        <target id="w_101"/>
      </span>
    </term>
    <term tid="t_102" lemma="badkamer" type="open">
      <span>
        <target id="w_102"/>
      </span>
    </term>
    <term tid="t_103" lemma="trof" type="open">
      <span>
        <target id="w_103"/>
      </span>
    </term>
    <term tid="t_104" lemma="ik" type="open">
      <span>
        <target id="w_104"/>
      </span>
    </term>
    <term tid="t_105" lemma="een" type="open">
      <span>
        <target id="w_105"/>
      </span>
    </term>
    <term tid="t_106" lemma="condoom" type="open">
      <span>
        <target id="w_106"/>
      </span>
    </term>
    <term tid="t_107" lemma="aan" type="open">
      <span>
        <target id="w_107"/>
      </span>
    </term>
    <term tid="t_108" lemma="in" type="open">
      <span>
        <target id="w_108"/>
      </span>
    </term>
    <term tid="t_109" lemma="het" type="open">
      <span>
        <target id="w_109"/>
      </span>
    </term>
    <term tid="t_110" lemma="vieze" type="open">
      <span>
        <target id="w_110"/>
      </span>
    </term>
    <term tid="t_111" lemma="vuilnisbakje" type="open">
      <span>
        <target id="w_111"/>
      </span>
    </term>
    <term tid="t_112" lemma="en" type="open">
      <span>
        <target id="w_112"/>
      </span>
    </term>
    <term tid="t_113" lemma="de" type="open">
      <span>
        <target id="w_113"/>
      </span>
    </term>
    <term tid="t_114" lemma="ramen" type="open">
      <span>
        <target id="w_114"/>
      </span>
    </term>
    <term tid="t_115" lemma="waren" type="open">
      <span>
        <target id="w_115"/>
      </span>
    </term>
    <term tid="t_116" lemma="in" type="open">
      <span>
        <target id="w_116"/>
      </span>
    </term>
    <term tid="t_117" lemma="20" type="open">
      <span>
        <target id="w_117"/>
      </span>
    </term>
    <term tid="t_118" lemma="jaar" type="open">
      <span>
        <target id="w_118"/>
      </span>
    </term>
    <term tid="t_119" lemma="niet" type="open">
      <span>
        <target id="w_119"/>
      </span>
      <sentiment sentiment_modifier="shifter" resource="VUA_olery_lexicon_nl_lmf"/>
    </term>
    <term tid="t_120" lemma="gezeemd" type="open">
      <span>
        <target id="w_120"/>
      </span>
    </term>
    <term tid="t_121" lemma="." type="open">
      <span>
        <target id="w_121"/>
      </span>
    </term>
    <term tid="t_122" lemma="het" type="open">
      <span>
        <target id="w_122"/>
      </span>
    </term>
    <term tid="t_123" lemma="ontbijt" type="open">
      <span>
        <target id="w_123"/>
      </span>
    </term>
    <term tid="t_124" lemma="zwijg" type="open">
      <span>
        <target id="w_124"/>
      </span>
    </term>
    <term tid="t_125" lemma="ik" type="open">
      <span>
        <target id="w_125"/>
      </span>
    </term>
    <term tid="t_126" lemma="maar" type="open">
      <span>
        <target id="w_126"/>
      </span>
    </term>
    <term tid="t_127" lemma="over" type="open">
      <span>
        <target id="w_127"/>
      </span>
    </term>
    <term tid="t_128" lemma=".." type="open">
      <span>
        <target id="w_128"/>
      </span>
    </term>
    <term tid="t_129" lemma="ik" type="open">
      <span>
        <target id="w_129"/>
      </span>
    </term>
    <term tid="t_130" lemma="heb" type="open">
      <span>
        <target id="w_130"/>
      </span>
    </term>
    <term tid="t_131" lemma="1x" type="open">
      <span>
        <target id="w_131"/>
      </span>
    </term>
    <term tid="t_132" lemma="gegeten" type="open">
      <span>
        <target id="w_132"/>
      </span>
    </term>
    <term tid="t_133" lemma="in" type="open">
      <span>
        <target id="w_133"/>
      </span>
    </term>
    <term tid="t_134" lemma="de" type="open">
      <span>
        <target id="w_134"/>
      </span>
    </term>
    <term tid="t_135" lemma="ontbijtzaal" type="open">
      <span>
        <target id="w_135"/>
      </span>
    </term>
    <term tid="t_136" lemma="en" type="open">
      <span>
        <target id="w_136"/>
      </span>
    </term>
    <term tid="t_137" lemma="de" type="open">
      <span>
        <target id="w_137"/>
      </span>
    </term>
    <term tid="t_138" lemma="rest" type="open">
      <span>
        <target id="w_138"/>
      </span>
    </term>
    <term tid="t_139" lemma="van" type="open">
      <span>
        <target id="w_139"/>
      </span>
    </term>
    <term tid="t_140" lemma="de" type="open">
      <span>
        <target id="w_140"/>
      </span>
    </term>
    <term tid="t_141" lemma="week" type="open">
      <span>
        <target id="w_141"/>
      </span>
    </term>
    <term tid="t_142" lemma="in" type="open">
      <span>
        <target id="w_142"/>
      </span>
    </term>
    <term tid="t_143" lemma="de" type="open">
      <span>
        <target id="w_143"/>
      </span>
    </term>
    <term tid="t_144" lemma="stad" type="open">
      <span>
        <target id="w_144"/>
      </span>
    </term>
    <term tid="t_145" lemma="en" type="open">
      <span>
        <target id="w_145"/>
      </span>
    </term>
    <term tid="t_146" lemma="bij" type="open">
      <span>
        <target id="w_146"/>
      </span>
    </term>
    <term tid="t_147" lemma="andere" type="open">
      <span>
        <target id="w_147"/>
      </span>
    </term>
    <term tid="t_148" lemma="hotels" type="open">
      <span>
        <target id="w_148"/>
      </span>
    </term>
    <term tid="t_149" lemma=".." type="open">
      <span>
        <target id="w_149"/>
      </span>
    </term>
    <term tid="t_150" lemma="wat" type="open">
      <span>
        <target id="w_150"/>
      </span>
    </term>
    <term tid="t_151" lemma="een" type="open">
      <span>
        <target id="w_151"/>
      </span>
    </term>
    <term tid="t_152" lemma="ranzige" type="open">
      <span>
        <target id="w_152"/>
      </span>
    </term>
    <term tid="t_153" lemma="bende" type="open" pos="N">
      <span>
        <target id="w_153"/>
      </span>
      <sentiment polarity="negative" resource="VUA_olery_lexicon_nl_lmf"/>
    </term>
    <term tid="t_154" lemma="is" type="open">
      <span>
        <target id="w_154"/>
      </span>
    </term>
    <term tid="t_155" lemma="dit" type="open">
      <span>
        <target id="w_155"/>
      </span>
    </term>
    <term tid="t_156" lemma="." type="open">
      <span>
        <target id="w_156"/>
      </span>
    </term>
  </terms>
  <entities>
    <entity type="MISC" eid="e_1">
      <span>
        <target id="t_4"/>
      </span>
    </entity>
    <entity type="ORG" eid="e_2">
      <span>
        <target id="t_19"/>
      </span>
    </entity>
    <entity type="PER" eid="e_3">
      <span>
        <target id="t_5"/>
      </span>
    </entity>
  </entities>
  <properties>
    <property type="bathroom" pid="p_1">
      <span>
        <target id="t_22"/>
      </span>
      <span>
        <target id="t_102"/>
      </span>
    </property>
    <property type="room" pid="p_2">
      <span>
        <target id="t_14"/>
      </span>
      <span>
        <target id="t_19"/>
      </span>
      <span>
        <target id="t_26"/>
      </span>
    </property>
    <property type="restaurant" pid="p_3">
      <span>
        <target id="t_123"/>
      </span>
      <span>
        <target id="t_135"/>
      </span>
    </property>
    <property type="cleanliness" pid="p_4">
      <span>
        <target id="t_47"/>
      </span>
      <span>
        <target id="t_98"/>
      </span>
    </property>
    <property type="location" pid="p_5">
      <span>
        <target id="t_144"/>
      </span>
    </property>
    <property type="staff" pid="p_6">
      <span>
        <target id="t_61"/>
      </span>
      <span>
        <target id="t_78"/>
      </span>
    </property>
  </properties>
  <opinions>
    <opinion oid="o_1">
      <opinion_target>
        <span>
          <target id="t_10"/>
        </span>
      </opinion_target>
      <opinion_expression polarity="negative" strength="-2">
        <span>
          <target id="t_13"/>
          <target id="t_14"/>
        </span>
      </opinion_expression>
    </opinion>
    <opinion oid="o_2">
      <opinion_target>
        <span>
          <target id="t_29"/>
        </span>
      </opinion_target>
      <opinion_expression polarity="negative" strength="-1">
        <span>
          <target id="t_26"/>
        </span>
      </opinion_expression>
    </opinion>
    <opinion oid="o_3">
      <opinion_holder>
        <span>
          <target id="t_39"/>
        </span>
      </opinion_holder>
      <opinion_target>
        <span>
          <target id="t_50"/>
        </span>
      </opinion_target>
      <opinion_expression polarity="negative" strength="-1">
        <span>
          <target id="t_47"/>
        </span>
      </opinion_expression>
    </opinion>
    <opinion oid="o_4">
      <opinion_target>
        <span>
          <target id="t_92"/>
        </span>
      </opinion_target>
      <opinion_expression polarity="negative" strength="-1">
        <span>
          <target id="t_89"/>
        </span>
      </opinion_expression>
    </opinion>
    <opinion oid="o_5">
      <opinion_holder>
        <span>
          <target id="t_104"/>
        </span>
      </opinion_holder>
      <opinion_target>
        <span>
          <target id="t_96"/>
        </span>
      </opinion_target>
      <opinion_expression polarity="negative" strength="-1">
        <span>
          <target id="t_98"/>
          <target id="t_97"/>
        </span>
      </opinion_expression>
    </opinion>
    <opinion oid="o_6">
      <opinion_target>
        <span>
          <target id="t_152"/>
        </span>
      </opinion_target>
      <opinion_expression polarity="negative" strength="-1">
        <span>
          <target id="t_153"/>
        </span>
      </opinion_expression>
    </opinion>
  </opinions>
</KAF>
