<?xml version='1.0' encoding='UTF-8'?>
<KAF xml:lang="nl">
  <linguisticProcessors layer="text">
    <lp timestamp="2013-01-06T18:45:06CET" version="2.0" name="SentenceTokenizer"/>
  </linguisticProcessors>
  <linguisticProcessors layer="terms">
    <lp timestamp="2013-01-06T18:45:06CET" version="2.0" name="SentenceTokenizer"/>
    <lp timestamp="2013-01-06T18:45:06CET" version="1.0" name="SimplePolarityTagger"/>
  </linguisticProcessors>
  <linguisticProcessor layer="opinions">
    <lp timestamp="2013-01-06T18:45:06CET" version="1.0" name="SimpleOpinionDetector"/>
  </linguisticProcessor>
  <linguisticProcessor layer="properties">
    <lp timestamp="2013-01-06T18:45:06CET" version="1.0" name="SimplePropRecognizer_lookup"/>
  </linguisticProcessor>
  <linguisticProcessor layer="entities">
    <lp timestamp="2013-01-06T18:45:06CET" version="1.0" name="SimpleNER_lookup"/>
  </linguisticProcessor>
  <text>
    <wf wid="w_1" para="1" sent="1">Wat</wf>
    <wf wid="w_2" para="1" sent="1">een</wf>
    <wf wid="w_3" para="1" sent="1">slechte</wf>
    <wf wid="w_4" para="1" sent="1">kamer</wf>
    <wf wid="w_5" para="1" sent="1">!</wf>
    <wf wid="w_6" para="1" sent="2">Renovatie</wf>
    <wf wid="w_7" para="1" sent="2">nodig</wf>
    <wf wid="w_8" para="1" sent="2">..</wf>
    <wf wid="w_9" para="1" sent="3">Locatie</wf>
    <wf wid="w_10" para="1" sent="3">goed</wf>
    <wf wid="w_11" para="1" sent="3">maar</wf>
    <wf wid="w_12" para="1" sent="3">kamers</wf>
    <wf wid="w_13" para="1" sent="3">zijn</wf>
    <wf wid="w_14" para="1" sent="3">drama</wf>
    <wf wid="w_15" para="1" sent="3">.</wf>
    <wf wid="w_16" para="1" sent="4">Deze</wf>
    <wf wid="w_17" para="1" sent="4">hebben</wf>
    <wf wid="w_18" para="1" sent="4">echt</wf>
    <wf wid="w_19" para="1" sent="4">een</wf>
    <wf wid="w_20" para="1" sent="4">nieuwe</wf>
    <wf wid="w_21" para="1" sent="4">inrichting</wf>
    <wf wid="w_22" para="1" sent="4">nodig</wf>
    <wf wid="w_23" para="1" sent="4">.</wf>
    <wf wid="w_24" para="1" sent="5">Ontbijt</wf>
    <wf wid="w_25" para="1" sent="5">was</wf>
    <wf wid="w_26" para="1" sent="5">prima</wf>
    <wf wid="w_27" para="1" sent="5">.</wf>
  </text>
  <terms>
    <term tid="t_1" lemma="wat" type="open">
      <span>
        <target id="w_1"/>
      </span>
    </term>
    <term tid="t_2" lemma="een" type="open">
      <span>
        <target id="w_2"/>
      </span>
    </term>
    <term tid="t_3" lemma="slechte" type="open">
      <span>
        <target id="w_3"/>
      </span>
    </term>
    <term tid="t_4" lemma="kamer" type="open">
      <span>
        <target id="w_4"/>
      </span>
    </term>
    <term tid="t_5" lemma="!" type="open">
      <span>
        <target id="w_5"/>
      </span>
      <sentiment sentiment_modifier="intensifier" resource="VUA_olery_lexicon_nl_lmf"/>
    </term>
    <term tid="t_6" lemma="renovatie" type="open" pos="N">
      <span>
        <target id="w_6"/>
      </span>
      <sentiment polarity="positive" resource="VUA_olery_lexicon_nl_lmf"/>
    </term>
    <term tid="t_7" lemma="nodig" type="open">
      <span>
        <target id="w_7"/>
      </span>
    </term>
    <term tid="t_8" lemma=".." type="open">
      <span>
        <target id="w_8"/>
      </span>
    </term>
    <term tid="t_9" lemma="locatie" type="open">
      <span>
        <target id="w_9"/>
      </span>
    </term>
    <term tid="t_10" lemma="goed" type="open" pos="G">
      <span>
        <target id="w_10"/>
      </span>
      <sentiment polarity="positive" resource="VUA_olery_lexicon_nl_lmf"/>
    </term>
    <term tid="t_11" lemma="maar" type="open">
      <span>
        <target id="w_11"/>
      </span>
    </term>
    <term tid="t_12" lemma="kamers" type="open">
      <span>
        <target id="w_12"/>
      </span>
    </term>
    <term tid="t_13" lemma="zijn" type="open">
      <span>
        <target id="w_13"/>
      </span>
    </term>
    <term tid="t_14" lemma="drama" type="open" pos="N">
      <span>
        <target id="w_14"/>
      </span>
      <sentiment polarity="negative" resource="VUA_olery_lexicon_nl_lmf"/>
    </term>
    <term tid="t_15" lemma="." type="open">
      <span>
        <target id="w_15"/>
      </span>
    </term>
    <term tid="t_16" lemma="deze" type="open">
      <span>
        <target id="w_16"/>
      </span>
    </term>
    <term tid="t_17" lemma="hebben" type="open">
      <span>
        <target id="w_17"/>
      </span>
    </term>
    <term tid="t_18" lemma="echt" type="open">
      <span>
        <target id="w_18"/>
      </span>
      <sentiment sentiment_modifier="intensifier" resource="VUA_olery_lexicon_nl_lmf"/>
    </term>
    <term tid="t_19" lemma="een" type="open">
      <span>
        <target id="w_19"/>
      </span>
    </term>
    <term tid="t_20" lemma="nieuwe" type="open">
      <span>
        <target id="w_20"/>
      </span>
    </term>
    <term tid="t_21" lemma="inrichting" type="open">
      <span>
        <target id="w_21"/>
      </span>
    </term>
    <term tid="t_22" lemma="nodig" type="open">
      <span>
        <target id="w_22"/>
      </span>
    </term>
    <term tid="t_23" lemma="." type="open">
      <span>
        <target id="w_23"/>
      </span>
    </term>
    <term tid="t_24" lemma="ontbijt" type="open">
      <span>
        <target id="w_24"/>
      </span>
    </term>
    <term tid="t_25" lemma="was" type="open">
      <span>
        <target id="w_25"/>
      </span>
    </term>
    <term tid="t_26" lemma="prima" type="open" pos="G">
      <span>
        <target id="w_26"/>
      </span>
      <sentiment polarity="positive" resource="VUA_olery_lexicon_nl_lmf"/>
    </term>
    <term tid="t_27" lemma="." type="open">
      <span>
        <target id="w_27"/>
      </span>
    </term>
  </terms>
  <entities>
    <entity type="MISC" eid="e_1">
      <span>
        <target id="t_13"/>
      </span>
    </entity>
    <entity type="PER" eid="e_2">
      <span>
        <target id="t_26"/>
      </span>
    </entity>
    <entity type="ORG" eid="e_3">
      <span>
        <target id="t_4"/>
      </span>
    </entity>
    <entity type="MISC" eid="e_4">
      <span>
        <target id="t_14"/>
      </span>
    </entity>
  </entities>
  <properties>
    <property type="restaurant" pid="p_1">
      <span>
        <target id="t_24"/>
      </span>
    </property>
    <property type="room" pid="p_2">
      <span>
        <target id="t_4"/>
      </span>
    </property>
    <property type="location" pid="p_3">
      <span>
        <target id="t_9"/>
      </span>
    </property>
  </properties>
  <opinions>
    <opinion oid="o_1">
      <opinion_target>
        <span>
          <target id="t_7"/>
        </span>
      </opinion_target>
      <opinion_expression polarity="positive" strength="2">
        <span>
          <target id="t_6"/>
          <target id="t_5"/>
        </span>
      </opinion_expression>
    </opinion>
    <opinion oid="o_2">
      <opinion_target>
        <span>
          <target id="t_12"/>
        </span>
      </opinion_target>
      <opinion_expression polarity="positive" strength="1">
        <span>
          <target id="t_10"/>
        </span>
      </opinion_expression>
    </opinion>
    <opinion oid="o_3">
      <opinion_target>
        <span>
          <target id="t_24"/>
        </span>
      </opinion_target>
      <opinion_expression polarity="positive" strength="1">
        <span>
          <target id="t_26"/>
        </span>
      </opinion_expression>
    </opinion>
  </opinions>
</KAF>
