<?xml version='1.0' encoding='UTF-8'?>
<KAF xml:lang="nl">
  <linguisticProcessors layer="text">
    <lp timestamp="2013-01-06T18:44:42CET" version="2.0" name="SentenceTokenizer"/>
  </linguisticProcessors>
  <linguisticProcessors layer="terms">
    <lp timestamp="2013-01-06T18:44:42CET" version="2.0" name="SentenceTokenizer"/>
    <lp timestamp="2013-01-06T18:44:42CET" version="1.0" name="SimplePolarityTagger"/>
  </linguisticProcessors>
  <linguisticProcessor layer="opinions">
    <lp timestamp="2013-01-06T18:44:42CET" version="1.0" name="SimpleOpinionDetector"/>
  </linguisticProcessor>
  <linguisticProcessor layer="properties">
    <lp timestamp="2013-01-06T18:44:42CET" version="1.0" name="SimplePropRecognizer_lookup"/>
  </linguisticProcessor>
  <linguisticProcessor layer="entities">
    <lp timestamp="2013-01-06T18:44:42CET" version="1.0" name="SimpleNER_lookup"/>
  </linguisticProcessor>
  <text>
    <wf wid="w_1" para="1" sent="1">matig</wf>
    <wf wid="w_2" para="1" sent="1">.</wf>
    <wf wid="w_3" para="1" sent="2">Kamer</wf>
    <wf wid="w_4" para="1" sent="2">matig</wf>
    <wf wid="w_5" para="1" sent="2">.</wf>
    <wf wid="w_6" para="1" sent="3">Roest</wf>
    <wf wid="w_7" para="1" sent="3">aan</wf>
    <wf wid="w_8" para="1" sent="3">bad</wf>
    <wf wid="w_9" para="1" sent="3">.</wf>
    <wf wid="w_10" para="1" sent="4">Raam</wf>
    <wf wid="w_11" para="1" sent="4">kon</wf>
    <wf wid="w_12" para="1" sent="4">niet</wf>
    <wf wid="w_13" para="1" sent="4">open</wf>
    <wf wid="w_14" para="1" sent="4">,</wf>
    <wf wid="w_15" para="1" sent="4">het</wf>
    <wf wid="w_16" para="1" sent="4">was</wf>
    <wf wid="w_17" para="1" sent="4">warm</wf>
    <wf wid="w_18" para="1" sent="4">.</wf>
    <wf wid="w_19" para="1" sent="5">Hendel</wf>
    <wf wid="w_20" para="1" sent="5">kapot</wf>
    <wf wid="w_21" para="1" sent="5">.</wf>
    <wf wid="w_22" para="1" sent="6">Men</wf>
    <wf wid="w_23" para="1" sent="6">kon</wf>
    <wf wid="w_24" para="1" sent="6">aan</wf>
    <wf wid="w_25" para="1" sent="6">de</wf>
    <wf wid="w_26" para="1" sent="6">balie</wf>
    <wf wid="w_27" para="1" sent="6">geen</wf>
    <wf wid="w_28" para="1" sent="6">pleisters</wf>
    <wf wid="w_29" para="1" sent="6">vinden</wf>
    <wf wid="w_30" para="1" sent="6">in</wf>
    <wf wid="w_31" para="1" sent="6">de</wf>
    <wf wid="w_32" para="1" sent="6">verbandkist</wf>
    <wf wid="w_33" para="1" sent="6">(dit</wf>
    <wf wid="w_34" para="1" sent="6">is</wf>
    <wf wid="w_35" para="1" sent="6">de</wf>
    <wf wid="w_36" para="1" sent="6">eerste</wf>
    <wf wid="w_37" para="1" sent="6">keer</wf>
    <wf wid="w_38" para="1" sent="6">dat</wf>
    <wf wid="w_39" para="1" sent="6">ik</wf>
    <wf wid="w_40" para="1" sent="6">deze</wf>
    <wf wid="w_41" para="1" sent="6">kist</wf>
    <wf wid="w_42" para="1" sent="6">zie</wf>
    <wf wid="w_43" para="1" sent="6">)</wf>
    <wf wid="w_44" para="1" sent="6">.</wf>
    <wf wid="w_45" para="1" sent="7">Douche</wf>
    <wf wid="w_46" para="1" sent="7">in</wf>
    <wf wid="w_47" para="1" sent="7">bad</wf>
    <wf wid="w_48" para="1" sent="7">is</wf>
    <wf wid="w_49" para="1" sent="7">moeilijk</wf>
    <wf wid="w_50" para="1" sent="7">voor</wf>
    <wf wid="w_51" para="1" sent="7">bejaarden</wf>
    <wf wid="w_52" para="1" sent="7">.</wf>
    <wf wid="w_53" para="1" sent="8">Geen</wf>
    <wf wid="w_54" para="1" sent="8">eierdop</wf>
    <wf wid="w_55" para="1" sent="8">bij</wf>
    <wf wid="w_56" para="1" sent="8">het</wf>
    <wf wid="w_57" para="1" sent="8">ontybijt</wf>
    <wf wid="w_58" para="1" sent="8">.</wf>
    <wf wid="w_59" para="1" sent="9">Moeilijk</wf>
    <wf wid="w_60" para="1" sent="9">als</wf>
    <wf wid="w_61" para="1" sent="9">je</wf>
    <wf wid="w_62" para="1" sent="9">met</wf>
    <wf wid="w_63" para="1" sent="9">je</wf>
    <wf wid="w_64" para="1" sent="9">bord</wf>
    <wf wid="w_65" para="1" sent="9">vol</wf>
    <wf wid="w_66" para="1" sent="9">staat</wf>
    <wf wid="w_67" para="1" sent="9">.</wf>
    <wf wid="w_68" para="1" sent="10">Wij</wf>
    <wf wid="w_69" para="1" sent="10">vonden</wf>
    <wf wid="w_70" para="1" sent="10">het</wf>
    <wf wid="w_71" para="1" sent="10">hotel</wf>
    <wf wid="w_72" para="1" sent="10">er</wf>
    <wf wid="w_73" para="1" sent="10">onverzorgd</wf>
    <wf wid="w_74" para="1" sent="10">uitzien</wf>
    <wf wid="w_75" para="1" sent="10">.</wf>
    <wf wid="w_76" para="1" sent="11">Eten</wf>
    <wf wid="w_77" para="1" sent="11">in</wf>
    <wf wid="w_78" para="1" sent="11">de</wf>
    <wf wid="w_79" para="1" sent="11">brasserie</wf>
    <wf wid="w_80" para="1" sent="11">was</wf>
    <wf wid="w_81" para="1" sent="11">goed</wf>
    <wf wid="w_82" para="1" sent="11">.</wf>
    <wf wid="w_83" para="1" sent="12">Prijskwaliteitsverhouding</wf>
    <wf wid="w_84" para="1" sent="12">hotel</wf>
    <wf wid="w_85" para="1" sent="12">in</wf>
    <wf wid="w_86" para="1" sent="12">vergelijking</wf>
    <wf wid="w_87" para="1" sent="12">met</wf>
    <wf wid="w_88" para="1" sent="12">andere</wf>
    <wf wid="w_89" para="1" sent="12">hotels</wf>
    <wf wid="w_90" para="1" sent="12">niet</wf>
    <wf wid="w_91" para="1" sent="12">goed</wf>
    <wf wid="w_92" para="1" sent="12">.</wf>
    <wf wid="w_93" para="1" sent="13">Te</wf>
    <wf wid="w_94" para="1" sent="13">duur</wf>
    <wf wid="w_95" para="1" sent="13">.</wf>
    <wf wid="w_96" para="1" sent="14">Gaan</wf>
    <wf wid="w_97" para="1" sent="14">er</wf>
    <wf wid="w_98" para="1" sent="14">niet</wf>
    <wf wid="w_99" para="1" sent="14">meer</wf>
    <wf wid="w_100" para="1" sent="14">heen</wf>
    <wf wid="w_101" para="1" sent="14">.</wf>
  </text>
  <terms>
    <term tid="t_1" lemma="matig" type="open" pos="G">
      <span>
        <target id="w_1"/>
      </span>
      <sentiment polarity="negative" resource="VUA_olery_lexicon_nl_lmf"/>
    </term>
    <term tid="t_2" lemma="." type="open">
      <span>
        <target id="w_2"/>
      </span>
    </term>
    <term tid="t_3" lemma="kamer" type="open">
      <span>
        <target id="w_3"/>
      </span>
    </term>
    <term tid="t_4" lemma="matig" type="open" pos="G">
      <span>
        <target id="w_4"/>
      </span>
      <sentiment polarity="negative" resource="VUA_olery_lexicon_nl_lmf"/>
    </term>
    <term tid="t_5" lemma="." type="open">
      <span>
        <target id="w_5"/>
      </span>
    </term>
    <term tid="t_6" lemma="roest" type="open">
      <span>
        <target id="w_6"/>
      </span>
    </term>
    <term tid="t_7" lemma="aan" type="open">
      <span>
        <target id="w_7"/>
      </span>
    </term>
    <term tid="t_8" lemma="bad" type="open">
      <span>
        <target id="w_8"/>
      </span>
    </term>
    <term tid="t_9" lemma="." type="open">
      <span>
        <target id="w_9"/>
      </span>
    </term>
    <term tid="t_10" lemma="raam" type="open">
      <span>
        <target id="w_10"/>
      </span>
    </term>
    <term tid="t_11" lemma="kon" type="open">
      <span>
        <target id="w_11"/>
      </span>
    </term>
    <term tid="t_12" lemma="niet" type="open">
      <span>
        <target id="w_12"/>
      </span>
      <sentiment sentiment_modifier="shifter" resource="VUA_olery_lexicon_nl_lmf"/>
    </term>
    <term tid="t_13" lemma="open" type="open">
      <span>
        <target id="w_13"/>
      </span>
    </term>
    <term tid="t_14" lemma="," type="open">
      <span>
        <target id="w_14"/>
      </span>
    </term>
    <term tid="t_15" lemma="het" type="open">
      <span>
        <target id="w_15"/>
      </span>
    </term>
    <term tid="t_16" lemma="was" type="open">
      <span>
        <target id="w_16"/>
      </span>
    </term>
    <term tid="t_17" lemma="warm" type="open">
      <span>
        <target id="w_17"/>
      </span>
    </term>
    <term tid="t_18" lemma="." type="open">
      <span>
        <target id="w_18"/>
      </span>
    </term>
    <term tid="t_19" lemma="hendel" type="open">
      <span>
        <target id="w_19"/>
      </span>
    </term>
    <term tid="t_20" lemma="kapot" type="open" pos="G">
      <span>
        <target id="w_20"/>
      </span>
      <sentiment polarity="negative" resource="VUA_olery_lexicon_nl_lmf"/>
    </term>
    <term tid="t_21" lemma="." type="open">
      <span>
        <target id="w_21"/>
      </span>
    </term>
    <term tid="t_22" lemma="men" type="open">
      <span>
        <target id="w_22"/>
      </span>
    </term>
    <term tid="t_23" lemma="kon" type="open">
      <span>
        <target id="w_23"/>
      </span>
    </term>
    <term tid="t_24" lemma="aan" type="open">
      <span>
        <target id="w_24"/>
      </span>
    </term>
    <term tid="t_25" lemma="de" type="open">
      <span>
        <target id="w_25"/>
      </span>
    </term>
    <term tid="t_26" lemma="balie" type="open">
      <span>
        <target id="w_26"/>
      </span>
    </term>
    <term tid="t_27" lemma="geen" type="open">
      <span>
        <target id="w_27"/>
      </span>
      <sentiment sentiment_modifier="shifter" resource="VUA_olery_lexicon_nl_lmf"/>
    </term>
    <term tid="t_28" lemma="pleisters" type="open">
      <span>
        <target id="w_28"/>
      </span>
    </term>
    <term tid="t_29" lemma="vinden" type="open">
      <span>
        <target id="w_29"/>
      </span>
    </term>
    <term tid="t_30" lemma="in" type="open">
      <span>
        <target id="w_30"/>
      </span>
    </term>
    <term tid="t_31" lemma="de" type="open">
      <span>
        <target id="w_31"/>
      </span>
    </term>
    <term tid="t_32" lemma="verbandkist" type="open">
      <span>
        <target id="w_32"/>
      </span>
    </term>
    <term tid="t_33" lemma="(dit" type="open">
      <span>
        <target id="w_33"/>
      </span>
    </term>
    <term tid="t_34" lemma="is" type="open">
      <span>
        <target id="w_34"/>
      </span>
    </term>
    <term tid="t_35" lemma="de" type="open">
      <span>
        <target id="w_35"/>
      </span>
    </term>
    <term tid="t_36" lemma="eerste" type="open">
      <span>
        <target id="w_36"/>
      </span>
    </term>
    <term tid="t_37" lemma="keer" type="open">
      <span>
        <target id="w_37"/>
      </span>
    </term>
    <term tid="t_38" lemma="dat" type="open">
      <span>
        <target id="w_38"/>
      </span>
    </term>
    <term tid="t_39" lemma="ik" type="open">
      <span>
        <target id="w_39"/>
      </span>
    </term>
    <term tid="t_40" lemma="deze" type="open">
      <span>
        <target id="w_40"/>
      </span>
    </term>
    <term tid="t_41" lemma="kist" type="open">
      <span>
        <target id="w_41"/>
      </span>
    </term>
    <term tid="t_42" lemma="zie" type="open">
      <span>
        <target id="w_42"/>
      </span>
    </term>
    <term tid="t_43" lemma=")" type="open">
      <span>
        <target id="w_43"/>
      </span>
    </term>
    <term tid="t_44" lemma="." type="open">
      <span>
        <target id="w_44"/>
      </span>
    </term>
    <term tid="t_45" lemma="douche" type="open">
      <span>
        <target id="w_45"/>
      </span>
    </term>
    <term tid="t_46" lemma="in" type="open">
      <span>
        <target id="w_46"/>
      </span>
    </term>
    <term tid="t_47" lemma="bad" type="open">
      <span>
        <target id="w_47"/>
      </span>
    </term>
    <term tid="t_48" lemma="is" type="open">
      <span>
        <target id="w_48"/>
      </span>
    </term>
    <term tid="t_49" lemma="moeilijk" type="open" pos="G">
      <span>
        <target id="w_49"/>
      </span>
      <sentiment polarity="negative" resource="VUA_olery_lexicon_nl_lmf"/>
    </term>
    <term tid="t_50" lemma="voor" type="open">
      <span>
        <target id="w_50"/>
      </span>
    </term>
    <term tid="t_51" lemma="bejaarden" type="open">
      <span>
        <target id="w_51"/>
      </span>
    </term>
    <term tid="t_52" lemma="." type="open">
      <span>
        <target id="w_52"/>
      </span>
    </term>
    <term tid="t_53" lemma="geen" type="open">
      <span>
        <target id="w_53"/>
      </span>
      <sentiment sentiment_modifier="shifter" resource="VUA_olery_lexicon_nl_lmf"/>
    </term>
    <term tid="t_54" lemma="eierdop" type="open">
      <span>
        <target id="w_54"/>
      </span>
    </term>
    <term tid="t_55" lemma="bij" type="open">
      <span>
        <target id="w_55"/>
      </span>
    </term>
    <term tid="t_56" lemma="het" type="open">
      <span>
        <target id="w_56"/>
      </span>
    </term>
    <term tid="t_57" lemma="ontybijt" type="open">
      <span>
        <target id="w_57"/>
      </span>
    </term>
    <term tid="t_58" lemma="." type="open">
      <span>
        <target id="w_58"/>
      </span>
    </term>
    <term tid="t_59" lemma="moeilijk" type="open" pos="G">
      <span>
        <target id="w_59"/>
      </span>
      <sentiment polarity="negative" resource="VUA_olery_lexicon_nl_lmf"/>
    </term>
    <term tid="t_60" lemma="als" type="open">
      <span>
        <target id="w_60"/>
      </span>
    </term>
    <term tid="t_61" lemma="je" type="open">
      <span>
        <target id="w_61"/>
      </span>
    </term>
    <term tid="t_62" lemma="met" type="open">
      <span>
        <target id="w_62"/>
      </span>
    </term>
    <term tid="t_63" lemma="je" type="open">
      <span>
        <target id="w_63"/>
      </span>
    </term>
    <term tid="t_64" lemma="bord" type="open">
      <span>
        <target id="w_64"/>
      </span>
    </term>
    <term tid="t_65" lemma="vol" type="open">
      <span>
        <target id="w_65"/>
      </span>
    </term>
    <term tid="t_66" lemma="staat" type="open">
      <span>
        <target id="w_66"/>
      </span>
    </term>
    <term tid="t_67" lemma="." type="open">
      <span>
        <target id="w_67"/>
      </span>
    </term>
    <term tid="t_68" lemma="wij" type="open">
      <span>
        <target id="w_68"/>
      </span>
    </term>
    <term tid="t_69" lemma="vonden" type="open">
      <span>
        <target id="w_69"/>
      </span>
    </term>
    <term tid="t_70" lemma="het" type="open">
      <span>
        <target id="w_70"/>
      </span>
    </term>
    <term tid="t_71" lemma="hotel" type="open">
      <span>
        <target id="w_71"/>
      </span>
    </term>
    <term tid="t_72" lemma="er" type="open">
      <span>
        <target id="w_72"/>
      </span>
    </term>
    <term tid="t_73" lemma="onverzorgd" type="open" pos="G">
      <span>
        <target id="w_73"/>
      </span>
      <sentiment polarity="negative" resource="VUA_olery_lexicon_nl_lmf"/>
    </term>
    <term tid="t_74" lemma="uitzien" type="open">
      <span>
        <target id="w_74"/>
      </span>
    </term>
    <term tid="t_75" lemma="." type="open">
      <span>
        <target id="w_75"/>
      </span>
    </term>
    <term tid="t_76" lemma="eten" type="open">
      <span>
        <target id="w_76"/>
      </span>
    </term>
    <term tid="t_77" lemma="in" type="open">
      <span>
        <target id="w_77"/>
      </span>
    </term>
    <term tid="t_78" lemma="de" type="open">
      <span>
        <target id="w_78"/>
      </span>
    </term>
    <term tid="t_79" lemma="brasserie" type="open">
      <span>
        <target id="w_79"/>
      </span>
    </term>
    <term tid="t_80" lemma="was" type="open">
      <span>
        <target id="w_80"/>
      </span>
    </term>
    <term tid="t_81" lemma="goed" type="open" pos="G">
      <span>
        <target id="w_81"/>
      </span>
      <sentiment polarity="positive" resource="VUA_olery_lexicon_nl_lmf"/>
    </term>
    <term tid="t_82" lemma="." type="open">
      <span>
        <target id="w_82"/>
      </span>
    </term>
    <term tid="t_83" lemma="prijskwaliteitsverhouding" type="open">
      <span>
        <target id="w_83"/>
      </span>
    </term>
    <term tid="t_84" lemma="hotel" type="open">
      <span>
        <target id="w_84"/>
      </span>
    </term>
    <term tid="t_85" lemma="in" type="open">
      <span>
        <target id="w_85"/>
      </span>
    </term>
    <term tid="t_86" lemma="vergelijking" type="open">
      <span>
        <target id="w_86"/>
      </span>
    </term>
    <term tid="t_87" lemma="met" type="open">
      <span>
        <target id="w_87"/>
      </span>
    </term>
    <term tid="t_88" lemma="andere" type="open">
      <span>
        <target id="w_88"/>
      </span>
    </term>
    <term tid="t_89" lemma="hotels" type="open">
      <span>
        <target id="w_89"/>
      </span>
    </term>
    <term tid="t_90" lemma="niet" type="open">
      <span>
        <target id="w_90"/>
      </span>
      <sentiment sentiment_modifier="shifter" resource="VUA_olery_lexicon_nl_lmf"/>
    </term>
    <term tid="t_91" lemma="goed" type="open" pos="G">
      <span>
        <target id="w_91"/>
      </span>
      <sentiment polarity="positive" resource="VUA_olery_lexicon_nl_lmf"/>
    </term>
    <term tid="t_92" lemma="." type="open">
      <span>
        <target id="w_92"/>
      </span>
    </term>
    <term tid="t_93" lemma="te" type="open">
      <span>
        <target id="w_93"/>
      </span>
    </term>
    <term tid="t_94" lemma="duur" type="open" pos="G">
      <span>
        <target id="w_94"/>
      </span>
      <sentiment polarity="negative" resource="VUA_olery_lexicon_nl_lmf"/>
    </term>
    <term tid="t_95" lemma="." type="open">
      <span>
        <target id="w_95"/>
      </span>
    </term>
    <term tid="t_96" lemma="gaan" type="open">
      <span>
        <target id="w_96"/>
      </span>
    </term>
    <term tid="t_97" lemma="er" type="open">
      <span>
        <target id="w_97"/>
      </span>
    </term>
    <term tid="t_98" lemma="niet" type="open">
      <span>
        <target id="w_98"/>
      </span>
      <sentiment sentiment_modifier="shifter" resource="VUA_olery_lexicon_nl_lmf"/>
    </term>
    <term tid="t_99" lemma="meer" type="open">
      <span>
        <target id="w_99"/>
      </span>
    </term>
    <term tid="t_100" lemma="heen" type="open">
      <span>
        <target id="w_100"/>
      </span>
    </term>
    <term tid="t_101" lemma="." type="open">
      <span>
        <target id="w_101"/>
      </span>
    </term>
  </terms>
  <entities>
    <entity type="MISC" eid="e_1">
      <span>
        <target id="t_13"/>
      </span>
    </entity>
    <entity type="ORG" eid="e_2">
      <span>
        <target id="t_3"/>
      </span>
    </entity>
  </entities>
  <properties>
    <property type="value_for_money" pid="p_1">
      <span>
        <target id="t_94"/>
      </span>
    </property>
    <property type="bathroom" pid="p_2">
      <span>
        <target id="t_8"/>
      </span>
      <span>
        <target id="t_45"/>
      </span>
      <span>
        <target id="t_47"/>
      </span>
    </property>
    <property type="restaurant" pid="p_3">
      <span>
        <target id="t_64"/>
      </span>
      <span>
        <target id="t_76"/>
      </span>
      <span>
        <target id="t_79"/>
      </span>
    </property>
    <property type="room" pid="p_4">
      <span>
        <target id="t_3"/>
      </span>
    </property>
    <property type="staff" pid="p_5">
      <span>
        <target id="t_26"/>
      </span>
    </property>
  </properties>
  <opinions>
    <opinion oid="o_1">
      <opinion_target>
        <span>
          <target id="t_3"/>
        </span>
      </opinion_target>
      <opinion_expression polarity="negative" strength="-1">
        <span>
          <target id="t_4"/>
        </span>
      </opinion_expression>
    </opinion>
    <opinion oid="o_2">
      <opinion_target>
        <span>
          <target id="t_19"/>
        </span>
      </opinion_target>
      <opinion_expression polarity="negative" strength="-1">
        <span>
          <target id="t_20"/>
        </span>
      </opinion_expression>
    </opinion>
    <opinion oid="o_3">
      <opinion_target>
        <span>
          <target id="t_51"/>
        </span>
      </opinion_target>
      <opinion_expression polarity="negative" strength="-1">
        <span>
          <target id="t_49"/>
        </span>
      </opinion_expression>
    </opinion>
    <opinion oid="o_4">
      <opinion_target>
        <span>
          <target id="t_74"/>
        </span>
      </opinion_target>
      <opinion_expression polarity="negative" strength="-1">
        <span>
          <target id="t_73"/>
        </span>
      </opinion_expression>
    </opinion>
    <opinion oid="o_5">
      <opinion_target>
        <span>
          <target id="t_79"/>
        </span>
      </opinion_target>
      <opinion_expression polarity="positive" strength="1">
        <span>
          <target id="t_81"/>
        </span>
      </opinion_expression>
    </opinion>
    <opinion oid="o_6">
      <opinion_target>
        <span>
          <target id="t_89"/>
        </span>
      </opinion_target>
      <opinion_expression polarity="negative" strength="-1">
        <span>
          <target id="t_91"/>
          <target id="t_90"/>
        </span>
      </opinion_expression>
    </opinion>
  </opinions>
</KAF>
