<?xml version='1.0' encoding='UTF-8'?>
<KAF xml:lang="nl">
  <linguisticProcessors layer="text">
    <lp timestamp="2013-01-06T18:27:50CET" version="2.0" name="SentenceTokenizer"/>
  </linguisticProcessors>
  <linguisticProcessors layer="terms">
    <lp timestamp="2013-01-06T18:27:50CET" version="2.0" name="SentenceTokenizer"/>
    <lp timestamp="2013-01-06T18:27:50CET" version="1.0" name="SimplePolarityTagger"/>
  </linguisticProcessors>
  <linguisticProcessor layer="opinions">
    <lp timestamp="2013-01-06T18:27:50CET" version="1.0" name="SimpleOpinionDetector"/>
  </linguisticProcessor>
  <linguisticProcessor layer="properties">
    <lp timestamp="2013-01-06T18:27:50CET" version="1.0" name="SimplePropRecognizer_lookup"/>
  </linguisticProcessor>
  <linguisticProcessor layer="entities">
    <lp timestamp="2013-01-06T18:27:50CET" version="1.0" name="SimpleNER_lookup"/>
  </linguisticProcessor>
  <text>
    <wf wid="w_1" para="1" sent="1">Ik</wf>
    <wf wid="w_2" para="1" sent="1">kreeg</wf>
    <wf wid="w_3" para="1" sent="1">een</wf>
    <wf wid="w_4" para="1" sent="1">andere</wf>
    <wf wid="w_5" para="1" sent="1">kamer</wf>
    <wf wid="w_6" para="1" sent="1">dan</wf>
    <wf wid="w_7" para="1" sent="1">geboekt</wf>
    <wf wid="w_8" para="1" sent="1">.</wf>
    <wf wid="w_9" para="1" sent="2">Toen</wf>
    <wf wid="w_10" para="1" sent="2">ik</wf>
    <wf wid="w_11" para="1" sent="2">dit</wf>
    <wf wid="w_12" para="1" sent="2">aangaf</wf>
    <wf wid="w_13" para="1" sent="2">,</wf>
    <wf wid="w_14" para="1" sent="2">antwoordde</wf>
    <wf wid="w_15" para="1" sent="2">men</wf>
    <wf wid="w_16" para="1" sent="2">dat</wf>
    <wf wid="w_17" para="1" sent="2">ik</wf>
    <wf wid="w_18" para="1" sent="2">toch</wf>
    <wf wid="w_19" para="1" sent="2">alleen</wf>
    <wf wid="w_20" para="1" sent="2">was</wf>
    <wf wid="w_21" para="1" sent="2">en</wf>
    <wf wid="w_22" para="1" sent="2">dus</wf>
    <wf wid="w_23" para="1" sent="2">geen</wf>
    <wf wid="w_24" para="1" sent="2">grote</wf>
    <wf wid="w_25" para="1" sent="2">kamer</wf>
    <wf wid="w_26" para="1" sent="2">nodig</wf>
    <wf wid="w_27" para="1" sent="2">had</wf>
    <wf wid="w_28" para="1" sent="2">.</wf>
    <wf wid="w_29" para="1" sent="3">Toch</wf>
    <wf wid="w_30" para="1" sent="3">betaalde</wf>
    <wf wid="w_31" para="1" sent="3">ik</wf>
    <wf wid="w_32" para="1" sent="3">ervoor</wf>
    <wf wid="w_33" para="1" sent="3">.</wf>
    <wf wid="w_34" para="1" sent="4">De</wf>
    <wf wid="w_35" para="1" sent="4">kitchenette</wf>
    <wf wid="w_36" para="1" sent="4">deed</wf>
    <wf wid="w_37" para="1" sent="4">het</wf>
    <wf wid="w_38" para="1" sent="4">niet</wf>
    <wf wid="w_39" para="1" sent="4">.</wf>
    <wf wid="w_40" para="1" sent="5">Ook</wf>
    <wf wid="w_41" para="1" sent="5">de</wf>
    <wf wid="w_42" para="1" sent="5">koelkast</wf>
    <wf wid="w_43" para="1" sent="5">was</wf>
    <wf wid="w_44" para="1" sent="5">stuk</wf>
    <wf wid="w_45" para="1" sent="5">.</wf>
    <wf wid="w_46" para="1" sent="6">Het</wf>
    <wf wid="w_47" para="1" sent="6">terras</wf>
    <wf wid="w_48" para="1" sent="6">was</wf>
    <wf wid="w_49" para="1" sent="6">eigenlijk</wf>
    <wf wid="w_50" para="1" sent="6">een</wf>
    <wf wid="w_51" para="1" sent="6">gangetje</wf>
    <wf wid="w_52" para="1" sent="6">naar</wf>
    <wf wid="w_53" para="1" sent="6">een</wf>
    <wf wid="w_54" para="1" sent="6">opslagplaats</wf>
    <wf wid="w_55" para="1" sent="6">.</wf>
    <wf wid="w_56" para="1" sent="7">Mijn</wf>
    <wf wid="w_57" para="1" sent="7">lakens</wf>
    <wf wid="w_58" para="1" sent="7">werden</wf>
    <wf wid="w_59" para="1" sent="7">nooit</wf>
    <wf wid="w_60" para="1" sent="7">verversd</wf>
    <wf wid="w_61" para="1" sent="7">.</wf>
    <wf wid="w_62" para="1" sent="8">Het</wf>
    <wf wid="w_63" para="1" sent="8">management</wf>
    <wf wid="w_64" para="1" sent="8">was</wf>
    <wf wid="w_65" para="1" sent="8">grof</wf>
    <wf wid="w_66" para="1" sent="8">en</wf>
    <wf wid="w_67" para="1" sent="8">onbeleefd</wf>
    <wf wid="w_68" para="1" sent="8">.</wf>
    <wf wid="w_69" para="1" sent="9">Dit</wf>
    <wf wid="w_70" para="1" sent="9">was</wf>
    <wf wid="w_71" para="1" sent="9">echt</wf>
    <wf wid="w_72" para="1" sent="9">een</wf>
    <wf wid="w_73" para="1" sent="9">tegenvaller</wf>
    <wf wid="w_74" para="1" sent="9">en</wf>
    <wf wid="w_75" para="1" sent="9">dan</wf>
    <wf wid="w_76" para="1" sent="9">vooral</wf>
    <wf wid="w_77" para="1" sent="9">door</wf>
    <wf wid="w_78" para="1" sent="9">de</wf>
    <wf wid="w_79" para="1" sent="9">service</wf>
    <wf wid="w_80" para="1" sent="9">.</wf>
  </text>
  <terms>
    <term tid="t_1" lemma="ik" type="open">
      <span>
        <target id="w_1"/>
      </span>
    </term>
    <term tid="t_2" lemma="kreeg" type="open">
      <span>
        <target id="w_2"/>
      </span>
    </term>
    <term tid="t_3" lemma="een" type="open">
      <span>
        <target id="w_3"/>
      </span>
    </term>
    <term tid="t_4" lemma="andere" type="open">
      <span>
        <target id="w_4"/>
      </span>
    </term>
    <term tid="t_5" lemma="kamer" type="open">
      <span>
        <target id="w_5"/>
      </span>
    </term>
    <term tid="t_6" lemma="dan" type="open">
      <span>
        <target id="w_6"/>
      </span>
    </term>
    <term tid="t_7" lemma="geboekt" type="open">
      <span>
        <target id="w_7"/>
      </span>
    </term>
    <term tid="t_8" lemma="." type="open">
      <span>
        <target id="w_8"/>
      </span>
    </term>
    <term tid="t_9" lemma="toen" type="open">
      <span>
        <target id="w_9"/>
      </span>
    </term>
    <term tid="t_10" lemma="ik" type="open">
      <span>
        <target id="w_10"/>
      </span>
    </term>
    <term tid="t_11" lemma="dit" type="open">
      <span>
        <target id="w_11"/>
      </span>
    </term>
    <term tid="t_12" lemma="aangaf" type="open">
      <span>
        <target id="w_12"/>
      </span>
    </term>
    <term tid="t_13" lemma="," type="open">
      <span>
        <target id="w_13"/>
      </span>
    </term>
    <term tid="t_14" lemma="antwoordde" type="open">
      <span>
        <target id="w_14"/>
      </span>
    </term>
    <term tid="t_15" lemma="men" type="open">
      <span>
        <target id="w_15"/>
      </span>
    </term>
    <term tid="t_16" lemma="dat" type="open">
      <span>
        <target id="w_16"/>
      </span>
    </term>
    <term tid="t_17" lemma="ik" type="open">
      <span>
        <target id="w_17"/>
      </span>
    </term>
    <term tid="t_18" lemma="toch" type="open">
      <span>
        <target id="w_18"/>
      </span>
    </term>
    <term tid="t_19" lemma="alleen" type="open">
      <span>
        <target id="w_19"/>
      </span>
    </term>
    <term tid="t_20" lemma="was" type="open">
      <span>
        <target id="w_20"/>
      </span>
    </term>
    <term tid="t_21" lemma="en" type="open">
      <span>
        <target id="w_21"/>
      </span>
    </term>
    <term tid="t_22" lemma="dus" type="open">
      <span>
        <target id="w_22"/>
      </span>
    </term>
    <term tid="t_23" lemma="geen" type="open">
      <span>
        <target id="w_23"/>
      </span>
      <sentiment sentiment_modifier="shifter" resource="VUA_olery_lexicon_nl_lmf"/>
    </term>
    <term tid="t_24" lemma="grote" type="open">
      <span>
        <target id="w_24"/>
      </span>
    </term>
    <term tid="t_25" lemma="kamer" type="open">
      <span>
        <target id="w_25"/>
      </span>
    </term>
    <term tid="t_26" lemma="nodig" type="open">
      <span>
        <target id="w_26"/>
      </span>
    </term>
    <term tid="t_27" lemma="had" type="open">
      <span>
        <target id="w_27"/>
      </span>
    </term>
    <term tid="t_28" lemma="." type="open">
      <span>
        <target id="w_28"/>
      </span>
    </term>
    <term tid="t_29" lemma="toch" type="open">
      <span>
        <target id="w_29"/>
      </span>
    </term>
    <term tid="t_30" lemma="betaalde" type="open">
      <span>
        <target id="w_30"/>
      </span>
    </term>
    <term tid="t_31" lemma="ik" type="open">
      <span>
        <target id="w_31"/>
      </span>
    </term>
    <term tid="t_32" lemma="ervoor" type="open">
      <span>
        <target id="w_32"/>
      </span>
    </term>
    <term tid="t_33" lemma="." type="open">
      <span>
        <target id="w_33"/>
      </span>
    </term>
    <term tid="t_34" lemma="de" type="open">
      <span>
        <target id="w_34"/>
      </span>
    </term>
    <term tid="t_35" lemma="kitchenette" type="open">
      <span>
        <target id="w_35"/>
      </span>
    </term>
    <term tid="t_36" lemma="deed" type="open">
      <span>
        <target id="w_36"/>
      </span>
    </term>
    <term tid="t_37" lemma="het" type="open">
      <span>
        <target id="w_37"/>
      </span>
    </term>
    <term tid="t_38" lemma="niet" type="open">
      <span>
        <target id="w_38"/>
      </span>
      <sentiment sentiment_modifier="shifter" resource="VUA_olery_lexicon_nl_lmf"/>
    </term>
    <term tid="t_39" lemma="." type="open">
      <span>
        <target id="w_39"/>
      </span>
    </term>
    <term tid="t_40" lemma="ook" type="open">
      <span>
        <target id="w_40"/>
      </span>
    </term>
    <term tid="t_41" lemma="de" type="open">
      <span>
        <target id="w_41"/>
      </span>
    </term>
    <term tid="t_42" lemma="koelkast" type="open">
      <span>
        <target id="w_42"/>
      </span>
    </term>
    <term tid="t_43" lemma="was" type="open">
      <span>
        <target id="w_43"/>
      </span>
    </term>
    <term tid="t_44" lemma="stuk" type="open">
      <span>
        <target id="w_44"/>
      </span>
    </term>
    <term tid="t_45" lemma="." type="open">
      <span>
        <target id="w_45"/>
      </span>
    </term>
    <term tid="t_46" lemma="het" type="open">
      <span>
        <target id="w_46"/>
      </span>
    </term>
    <term tid="t_47" lemma="terras" type="open">
      <span>
        <target id="w_47"/>
      </span>
    </term>
    <term tid="t_48" lemma="was" type="open">
      <span>
        <target id="w_48"/>
      </span>
    </term>
    <term tid="t_49" lemma="eigenlijk" type="open">
      <span>
        <target id="w_49"/>
      </span>
    </term>
    <term tid="t_50" lemma="een" type="open">
      <span>
        <target id="w_50"/>
      </span>
    </term>
    <term tid="t_51" lemma="gangetje" type="open">
      <span>
        <target id="w_51"/>
      </span>
    </term>
    <term tid="t_52" lemma="naar" type="open" pos="G">
      <span>
        <target id="w_52"/>
      </span>
      <sentiment polarity="negative" resource="VUA_olery_lexicon_nl_lmf"/>
    </term>
    <term tid="t_53" lemma="een" type="open">
      <span>
        <target id="w_53"/>
      </span>
    </term>
    <term tid="t_54" lemma="opslagplaats" type="open">
      <span>
        <target id="w_54"/>
      </span>
    </term>
    <term tid="t_55" lemma="." type="open">
      <span>
        <target id="w_55"/>
      </span>
    </term>
    <term tid="t_56" lemma="mijn" type="open">
      <span>
        <target id="w_56"/>
      </span>
    </term>
    <term tid="t_57" lemma="lakens" type="open">
      <span>
        <target id="w_57"/>
      </span>
    </term>
    <term tid="t_58" lemma="werden" type="open">
      <span>
        <target id="w_58"/>
      </span>
    </term>
    <term tid="t_59" lemma="nooit" type="open">
      <span>
        <target id="w_59"/>
      </span>
      <sentiment sentiment_modifier="shifter" resource="VUA_olery_lexicon_nl_lmf"/>
    </term>
    <term tid="t_60" lemma="verversd" type="open">
      <span>
        <target id="w_60"/>
      </span>
    </term>
    <term tid="t_61" lemma="." type="open">
      <span>
        <target id="w_61"/>
      </span>
    </term>
    <term tid="t_62" lemma="het" type="open">
      <span>
        <target id="w_62"/>
      </span>
    </term>
    <term tid="t_63" lemma="management" type="open">
      <span>
        <target id="w_63"/>
      </span>
    </term>
    <term tid="t_64" lemma="was" type="open">
      <span>
        <target id="w_64"/>
      </span>
    </term>
    <term tid="t_65" lemma="grof" type="open">
      <span>
        <target id="w_65"/>
      </span>
    </term>
    <term tid="t_66" lemma="en" type="open">
      <span>
        <target id="w_66"/>
      </span>
    </term>
    <term tid="t_67" lemma="onbeleefd" type="open" pos="G">
      <span>
        <target id="w_67"/>
      </span>
      <sentiment polarity="negative" resource="VUA_olery_lexicon_nl_lmf"/>
    </term>
    <term tid="t_68" lemma="." type="open">
      <span>
        <target id="w_68"/>
      </span>
    </term>
    <term tid="t_69" lemma="dit" type="open">
      <span>
        <target id="w_69"/>
      </span>
    </term>
    <term tid="t_70" lemma="was" type="open">
      <span>
        <target id="w_70"/>
      </span>
    </term>
    <term tid="t_71" lemma="echt" type="open">
      <span>
        <target id="w_71"/>
      </span>
      <sentiment sentiment_modifier="intensifier" resource="VUA_olery_lexicon_nl_lmf"/>
    </term>
    <term tid="t_72" lemma="een" type="open">
      <span>
        <target id="w_72"/>
      </span>
    </term>
    <term tid="t_73" lemma="tegenvaller" type="open" pos="N">
      <span>
        <target id="w_73"/>
      </span>
      <sentiment polarity="negative" resource="VUA_olery_lexicon_nl_lmf"/>
    </term>
    <term tid="t_74" lemma="en" type="open">
      <span>
        <target id="w_74"/>
      </span>
    </term>
    <term tid="t_75" lemma="dan" type="open">
      <span>
        <target id="w_75"/>
      </span>
    </term>
    <term tid="t_76" lemma="vooral" type="open">
      <span>
        <target id="w_76"/>
      </span>
    </term>
    <term tid="t_77" lemma="door" type="open">
      <span>
        <target id="w_77"/>
      </span>
    </term>
    <term tid="t_78" lemma="de" type="open">
      <span>
        <target id="w_78"/>
      </span>
    </term>
    <term tid="t_79" lemma="service" type="open">
      <span>
        <target id="w_79"/>
      </span>
    </term>
    <term tid="t_80" lemma="." type="open">
      <span>
        <target id="w_80"/>
      </span>
    </term>
  </terms>
  <entities>
    <entity type="MISC" eid="e_1">
      <span>
        <target id="t_79"/>
      </span>
    </entity>
    <entity type="ORG" eid="e_2">
      <span>
        <target id="t_5"/>
      </span>
      <span>
        <target id="t_25"/>
      </span>
    </entity>
  </entities>
  <properties>
    <property type="facilities" pid="p_1">
      <span>
        <target id="t_42"/>
      </span>
      <span>
        <target id="t_47"/>
      </span>
    </property>
    <property type="room" pid="p_2">
      <span>
        <target id="t_5"/>
      </span>
      <span>
        <target id="t_25"/>
      </span>
    </property>
    <property type="staff" pid="p_3">
      <span>
        <target id="t_63"/>
      </span>
      <span>
        <target id="t_67"/>
      </span>
      <span>
        <target id="t_79"/>
      </span>
    </property>
  </properties>
  <opinions>
    <opinion oid="o_1">
      <opinion_target>
        <span>
          <target id="t_54"/>
        </span>
      </opinion_target>
      <opinion_expression polarity="negative" strength="-1">
        <span>
          <target id="t_52"/>
        </span>
      </opinion_expression>
    </opinion>
    <opinion oid="o_2">
      <opinion_target>
        <span>
          <target id="t_65"/>
        </span>
      </opinion_target>
      <opinion_expression polarity="negative" strength="-1">
        <span>
          <target id="t_67"/>
        </span>
      </opinion_expression>
    </opinion>
    <opinion oid="o_3">
      <opinion_target>
        <span>
          <target id="t_76"/>
        </span>
      </opinion_target>
      <opinion_expression polarity="negative" strength="-1">
        <span>
          <target id="t_73"/>
        </span>
      </opinion_expression>
    </opinion>
  </opinions>
</KAF>
