<?xml version='1.0' encoding='UTF-8'?>
<KAF xml:lang="nl">
  <linguisticProcessors layer="text">
    <lp timestamp="2013-01-06T18:33:53CET" version="2.0" name="SentenceTokenizer"/>
  </linguisticProcessors>
  <linguisticProcessors layer="terms">
    <lp timestamp="2013-01-06T18:33:53CET" version="2.0" name="SentenceTokenizer"/>
    <lp timestamp="2013-01-06T18:33:53CET" version="1.0" name="SimplePolarityTagger"/>
  </linguisticProcessors>
  <linguisticProcessor layer="opinions">
    <lp timestamp="2013-01-06T18:33:53CET" version="1.0" name="SimpleOpinionDetector"/>
  </linguisticProcessor>
  <linguisticProcessor layer="properties">
    <lp timestamp="2013-01-06T18:33:53CET" version="1.0" name="SimplePropRecognizer_lookup"/>
  </linguisticProcessor>
  <linguisticProcessor layer="entities">
    <lp timestamp="2013-01-06T18:33:53CET" version="1.0" name="SimpleNER_lookup"/>
  </linguisticProcessor>
  <text>
    <wf wid="w_1" para="1" sent="1">erg</wf>
    <wf wid="w_2" para="1" sent="1">ruim</wf>
    <wf wid="w_3" para="1" sent="1">hotel</wf>
    <wf wid="w_4" para="1" sent="1">grote</wf>
    <wf wid="w_5" para="1" sent="1">kamers</wf>
    <wf wid="w_6" para="1" sent="1">en</wf>
    <wf wid="w_7" para="1" sent="1">van</wf>
    <wf wid="w_8" para="1" sent="1">alle</wf>
    <wf wid="w_9" para="1" sent="1">gemakken</wf>
    <wf wid="w_10" para="1" sent="1">voorzien</wf>
    <wf wid="w_11" para="1" sent="1">.</wf>
    <wf wid="w_12" para="1" sent="2">behulpzaam</wf>
    <wf wid="w_13" para="1" sent="2">personeel</wf>
    <wf wid="w_14" para="1" sent="2">en</wf>
    <wf wid="w_15" para="1" sent="2">een</wf>
    <wf wid="w_16" para="1" sent="2">heerlijk</wf>
    <wf wid="w_17" para="1" sent="2">ontbijt</wf>
    <wf wid="w_18" para="1" sent="2">.</wf>
    <wf wid="w_19" para="1" sent="3">Op</wf>
    <wf wid="w_20" para="1" sent="3">loopafstand</wf>
    <wf wid="w_21" para="1" sent="3">van</wf>
    <wf wid="w_22" para="1" sent="3">het</wf>
    <wf wid="w_23" para="1" sent="3">centrum</wf>
    <wf wid="w_24" para="1" sent="3">waar</wf>
    <wf wid="w_25" para="1" sent="3">je</wf>
    <wf wid="w_26" para="1" sent="3">heerlijk</wf>
    <wf wid="w_27" para="1" sent="3">kunt</wf>
    <wf wid="w_28" para="1" sent="3">winkelen</wf>
    <wf wid="w_29" para="1" sent="3">.</wf>
    <wf wid="w_30" para="1" sent="4">met</wf>
    <wf wid="w_31" para="1" sent="4">natuurlijk</wf>
    <wf wid="w_32" para="1" sent="4">het</wf>
    <wf wid="w_33" para="1" sent="4">casino</wf>
    <wf wid="w_34" para="1" sent="4">naast</wf>
    <wf wid="w_35" para="1" sent="4">de</wf>
    <wf wid="w_36" para="1" sent="4">deur</wf>
    <wf wid="w_37" para="1" sent="4">.</wf>
  </text>
  <terms>
    <term tid="t_1" lemma="erg" type="open">
      <span>
        <target id="w_1"/>
      </span>
      <sentiment sentiment_modifier="intensifier" resource="VUA_olery_lexicon_nl_lmf"/>
    </term>
    <term tid="t_2" lemma="ruim" type="open">
      <span>
        <target id="w_2"/>
      </span>
    </term>
    <term tid="t_3" lemma="hotel" type="open">
      <span>
        <target id="w_3"/>
      </span>
    </term>
    <term tid="t_4" lemma="grote" type="open">
      <span>
        <target id="w_4"/>
      </span>
    </term>
    <term tid="t_5" lemma="kamers" type="open">
      <span>
        <target id="w_5"/>
      </span>
    </term>
    <term tid="t_6" lemma="en" type="open">
      <span>
        <target id="w_6"/>
      </span>
    </term>
    <term tid="t_7" lemma="van" type="open">
      <span>
        <target id="w_7"/>
      </span>
    </term>
    <term tid="t_8" lemma="alle" type="open">
      <span>
        <target id="w_8"/>
      </span>
    </term>
    <term tid="t_9" lemma="gemakken" type="open">
      <span>
        <target id="w_9"/>
      </span>
    </term>
    <term tid="t_10" lemma="voorzien" type="open">
      <span>
        <target id="w_10"/>
      </span>
    </term>
    <term tid="t_11" lemma="." type="open">
      <span>
        <target id="w_11"/>
      </span>
    </term>
    <term tid="t_12" lemma="behulpzaam" type="open" pos="G">
      <span>
        <target id="w_12"/>
      </span>
      <sentiment polarity="positive" resource="VUA_olery_lexicon_nl_lmf"/>
    </term>
    <term tid="t_13" lemma="personeel" type="open">
      <span>
        <target id="w_13"/>
      </span>
    </term>
    <term tid="t_14" lemma="en" type="open">
      <span>
        <target id="w_14"/>
      </span>
    </term>
    <term tid="t_15" lemma="een" type="open">
      <span>
        <target id="w_15"/>
      </span>
    </term>
    <term tid="t_16" lemma="heerlijk" type="open" pos="G">
      <span>
        <target id="w_16"/>
      </span>
      <sentiment polarity="positive" resource="VUA_olery_lexicon_nl_lmf"/>
    </term>
    <term tid="t_17" lemma="ontbijt" type="open">
      <span>
        <target id="w_17"/>
      </span>
    </term>
    <term tid="t_18" lemma="." type="open">
      <span>
        <target id="w_18"/>
      </span>
    </term>
    <term tid="t_19" lemma="op" type="open">
      <span>
        <target id="w_19"/>
      </span>
    </term>
    <term tid="t_20" lemma="loopafstand" type="open" pos="N">
      <span>
        <target id="w_20"/>
      </span>
      <sentiment polarity="positive" resource="VUA_olery_lexicon_nl_lmf"/>
    </term>
    <term tid="t_21" lemma="van" type="open">
      <span>
        <target id="w_21"/>
      </span>
    </term>
    <term tid="t_22" lemma="het" type="open">
      <span>
        <target id="w_22"/>
      </span>
    </term>
    <term tid="t_23" lemma="centrum" type="open">
      <span>
        <target id="w_23"/>
      </span>
    </term>
    <term tid="t_24" lemma="waar" type="open">
      <span>
        <target id="w_24"/>
      </span>
    </term>
    <term tid="t_25" lemma="je" type="open">
      <span>
        <target id="w_25"/>
      </span>
    </term>
    <term tid="t_26" lemma="heerlijk" type="open" pos="G">
      <span>
        <target id="w_26"/>
      </span>
      <sentiment polarity="positive" resource="VUA_olery_lexicon_nl_lmf"/>
    </term>
    <term tid="t_27" lemma="kunt" type="open">
      <span>
        <target id="w_27"/>
      </span>
    </term>
    <term tid="t_28" lemma="winkelen" type="open">
      <span>
        <target id="w_28"/>
      </span>
    </term>
    <term tid="t_29" lemma="." type="open">
      <span>
        <target id="w_29"/>
      </span>
    </term>
    <term tid="t_30" lemma="met" type="open">
      <span>
        <target id="w_30"/>
      </span>
    </term>
    <term tid="t_31" lemma="natuurlijk" type="open">
      <span>
        <target id="w_31"/>
      </span>
    </term>
    <term tid="t_32" lemma="het" type="open">
      <span>
        <target id="w_32"/>
      </span>
    </term>
    <term tid="t_33" lemma="casino" type="open">
      <span>
        <target id="w_33"/>
      </span>
    </term>
    <term tid="t_34" lemma="naast" type="open">
      <span>
        <target id="w_34"/>
      </span>
    </term>
    <term tid="t_35" lemma="de" type="open">
      <span>
        <target id="w_35"/>
      </span>
    </term>
    <term tid="t_36" lemma="deur" type="open">
      <span>
        <target id="w_36"/>
      </span>
    </term>
    <term tid="t_37" lemma="." type="open">
      <span>
        <target id="w_37"/>
      </span>
    </term>
  </terms>
  <properties>
    <property type="facilities" pid="p_1">
      <span>
        <target id="t_28"/>
      </span>
      <span>
        <target id="t_33"/>
      </span>
    </property>
    <property type="restaurant" pid="p_2">
      <span>
        <target id="t_17"/>
      </span>
    </property>
    <property type="location" pid="p_3">
      <span>
        <target id="t_20"/>
      </span>
      <span>
        <target id="t_23"/>
      </span>
    </property>
    <property type="staff" pid="p_4">
      <span>
        <target id="t_12"/>
      </span>
      <span>
        <target id="t_13"/>
      </span>
    </property>
  </properties>
  <opinions>
    <opinion oid="o_1">
      <opinion_target>
        <span>
          <target id="t_13"/>
        </span>
      </opinion_target>
      <opinion_expression polarity="positive" strength="1">
        <span>
          <target id="t_12"/>
        </span>
      </opinion_expression>
    </opinion>
    <opinion oid="o_2">
      <opinion_target>
        <span>
          <target id="t_17"/>
        </span>
      </opinion_target>
      <opinion_expression polarity="positive" strength="1">
        <span>
          <target id="t_16"/>
        </span>
      </opinion_expression>
    </opinion>
    <opinion oid="o_3">
      <opinion_target>
        <span>
          <target id="t_23"/>
        </span>
      </opinion_target>
      <opinion_expression polarity="positive" strength="1">
        <span>
          <target id="t_20"/>
        </span>
      </opinion_expression>
    </opinion>
    <opinion oid="o_4">
      <opinion_target>
        <span>
          <target id="t_27"/>
        </span>
      </opinion_target>
      <opinion_expression polarity="positive" strength="1">
        <span>
          <target id="t_26"/>
        </span>
      </opinion_expression>
    </opinion>
  </opinions>
</KAF>
