<?xml version='1.0' encoding='UTF-8'?>
<KAF xml:lang="nl">
  <linguisticProcessors layer="text">
    <lp timestamp="2013-01-06T18:31:31CET" version="2.0" name="SentenceTokenizer"/>
  </linguisticProcessors>
  <linguisticProcessors layer="terms">
    <lp timestamp="2013-01-06T18:31:31CET" version="2.0" name="SentenceTokenizer"/>
    <lp timestamp="2013-01-06T18:31:31CET" version="1.0" name="SimplePolarityTagger"/>
  </linguisticProcessors>
  <linguisticProcessor layer="opinions">
    <lp timestamp="2013-01-06T18:31:31CET" version="1.0" name="SimpleOpinionDetector"/>
  </linguisticProcessor>
  <linguisticProcessor layer="properties">
    <lp timestamp="2013-01-06T18:31:31CET" version="1.0" name="SimplePropRecognizer_lookup"/>
  </linguisticProcessor>
  <linguisticProcessor layer="entities">
    <lp timestamp="2013-01-06T18:31:31CET" version="1.0" name="SimpleNER_lookup"/>
  </linguisticProcessor>
  <text>
    <wf wid="w_1" para="1" sent="1">Een</wf>
    <wf wid="w_2" para="1" sent="1">heerlijk</wf>
    <wf wid="w_3" para="1" sent="1">hotel</wf>
    <wf wid="w_4" para="1" sent="1">,</wf>
    <wf wid="w_5" para="1" sent="1">een</wf>
    <wf wid="w_6" para="1" sent="1">warm</wf>
    <wf wid="w_7" para="1" sent="1">en</wf>
    <wf wid="w_8" para="1" sent="1">gezellige</wf>
    <wf wid="w_9" para="1" sent="1">plek</wf>
    <wf wid="w_10" para="1" sent="1">..</wf>
  </text>
  <terms>
    <term tid="t_1" lemma="een" type="open">
      <span>
        <target id="w_1"/>
      </span>
    </term>
    <term tid="t_2" lemma="heerlijk" type="open" pos="G">
      <span>
        <target id="w_2"/>
      </span>
      <sentiment polarity="positive" resource="VUA_olery_lexicon_nl_lmf"/>
    </term>
    <term tid="t_3" lemma="hotel" type="open">
      <span>
        <target id="w_3"/>
      </span>
    </term>
    <term tid="t_4" lemma="," type="open">
      <span>
        <target id="w_4"/>
      </span>
    </term>
    <term tid="t_5" lemma="een" type="open">
      <span>
        <target id="w_5"/>
      </span>
    </term>
    <term tid="t_6" lemma="warm" type="open">
      <span>
        <target id="w_6"/>
      </span>
    </term>
    <term tid="t_7" lemma="en" type="open">
      <span>
        <target id="w_7"/>
      </span>
    </term>
    <term tid="t_8" lemma="gezellige" type="open">
      <span>
        <target id="w_8"/>
      </span>
    </term>
    <term tid="t_9" lemma="plek" type="open">
      <span>
        <target id="w_9"/>
      </span>
    </term>
    <term tid="t_10" lemma=".." type="open">
      <span>
        <target id="w_10"/>
      </span>
    </term>
  </terms>
  <opinions>
    <opinion oid="o_1">
      <opinion_target>
        <span>
          <target id="t_3"/>
        </span>
      </opinion_target>
      <opinion_expression polarity="positive" strength="1">
        <span>
          <target id="t_2"/>
        </span>
      </opinion_expression>
    </opinion>
  </opinions>
</KAF>
