<?xml version='1.0' encoding='UTF-8'?>
<KAF xml:lang="nl">
  <linguisticProcessors layer="text">
    <lp timestamp="2013-01-06T18:31:44CET" version="2.0" name="SentenceTokenizer"/>
  </linguisticProcessors>
  <linguisticProcessors layer="terms">
    <lp timestamp="2013-01-06T18:31:44CET" version="2.0" name="SentenceTokenizer"/>
    <lp timestamp="2013-01-06T18:31:44CET" version="1.0" name="SimplePolarityTagger"/>
  </linguisticProcessors>
  <linguisticProcessor layer="opinions">
    <lp timestamp="2013-01-06T18:31:44CET" version="1.0" name="SimpleOpinionDetector"/>
  </linguisticProcessor>
  <linguisticProcessor layer="properties">
    <lp timestamp="2013-01-06T18:31:44CET" version="1.0" name="SimplePropRecognizer_lookup"/>
  </linguisticProcessor>
  <linguisticProcessor layer="entities">
    <lp timestamp="2013-01-06T18:31:44CET" version="1.0" name="SimpleNER_lookup"/>
  </linguisticProcessor>
  <text>
    <wf wid="w_1" para="1" sent="1">Mövenpick</wf>
    <wf wid="w_2" para="1" sent="1">Hotel</wf>
    <wf wid="w_3" para="1" sent="1">Den</wf>
    <wf wid="w_4" para="1" sent="1">Bosch</wf>
    <wf wid="w_5" para="1" sent="1">ligt</wf>
    <wf wid="w_6" para="1" sent="1">langs</wf>
    <wf wid="w_7" para="1" sent="1">de</wf>
    <wf wid="w_8" para="1" sent="1">snelweg</wf>
    <wf wid="w_9" para="1" sent="1">.</wf>
    <wf wid="w_10" para="1" sent="2">Op</wf>
    <wf wid="w_11" para="1" sent="2">1</wf>
    <wf wid="w_12" para="1" sent="2">minuut</wf>
    <wf wid="w_13" para="1" sent="2">lopen</wf>
    <wf wid="w_14" para="1" sent="2">rijden</wf>
    <wf wid="w_15" para="1" sent="2">de</wf>
    <wf wid="w_16" para="1" sent="2">Transferiumbussen</wf>
    <wf wid="w_17" para="1" sent="2">naar</wf>
    <wf wid="w_18" para="1" sent="2">het</wf>
    <wf wid="w_19" para="1" sent="2">centrum</wf>
    <wf wid="w_20" para="1" sent="2">van</wf>
    <wf wid="w_21" para="1" sent="2">Den</wf>
    <wf wid="w_22" para="1" sent="2">Bosch</wf>
    <wf wid="w_23" para="1" sent="2">.</wf>
    <wf wid="w_24" para="1" sent="3">Kosten</wf>
    <wf wid="w_25" para="1" sent="3"></wf>
    <wf wid="w_26" para="1" sent="3">2</wf>
    <wf wid="w_27" para="1" sent="3">,</wf>
    <wf wid="w_28" para="1" sent="3">00</wf>
    <wf wid="w_29" para="1" sent="3">retour</wf>
    <wf wid="w_30" para="1" sent="3">voor</wf>
    <wf wid="w_31" para="1" sent="3">4</wf>
    <wf wid="w_32" para="1" sent="3">personen</wf>
    <wf wid="w_33" para="1" sent="3">.</wf>
    <wf wid="w_34" para="1" sent="4">Ontbijt</wf>
    <wf wid="w_35" para="1" sent="4">is</wf>
    <wf wid="w_36" para="1" sent="4">wel</wf>
    <wf wid="w_37" para="1" sent="4">wat</wf>
    <wf wid="w_38" para="1" sent="4">prijzig</wf>
    <wf wid="w_39" para="1" sent="4">maar</wf>
    <wf wid="w_40" para="1" sent="4">heel</wf>
    <wf wid="w_41" para="1" sent="4">uitgebreid</wf>
    <wf wid="w_42" para="1" sent="4">.</wf>
    <wf wid="w_43" para="1" sent="5">Kamers</wf>
    <wf wid="w_44" para="1" sent="5">zijn</wf>
    <wf wid="w_45" para="1" sent="5">prima</wf>
    <wf wid="w_46" para="1" sent="5">en</wf>
    <wf wid="w_47" para="1" sent="5">lekker</wf>
    <wf wid="w_48" para="1" sent="5">grote</wf>
    <wf wid="w_49" para="1" sent="5">bedden</wf>
    <wf wid="w_50" para="1" sent="5">.</wf>
    <wf wid="w_51" para="1" sent="6">Wastafel</wf>
    <wf wid="w_52" para="1" sent="6">niet</wf>
    <wf wid="w_53" para="1" sent="6">in</wf>
    <wf wid="w_54" para="1" sent="6">de</wf>
    <wf wid="w_55" para="1" sent="6">badkamer</wf>
    <wf wid="w_56" para="1" sent="6">,</wf>
    <wf wid="w_57" para="1" sent="6">wat</wf>
    <wf wid="w_58" para="1" sent="6">ons</wf>
    <wf wid="w_59" para="1" sent="6">prima</wf>
    <wf wid="w_60" para="1" sent="6">is</wf>
    <wf wid="w_61" para="1" sent="6">bevallen</wf>
    <wf wid="w_62" para="1" sent="6">.</wf>
  </text>
  <terms>
    <term tid="t_1" lemma="mövenpick" type="open">
      <span>
        <target id="w_1"/>
      </span>
    </term>
    <term tid="t_2" lemma="hotel" type="open">
      <span>
        <target id="w_2"/>
      </span>
    </term>
    <term tid="t_3" lemma="den" type="open">
      <span>
        <target id="w_3"/>
      </span>
    </term>
    <term tid="t_4" lemma="bosch" type="open">
      <span>
        <target id="w_4"/>
      </span>
    </term>
    <term tid="t_5" lemma="ligt" type="open">
      <span>
        <target id="w_5"/>
      </span>
    </term>
    <term tid="t_6" lemma="langs" type="open">
      <span>
        <target id="w_6"/>
      </span>
    </term>
    <term tid="t_7" lemma="de" type="open">
      <span>
        <target id="w_7"/>
      </span>
    </term>
    <term tid="t_8" lemma="snelweg" type="open">
      <span>
        <target id="w_8"/>
      </span>
    </term>
    <term tid="t_9" lemma="." type="open">
      <span>
        <target id="w_9"/>
      </span>
    </term>
    <term tid="t_10" lemma="op" type="open">
      <span>
        <target id="w_10"/>
      </span>
    </term>
    <term tid="t_11" lemma="1" type="open">
      <span>
        <target id="w_11"/>
      </span>
    </term>
    <term tid="t_12" lemma="minuut" type="open" pos="N">
      <span>
        <target id="w_12"/>
      </span>
      <sentiment polarity="positive" resource="VUA_olery_lexicon_nl_lmf"/>
    </term>
    <term tid="t_13" lemma="lopen" type="open">
      <span>
        <target id="w_13"/>
      </span>
    </term>
    <term tid="t_14" lemma="rijden" type="open">
      <span>
        <target id="w_14"/>
      </span>
    </term>
    <term tid="t_15" lemma="de" type="open">
      <span>
        <target id="w_15"/>
      </span>
    </term>
    <term tid="t_16" lemma="transferiumbussen" type="open">
      <span>
        <target id="w_16"/>
      </span>
    </term>
    <term tid="t_17" lemma="naar" type="open" pos="G">
      <span>
        <target id="w_17"/>
      </span>
      <sentiment polarity="negative" resource="VUA_olery_lexicon_nl_lmf"/>
    </term>
    <term tid="t_18" lemma="het" type="open">
      <span>
        <target id="w_18"/>
      </span>
    </term>
    <term tid="t_19" lemma="centrum" type="open">
      <span>
        <target id="w_19"/>
      </span>
    </term>
    <term tid="t_20" lemma="van" type="open">
      <span>
        <target id="w_20"/>
      </span>
    </term>
    <term tid="t_21" lemma="den" type="open">
      <span>
        <target id="w_21"/>
      </span>
    </term>
    <term tid="t_22" lemma="bosch" type="open">
      <span>
        <target id="w_22"/>
      </span>
    </term>
    <term tid="t_23" lemma="." type="open">
      <span>
        <target id="w_23"/>
      </span>
    </term>
    <term tid="t_24" lemma="kosten" type="open">
      <span>
        <target id="w_24"/>
      </span>
    </term>
    <term tid="t_25" lemma="" type="open">
      <span>
        <target id="w_25"/>
      </span>
    </term>
    <term tid="t_26" lemma="2" type="open">
      <span>
        <target id="w_26"/>
      </span>
    </term>
    <term tid="t_27" lemma="," type="open">
      <span>
        <target id="w_27"/>
      </span>
    </term>
    <term tid="t_28" lemma="00" type="open">
      <span>
        <target id="w_28"/>
      </span>
    </term>
    <term tid="t_29" lemma="retour" type="open">
      <span>
        <target id="w_29"/>
      </span>
    </term>
    <term tid="t_30" lemma="voor" type="open">
      <span>
        <target id="w_30"/>
      </span>
    </term>
    <term tid="t_31" lemma="4" type="open">
      <span>
        <target id="w_31"/>
      </span>
    </term>
    <term tid="t_32" lemma="personen" type="open">
      <span>
        <target id="w_32"/>
      </span>
    </term>
    <term tid="t_33" lemma="." type="open">
      <span>
        <target id="w_33"/>
      </span>
    </term>
    <term tid="t_34" lemma="ontbijt" type="open">
      <span>
        <target id="w_34"/>
      </span>
    </term>
    <term tid="t_35" lemma="is" type="open">
      <span>
        <target id="w_35"/>
      </span>
    </term>
    <term tid="t_36" lemma="wel" type="open">
      <span>
        <target id="w_36"/>
      </span>
    </term>
    <term tid="t_37" lemma="wat" type="open">
      <span>
        <target id="w_37"/>
      </span>
    </term>
    <term tid="t_38" lemma="prijzig" type="open" pos="G">
      <span>
        <target id="w_38"/>
      </span>
      <sentiment polarity="negative" resource="VUA_olery_lexicon_nl_lmf"/>
    </term>
    <term tid="t_39" lemma="maar" type="open">
      <span>
        <target id="w_39"/>
      </span>
    </term>
    <term tid="t_40" lemma="heel" type="open">
      <span>
        <target id="w_40"/>
      </span>
      <sentiment sentiment_modifier="intensifier" resource="VUA_olery_lexicon_nl_lmf"/>
    </term>
    <term tid="t_41" lemma="uitgebreid" type="open" pos="V">
      <span>
        <target id="w_41"/>
      </span>
      <sentiment polarity="positive" resource="VUA_olery_lexicon_nl_lmf"/>
    </term>
    <term tid="t_42" lemma="." type="open">
      <span>
        <target id="w_42"/>
      </span>
    </term>
    <term tid="t_43" lemma="kamers" type="open">
      <span>
        <target id="w_43"/>
      </span>
    </term>
    <term tid="t_44" lemma="zijn" type="open">
      <span>
        <target id="w_44"/>
      </span>
    </term>
    <term tid="t_45" lemma="prima" type="open" pos="G">
      <span>
        <target id="w_45"/>
      </span>
      <sentiment polarity="positive" resource="VUA_olery_lexicon_nl_lmf"/>
    </term>
    <term tid="t_46" lemma="en" type="open">
      <span>
        <target id="w_46"/>
      </span>
    </term>
    <term tid="t_47" lemma="lekker" type="open" pos="G">
      <span>
        <target id="w_47"/>
      </span>
      <sentiment polarity="positive" resource="VUA_olery_lexicon_nl_lmf"/>
    </term>
    <term tid="t_48" lemma="grote" type="open">
      <span>
        <target id="w_48"/>
      </span>
    </term>
    <term tid="t_49" lemma="bedden" type="open">
      <span>
        <target id="w_49"/>
      </span>
    </term>
    <term tid="t_50" lemma="." type="open">
      <span>
        <target id="w_50"/>
      </span>
    </term>
    <term tid="t_51" lemma="wastafel" type="open">
      <span>
        <target id="w_51"/>
      </span>
    </term>
    <term tid="t_52" lemma="niet" type="open">
      <span>
        <target id="w_52"/>
      </span>
      <sentiment sentiment_modifier="shifter" resource="VUA_olery_lexicon_nl_lmf"/>
    </term>
    <term tid="t_53" lemma="in" type="open">
      <span>
        <target id="w_53"/>
      </span>
    </term>
    <term tid="t_54" lemma="de" type="open">
      <span>
        <target id="w_54"/>
      </span>
    </term>
    <term tid="t_55" lemma="badkamer" type="open">
      <span>
        <target id="w_55"/>
      </span>
    </term>
    <term tid="t_56" lemma="," type="open">
      <span>
        <target id="w_56"/>
      </span>
    </term>
    <term tid="t_57" lemma="wat" type="open">
      <span>
        <target id="w_57"/>
      </span>
    </term>
    <term tid="t_58" lemma="ons" type="open">
      <span>
        <target id="w_58"/>
      </span>
    </term>
    <term tid="t_59" lemma="prima" type="open" pos="G">
      <span>
        <target id="w_59"/>
      </span>
      <sentiment polarity="positive" resource="VUA_olery_lexicon_nl_lmf"/>
    </term>
    <term tid="t_60" lemma="is" type="open">
      <span>
        <target id="w_60"/>
      </span>
    </term>
    <term tid="t_61" lemma="bevallen" type="open" pos="V">
      <span>
        <target id="w_61"/>
      </span>
      <sentiment polarity="positive" resource="VUA_olery_lexicon_nl_lmf"/>
    </term>
    <term tid="t_62" lemma="." type="open">
      <span>
        <target id="w_62"/>
      </span>
    </term>
  </terms>
  <entities>
    <entity type="MISC" eid="e_1">
      <span>
        <target id="t_44"/>
      </span>
    </entity>
    <entity type="PER" eid="e_2">
      <span>
        <target id="t_11"/>
      </span>
    </entity>
    <entity type="LOC" eid="e_3">
      <span>
        <target id="t_3"/>
      </span>
      <span>
        <target id="t_21"/>
      </span>
    </entity>
    <entity type="PER" eid="e_4">
      <span>
        <target id="t_45"/>
      </span>
      <span>
        <target id="t_59"/>
      </span>
    </entity>
    <entity type="PER" eid="e_5">
      <span>
        <target id="t_26"/>
      </span>
    </entity>
  </entities>
  <properties>
    <property type="value_for_money" pid="p_1">
      <span>
        <target id="t_24"/>
      </span>
      <span>
        <target id="t_38"/>
      </span>
    </property>
    <property type="bathroom" pid="p_2">
      <span>
        <target id="t_51"/>
      </span>
      <span>
        <target id="t_55"/>
      </span>
    </property>
    <property type="location" pid="p_3">
      <span>
        <target id="t_8"/>
      </span>
      <span>
        <target id="t_12"/>
      </span>
      <span>
        <target id="t_19"/>
      </span>
    </property>
    <property type="restaurant" pid="p_4">
      <span>
        <target id="t_34"/>
      </span>
      <span>
        <target id="t_41"/>
      </span>
      <span>
        <target id="t_47"/>
      </span>
    </property>
  </properties>
  <opinions>
    <opinion oid="o_1">
      <opinion_target>
        <span>
          <target id="t_13"/>
        </span>
      </opinion_target>
      <opinion_expression polarity="positive" strength="1">
        <span>
          <target id="t_12"/>
        </span>
      </opinion_expression>
    </opinion>
    <opinion oid="o_2">
      <opinion_target>
        <span>
          <target id="t_19"/>
        </span>
      </opinion_target>
      <opinion_expression polarity="negative" strength="-1">
        <span>
          <target id="t_17"/>
        </span>
      </opinion_expression>
    </opinion>
    <opinion oid="o_3">
      <opinion_target>
        <span>
          <target id="t_36"/>
        </span>
      </opinion_target>
      <opinion_expression polarity="negative" strength="-1">
        <span>
          <target id="t_38"/>
        </span>
      </opinion_expression>
    </opinion>
    <opinion oid="o_4">
      <opinion_target>
        <span>
          <target id="t_48"/>
        </span>
      </opinion_target>
      <opinion_expression polarity="positive" strength="2">
        <span>
          <target id="t_45"/>
          <target id="t_47"/>
        </span>
      </opinion_expression>
    </opinion>
    <opinion oid="o_5">
      <opinion_target>
        <span>
          <target id="t_55"/>
        </span>
      </opinion_target>
      <opinion_expression polarity="positive" strength="1">
        <span>
          <target id="t_59"/>
        </span>
      </opinion_expression>
    </opinion>
  </opinions>
</KAF>
