<?xml version='1.0' encoding='UTF-8'?>
<KAF xml:lang="nl">
  <linguisticProcessors layer="text">
    <lp timestamp="2013-01-06T18:43:21CET" version="2.0" name="SentenceTokenizer"/>
  </linguisticProcessors>
  <linguisticProcessors layer="terms">
    <lp timestamp="2013-01-06T18:43:21CET" version="2.0" name="SentenceTokenizer"/>
    <lp timestamp="2013-01-06T18:43:22CET" version="1.0" name="SimplePolarityTagger"/>
  </linguisticProcessors>
  <linguisticProcessor layer="opinions">
    <lp timestamp="2013-01-06T18:43:22CET" version="1.0" name="SimpleOpinionDetector"/>
  </linguisticProcessor>
  <linguisticProcessor layer="properties">
    <lp timestamp="2013-01-06T18:43:22CET" version="1.0" name="SimplePropRecognizer_lookup"/>
  </linguisticProcessor>
  <linguisticProcessor layer="entities">
    <lp timestamp="2013-01-06T18:43:22CET" version="1.0" name="SimpleNER_lookup"/>
  </linguisticProcessor>
  <text>
    <wf wid="w_1" para="1" sent="1">Verschrikkelijk</wf>
    <wf wid="w_2" para="1" sent="1">duur</wf>
    <wf wid="w_3" para="1" sent="1">hotel</wf>
    <wf wid="w_4" para="1" sent="1">op</wf>
    <wf wid="w_5" para="1" sent="1">drukke</wf>
    <wf wid="w_6" para="1" sent="1">lokatie</wf>
    <wf wid="w_7" para="1" sent="1">.</wf>
    <wf wid="w_8" para="1" sent="2">Wanneer</wf>
    <wf wid="w_9" para="1" sent="2">je</wf>
    <wf wid="w_10" para="1" sent="2">meer</wf>
    <wf wid="w_11" para="1" sent="2">dan</wf>
    <wf wid="w_12" para="1" sent="2">400</wf>
    <wf wid="w_13" para="1" sent="2">euro</wf>
    <wf wid="w_14" para="1" sent="2">voor</wf>
    <wf wid="w_15" para="1" sent="2">een</wf>
    <wf wid="w_16" para="1" sent="2">kamer</wf>
    <wf wid="w_17" para="1" sent="2">betaald</wf>
    <wf wid="w_18" para="1" sent="2">per</wf>
    <wf wid="w_19" para="1" sent="2">nacht</wf>
    <wf wid="w_20" para="1" sent="2">,</wf>
    <wf wid="w_21" para="1" sent="2">dan</wf>
    <wf wid="w_22" para="1" sent="2">verwacht</wf>
    <wf wid="w_23" para="1" sent="2">je</wf>
    <wf wid="w_24" para="1" sent="2">ook</wf>
    <wf wid="w_25" para="1" sent="2">wat</wf>
    <wf wid="w_26" para="1" sent="2">.</wf>
    <wf wid="w_27" para="1" sent="3">De</wf>
    <wf wid="w_28" para="1" sent="3">kamers</wf>
    <wf wid="w_29" para="1" sent="3">zijn</wf>
    <wf wid="w_30" para="1" sent="3">oud</wf>
    <wf wid="w_31" para="1" sent="3">aan</wf>
    <wf wid="w_32" para="1" sent="3">een</wf>
    <wf wid="w_33" para="1" sent="3">drukke</wf>
    <wf wid="w_34" para="1" sent="3">weg</wf>
    <wf wid="w_35" para="1" sent="3">.</wf>
    <wf wid="w_36" para="1" sent="4">Ontbijt</wf>
    <wf wid="w_37" para="1" sent="4">is</wf>
    <wf wid="w_38" para="1" sent="4">excl</wf>
    <wf wid="w_39" para="1" sent="4">en</wf>
    <wf wid="w_40" para="1" sent="4">kost</wf>
    <wf wid="w_41" para="1" sent="4">20</wf>
    <wf wid="w_42" para="1" sent="4">euro</wf>
    <wf wid="w_43" para="1" sent="4">pp</wf>
    <wf wid="w_44" para="1" sent="4">.</wf>
    <wf wid="w_45" para="1" sent="5">Een</wf>
    <wf wid="w_46" para="1" sent="5">colaatje</wf>
    <wf wid="w_47" para="1" sent="5">8</wf>
    <wf wid="w_48" para="1" sent="5">euro</wf>
    <wf wid="w_49" para="1" sent="5">aan</wf>
    <wf wid="w_50" para="1" sent="5">een</wf>
    <wf wid="w_51" para="1" sent="5">saai</wf>
    <wf wid="w_52" para="1" sent="5">en</wf>
    <wf wid="w_53" para="1" sent="5">klein</wf>
    <wf wid="w_54" para="1" sent="5">zwembad</wf>
    <wf wid="w_55" para="1" sent="5">.</wf>
    <wf wid="w_56" para="1" sent="6">Er</wf>
    <wf wid="w_57" para="1" sent="6">wordt</wf>
    <wf wid="w_58" para="1" sent="6">veel</wf>
    <wf wid="w_59" para="1" sent="6">met</wf>
    <wf wid="w_60" para="1" sent="6">luchtjes</wf>
    <wf wid="w_61" para="1" sent="6">gewerkt</wf>
    <wf wid="w_62" para="1" sent="6">in</wf>
    <wf wid="w_63" para="1" sent="6">het</wf>
    <wf wid="w_64" para="1" sent="6">hotel</wf>
    <wf wid="w_65" para="1" sent="6">.</wf>
    <wf wid="w_66" para="1" sent="7">Lobby</wf>
    <wf wid="w_67" para="1" sent="7">is</wf>
    <wf wid="w_68" para="1" sent="7">weinig</wf>
    <wf wid="w_69" para="1" sent="7">gezellig</wf>
    <wf wid="w_70" para="1" sent="7">.</wf>
    <wf wid="w_71" para="1" sent="8">Lopen</wf>
    <wf wid="w_72" para="1" sent="8">naar</wf>
    <wf wid="w_73" para="1" sent="8">Propiano</wf>
    <wf wid="w_74" para="1" sent="8">is</wf>
    <wf wid="w_75" para="1" sent="8">nog</wf>
    <wf wid="w_76" para="1" sent="8">altijd</wf>
    <wf wid="w_77" para="1" sent="8">een</wf>
    <wf wid="w_78" para="1" sent="8">half</wf>
    <wf wid="w_79" para="1" sent="8">uur</wf>
    <wf wid="w_80" para="1" sent="8">lsngd</wf>
    <wf wid="w_81" para="1" sent="8">een</wf>
    <wf wid="w_82" para="1" sent="8">donkere</wf>
    <wf wid="w_83" para="1" sent="8">onverlichte</wf>
    <wf wid="w_84" para="1" sent="8">weg</wf>
    <wf wid="w_85" para="1" sent="8">..</wf>
    <wf wid="w_86" para="1" sent="9">Geen</wf>
    <wf wid="w_87" para="1" sent="9">aanrader</wf>
    <wf wid="w_88" para="1" sent="9">dus</wf>
  </text>
  <terms>
    <term tid="t_1" lemma="verschrikkelijk" type="open">
      <span>
        <target id="w_1"/>
      </span>
      <sentiment sentiment_modifier="intensifier" resource="VUA_olery_lexicon_nl_lmf"/>
    </term>
    <term tid="t_2" lemma="duur" type="open" pos="G">
      <span>
        <target id="w_2"/>
      </span>
      <sentiment polarity="negative" resource="VUA_olery_lexicon_nl_lmf"/>
    </term>
    <term tid="t_3" lemma="hotel" type="open">
      <span>
        <target id="w_3"/>
      </span>
    </term>
    <term tid="t_4" lemma="op" type="open">
      <span>
        <target id="w_4"/>
      </span>
    </term>
    <term tid="t_5" lemma="drukke" type="open">
      <span>
        <target id="w_5"/>
      </span>
    </term>
    <term tid="t_6" lemma="lokatie" type="open">
      <span>
        <target id="w_6"/>
      </span>
    </term>
    <term tid="t_7" lemma="." type="open">
      <span>
        <target id="w_7"/>
      </span>
    </term>
    <term tid="t_8" lemma="wanneer" type="open">
      <span>
        <target id="w_8"/>
      </span>
    </term>
    <term tid="t_9" lemma="je" type="open">
      <span>
        <target id="w_9"/>
      </span>
    </term>
    <term tid="t_10" lemma="meer" type="open">
      <span>
        <target id="w_10"/>
      </span>
    </term>
    <term tid="t_11" lemma="dan" type="open">
      <span>
        <target id="w_11"/>
      </span>
    </term>
    <term tid="t_12" lemma="400" type="open">
      <span>
        <target id="w_12"/>
      </span>
    </term>
    <term tid="t_13" lemma="euro" type="open">
      <span>
        <target id="w_13"/>
      </span>
    </term>
    <term tid="t_14" lemma="voor" type="open">
      <span>
        <target id="w_14"/>
      </span>
    </term>
    <term tid="t_15" lemma="een" type="open">
      <span>
        <target id="w_15"/>
      </span>
    </term>
    <term tid="t_16" lemma="kamer" type="open">
      <span>
        <target id="w_16"/>
      </span>
    </term>
    <term tid="t_17" lemma="betaald" type="open">
      <span>
        <target id="w_17"/>
      </span>
    </term>
    <term tid="t_18" lemma="per" type="open">
      <span>
        <target id="w_18"/>
      </span>
    </term>
    <term tid="t_19" lemma="nacht" type="open">
      <span>
        <target id="w_19"/>
      </span>
    </term>
    <term tid="t_20" lemma="," type="open">
      <span>
        <target id="w_20"/>
      </span>
    </term>
    <term tid="t_21" lemma="dan" type="open">
      <span>
        <target id="w_21"/>
      </span>
    </term>
    <term tid="t_22" lemma="verwacht" type="open">
      <span>
        <target id="w_22"/>
      </span>
    </term>
    <term tid="t_23" lemma="je" type="open">
      <span>
        <target id="w_23"/>
      </span>
    </term>
    <term tid="t_24" lemma="ook" type="open">
      <span>
        <target id="w_24"/>
      </span>
    </term>
    <term tid="t_25" lemma="wat" type="open">
      <span>
        <target id="w_25"/>
      </span>
    </term>
    <term tid="t_26" lemma="." type="open">
      <span>
        <target id="w_26"/>
      </span>
    </term>
    <term tid="t_27" lemma="de" type="open">
      <span>
        <target id="w_27"/>
      </span>
    </term>
    <term tid="t_28" lemma="kamers" type="open">
      <span>
        <target id="w_28"/>
      </span>
    </term>
    <term tid="t_29" lemma="zijn" type="open">
      <span>
        <target id="w_29"/>
      </span>
    </term>
    <term tid="t_30" lemma="oud" type="open">
      <span>
        <target id="w_30"/>
      </span>
    </term>
    <term tid="t_31" lemma="aan" type="open">
      <span>
        <target id="w_31"/>
      </span>
    </term>
    <term tid="t_32" lemma="een" type="open">
      <span>
        <target id="w_32"/>
      </span>
    </term>
    <term tid="t_33" lemma="drukke" type="open">
      <span>
        <target id="w_33"/>
      </span>
    </term>
    <term tid="t_34" lemma="weg" type="open">
      <span>
        <target id="w_34"/>
      </span>
    </term>
    <term tid="t_35" lemma="." type="open">
      <span>
        <target id="w_35"/>
      </span>
    </term>
    <term tid="t_36" lemma="ontbijt" type="open">
      <span>
        <target id="w_36"/>
      </span>
    </term>
    <term tid="t_37" lemma="is" type="open">
      <span>
        <target id="w_37"/>
      </span>
    </term>
    <term tid="t_38" lemma="excl" type="open">
      <span>
        <target id="w_38"/>
      </span>
    </term>
    <term tid="t_39" lemma="en" type="open">
      <span>
        <target id="w_39"/>
      </span>
    </term>
    <term tid="t_40" lemma="kost" type="open">
      <span>
        <target id="w_40"/>
      </span>
    </term>
    <term tid="t_41" lemma="20" type="open">
      <span>
        <target id="w_41"/>
      </span>
    </term>
    <term tid="t_42" lemma="euro" type="open">
      <span>
        <target id="w_42"/>
      </span>
    </term>
    <term tid="t_43" lemma="pp" type="open">
      <span>
        <target id="w_43"/>
      </span>
    </term>
    <term tid="t_44" lemma="." type="open">
      <span>
        <target id="w_44"/>
      </span>
    </term>
    <term tid="t_45" lemma="een" type="open">
      <span>
        <target id="w_45"/>
      </span>
    </term>
    <term tid="t_46" lemma="colaatje" type="open">
      <span>
        <target id="w_46"/>
      </span>
    </term>
    <term tid="t_47" lemma="8" type="open">
      <span>
        <target id="w_47"/>
      </span>
    </term>
    <term tid="t_48" lemma="euro" type="open">
      <span>
        <target id="w_48"/>
      </span>
    </term>
    <term tid="t_49" lemma="aan" type="open">
      <span>
        <target id="w_49"/>
      </span>
    </term>
    <term tid="t_50" lemma="een" type="open">
      <span>
        <target id="w_50"/>
      </span>
    </term>
    <term tid="t_51" lemma="saai" type="open" pos="G">
      <span>
        <target id="w_51"/>
      </span>
      <sentiment polarity="negative" resource="VUA_olery_lexicon_nl_lmf"/>
    </term>
    <term tid="t_52" lemma="en" type="open">
      <span>
        <target id="w_52"/>
      </span>
    </term>
    <term tid="t_53" lemma="klein" type="open">
      <span>
        <target id="w_53"/>
      </span>
    </term>
    <term tid="t_54" lemma="zwembad" type="open">
      <span>
        <target id="w_54"/>
      </span>
    </term>
    <term tid="t_55" lemma="." type="open">
      <span>
        <target id="w_55"/>
      </span>
    </term>
    <term tid="t_56" lemma="er" type="open">
      <span>
        <target id="w_56"/>
      </span>
    </term>
    <term tid="t_57" lemma="wordt" type="open">
      <span>
        <target id="w_57"/>
      </span>
    </term>
    <term tid="t_58" lemma="veel" type="open">
      <span>
        <target id="w_58"/>
      </span>
    </term>
    <term tid="t_59" lemma="met" type="open">
      <span>
        <target id="w_59"/>
      </span>
    </term>
    <term tid="t_60" lemma="luchtjes" type="open">
      <span>
        <target id="w_60"/>
      </span>
    </term>
    <term tid="t_61" lemma="gewerkt" type="open">
      <span>
        <target id="w_61"/>
      </span>
    </term>
    <term tid="t_62" lemma="in" type="open">
      <span>
        <target id="w_62"/>
      </span>
    </term>
    <term tid="t_63" lemma="het" type="open">
      <span>
        <target id="w_63"/>
      </span>
    </term>
    <term tid="t_64" lemma="hotel" type="open">
      <span>
        <target id="w_64"/>
      </span>
    </term>
    <term tid="t_65" lemma="." type="open">
      <span>
        <target id="w_65"/>
      </span>
    </term>
    <term tid="t_66" lemma="lobby" type="open">
      <span>
        <target id="w_66"/>
      </span>
    </term>
    <term tid="t_67" lemma="is" type="open">
      <span>
        <target id="w_67"/>
      </span>
    </term>
    <term tid="t_68" lemma="weinig" type="open">
      <span>
        <target id="w_68"/>
      </span>
      <sentiment sentiment_modifier="shifter" resource="VUA_olery_lexicon_nl_lmf"/>
    </term>
    <term tid="t_69" lemma="gezellig" type="open" pos="G">
      <span>
        <target id="w_69"/>
      </span>
      <sentiment polarity="positive" resource="VUA_olery_lexicon_nl_lmf"/>
    </term>
    <term tid="t_70" lemma="." type="open">
      <span>
        <target id="w_70"/>
      </span>
    </term>
    <term tid="t_71" lemma="lopen" type="open">
      <span>
        <target id="w_71"/>
      </span>
    </term>
    <term tid="t_72" lemma="naar" type="open" pos="G">
      <span>
        <target id="w_72"/>
      </span>
      <sentiment polarity="negative" resource="VUA_olery_lexicon_nl_lmf"/>
    </term>
    <term tid="t_73" lemma="propiano" type="open">
      <span>
        <target id="w_73"/>
      </span>
    </term>
    <term tid="t_74" lemma="is" type="open">
      <span>
        <target id="w_74"/>
      </span>
    </term>
    <term tid="t_75" lemma="nog" type="open">
      <span>
        <target id="w_75"/>
      </span>
    </term>
    <term tid="t_76" lemma="altijd" type="open">
      <span>
        <target id="w_76"/>
      </span>
      <sentiment sentiment_modifier="intensifier" resource="VUA_olery_lexicon_nl_lmf"/>
    </term>
    <term tid="t_77" lemma="een" type="open">
      <span>
        <target id="w_77"/>
      </span>
    </term>
    <term tid="t_78" lemma="half" type="open">
      <span>
        <target id="w_78"/>
      </span>
    </term>
    <term tid="t_79" lemma="uur" type="open">
      <span>
        <target id="w_79"/>
      </span>
    </term>
    <term tid="t_80" lemma="lsngd" type="open">
      <span>
        <target id="w_80"/>
      </span>
    </term>
    <term tid="t_81" lemma="een" type="open">
      <span>
        <target id="w_81"/>
      </span>
    </term>
    <term tid="t_82" lemma="donkere" type="open">
      <span>
        <target id="w_82"/>
      </span>
    </term>
    <term tid="t_83" lemma="onverlichte" type="open">
      <span>
        <target id="w_83"/>
      </span>
    </term>
    <term tid="t_84" lemma="weg" type="open">
      <span>
        <target id="w_84"/>
      </span>
    </term>
    <term tid="t_85" lemma=".." type="open">
      <span>
        <target id="w_85"/>
      </span>
    </term>
    <term tid="t_86" lemma="geen" type="open">
      <span>
        <target id="w_86"/>
      </span>
      <sentiment sentiment_modifier="shifter" resource="VUA_olery_lexicon_nl_lmf"/>
    </term>
    <term tid="t_87" lemma="aanrader" type="open" pos="N">
      <span>
        <target id="w_87"/>
      </span>
      <sentiment polarity="positive" resource="VUA_olery_lexicon_nl_lmf"/>
    </term>
    <term tid="t_88" lemma="dus" type="open">
      <span>
        <target id="w_88"/>
      </span>
    </term>
  </terms>
  <entities>
    <entity type="MISC" eid="e_1">
      <span>
        <target id="t_29"/>
      </span>
    </entity>
    <entity type="ORG" eid="e_2">
      <span>
        <target id="t_16"/>
      </span>
    </entity>
  </entities>
  <properties>
    <property type="value_for_money" pid="p_1">
      <span>
        <target id="t_2"/>
      </span>
      <span>
        <target id="t_13"/>
      </span>
      <span>
        <target id="t_40"/>
      </span>
      <span>
        <target id="t_42"/>
      </span>
      <span>
        <target id="t_48"/>
      </span>
    </property>
    <property type="room" pid="p_2">
      <span>
        <target id="t_16"/>
      </span>
    </property>
    <property type="restaurant" pid="p_3">
      <span>
        <target id="t_36"/>
      </span>
    </property>
    <property type="facilities" pid="p_4">
      <span>
        <target id="t_66"/>
      </span>
    </property>
    <property type="swimming_pool" pid="p_5">
      <span>
        <target id="t_54"/>
      </span>
    </property>
    <property type="location" pid="p_6">
      <span>
        <target id="t_6"/>
      </span>
    </property>
  </properties>
  <opinions>
    <opinion oid="o_1">
      <opinion_target>
        <span>
          <target id="t_3"/>
        </span>
      </opinion_target>
      <opinion_expression polarity="negative" strength="-2">
        <span>
          <target id="t_2"/>
          <target id="t_1"/>
        </span>
      </opinion_expression>
    </opinion>
    <opinion oid="o_2">
      <opinion_target>
        <span>
          <target id="t_53"/>
        </span>
      </opinion_target>
      <opinion_expression polarity="negative" strength="-1">
        <span>
          <target id="t_51"/>
        </span>
      </opinion_expression>
    </opinion>
    <opinion oid="o_3">
      <opinion_target>
        <span>
          <target id="t_66"/>
        </span>
      </opinion_target>
      <opinion_expression polarity="negative" strength="-1">
        <span>
          <target id="t_69"/>
          <target id="t_68"/>
        </span>
      </opinion_expression>
    </opinion>
    <opinion oid="o_4">
      <opinion_target>
        <span>
          <target id="t_73"/>
        </span>
      </opinion_target>
      <opinion_expression polarity="negative" strength="-1">
        <span>
          <target id="t_72"/>
        </span>
      </opinion_expression>
    </opinion>
  </opinions>
</KAF>
