<?xml version='1.0' encoding='UTF-8'?>
<KAF xml:lang="nl">
  <linguisticProcessors layer="text">
    <lp timestamp="2013-01-06T18:34:35CET" version="2.0" name="SentenceTokenizer"/>
  </linguisticProcessors>
  <linguisticProcessors layer="terms">
    <lp timestamp="2013-01-06T18:34:35CET" version="2.0" name="SentenceTokenizer"/>
    <lp timestamp="2013-01-06T18:34:35CET" version="1.0" name="SimplePolarityTagger"/>
  </linguisticProcessors>
  <linguisticProcessor layer="opinions">
    <lp timestamp="2013-01-06T18:34:35CET" version="1.0" name="SimpleOpinionDetector"/>
  </linguisticProcessor>
  <linguisticProcessor layer="properties">
    <lp timestamp="2013-01-06T18:34:35CET" version="1.0" name="SimplePropRecognizer_lookup"/>
  </linguisticProcessor>
  <linguisticProcessor layer="entities">
    <lp timestamp="2013-01-06T18:34:35CET" version="1.0" name="SimpleNER_lookup"/>
  </linguisticProcessor>
  <text>
    <wf wid="w_1" para="1" sent="1">Mooie</wf>
    <wf wid="w_2" para="1" sent="1">lokatie</wf>
    <wf wid="w_3" para="1" sent="1">,</wf>
    <wf wid="w_4" para="1" sent="1">gemoedelijke</wf>
    <wf wid="w_5" para="1" sent="1">sfeer</wf>
    <wf wid="w_6" para="1" sent="1">,</wf>
    <wf wid="w_7" para="1" sent="1">leuk</wf>
    <wf wid="w_8" para="1" sent="1">personeel</wf>
    <wf wid="w_9" para="1" sent="1">..</wf>
    <wf wid="w_10" para="1" sent="2">Zeer</wf>
    <wf wid="w_11" para="1" sent="2">kleine</wf>
    <wf wid="w_12" para="1" sent="2">kamers</wf>
    <wf wid="w_13" para="1" sent="2">,</wf>
    <wf wid="w_14" para="1" sent="2">oude</wf>
    <wf wid="w_15" para="1" sent="2">bedden</wf>
    <wf wid="w_16" para="1" sent="2">en</wf>
    <wf wid="w_17" para="1" sent="2">interieur</wf>
    <wf wid="w_18" para="1" sent="2">.</wf>
  </text>
  <terms>
    <term tid="t_1" lemma="mooie" type="open">
      <span>
        <target id="w_1"/>
      </span>
    </term>
    <term tid="t_2" lemma="lokatie" type="open">
      <span>
        <target id="w_2"/>
      </span>
    </term>
    <term tid="t_3" lemma="," type="open">
      <span>
        <target id="w_3"/>
      </span>
    </term>
    <term tid="t_4" lemma="gemoedelijke" type="open">
      <span>
        <target id="w_4"/>
      </span>
    </term>
    <term tid="t_5" lemma="sfeer" type="open" pos="N">
      <span>
        <target id="w_5"/>
      </span>
      <sentiment polarity="positive" resource="VUA_olery_lexicon_nl_lmf"/>
    </term>
    <term tid="t_6" lemma="," type="open">
      <span>
        <target id="w_6"/>
      </span>
    </term>
    <term tid="t_7" lemma="leuk" type="open" pos="G">
      <span>
        <target id="w_7"/>
      </span>
      <sentiment polarity="positive" resource="VUA_olery_lexicon_nl_lmf"/>
    </term>
    <term tid="t_8" lemma="personeel" type="open">
      <span>
        <target id="w_8"/>
      </span>
    </term>
    <term tid="t_9" lemma=".." type="open">
      <span>
        <target id="w_9"/>
      </span>
    </term>
    <term tid="t_10" lemma="zeer" type="open">
      <span>
        <target id="w_10"/>
      </span>
      <sentiment sentiment_modifier="intensifier" resource="VUA_olery_lexicon_nl_lmf"/>
    </term>
    <term tid="t_11" lemma="kleine" type="open">
      <span>
        <target id="w_11"/>
      </span>
    </term>
    <term tid="t_12" lemma="kamers" type="open">
      <span>
        <target id="w_12"/>
      </span>
    </term>
    <term tid="t_13" lemma="," type="open">
      <span>
        <target id="w_13"/>
      </span>
    </term>
    <term tid="t_14" lemma="oude" type="open">
      <span>
        <target id="w_14"/>
      </span>
    </term>
    <term tid="t_15" lemma="bedden" type="open">
      <span>
        <target id="w_15"/>
      </span>
    </term>
    <term tid="t_16" lemma="en" type="open">
      <span>
        <target id="w_16"/>
      </span>
    </term>
    <term tid="t_17" lemma="interieur" type="open">
      <span>
        <target id="w_17"/>
      </span>
    </term>
    <term tid="t_18" lemma="." type="open">
      <span>
        <target id="w_18"/>
      </span>
    </term>
  </terms>
  <properties>
    <property type="room" pid="p_1">
      <span>
        <target id="t_17"/>
      </span>
    </property>
    <property type="location" pid="p_2">
      <span>
        <target id="t_2"/>
      </span>
    </property>
    <property type="staff" pid="p_3">
      <span>
        <target id="t_8"/>
      </span>
    </property>
  </properties>
  <opinions>
    <opinion oid="o_1">
      <opinion_target>
        <span>
          <target id="t_8"/>
        </span>
      </opinion_target>
      <opinion_expression polarity="positive" strength="2">
        <span>
          <target id="t_5"/>
          <target id="t_7"/>
        </span>
      </opinion_expression>
    </opinion>
  </opinions>
</KAF>
