<?xml version='1.0' encoding='UTF-8'?>
<KAF xml:lang="nl">
  <linguisticProcessors layer="text">
    <lp timestamp="2013-01-06T18:33:46CET" version="2.0" name="SentenceTokenizer"/>
  </linguisticProcessors>
  <linguisticProcessors layer="terms">
    <lp timestamp="2013-01-06T18:33:46CET" version="2.0" name="SentenceTokenizer"/>
    <lp timestamp="2013-01-06T18:33:46CET" version="1.0" name="SimplePolarityTagger"/>
  </linguisticProcessors>
  <linguisticProcessor layer="opinions">
    <lp timestamp="2013-01-06T18:33:46CET" version="1.0" name="SimpleOpinionDetector"/>
  </linguisticProcessor>
  <linguisticProcessor layer="properties">
    <lp timestamp="2013-01-06T18:33:46CET" version="1.0" name="SimplePropRecognizer_lookup"/>
  </linguisticProcessor>
  <linguisticProcessor layer="entities">
    <lp timestamp="2013-01-06T18:33:46CET" version="1.0" name="SimpleNER_lookup"/>
  </linguisticProcessor>
  <text>
    <wf wid="w_1" para="1" sent="1">De</wf>
    <wf wid="w_2" para="1" sent="1">locatie</wf>
    <wf wid="w_3" para="1" sent="1">is</wf>
    <wf wid="w_4" para="1" sent="1">geweldig</wf>
    <wf wid="w_5" para="1" sent="1">,</wf>
    <wf wid="w_6" para="1" sent="1">midden</wf>
    <wf wid="w_7" para="1" sent="1">in</wf>
    <wf wid="w_8" para="1" sent="1">het</wf>
    <wf wid="w_9" para="1" sent="1">centrum</wf>
    <wf wid="w_10" para="1" sent="1">van</wf>
    <wf wid="w_11" para="1" sent="1">Amsterdam</wf>
    <wf wid="w_12" para="1" sent="1">.</wf>
    <wf wid="w_13" para="1" sent="2">Ook</wf>
    <wf wid="w_14" para="1" sent="2">het</wf>
    <wf wid="w_15" para="1" sent="2">gebouw</wf>
    <wf wid="w_16" para="1" sent="2">is</wf>
    <wf wid="w_17" para="1" sent="2">prachtig</wf>
    <wf wid="w_18" para="1" sent="2">.</wf>
    <wf wid="w_19" para="1" sent="3">Totzover</wf>
    <wf wid="w_20" para="1" sent="3">de</wf>
    <wf wid="w_21" para="1" sent="3">positieve</wf>
    <wf wid="w_22" para="1" sent="3">punten</wf>
    <wf wid="w_23" para="1" sent="3">.</wf>
    <wf wid="w_24" para="1" sent="4">Voor</wf>
    <wf wid="w_25" para="1" sent="4">de</wf>
    <wf wid="w_26" para="1" sent="4">zeer</wf>
    <wf wid="w_27" para="1" sent="4">(</wf>
    <wf wid="w_28" para="1" sent="4">!</wf>
    <wf wid="w_29" para="1" sent="5">)</wf>
    <wf wid="w_30" para="1" sent="5">hoge</wf>
    <wf wid="w_31" para="1" sent="5">prijs</wf>
    <wf wid="w_32" para="1" sent="5">van</wf>
    <wf wid="w_33" para="1" sent="5">dit</wf>
    <wf wid="w_34" para="1" sent="5">hotel</wf>
    <wf wid="w_35" para="1" sent="5">verwacht</wf>
    <wf wid="w_36" para="1" sent="5">je</wf>
    <wf wid="w_37" para="1" sent="5">een</wf>
    <wf wid="w_38" para="1" sent="5">comfortabele</wf>
    <wf wid="w_39" para="1" sent="5">kamer</wf>
    <wf wid="w_40" para="1" sent="5">en</wf>
    <wf wid="w_41" para="1" sent="5">luxe</wf>
    <wf wid="w_42" para="1" sent="5">.</wf>
    <wf wid="w_43" para="1" sent="6">Dat</wf>
    <wf wid="w_44" para="1" sent="6">valt</wf>
    <wf wid="w_45" para="1" sent="6">erg</wf>
    <wf wid="w_46" para="1" sent="6">tegen</wf>
    <wf wid="w_47" para="1" sent="6">.</wf>
    <wf wid="w_48" para="1" sent="7">Het</wf>
    <wf wid="w_49" para="1" sent="7">personeel</wf>
    <wf wid="w_50" para="1" sent="7">vind</wf>
    <wf wid="w_51" para="1" sent="7">zichzelf</wf>
    <wf wid="w_52" para="1" sent="7">belangrijker</wf>
    <wf wid="w_53" para="1" sent="7">dan</wf>
    <wf wid="w_54" para="1" sent="7">de</wf>
    <wf wid="w_55" para="1" sent="7">gasten</wf>
    <wf wid="w_56" para="1" sent="7">en</wf>
    <wf wid="w_57" para="1" sent="7">de</wf>
    <wf wid="w_58" para="1" sent="7">kamers</wf>
    <wf wid="w_59" para="1" sent="7">stammen</wf>
    <wf wid="w_60" para="1" sent="7">uit</wf>
    <wf wid="w_61" para="1" sent="7">de</wf>
    <wf wid="w_62" para="1" sent="7">jaren</wf>
    <wf wid="w_63" para="1" sent="7">70</wf>
    <wf wid="w_64" para="1" sent="7">.</wf>
    <wf wid="w_65" para="1" sent="8">Ouderwets</wf>
    <wf wid="w_66" para="1" sent="8">,</wf>
    <wf wid="w_67" para="1" sent="8">niet</wf>
    <wf wid="w_68" para="1" sent="8">comfortabel</wf>
    <wf wid="w_69" para="1" sent="8">,</wf>
    <wf wid="w_70" para="1" sent="8">kapotte</wf>
    <wf wid="w_71" para="1" sent="8">lampjes</wf>
    <wf wid="w_72" para="1" sent="8">het</wf>
    <wf wid="w_73" para="1" sent="8">King</wf>
    <wf wid="w_74" para="1" sent="8">Size</wf>
    <wf wid="w_75" para="1" sent="8">bed</wf>
    <wf wid="w_76" para="1" sent="8">is</wf>
    <wf wid="w_77" para="1" sent="8">kleiner</wf>
    <wf wid="w_78" para="1" sent="8">dan</wf>
    <wf wid="w_79" para="1" sent="8">wat</wf>
    <wf wid="w_80" para="1" sent="8">wij</wf>
    <wf wid="w_81" para="1" sent="8">thuis</wf>
    <wf wid="w_82" para="1" sent="8">hebben</wf>
    <wf wid="w_83" para="1" sent="8">.</wf>
    <wf wid="w_84" para="1" sent="9">Een</wf>
    <wf wid="w_85" para="1" sent="9">groter</wf>
    <wf wid="w_86" para="1" sent="9">bed</wf>
    <wf wid="w_87" para="1" sent="9">zou</wf>
    <wf wid="w_88" para="1" sent="9">overigens</wf>
    <wf wid="w_89" para="1" sent="9">ook</wf>
    <wf wid="w_90" para="1" sent="9">niet</wf>
    <wf wid="w_91" para="1" sent="9">in</wf>
    <wf wid="w_92" para="1" sent="9">de</wf>
    <wf wid="w_93" para="1" sent="9">kleine</wf>
    <wf wid="w_94" para="1" sent="9">kamer</wf>
    <wf wid="w_95" para="1" sent="9">passen</wf>
    <wf wid="w_96" para="1" sent="9">.</wf>
    <wf wid="w_97" para="1" sent="10">Idemdito</wf>
    <wf wid="w_98" para="1" sent="10">voor</wf>
    <wf wid="w_99" para="1" sent="10">het</wf>
    <wf wid="w_100" para="1" sent="10">bad</wf>
    <wf wid="w_101" para="1" sent="10">.</wf>
    <wf wid="w_102" para="1" sent="11">Daar</wf>
    <wf wid="w_103" para="1" sent="11">kun</wf>
    <wf wid="w_104" para="1" sent="11">je</wf>
    <wf wid="w_105" para="1" sent="11">niet</wf>
    <wf wid="w_106" para="1" sent="11">fatsoenlijk</wf>
    <wf wid="w_107" para="1" sent="11">in</wf>
    <wf wid="w_108" para="1" sent="11">zitten</wf>
    <wf wid="w_109" para="1" sent="11">als</wf>
    <wf wid="w_110" para="1" sent="11">je</wf>
    <wf wid="w_111" para="1" sent="11">langer</wf>
    <wf wid="w_112" para="1" sent="11">dan</wf>
    <wf wid="w_113" para="1" sent="11">1</wf>
    <wf wid="w_114" para="1" sent="11">.</wf>
    <wf wid="w_115" para="1" sent="12">80m</wf>
    <wf wid="w_116" para="1" sent="12">bent</wf>
    <wf wid="w_117" para="1" sent="12">.</wf>
    <wf wid="w_118" para="1" sent="13">Het</wf>
    <wf wid="w_119" para="1" sent="13">zwembad</wf>
    <wf wid="w_120" para="1" sent="13">was</wf>
    <wf wid="w_121" para="1" sent="13">dicht</wf>
    <wf wid="w_122" para="1" sent="13">op</wf>
    <wf wid="w_123" para="1" sent="13">de</wf>
    <wf wid="w_124" para="1" sent="13">standaard</wf>
    <wf wid="w_125" para="1" sent="13">openingstijden</wf>
    <wf wid="w_126" para="1" sent="13">(</wf>
    <wf wid="w_127" para="1" sent="13">zonder</wf>
    <wf wid="w_128" para="1" sent="13">dat</wf>
    <wf wid="w_129" para="1" sent="13">daar</wf>
    <wf wid="w_130" para="1" sent="13">een</wf>
    <wf wid="w_131" para="1" sent="13">reden</wf>
    <wf wid="w_132" para="1" sent="13">voor</wf>
    <wf wid="w_133" para="1" sent="13">werd</wf>
    <wf wid="w_134" para="1" sent="13">aangegeven</wf>
    <wf wid="w_135" para="1" sent="13">)</wf>
    <wf wid="w_136" para="1" sent="13">de</wf>
    <wf wid="w_137" para="1" sent="13">ontvangst</wf>
    <wf wid="w_138" para="1" sent="13">was</wf>
    <wf wid="w_139" para="1" sent="13">onvriendelijk</wf>
    <wf wid="w_140" para="1" sent="13">.</wf>
    <wf wid="w_141" para="1" sent="14">Is</wf>
    <wf wid="w_142" para="1" sent="14">dit</wf>
    <wf wid="w_143" para="1" sent="14">een</wf>
    <wf wid="w_144" para="1" sent="14">vijf</wf>
    <wf wid="w_145" para="1" sent="14">sterren</wf>
    <wf wid="w_146" para="1" sent="14">hotel</wf>
    <wf wid="w_147" para="1" sent="14">?</wf>
    <wf wid="w_148" para="1" sent="15">Zelfs</wf>
    <wf wid="w_149" para="1" sent="15">van</wf>
    <wf wid="w_150" para="1" sent="15">een</wf>
    <wf wid="w_151" para="1" sent="15">drie</wf>
    <wf wid="w_152" para="1" sent="15">sterren</wf>
    <wf wid="w_153" para="1" sent="15">hotel</wf>
    <wf wid="w_154" para="1" sent="15">zou</wf>
    <wf wid="w_155" para="1" sent="15">ik</wf>
    <wf wid="w_156" para="1" sent="15">meer</wf>
    <wf wid="w_157" para="1" sent="15">verwachten</wf>
    <wf wid="w_158" para="1" sent="15">.</wf>
  </text>
  <terms>
    <term tid="t_1" lemma="de" type="open">
      <span>
        <target id="w_1"/>
      </span>
    </term>
    <term tid="t_2" lemma="locatie" type="open">
      <span>
        <target id="w_2"/>
      </span>
    </term>
    <term tid="t_3" lemma="is" type="open">
      <span>
        <target id="w_3"/>
      </span>
    </term>
    <term tid="t_4" lemma="geweldig" type="open" pos="N">
      <span>
        <target id="w_4"/>
      </span>
      <sentiment polarity="positive" resource="VUA_olery_lexicon_nl_lmf"/>
    </term>
    <term tid="t_5" lemma="," type="open">
      <span>
        <target id="w_5"/>
      </span>
    </term>
    <term tid="t_6" lemma="midden" type="open">
      <span>
        <target id="w_6"/>
      </span>
    </term>
    <term tid="t_7" lemma="in" type="open">
      <span>
        <target id="w_7"/>
      </span>
    </term>
    <term tid="t_8" lemma="het" type="open">
      <span>
        <target id="w_8"/>
      </span>
    </term>
    <term tid="t_9" lemma="centrum" type="open">
      <span>
        <target id="w_9"/>
      </span>
    </term>
    <term tid="t_10" lemma="van" type="open">
      <span>
        <target id="w_10"/>
      </span>
    </term>
    <term tid="t_11" lemma="amsterdam" type="open">
      <span>
        <target id="w_11"/>
      </span>
    </term>
    <term tid="t_12" lemma="." type="open">
      <span>
        <target id="w_12"/>
      </span>
    </term>
    <term tid="t_13" lemma="ook" type="open">
      <span>
        <target id="w_13"/>
      </span>
    </term>
    <term tid="t_14" lemma="het" type="open">
      <span>
        <target id="w_14"/>
      </span>
    </term>
    <term tid="t_15" lemma="gebouw" type="open">
      <span>
        <target id="w_15"/>
      </span>
    </term>
    <term tid="t_16" lemma="is" type="open">
      <span>
        <target id="w_16"/>
      </span>
    </term>
    <term tid="t_17" lemma="prachtig" type="open" pos="G">
      <span>
        <target id="w_17"/>
      </span>
      <sentiment polarity="positive" resource="VUA_olery_lexicon_nl_lmf"/>
    </term>
    <term tid="t_18" lemma="." type="open">
      <span>
        <target id="w_18"/>
      </span>
    </term>
    <term tid="t_19" lemma="totzover" type="open">
      <span>
        <target id="w_19"/>
      </span>
    </term>
    <term tid="t_20" lemma="de" type="open">
      <span>
        <target id="w_20"/>
      </span>
    </term>
    <term tid="t_21" lemma="positieve" type="open">
      <span>
        <target id="w_21"/>
      </span>
    </term>
    <term tid="t_22" lemma="punten" type="open">
      <span>
        <target id="w_22"/>
      </span>
    </term>
    <term tid="t_23" lemma="." type="open">
      <span>
        <target id="w_23"/>
      </span>
    </term>
    <term tid="t_24" lemma="voor" type="open">
      <span>
        <target id="w_24"/>
      </span>
    </term>
    <term tid="t_25" lemma="de" type="open">
      <span>
        <target id="w_25"/>
      </span>
    </term>
    <term tid="t_26" lemma="zeer" type="open">
      <span>
        <target id="w_26"/>
      </span>
      <sentiment sentiment_modifier="intensifier" resource="VUA_olery_lexicon_nl_lmf"/>
    </term>
    <term tid="t_27" lemma="(" type="open">
      <span>
        <target id="w_27"/>
      </span>
    </term>
    <term tid="t_28" lemma="!" type="open">
      <span>
        <target id="w_28"/>
      </span>
      <sentiment sentiment_modifier="intensifier" resource="VUA_olery_lexicon_nl_lmf"/>
    </term>
    <term tid="t_29" lemma=")" type="open">
      <span>
        <target id="w_29"/>
      </span>
    </term>
    <term tid="t_30" lemma="hoge" type="open">
      <span>
        <target id="w_30"/>
      </span>
    </term>
    <term tid="t_31" lemma="prijs" type="open">
      <span>
        <target id="w_31"/>
      </span>
    </term>
    <term tid="t_32" lemma="van" type="open">
      <span>
        <target id="w_32"/>
      </span>
    </term>
    <term tid="t_33" lemma="dit" type="open">
      <span>
        <target id="w_33"/>
      </span>
    </term>
    <term tid="t_34" lemma="hotel" type="open">
      <span>
        <target id="w_34"/>
      </span>
    </term>
    <term tid="t_35" lemma="verwacht" type="open">
      <span>
        <target id="w_35"/>
      </span>
    </term>
    <term tid="t_36" lemma="je" type="open">
      <span>
        <target id="w_36"/>
      </span>
    </term>
    <term tid="t_37" lemma="een" type="open">
      <span>
        <target id="w_37"/>
      </span>
    </term>
    <term tid="t_38" lemma="comfortabele" type="open">
      <span>
        <target id="w_38"/>
      </span>
    </term>
    <term tid="t_39" lemma="kamer" type="open">
      <span>
        <target id="w_39"/>
      </span>
    </term>
    <term tid="t_40" lemma="en" type="open">
      <span>
        <target id="w_40"/>
      </span>
    </term>
    <term tid="t_41" lemma="luxe" type="open" pos="N">
      <span>
        <target id="w_41"/>
      </span>
      <sentiment polarity="positive" resource="VUA_olery_lexicon_nl_lmf"/>
    </term>
    <term tid="t_42" lemma="." type="open">
      <span>
        <target id="w_42"/>
      </span>
    </term>
    <term tid="t_43" lemma="dat" type="open">
      <span>
        <target id="w_43"/>
      </span>
    </term>
    <term tid="t_44" lemma="valt" type="open">
      <span>
        <target id="w_44"/>
      </span>
    </term>
    <term tid="t_45" lemma="erg" type="open">
      <span>
        <target id="w_45"/>
      </span>
      <sentiment sentiment_modifier="intensifier" resource="VUA_olery_lexicon_nl_lmf"/>
    </term>
    <term tid="t_46" lemma="tegen" type="open">
      <span>
        <target id="w_46"/>
      </span>
    </term>
    <term tid="t_47" lemma="." type="open">
      <span>
        <target id="w_47"/>
      </span>
    </term>
    <term tid="t_48" lemma="het" type="open">
      <span>
        <target id="w_48"/>
      </span>
    </term>
    <term tid="t_49" lemma="personeel" type="open">
      <span>
        <target id="w_49"/>
      </span>
    </term>
    <term tid="t_50" lemma="vind" type="open">
      <span>
        <target id="w_50"/>
      </span>
    </term>
    <term tid="t_51" lemma="zichzelf" type="open">
      <span>
        <target id="w_51"/>
      </span>
    </term>
    <term tid="t_52" lemma="belangrijker" type="open">
      <span>
        <target id="w_52"/>
      </span>
    </term>
    <term tid="t_53" lemma="dan" type="open">
      <span>
        <target id="w_53"/>
      </span>
    </term>
    <term tid="t_54" lemma="de" type="open">
      <span>
        <target id="w_54"/>
      </span>
    </term>
    <term tid="t_55" lemma="gasten" type="open">
      <span>
        <target id="w_55"/>
      </span>
    </term>
    <term tid="t_56" lemma="en" type="open">
      <span>
        <target id="w_56"/>
      </span>
    </term>
    <term tid="t_57" lemma="de" type="open">
      <span>
        <target id="w_57"/>
      </span>
    </term>
    <term tid="t_58" lemma="kamers" type="open">
      <span>
        <target id="w_58"/>
      </span>
    </term>
    <term tid="t_59" lemma="stammen" type="open">
      <span>
        <target id="w_59"/>
      </span>
    </term>
    <term tid="t_60" lemma="uit" type="open">
      <span>
        <target id="w_60"/>
      </span>
    </term>
    <term tid="t_61" lemma="de" type="open">
      <span>
        <target id="w_61"/>
      </span>
    </term>
    <term tid="t_62" lemma="jaren" type="open">
      <span>
        <target id="w_62"/>
      </span>
    </term>
    <term tid="t_63" lemma="70" type="open">
      <span>
        <target id="w_63"/>
      </span>
    </term>
    <term tid="t_64" lemma="." type="open">
      <span>
        <target id="w_64"/>
      </span>
    </term>
    <term tid="t_65" lemma="ouderwets" type="open" pos="G">
      <span>
        <target id="w_65"/>
      </span>
      <sentiment polarity="negative" resource="VUA_olery_lexicon_nl_lmf"/>
    </term>
    <term tid="t_66" lemma="," type="open">
      <span>
        <target id="w_66"/>
      </span>
    </term>
    <term tid="t_67" lemma="niet" type="open">
      <span>
        <target id="w_67"/>
      </span>
      <sentiment sentiment_modifier="shifter" resource="VUA_olery_lexicon_nl_lmf"/>
    </term>
    <term tid="t_68" lemma="comfortabel" type="open" pos="G">
      <span>
        <target id="w_68"/>
      </span>
      <sentiment polarity="positive" resource="VUA_olery_lexicon_nl_lmf"/>
    </term>
    <term tid="t_69" lemma="," type="open">
      <span>
        <target id="w_69"/>
      </span>
    </term>
    <term tid="t_70" lemma="kapotte" type="open">
      <span>
        <target id="w_70"/>
      </span>
    </term>
    <term tid="t_71" lemma="lampjes" type="open">
      <span>
        <target id="w_71"/>
      </span>
    </term>
    <term tid="t_72" lemma="het" type="open">
      <span>
        <target id="w_72"/>
      </span>
    </term>
    <term tid="t_73" lemma="king" type="open">
      <span>
        <target id="w_73"/>
      </span>
    </term>
    <term tid="t_74" lemma="size" type="open">
      <span>
        <target id="w_74"/>
      </span>
    </term>
    <term tid="t_75" lemma="bed" type="open">
      <span>
        <target id="w_75"/>
      </span>
    </term>
    <term tid="t_76" lemma="is" type="open">
      <span>
        <target id="w_76"/>
      </span>
    </term>
    <term tid="t_77" lemma="kleiner" type="open">
      <span>
        <target id="w_77"/>
      </span>
    </term>
    <term tid="t_78" lemma="dan" type="open">
      <span>
        <target id="w_78"/>
      </span>
    </term>
    <term tid="t_79" lemma="wat" type="open">
      <span>
        <target id="w_79"/>
      </span>
    </term>
    <term tid="t_80" lemma="wij" type="open">
      <span>
        <target id="w_80"/>
      </span>
    </term>
    <term tid="t_81" lemma="thuis" type="open">
      <span>
        <target id="w_81"/>
      </span>
    </term>
    <term tid="t_82" lemma="hebben" type="open">
      <span>
        <target id="w_82"/>
      </span>
    </term>
    <term tid="t_83" lemma="." type="open">
      <span>
        <target id="w_83"/>
      </span>
    </term>
    <term tid="t_84" lemma="een" type="open">
      <span>
        <target id="w_84"/>
      </span>
    </term>
    <term tid="t_85" lemma="groter" type="open">
      <span>
        <target id="w_85"/>
      </span>
    </term>
    <term tid="t_86" lemma="bed" type="open">
      <span>
        <target id="w_86"/>
      </span>
    </term>
    <term tid="t_87" lemma="zou" type="open">
      <span>
        <target id="w_87"/>
      </span>
    </term>
    <term tid="t_88" lemma="overigens" type="open">
      <span>
        <target id="w_88"/>
      </span>
    </term>
    <term tid="t_89" lemma="ook" type="open">
      <span>
        <target id="w_89"/>
      </span>
    </term>
    <term tid="t_90" lemma="niet" type="open">
      <span>
        <target id="w_90"/>
      </span>
      <sentiment sentiment_modifier="shifter" resource="VUA_olery_lexicon_nl_lmf"/>
    </term>
    <term tid="t_91" lemma="in" type="open">
      <span>
        <target id="w_91"/>
      </span>
    </term>
    <term tid="t_92" lemma="de" type="open">
      <span>
        <target id="w_92"/>
      </span>
    </term>
    <term tid="t_93" lemma="kleine" type="open">
      <span>
        <target id="w_93"/>
      </span>
    </term>
    <term tid="t_94" lemma="kamer" type="open">
      <span>
        <target id="w_94"/>
      </span>
    </term>
    <term tid="t_95" lemma="passen" type="open">
      <span>
        <target id="w_95"/>
      </span>
    </term>
    <term tid="t_96" lemma="." type="open">
      <span>
        <target id="w_96"/>
      </span>
    </term>
    <term tid="t_97" lemma="idemdito" type="open">
      <span>
        <target id="w_97"/>
      </span>
    </term>
    <term tid="t_98" lemma="voor" type="open">
      <span>
        <target id="w_98"/>
      </span>
    </term>
    <term tid="t_99" lemma="het" type="open">
      <span>
        <target id="w_99"/>
      </span>
    </term>
    <term tid="t_100" lemma="bad" type="open">
      <span>
        <target id="w_100"/>
      </span>
    </term>
    <term tid="t_101" lemma="." type="open">
      <span>
        <target id="w_101"/>
      </span>
    </term>
    <term tid="t_102" lemma="daar" type="open">
      <span>
        <target id="w_102"/>
      </span>
    </term>
    <term tid="t_103" lemma="kun" type="open">
      <span>
        <target id="w_103"/>
      </span>
    </term>
    <term tid="t_104" lemma="je" type="open">
      <span>
        <target id="w_104"/>
      </span>
    </term>
    <term tid="t_105" lemma="niet" type="open">
      <span>
        <target id="w_105"/>
      </span>
      <sentiment sentiment_modifier="shifter" resource="VUA_olery_lexicon_nl_lmf"/>
    </term>
    <term tid="t_106" lemma="fatsoenlijk" type="open" pos="G">
      <span>
        <target id="w_106"/>
      </span>
      <sentiment polarity="positive" resource="VUA_olery_lexicon_nl_lmf"/>
    </term>
    <term tid="t_107" lemma="in" type="open">
      <span>
        <target id="w_107"/>
      </span>
    </term>
    <term tid="t_108" lemma="zitten" type="open">
      <span>
        <target id="w_108"/>
      </span>
    </term>
    <term tid="t_109" lemma="als" type="open">
      <span>
        <target id="w_109"/>
      </span>
    </term>
    <term tid="t_110" lemma="je" type="open">
      <span>
        <target id="w_110"/>
      </span>
    </term>
    <term tid="t_111" lemma="langer" type="open">
      <span>
        <target id="w_111"/>
      </span>
    </term>
    <term tid="t_112" lemma="dan" type="open">
      <span>
        <target id="w_112"/>
      </span>
    </term>
    <term tid="t_113" lemma="1" type="open">
      <span>
        <target id="w_113"/>
      </span>
    </term>
    <term tid="t_114" lemma="." type="open">
      <span>
        <target id="w_114"/>
      </span>
    </term>
    <term tid="t_115" lemma="80m" type="open">
      <span>
        <target id="w_115"/>
      </span>
    </term>
    <term tid="t_116" lemma="bent" type="open">
      <span>
        <target id="w_116"/>
      </span>
    </term>
    <term tid="t_117" lemma="." type="open">
      <span>
        <target id="w_117"/>
      </span>
    </term>
    <term tid="t_118" lemma="het" type="open">
      <span>
        <target id="w_118"/>
      </span>
    </term>
    <term tid="t_119" lemma="zwembad" type="open">
      <span>
        <target id="w_119"/>
      </span>
    </term>
    <term tid="t_120" lemma="was" type="open">
      <span>
        <target id="w_120"/>
      </span>
    </term>
    <term tid="t_121" lemma="dicht" type="open">
      <span>
        <target id="w_121"/>
      </span>
    </term>
    <term tid="t_122" lemma="op" type="open">
      <span>
        <target id="w_122"/>
      </span>
    </term>
    <term tid="t_123" lemma="de" type="open">
      <span>
        <target id="w_123"/>
      </span>
    </term>
    <term tid="t_124" lemma="standaard" type="open">
      <span>
        <target id="w_124"/>
      </span>
    </term>
    <term tid="t_125" lemma="openingstijden" type="open">
      <span>
        <target id="w_125"/>
      </span>
    </term>
    <term tid="t_126" lemma="(" type="open">
      <span>
        <target id="w_126"/>
      </span>
    </term>
    <term tid="t_127" lemma="zonder" type="open">
      <span>
        <target id="w_127"/>
      </span>
      <sentiment sentiment_modifier="shifter" resource="VUA_olery_lexicon_nl_lmf"/>
    </term>
    <term tid="t_128" lemma="dat" type="open">
      <span>
        <target id="w_128"/>
      </span>
    </term>
    <term tid="t_129" lemma="daar" type="open">
      <span>
        <target id="w_129"/>
      </span>
    </term>
    <term tid="t_130" lemma="een" type="open">
      <span>
        <target id="w_130"/>
      </span>
    </term>
    <term tid="t_131" lemma="reden" type="open">
      <span>
        <target id="w_131"/>
      </span>
    </term>
    <term tid="t_132" lemma="voor" type="open">
      <span>
        <target id="w_132"/>
      </span>
    </term>
    <term tid="t_133" lemma="werd" type="open">
      <span>
        <target id="w_133"/>
      </span>
    </term>
    <term tid="t_134" lemma="aangegeven" type="open">
      <span>
        <target id="w_134"/>
      </span>
    </term>
    <term tid="t_135" lemma=")" type="open">
      <span>
        <target id="w_135"/>
      </span>
    </term>
    <term tid="t_136" lemma="de" type="open">
      <span>
        <target id="w_136"/>
      </span>
    </term>
    <term tid="t_137" lemma="ontvangst" type="open">
      <span>
        <target id="w_137"/>
      </span>
    </term>
    <term tid="t_138" lemma="was" type="open">
      <span>
        <target id="w_138"/>
      </span>
    </term>
    <term tid="t_139" lemma="onvriendelijk" type="open" pos="G">
      <span>
        <target id="w_139"/>
      </span>
      <sentiment polarity="negative" resource="VUA_olery_lexicon_nl_lmf"/>
    </term>
    <term tid="t_140" lemma="." type="open">
      <span>
        <target id="w_140"/>
      </span>
    </term>
    <term tid="t_141" lemma="is" type="open">
      <span>
        <target id="w_141"/>
      </span>
    </term>
    <term tid="t_142" lemma="dit" type="open">
      <span>
        <target id="w_142"/>
      </span>
    </term>
    <term tid="t_143" lemma="een" type="open">
      <span>
        <target id="w_143"/>
      </span>
    </term>
    <term tid="t_144" lemma="vijf" type="open">
      <span>
        <target id="w_144"/>
      </span>
    </term>
    <term tid="t_145" lemma="sterren" type="open">
      <span>
        <target id="w_145"/>
      </span>
    </term>
    <term tid="t_146" lemma="hotel" type="open">
      <span>
        <target id="w_146"/>
      </span>
    </term>
    <term tid="t_147" lemma="?" type="open">
      <span>
        <target id="w_147"/>
      </span>
    </term>
    <term tid="t_148" lemma="zelfs" type="open">
      <span>
        <target id="w_148"/>
      </span>
    </term>
    <term tid="t_149" lemma="van" type="open">
      <span>
        <target id="w_149"/>
      </span>
    </term>
    <term tid="t_150" lemma="een" type="open">
      <span>
        <target id="w_150"/>
      </span>
    </term>
    <term tid="t_151" lemma="drie" type="open">
      <span>
        <target id="w_151"/>
      </span>
    </term>
    <term tid="t_152" lemma="sterren" type="open">
      <span>
        <target id="w_152"/>
      </span>
    </term>
    <term tid="t_153" lemma="hotel" type="open">
      <span>
        <target id="w_153"/>
      </span>
    </term>
    <term tid="t_154" lemma="zou" type="open">
      <span>
        <target id="w_154"/>
      </span>
    </term>
    <term tid="t_155" lemma="ik" type="open">
      <span>
        <target id="w_155"/>
      </span>
    </term>
    <term tid="t_156" lemma="meer" type="open">
      <span>
        <target id="w_156"/>
      </span>
    </term>
    <term tid="t_157" lemma="verwachten" type="open">
      <span>
        <target id="w_157"/>
      </span>
    </term>
    <term tid="t_158" lemma="." type="open">
      <span>
        <target id="w_158"/>
      </span>
    </term>
  </terms>
  <entities>
    <entity type="PER" eid="e_1">
      <span>
        <target id="t_73"/>
      </span>
    </entity>
    <entity type="ORG" eid="e_2">
      <span>
        <target id="t_39"/>
      </span>
      <span>
        <target id="t_94"/>
      </span>
    </entity>
    <entity type="LOC" eid="e_3">
      <span>
        <target id="t_11"/>
      </span>
    </entity>
    <entity type="PER" eid="e_4">
      <span>
        <target id="t_113"/>
      </span>
    </entity>
    <entity type="PER" eid="e_5">
      <span>
        <target id="t_103"/>
      </span>
    </entity>
    <entity type="ORG" eid="e_6">
      <span>
        <target id="t_123"/>
        <target id="t_124"/>
      </span>
    </entity>
  </entities>
  <properties>
    <property type="value_for_money" pid="p_1">
      <span>
        <target id="t_31"/>
      </span>
    </property>
    <property type="bathroom" pid="p_2">
      <span>
        <target id="t_100"/>
      </span>
    </property>
    <property type="room" pid="p_3">
      <span>
        <target id="t_39"/>
      </span>
      <span>
        <target id="t_94"/>
      </span>
      <span>
        <target id="t_124"/>
      </span>
    </property>
    <property type="swimming_pool" pid="p_4">
      <span>
        <target id="t_119"/>
      </span>
    </property>
    <property type="sleeping_comfort" pid="p_5">
      <span>
        <target id="t_75"/>
      </span>
      <span>
        <target id="t_86"/>
      </span>
    </property>
    <property type="facilities" pid="p_6">
      <span>
        <target id="t_15"/>
      </span>
    </property>
    <property type="location" pid="p_7">
      <span>
        <target id="t_2"/>
      </span>
      <span>
        <target id="t_9"/>
      </span>
    </property>
    <property type="staff" pid="p_8">
      <span>
        <target id="t_49"/>
      </span>
      <span>
        <target id="t_106"/>
      </span>
      <span>
        <target id="t_137"/>
      </span>
      <span>
        <target id="t_139"/>
      </span>
    </property>
  </properties>
  <opinions>
    <opinion oid="o_1">
      <opinion_target>
        <span>
          <target id="t_6"/>
        </span>
      </opinion_target>
      <opinion_expression polarity="positive" strength="1">
        <span>
          <target id="t_4"/>
        </span>
      </opinion_expression>
    </opinion>
    <opinion oid="o_2">
      <opinion_target>
        <span>
          <target id="t_15"/>
        </span>
      </opinion_target>
      <opinion_expression polarity="positive" strength="1">
        <span>
          <target id="t_17"/>
        </span>
      </opinion_expression>
    </opinion>
    <opinion oid="o_3">
      <opinion_target>
        <span>
          <target id="t_39"/>
        </span>
      </opinion_target>
      <opinion_expression polarity="positive" strength="1">
        <span>
          <target id="t_41"/>
        </span>
      </opinion_expression>
    </opinion>
    <opinion oid="o_4">
      <opinion_target>
        <span>
          <target id="t_70"/>
        </span>
      </opinion_target>
      <opinion_expression polarity="negative" strength="-1">
        <span>
          <target id="t_68"/>
          <target id="t_67"/>
        </span>
      </opinion_expression>
    </opinion>
    <opinion oid="o_5">
      <opinion_target>
        <span>
          <target id="t_108"/>
        </span>
      </opinion_target>
      <opinion_expression polarity="negative" strength="-1">
        <span>
          <target id="t_106"/>
          <target id="t_105"/>
        </span>
      </opinion_expression>
    </opinion>
    <opinion oid="o_6">
      <opinion_target>
        <span>
          <target id="t_137"/>
        </span>
      </opinion_target>
      <opinion_expression polarity="negative" strength="-1">
        <span>
          <target id="t_139"/>
        </span>
      </opinion_expression>
    </opinion>
  </opinions>
</KAF>
