<?xml version='1.0' encoding='UTF-8'?>
<KAF xml:lang="nl">
  <linguisticProcessors layer="text">
    <lp timestamp="2013-01-06T18:29:01CET" version="2.0" name="SentenceTokenizer"/>
  </linguisticProcessors>
  <linguisticProcessors layer="terms">
    <lp timestamp="2013-01-06T18:29:01CET" version="2.0" name="SentenceTokenizer"/>
    <lp timestamp="2013-01-06T18:29:02CET" version="1.0" name="SimplePolarityTagger"/>
  </linguisticProcessors>
  <linguisticProcessor layer="opinions">
    <lp timestamp="2013-01-06T18:29:02CET" version="1.0" name="SimpleOpinionDetector"/>
  </linguisticProcessor>
  <linguisticProcessor layer="properties">
    <lp timestamp="2013-01-06T18:29:02CET" version="1.0" name="SimplePropRecognizer_lookup"/>
  </linguisticProcessor>
  <linguisticProcessor layer="entities">
    <lp timestamp="2013-01-06T18:29:02CET" version="1.0" name="SimpleNER_lookup"/>
  </linguisticProcessor>
  <text>
    <wf wid="w_1" para="1" sent="1">Hotel</wf>
    <wf wid="w_2" para="1" sent="1">stond</wf>
    <wf wid="w_3" para="1" sent="1">in</wf>
    <wf wid="w_4" para="1" sent="1">de</wf>
    <wf wid="w_5" para="1" sent="1">steigers</wf>
    <wf wid="w_6" para="1" sent="1">en</wf>
    <wf wid="w_7" para="1" sent="1">was</wf>
    <wf wid="w_8" para="1" sent="1">niet</wf>
    <wf wid="w_9" para="1" sent="1">van</wf>
    <wf wid="w_10" para="1" sent="1">te</wf>
    <wf wid="w_11" para="1" sent="1">voren</wf>
    <wf wid="w_12" para="1" sent="1">gemeld</wf>
    <wf wid="w_13" para="1" sent="1">,</wf>
    <wf wid="w_14" para="1" sent="1">zag</wf>
    <wf wid="w_15" para="1" sent="1">er</wf>
    <wf wid="w_16" para="1" sent="1">dus</wf>
    <wf wid="w_17" para="1" sent="1">niet</wf>
    <wf wid="w_18" para="1" sent="1">uit</wf>
    <wf wid="w_19" para="1" sent="1">van</wf>
    <wf wid="w_20" para="1" sent="1">buiten</wf>
    <wf wid="w_21" para="1" sent="1">.</wf>
    <wf wid="w_22" para="1" sent="2">Receptie</wf>
    <wf wid="w_23" para="1" sent="2">personeel</wf>
    <wf wid="w_24" para="1" sent="2">in</wf>
    <wf wid="w_25" para="1" sent="2">het</wf>
    <wf wid="w_26" para="1" sent="2">weekend</wf>
    <wf wid="w_27" para="1" sent="2">niet</wf>
    <wf wid="w_28" para="1" sent="2">ervaren</wf>
    <wf wid="w_29" para="1" sent="2">en</wf>
    <wf wid="w_30" para="1" sent="2">langzaam</wf>
    <wf wid="w_31" para="1" sent="2">bij</wf>
    <wf wid="w_32" para="1" sent="2">inchecken</wf>
    <wf wid="w_33" para="1" sent="2">.</wf>
    <wf wid="w_34" para="1" sent="3">Kamers</wf>
    <wf wid="w_35" para="1" sent="3">wel</wf>
    <wf wid="w_36" para="1" sent="3">groot</wf>
    <wf wid="w_37" para="1" sent="3">en</wf>
    <wf wid="w_38" para="1" sent="3">mooi</wf>
    <wf wid="w_39" para="1" sent="3">.</wf>
    <wf wid="w_40" para="1" sent="4">Groot</wf>
    <wf wid="w_41" para="1" sent="4">nadeel</wf>
    <wf wid="w_42" para="1" sent="4">geen</wf>
    <wf wid="w_43" para="1" sent="4">lift</wf>
    <wf wid="w_44" para="1" sent="4">,</wf>
    <wf wid="w_45" para="1" sent="4">maar</wf>
    <wf wid="w_46" para="1" sent="4">daardoor</wf>
    <wf wid="w_47" para="1" sent="4">ook</wf>
    <wf wid="w_48" para="1" sent="4">geen</wf>
    <wf wid="w_49" para="1" sent="4">service</wf>
    <wf wid="w_50" para="1" sent="4">om</wf>
    <wf wid="w_51" para="1" sent="4">2</wf>
    <wf wid="w_52" para="1" sent="4">vakantiekoffers</wf>
    <wf wid="w_53" para="1" sent="4">a</wf>
    <wf wid="w_54" para="1" sent="4">20</wf>
    <wf wid="w_55" para="1" sent="4">kg</wf>
    <wf wid="w_56" para="1" sent="4">naar</wf>
    <wf wid="w_57" para="1" sent="4">boven</wf>
    <wf wid="w_58" para="1" sent="4">te</wf>
    <wf wid="w_59" para="1" sent="4">brengen</wf>
    <wf wid="w_60" para="1" sent="4">+</wf>
    <wf wid="w_61" para="1" sent="4">2</wf>
    <wf wid="w_62" para="1" sent="4">x</wf>
    <wf wid="w_63" para="1" sent="4">handbagage</wf>
    <wf wid="w_64" para="1" sent="4">,</wf>
    <wf wid="w_65" para="1" sent="4">ik</wf>
    <wf wid="w_66" para="1" sent="4">heb</wf>
    <wf wid="w_67" para="1" sent="4">nl</wf>
    <wf wid="w_68" para="1" sent="4">een</wf>
    <wf wid="w_69" para="1" sent="4">chronische</wf>
    <wf wid="w_70" para="1" sent="4">Whiplash</wf>
    <wf wid="w_71" para="1" sent="4">en</wf>
    <wf wid="w_72" para="1" sent="4">alles</wf>
    <wf wid="w_73" para="1" sent="4">kwam</wf>
    <wf wid="w_74" para="1" sent="4">dus</wf>
    <wf wid="w_75" para="1" sent="4">op</wf>
    <wf wid="w_76" para="1" sent="4">mijn</wf>
    <wf wid="w_77" para="1" sent="4">man</wf>
    <wf wid="w_78" para="1" sent="4">neer</wf>
    <wf wid="w_79" para="1" sent="4">met</wf>
    <wf wid="w_80" para="1" sent="4">sjouwen</wf>
    <wf wid="w_81" para="1" sent="4">(</wf>
    <wf wid="w_82" para="1" sent="4">waren</wf>
    <wf wid="w_83" para="1" sent="4">op</wf>
    <wf wid="w_84" para="1" sent="4">doorreis</wf>
    <wf wid="w_85" para="1" sent="4">naar</wf>
    <wf wid="w_86" para="1" sent="4">Schiphol</wf>
    <wf wid="w_87" para="1" sent="4">voor</wf>
    <wf wid="w_88" para="1" sent="4">vakantie</wf>
    <wf wid="w_89" para="1" sent="4">.</wf>
    <wf wid="w_90" para="1" sent="5">We</wf>
    <wf wid="w_91" para="1" sent="5">moesten</wf>
    <wf wid="w_92" para="1" sent="5">de</wf>
    <wf wid="w_93" para="1" sent="5">volgende</wf>
    <wf wid="w_94" para="1" sent="5">dag</wf>
    <wf wid="w_95" para="1" sent="5">10</wf>
    <wf wid="w_96" para="1" sent="5">uur</wf>
    <wf wid="w_97" para="1" sent="5">vliegen</wf>
    <wf wid="w_98" para="1" sent="5">en</wf>
    <wf wid="w_99" para="1" sent="5">wilden</wf>
    <wf wid="w_100" para="1" sent="5">daar</wf>
    <wf wid="w_101" para="1" sent="5">vooraan</wf>
    <wf wid="w_102" para="1" sent="5">ook</wf>
    <wf wid="w_103" para="1" sent="5">niet</wf>
    <wf wid="w_104" para="1" sent="5">nog</wf>
    <wf wid="w_105" para="1" sent="5">een</wf>
    <wf wid="w_106" para="1" sent="5">treinreis</wf>
    <wf wid="w_107" para="1" sent="5">van</wf>
    <wf wid="w_108" para="1" sent="5">Groningen</wf>
    <wf wid="w_109" para="1" sent="5">naar</wf>
    <wf wid="w_110" para="1" sent="5">Schiphol</wf>
    <wf wid="w_111" para="1" sent="5">ivm</wf>
    <wf wid="w_112" para="1" sent="5">met</wf>
    <wf wid="w_113" para="1" sent="5">mijn</wf>
    <wf wid="w_114" para="1" sent="5">klachten</wf>
    <wf wid="w_115" para="1" sent="5">.</wf>
    <wf wid="w_116" para="1" sent="6">Eerst</wf>
    <wf wid="w_117" para="1" sent="6">een</wf>
    <wf wid="w_118" para="1" sent="6">goede</wf>
    <wf wid="w_119" para="1" sent="6">nachtrust</wf>
    <wf wid="w_120" para="1" sent="6">vooraan</wf>
    <wf wid="w_121" para="1" sent="6">is</wf>
    <wf wid="w_122" para="1" sent="6">prettig</wf>
    <wf wid="w_123" para="1" sent="6">maar</wf>
    <wf wid="w_124" para="1" sent="6">ook</wf>
    <wf wid="w_125" para="1" sent="6">dat</wf>
    <wf wid="w_126" para="1" sent="6">kon</wf>
    <wf wid="w_127" para="1" sent="6">niet</wf>
    <wf wid="w_128" para="1" sent="6">feest</wf>
    <wf wid="w_129" para="1" sent="6">in</wf>
    <wf wid="w_130" para="1" sent="6">aalsmeer</wf>
    <wf wid="w_131" para="1" sent="6">en</wf>
    <wf wid="w_132" para="1" sent="6">dus</wf>
    <wf wid="w_133" para="1" sent="6">ook</wf>
    <wf wid="w_134" para="1" sent="6">tot</wf>
    <wf wid="w_135" para="1" sent="6">midden</wf>
    <wf wid="w_136" para="1" sent="6">in</wf>
    <wf wid="w_137" para="1" sent="6">de</wf>
    <wf wid="w_138" para="1" sent="6">nacht</wf>
    <wf wid="w_139" para="1" sent="6">in</wf>
    <wf wid="w_140" para="1" sent="6">de</wf>
    <wf wid="w_141" para="1" sent="6">aangrenzende</wf>
    <wf wid="w_142" para="1" sent="6">bar</wf>
    <wf wid="w_143" para="1" sent="6">vh</wf>
    <wf wid="w_144" para="1" sent="6">hotel</wf>
    <wf wid="w_145" para="1" sent="6">.</wf>
    <wf wid="w_146" para="1" sent="7">Hadden</wf>
    <wf wid="w_147" para="1" sent="7">dus</wf>
    <wf wid="w_148" para="1" sent="7">beter</wf>
    <wf wid="w_149" para="1" sent="7">thuis</wf>
    <wf wid="w_150" para="1" sent="7">kunnen</wf>
    <wf wid="w_151" para="1" sent="7">slapen</wf>
    <wf wid="w_152" para="1" sent="7">waardeloos</wf>
    <wf wid="w_153" para="1" sent="7">.</wf>
    <wf wid="w_154" para="1" sent="8">Was</wf>
    <wf wid="w_155" para="1" sent="8">ook</wf>
    <wf wid="w_156" para="1" sent="8">niet</wf>
    <wf wid="w_157" para="1" sent="8">voor</wf>
    <wf wid="w_158" para="1" sent="8">gewaarschuwd</wf>
    <wf wid="w_159" para="1" sent="8">beetje</wf>
    <wf wid="w_160" para="1" sent="8">erg</wf>
    <wf wid="w_161" para="1" sent="8">slordig</wf>
    <wf wid="w_162" para="1" sent="8">,</wf>
    <wf wid="w_163" para="1" sent="8">niet</wf>
    <wf wid="w_164" para="1" sent="8">uitgerust</wf>
    <wf wid="w_165" para="1" sent="8">dus</wf>
    <wf wid="w_166" para="1" sent="8">erge</wf>
    <wf wid="w_167" para="1" sent="8">tegenvaller</wf>
    <wf wid="w_168" para="1" sent="8">.</wf>
  </text>
  <terms>
    <term tid="t_1" lemma="hotel" type="open">
      <span>
        <target id="w_1"/>
      </span>
    </term>
    <term tid="t_2" lemma="stond" type="open">
      <span>
        <target id="w_2"/>
      </span>
    </term>
    <term tid="t_3" lemma="in" type="open">
      <span>
        <target id="w_3"/>
      </span>
    </term>
    <term tid="t_4" lemma="de" type="open">
      <span>
        <target id="w_4"/>
      </span>
    </term>
    <term tid="t_5" lemma="steigers" type="open">
      <span>
        <target id="w_5"/>
      </span>
    </term>
    <term tid="t_6" lemma="en" type="open">
      <span>
        <target id="w_6"/>
      </span>
    </term>
    <term tid="t_7" lemma="was" type="open">
      <span>
        <target id="w_7"/>
      </span>
    </term>
    <term tid="t_8" lemma="niet" type="open">
      <span>
        <target id="w_8"/>
      </span>
      <sentiment sentiment_modifier="shifter" resource="VUA_olery_lexicon_nl_lmf"/>
    </term>
    <term tid="t_9" lemma="van" type="open">
      <span>
        <target id="w_9"/>
      </span>
    </term>
    <term tid="t_10" lemma="te" type="open">
      <span>
        <target id="w_10"/>
      </span>
    </term>
    <term tid="t_11" lemma="voren" type="open">
      <span>
        <target id="w_11"/>
      </span>
    </term>
    <term tid="t_12" lemma="gemeld" type="open">
      <span>
        <target id="w_12"/>
      </span>
    </term>
    <term tid="t_13" lemma="," type="open">
      <span>
        <target id="w_13"/>
      </span>
    </term>
    <term tid="t_14" lemma="zag" type="open">
      <span>
        <target id="w_14"/>
      </span>
    </term>
    <term tid="t_15" lemma="er" type="open">
      <span>
        <target id="w_15"/>
      </span>
    </term>
    <term tid="t_16" lemma="dus" type="open">
      <span>
        <target id="w_16"/>
      </span>
    </term>
    <term tid="t_17" lemma="niet" type="open">
      <span>
        <target id="w_17"/>
      </span>
      <sentiment sentiment_modifier="shifter" resource="VUA_olery_lexicon_nl_lmf"/>
    </term>
    <term tid="t_18" lemma="uit" type="open">
      <span>
        <target id="w_18"/>
      </span>
    </term>
    <term tid="t_19" lemma="van" type="open">
      <span>
        <target id="w_19"/>
      </span>
    </term>
    <term tid="t_20" lemma="buiten" type="open">
      <span>
        <target id="w_20"/>
      </span>
    </term>
    <term tid="t_21" lemma="." type="open">
      <span>
        <target id="w_21"/>
      </span>
    </term>
    <term tid="t_22" lemma="receptie" type="open">
      <span>
        <target id="w_22"/>
      </span>
    </term>
    <term tid="t_23" lemma="personeel" type="open">
      <span>
        <target id="w_23"/>
      </span>
    </term>
    <term tid="t_24" lemma="in" type="open">
      <span>
        <target id="w_24"/>
      </span>
    </term>
    <term tid="t_25" lemma="het" type="open">
      <span>
        <target id="w_25"/>
      </span>
    </term>
    <term tid="t_26" lemma="weekend" type="open">
      <span>
        <target id="w_26"/>
      </span>
    </term>
    <term tid="t_27" lemma="niet" type="open">
      <span>
        <target id="w_27"/>
      </span>
      <sentiment sentiment_modifier="shifter" resource="VUA_olery_lexicon_nl_lmf"/>
    </term>
    <term tid="t_28" lemma="ervaren" type="open">
      <span>
        <target id="w_28"/>
      </span>
    </term>
    <term tid="t_29" lemma="en" type="open">
      <span>
        <target id="w_29"/>
      </span>
    </term>
    <term tid="t_30" lemma="langzaam" type="open">
      <span>
        <target id="w_30"/>
      </span>
    </term>
    <term tid="t_31" lemma="bij" type="open">
      <span>
        <target id="w_31"/>
      </span>
    </term>
    <term tid="t_32" lemma="inchecken" type="open">
      <span>
        <target id="w_32"/>
      </span>
    </term>
    <term tid="t_33" lemma="." type="open">
      <span>
        <target id="w_33"/>
      </span>
    </term>
    <term tid="t_34" lemma="kamers" type="open">
      <span>
        <target id="w_34"/>
      </span>
    </term>
    <term tid="t_35" lemma="wel" type="open">
      <span>
        <target id="w_35"/>
      </span>
    </term>
    <term tid="t_36" lemma="groot" type="open">
      <span>
        <target id="w_36"/>
      </span>
    </term>
    <term tid="t_37" lemma="en" type="open">
      <span>
        <target id="w_37"/>
      </span>
    </term>
    <term tid="t_38" lemma="mooi" type="open" pos="G">
      <span>
        <target id="w_38"/>
      </span>
      <sentiment polarity="positive" resource="VUA_olery_lexicon_nl_lmf"/>
    </term>
    <term tid="t_39" lemma="." type="open">
      <span>
        <target id="w_39"/>
      </span>
    </term>
    <term tid="t_40" lemma="groot" type="open">
      <span>
        <target id="w_40"/>
      </span>
    </term>
    <term tid="t_41" lemma="nadeel" type="open" pos="N">
      <span>
        <target id="w_41"/>
      </span>
      <sentiment polarity="negative" resource="VUA_olery_lexicon_nl_lmf"/>
    </term>
    <term tid="t_42" lemma="geen" type="open">
      <span>
        <target id="w_42"/>
      </span>
      <sentiment sentiment_modifier="shifter" resource="VUA_olery_lexicon_nl_lmf"/>
    </term>
    <term tid="t_43" lemma="lift" type="open">
      <span>
        <target id="w_43"/>
      </span>
    </term>
    <term tid="t_44" lemma="," type="open">
      <span>
        <target id="w_44"/>
      </span>
    </term>
    <term tid="t_45" lemma="maar" type="open">
      <span>
        <target id="w_45"/>
      </span>
    </term>
    <term tid="t_46" lemma="daardoor" type="open">
      <span>
        <target id="w_46"/>
      </span>
    </term>
    <term tid="t_47" lemma="ook" type="open">
      <span>
        <target id="w_47"/>
      </span>
    </term>
    <term tid="t_48" lemma="geen" type="open">
      <span>
        <target id="w_48"/>
      </span>
      <sentiment sentiment_modifier="shifter" resource="VUA_olery_lexicon_nl_lmf"/>
    </term>
    <term tid="t_49" lemma="service" type="open">
      <span>
        <target id="w_49"/>
      </span>
    </term>
    <term tid="t_50" lemma="om" type="open">
      <span>
        <target id="w_50"/>
      </span>
    </term>
    <term tid="t_51" lemma="2" type="open">
      <span>
        <target id="w_51"/>
      </span>
    </term>
    <term tid="t_52" lemma="vakantiekoffers" type="open">
      <span>
        <target id="w_52"/>
      </span>
    </term>
    <term tid="t_53" lemma="a" type="open">
      <span>
        <target id="w_53"/>
      </span>
    </term>
    <term tid="t_54" lemma="20" type="open">
      <span>
        <target id="w_54"/>
      </span>
    </term>
    <term tid="t_55" lemma="kg" type="open">
      <span>
        <target id="w_55"/>
      </span>
    </term>
    <term tid="t_56" lemma="naar" type="open" pos="G">
      <span>
        <target id="w_56"/>
      </span>
      <sentiment polarity="negative" resource="VUA_olery_lexicon_nl_lmf"/>
    </term>
    <term tid="t_57" lemma="boven" type="open">
      <span>
        <target id="w_57"/>
      </span>
    </term>
    <term tid="t_58" lemma="te" type="open">
      <span>
        <target id="w_58"/>
      </span>
    </term>
    <term tid="t_59" lemma="brengen" type="open">
      <span>
        <target id="w_59"/>
      </span>
    </term>
    <term tid="t_60" lemma="+" type="open">
      <span>
        <target id="w_60"/>
      </span>
    </term>
    <term tid="t_61" lemma="2" type="open">
      <span>
        <target id="w_61"/>
      </span>
    </term>
    <term tid="t_62" lemma="x" type="open">
      <span>
        <target id="w_62"/>
      </span>
    </term>
    <term tid="t_63" lemma="handbagage" type="open">
      <span>
        <target id="w_63"/>
      </span>
    </term>
    <term tid="t_64" lemma="," type="open">
      <span>
        <target id="w_64"/>
      </span>
    </term>
    <term tid="t_65" lemma="ik" type="open">
      <span>
        <target id="w_65"/>
      </span>
    </term>
    <term tid="t_66" lemma="heb" type="open">
      <span>
        <target id="w_66"/>
      </span>
    </term>
    <term tid="t_67" lemma="nl" type="open">
      <span>
        <target id="w_67"/>
      </span>
    </term>
    <term tid="t_68" lemma="een" type="open">
      <span>
        <target id="w_68"/>
      </span>
    </term>
    <term tid="t_69" lemma="chronische" type="open">
      <span>
        <target id="w_69"/>
      </span>
    </term>
    <term tid="t_70" lemma="whiplash" type="open">
      <span>
        <target id="w_70"/>
      </span>
    </term>
    <term tid="t_71" lemma="en" type="open">
      <span>
        <target id="w_71"/>
      </span>
    </term>
    <term tid="t_72" lemma="alles" type="open">
      <span>
        <target id="w_72"/>
      </span>
    </term>
    <term tid="t_73" lemma="kwam" type="open">
      <span>
        <target id="w_73"/>
      </span>
    </term>
    <term tid="t_74" lemma="dus" type="open">
      <span>
        <target id="w_74"/>
      </span>
    </term>
    <term tid="t_75" lemma="op" type="open">
      <span>
        <target id="w_75"/>
      </span>
    </term>
    <term tid="t_76" lemma="mijn" type="open">
      <span>
        <target id="w_76"/>
      </span>
    </term>
    <term tid="t_77" lemma="man" type="open">
      <span>
        <target id="w_77"/>
      </span>
    </term>
    <term tid="t_78" lemma="neer" type="open">
      <span>
        <target id="w_78"/>
      </span>
    </term>
    <term tid="t_79" lemma="met" type="open">
      <span>
        <target id="w_79"/>
      </span>
    </term>
    <term tid="t_80" lemma="sjouwen" type="open">
      <span>
        <target id="w_80"/>
      </span>
    </term>
    <term tid="t_81" lemma="(" type="open">
      <span>
        <target id="w_81"/>
      </span>
    </term>
    <term tid="t_82" lemma="waren" type="open">
      <span>
        <target id="w_82"/>
      </span>
    </term>
    <term tid="t_83" lemma="op" type="open">
      <span>
        <target id="w_83"/>
      </span>
    </term>
    <term tid="t_84" lemma="doorreis" type="open">
      <span>
        <target id="w_84"/>
      </span>
    </term>
    <term tid="t_85" lemma="naar" type="open" pos="G">
      <span>
        <target id="w_85"/>
      </span>
      <sentiment polarity="negative" resource="VUA_olery_lexicon_nl_lmf"/>
    </term>
    <term tid="t_86" lemma="schiphol" type="open">
      <span>
        <target id="w_86"/>
      </span>
    </term>
    <term tid="t_87" lemma="voor" type="open">
      <span>
        <target id="w_87"/>
      </span>
    </term>
    <term tid="t_88" lemma="vakantie" type="open">
      <span>
        <target id="w_88"/>
      </span>
    </term>
    <term tid="t_89" lemma="." type="open">
      <span>
        <target id="w_89"/>
      </span>
    </term>
    <term tid="t_90" lemma="we" type="open">
      <span>
        <target id="w_90"/>
      </span>
    </term>
    <term tid="t_91" lemma="moesten" type="open">
      <span>
        <target id="w_91"/>
      </span>
    </term>
    <term tid="t_92" lemma="de" type="open">
      <span>
        <target id="w_92"/>
      </span>
    </term>
    <term tid="t_93" lemma="volgende" type="open">
      <span>
        <target id="w_93"/>
      </span>
    </term>
    <term tid="t_94" lemma="dag" type="open">
      <span>
        <target id="w_94"/>
      </span>
    </term>
    <term tid="t_95" lemma="10" type="open">
      <span>
        <target id="w_95"/>
      </span>
    </term>
    <term tid="t_96" lemma="uur" type="open">
      <span>
        <target id="w_96"/>
      </span>
    </term>
    <term tid="t_97" lemma="vliegen" type="open">
      <span>
        <target id="w_97"/>
      </span>
    </term>
    <term tid="t_98" lemma="en" type="open">
      <span>
        <target id="w_98"/>
      </span>
    </term>
    <term tid="t_99" lemma="wilden" type="open">
      <span>
        <target id="w_99"/>
      </span>
    </term>
    <term tid="t_100" lemma="daar" type="open">
      <span>
        <target id="w_100"/>
      </span>
    </term>
    <term tid="t_101" lemma="vooraan" type="open">
      <span>
        <target id="w_101"/>
      </span>
    </term>
    <term tid="t_102" lemma="ook" type="open">
      <span>
        <target id="w_102"/>
      </span>
    </term>
    <term tid="t_103" lemma="niet" type="open">
      <span>
        <target id="w_103"/>
      </span>
      <sentiment sentiment_modifier="shifter" resource="VUA_olery_lexicon_nl_lmf"/>
    </term>
    <term tid="t_104" lemma="nog" type="open">
      <span>
        <target id="w_104"/>
      </span>
    </term>
    <term tid="t_105" lemma="een" type="open">
      <span>
        <target id="w_105"/>
      </span>
    </term>
    <term tid="t_106" lemma="treinreis" type="open">
      <span>
        <target id="w_106"/>
      </span>
    </term>
    <term tid="t_107" lemma="van" type="open">
      <span>
        <target id="w_107"/>
      </span>
    </term>
    <term tid="t_108" lemma="groningen" type="open">
      <span>
        <target id="w_108"/>
      </span>
    </term>
    <term tid="t_109" lemma="naar" type="open" pos="G">
      <span>
        <target id="w_109"/>
      </span>
      <sentiment polarity="negative" resource="VUA_olery_lexicon_nl_lmf"/>
    </term>
    <term tid="t_110" lemma="schiphol" type="open">
      <span>
        <target id="w_110"/>
      </span>
    </term>
    <term tid="t_111" lemma="ivm" type="open">
      <span>
        <target id="w_111"/>
      </span>
    </term>
    <term tid="t_112" lemma="met" type="open">
      <span>
        <target id="w_112"/>
      </span>
    </term>
    <term tid="t_113" lemma="mijn" type="open">
      <span>
        <target id="w_113"/>
      </span>
    </term>
    <term tid="t_114" lemma="klachten" type="open">
      <span>
        <target id="w_114"/>
      </span>
    </term>
    <term tid="t_115" lemma="." type="open">
      <span>
        <target id="w_115"/>
      </span>
    </term>
    <term tid="t_116" lemma="eerst" type="open">
      <span>
        <target id="w_116"/>
      </span>
    </term>
    <term tid="t_117" lemma="een" type="open">
      <span>
        <target id="w_117"/>
      </span>
    </term>
    <term tid="t_118" lemma="goede" type="open" pos="G">
      <span>
        <target id="w_118"/>
      </span>
      <sentiment polarity="positive" resource="VUA_olery_lexicon_nl_lmf"/>
    </term>
    <term tid="t_119" lemma="nachtrust" type="open">
      <span>
        <target id="w_119"/>
      </span>
    </term>
    <term tid="t_120" lemma="vooraan" type="open">
      <span>
        <target id="w_120"/>
      </span>
    </term>
    <term tid="t_121" lemma="is" type="open">
      <span>
        <target id="w_121"/>
      </span>
    </term>
    <term tid="t_122" lemma="prettig" type="open" pos="G">
      <span>
        <target id="w_122"/>
      </span>
      <sentiment polarity="positive" resource="VUA_olery_lexicon_nl_lmf"/>
    </term>
    <term tid="t_123" lemma="maar" type="open">
      <span>
        <target id="w_123"/>
      </span>
    </term>
    <term tid="t_124" lemma="ook" type="open">
      <span>
        <target id="w_124"/>
      </span>
    </term>
    <term tid="t_125" lemma="dat" type="open">
      <span>
        <target id="w_125"/>
      </span>
    </term>
    <term tid="t_126" lemma="kon" type="open">
      <span>
        <target id="w_126"/>
      </span>
    </term>
    <term tid="t_127" lemma="niet" type="open">
      <span>
        <target id="w_127"/>
      </span>
      <sentiment sentiment_modifier="shifter" resource="VUA_olery_lexicon_nl_lmf"/>
    </term>
    <term tid="t_128" lemma="feest" type="open">
      <span>
        <target id="w_128"/>
      </span>
    </term>
    <term tid="t_129" lemma="in" type="open">
      <span>
        <target id="w_129"/>
      </span>
    </term>
    <term tid="t_130" lemma="aalsmeer" type="open">
      <span>
        <target id="w_130"/>
      </span>
    </term>
    <term tid="t_131" lemma="en" type="open">
      <span>
        <target id="w_131"/>
      </span>
    </term>
    <term tid="t_132" lemma="dus" type="open">
      <span>
        <target id="w_132"/>
      </span>
    </term>
    <term tid="t_133" lemma="ook" type="open">
      <span>
        <target id="w_133"/>
      </span>
    </term>
    <term tid="t_134" lemma="tot" type="open">
      <span>
        <target id="w_134"/>
      </span>
    </term>
    <term tid="t_135" lemma="midden" type="open">
      <span>
        <target id="w_135"/>
      </span>
    </term>
    <term tid="t_136" lemma="in" type="open">
      <span>
        <target id="w_136"/>
      </span>
    </term>
    <term tid="t_137" lemma="de" type="open">
      <span>
        <target id="w_137"/>
      </span>
    </term>
    <term tid="t_138" lemma="nacht" type="open">
      <span>
        <target id="w_138"/>
      </span>
    </term>
    <term tid="t_139" lemma="in" type="open">
      <span>
        <target id="w_139"/>
      </span>
    </term>
    <term tid="t_140" lemma="de" type="open">
      <span>
        <target id="w_140"/>
      </span>
    </term>
    <term tid="t_141" lemma="aangrenzende" type="open">
      <span>
        <target id="w_141"/>
      </span>
    </term>
    <term tid="t_142" lemma="bar" type="open">
      <span>
        <target id="w_142"/>
      </span>
    </term>
    <term tid="t_143" lemma="vh" type="open">
      <span>
        <target id="w_143"/>
      </span>
    </term>
    <term tid="t_144" lemma="hotel" type="open">
      <span>
        <target id="w_144"/>
      </span>
    </term>
    <term tid="t_145" lemma="." type="open">
      <span>
        <target id="w_145"/>
      </span>
    </term>
    <term tid="t_146" lemma="hadden" type="open">
      <span>
        <target id="w_146"/>
      </span>
    </term>
    <term tid="t_147" lemma="dus" type="open">
      <span>
        <target id="w_147"/>
      </span>
    </term>
    <term tid="t_148" lemma="beter" type="open">
      <span>
        <target id="w_148"/>
      </span>
    </term>
    <term tid="t_149" lemma="thuis" type="open">
      <span>
        <target id="w_149"/>
      </span>
    </term>
    <term tid="t_150" lemma="kunnen" type="open">
      <span>
        <target id="w_150"/>
      </span>
    </term>
    <term tid="t_151" lemma="slapen" type="open">
      <span>
        <target id="w_151"/>
      </span>
    </term>
    <term tid="t_152" lemma="waardeloos" type="open" pos="G">
      <span>
        <target id="w_152"/>
      </span>
      <sentiment polarity="negative" resource="VUA_olery_lexicon_nl_lmf"/>
    </term>
    <term tid="t_153" lemma="." type="open">
      <span>
        <target id="w_153"/>
      </span>
    </term>
    <term tid="t_154" lemma="was" type="open">
      <span>
        <target id="w_154"/>
      </span>
    </term>
    <term tid="t_155" lemma="ook" type="open">
      <span>
        <target id="w_155"/>
      </span>
    </term>
    <term tid="t_156" lemma="niet" type="open">
      <span>
        <target id="w_156"/>
      </span>
      <sentiment sentiment_modifier="shifter" resource="VUA_olery_lexicon_nl_lmf"/>
    </term>
    <term tid="t_157" lemma="voor" type="open">
      <span>
        <target id="w_157"/>
      </span>
    </term>
    <term tid="t_158" lemma="gewaarschuwd" type="open">
      <span>
        <target id="w_158"/>
      </span>
    </term>
    <term tid="t_159" lemma="beetje" type="open">
      <span>
        <target id="w_159"/>
      </span>
    </term>
    <term tid="t_160" lemma="erg" type="open">
      <span>
        <target id="w_160"/>
      </span>
      <sentiment sentiment_modifier="intensifier" resource="VUA_olery_lexicon_nl_lmf"/>
    </term>
    <term tid="t_161" lemma="slordig" type="open" pos="G">
      <span>
        <target id="w_161"/>
      </span>
      <sentiment polarity="negative" resource="VUA_olery_lexicon_nl_lmf"/>
    </term>
    <term tid="t_162" lemma="," type="open">
      <span>
        <target id="w_162"/>
      </span>
    </term>
    <term tid="t_163" lemma="niet" type="open">
      <span>
        <target id="w_163"/>
      </span>
      <sentiment sentiment_modifier="shifter" resource="VUA_olery_lexicon_nl_lmf"/>
    </term>
    <term tid="t_164" lemma="uitgerust" type="open">
      <span>
        <target id="w_164"/>
      </span>
    </term>
    <term tid="t_165" lemma="dus" type="open">
      <span>
        <target id="w_165"/>
      </span>
    </term>
    <term tid="t_166" lemma="erge" type="open">
      <span>
        <target id="w_166"/>
      </span>
      <sentiment sentiment_modifier="intensifier" resource="VUA_olery_lexicon_nl_lmf"/>
    </term>
    <term tid="t_167" lemma="tegenvaller" type="open" pos="N">
      <span>
        <target id="w_167"/>
      </span>
      <sentiment polarity="negative" resource="VUA_olery_lexicon_nl_lmf"/>
    </term>
    <term tid="t_168" lemma="." type="open">
      <span>
        <target id="w_168"/>
      </span>
    </term>
  </terms>
  <entities>
    <entity type="LOC" eid="e_1">
      <span>
        <target id="t_108"/>
      </span>
    </entity>
    <entity type="PER" eid="e_2">
      <span>
        <target id="t_143"/>
      </span>
    </entity>
    <entity type="PER" eid="e_3">
      <span>
        <target id="t_57"/>
      </span>
    </entity>
    <entity type="PER" eid="e_4">
      <span>
        <target id="t_51"/>
      </span>
      <span>
        <target id="t_61"/>
      </span>
    </entity>
    <entity type="MISC" eid="e_5">
      <span>
        <target id="t_53"/>
      </span>
    </entity>
    <entity type="ORG" eid="e_6">
      <span>
        <target id="t_142"/>
      </span>
    </entity>
    <entity type="MISC" eid="e_7">
      <span>
        <target id="t_49"/>
      </span>
    </entity>
    <entity type="PER" eid="e_8">
      <span>
        <target id="t_90"/>
      </span>
    </entity>
  </entities>
  <properties>
    <property type="facilities" pid="p_1">
      <span>
        <target id="t_43"/>
      </span>
      <span>
        <target id="t_142"/>
      </span>
    </property>
    <property type="location" pid="p_2">
      <span>
        <target id="t_86"/>
      </span>
      <span>
        <target id="t_110"/>
      </span>
    </property>
    <property type="sleeping_comfort" pid="p_3">
      <span>
        <target id="t_119"/>
      </span>
      <span>
        <target id="t_151"/>
      </span>
    </property>
    <property type="staff" pid="p_4">
      <span>
        <target id="t_22"/>
      </span>
      <span>
        <target id="t_23"/>
      </span>
      <span>
        <target id="t_32"/>
      </span>
      <span>
        <target id="t_49"/>
      </span>
    </property>
  </properties>
  <opinions>
    <opinion oid="o_1">
      <opinion_target>
        <span>
          <target id="t_36"/>
        </span>
      </opinion_target>
      <opinion_expression polarity="positive" strength="1">
        <span>
          <target id="t_38"/>
        </span>
      </opinion_expression>
    </opinion>
    <opinion oid="o_2">
      <opinion_holder>
        <span>
          <target id="t_65"/>
        </span>
      </opinion_holder>
      <opinion_target>
        <span>
          <target id="t_43"/>
        </span>
      </opinion_target>
      <opinion_expression polarity="negative" strength="-1">
        <span>
          <target id="t_41"/>
        </span>
      </opinion_expression>
    </opinion>
    <opinion oid="o_3">
      <opinion_holder>
        <span>
          <target id="t_65"/>
        </span>
      </opinion_holder>
      <opinion_target>
        <span>
          <target id="t_57"/>
        </span>
      </opinion_target>
      <opinion_expression polarity="negative" strength="-1">
        <span>
          <target id="t_56"/>
        </span>
      </opinion_expression>
    </opinion>
    <opinion oid="o_4">
      <opinion_holder>
        <span>
          <target id="t_65"/>
        </span>
      </opinion_holder>
      <opinion_target>
        <span>
          <target id="t_86"/>
        </span>
      </opinion_target>
      <opinion_expression polarity="negative" strength="-1">
        <span>
          <target id="t_85"/>
        </span>
      </opinion_expression>
    </opinion>
    <opinion oid="o_5">
      <opinion_holder>
        <span>
          <target id="t_90"/>
        </span>
      </opinion_holder>
      <opinion_target>
        <span>
          <target id="t_110"/>
        </span>
      </opinion_target>
      <opinion_expression polarity="negative" strength="-1">
        <span>
          <target id="t_109"/>
        </span>
      </opinion_expression>
    </opinion>
    <opinion oid="o_6">
      <opinion_target>
        <span>
          <target id="t_119"/>
        </span>
      </opinion_target>
      <opinion_expression polarity="positive" strength="1">
        <span>
          <target id="t_118"/>
        </span>
      </opinion_expression>
    </opinion>
    <opinion oid="o_7">
      <opinion_target>
        <span>
          <target id="t_120"/>
        </span>
      </opinion_target>
      <opinion_expression polarity="positive" strength="1">
        <span>
          <target id="t_122"/>
        </span>
      </opinion_expression>
    </opinion>
    <opinion oid="o_8">
      <opinion_target>
        <span>
          <target id="t_151"/>
        </span>
      </opinion_target>
      <opinion_expression polarity="negative" strength="-1">
        <span>
          <target id="t_152"/>
        </span>
      </opinion_expression>
    </opinion>
    <opinion oid="o_9">
      <opinion_target>
        <span>
          <target id="t_164"/>
        </span>
      </opinion_target>
      <opinion_expression polarity="negative" strength="-2">
        <span>
          <target id="t_161"/>
          <target id="t_160"/>
        </span>
      </opinion_expression>
    </opinion>
  </opinions>
</KAF>
