<?xml version='1.0' encoding='UTF-8'?>
<KAF xml:lang="nl">
  <linguisticProcessors layer="text">
    <lp timestamp="2013-01-06T18:27:51CET" version="2.0" name="SentenceTokenizer"/>
  </linguisticProcessors>
  <linguisticProcessors layer="terms">
    <lp timestamp="2013-01-06T18:27:51CET" version="2.0" name="SentenceTokenizer"/>
    <lp timestamp="2013-01-06T18:27:51CET" version="1.0" name="SimplePolarityTagger"/>
  </linguisticProcessors>
  <linguisticProcessor layer="opinions">
    <lp timestamp="2013-01-06T18:27:51CET" version="1.0" name="SimpleOpinionDetector"/>
  </linguisticProcessor>
  <linguisticProcessor layer="properties">
    <lp timestamp="2013-01-06T18:27:51CET" version="1.0" name="SimplePropRecognizer_lookup"/>
  </linguisticProcessor>
  <linguisticProcessor layer="entities">
    <lp timestamp="2013-01-06T18:27:51CET" version="1.0" name="SimpleNER_lookup"/>
  </linguisticProcessor>
  <text>
    <wf wid="w_1" para="1" sent="1">Veel</wf>
    <wf wid="w_2" para="1" sent="1">ruimte</wf>
    <wf wid="w_3" para="1" sent="1">voor</wf>
    <wf wid="w_4" para="1" sent="1">weinig</wf>
    <wf wid="w_5" para="1" sent="1">geld</wf>
    <wf wid="w_6" para="1" sent="1">.</wf>
    <wf wid="w_7" para="1" sent="2">Voor</wf>
    <wf wid="w_8" para="1" sent="2">het</wf>
    <wf wid="w_9" para="1" sent="2">overige</wf>
    <wf wid="w_10" para="1" sent="2">:</wf>
    <wf wid="w_11" para="1" sent="2">back</wf>
    <wf wid="w_12" para="1" sent="2">to</wf>
    <wf wid="w_13" para="1" sent="2">the</wf>
    <wf wid="w_14" para="1" sent="2">seventies</wf>
    <wf wid="w_15" para="1" sent="2">.</wf>
    <wf wid="w_16" para="1" sent="3">Voor</wf>
    <wf wid="w_17" para="1" sent="3">een</wf>
    <wf wid="w_18" para="1" sent="3">betrekkelijk</wf>
    <wf wid="w_19" para="1" sent="3">lage</wf>
    <wf wid="w_20" para="1" sent="3">prijs</wf>
    <wf wid="w_21" para="1" sent="3">kregen</wf>
    <wf wid="w_22" para="1" sent="3">wij</wf>
    <wf wid="w_23" para="1" sent="3">een</wf>
    <wf wid="w_24" para="1" sent="3">gigantische</wf>
    <wf wid="w_25" para="1" sent="3">hotelkamer</wf>
    <wf wid="w_26" para="1" sent="3">met</wf>
    <wf wid="w_27" para="1" sent="3">gang</wf>
    <wf wid="w_28" para="1" sent="3">,</wf>
    <wf wid="w_29" para="1" sent="3">apart</wf>
    <wf wid="w_30" para="1" sent="3">toilet</wf>
    <wf wid="w_31" para="1" sent="3">,</wf>
    <wf wid="w_32" para="1" sent="3">badkamer</wf>
    <wf wid="w_33" para="1" sent="3">,</wf>
    <wf wid="w_34" para="1" sent="3">zithoek</wf>
    <wf wid="w_35" para="1" sent="3">,</wf>
    <wf wid="w_36" para="1" sent="3">twee</wf>
    <wf wid="w_37" para="1" sent="3">televisies</wf>
    <wf wid="w_38" para="1" sent="3">,</wf>
    <wf wid="w_39" para="1" sent="3">keuken</wf>
    <wf wid="w_40" para="1" sent="3">en</wf>
    <wf wid="w_41" para="1" sent="3">bovenverdieping</wf>
    <wf wid="w_42" para="1" sent="3">.</wf>
    <wf wid="w_43" para="1" sent="4">Totaal</wf>
    <wf wid="w_44" para="1" sent="4">waren</wf>
    <wf wid="w_45" para="1" sent="4">en</wf>
    <wf wid="w_46" para="1" sent="4">twee</wf>
    <wf wid="w_47" para="1" sent="4">tweepersoonsbedden</wf>
    <wf wid="w_48" para="1" sent="4">en</wf>
    <wf wid="w_49" para="1" sent="4">een</wf>
    <wf wid="w_50" para="1" sent="4">eenpersoonsbed</wf>
    <wf wid="w_51" para="1" sent="4">,</wf>
    <wf wid="w_52" para="1" sent="4">met</wf>
    <wf wid="w_53" para="1" sent="4">nog</wf>
    <wf wid="w_54" para="1" sent="4">ruimte</wf>
    <wf wid="w_55" para="1" sent="4">voor</wf>
    <wf wid="w_56" para="1" sent="4">meer</wf>
    <wf wid="w_57" para="1" sent="4">gasten</wf>
    <wf wid="w_58" para="1" sent="4">.</wf>
    <wf wid="w_59" para="1" sent="5">Echter</wf>
    <wf wid="w_60" para="1" sent="5">,</wf>
    <wf wid="w_61" para="1" sent="5">het</wf>
    <wf wid="w_62" para="1" sent="5">hotel</wf>
    <wf wid="w_63" para="1" sent="5">is</wf>
    <wf wid="w_64" para="1" sent="5">aan</wf>
    <wf wid="w_65" para="1" sent="5">een</wf>
    <wf wid="w_66" para="1" sent="5">grondige</wf>
    <wf wid="w_67" para="1" sent="5">update</wf>
    <wf wid="w_68" para="1" sent="5">toe</wf>
    <wf wid="w_69" para="1" sent="5">.</wf>
    <wf wid="w_70" para="1" sent="6">Versleten</wf>
    <wf wid="w_71" para="1" sent="6">meubels</wf>
    <wf wid="w_72" para="1" sent="6">en</wf>
    <wf wid="w_73" para="1" sent="6">een</wf>
    <wf wid="w_74" para="1" sent="6">inrichting</wf>
    <wf wid="w_75" para="1" sent="6">die</wf>
    <wf wid="w_76" para="1" sent="6">vermoedelijk</wf>
    <wf wid="w_77" para="1" sent="6">onveranderd</wf>
    <wf wid="w_78" para="1" sent="6">is</wf>
    <wf wid="w_79" para="1" sent="6">sinds</wf>
    <wf wid="w_80" para="1" sent="6">de</wf>
    <wf wid="w_81" para="1" sent="6">jaren</wf>
    <wf wid="w_82" para="1" sent="6">70</wf>
    <wf wid="w_83" para="1" sent="6">.</wf>
    <wf wid="w_84" para="1" sent="7">Minibar</wf>
    <wf wid="w_85" para="1" sent="7">zat</wf>
    <wf wid="w_86" para="1" sent="7">op</wf>
    <wf wid="w_87" para="1" sent="7">slot</wf>
    <wf wid="w_88" para="1" sent="7">(</wf>
    <wf wid="w_89" para="1" sent="7">vermoedelijk</wf>
    <wf wid="w_90" para="1" sent="7">defect</wf>
    <wf wid="w_91" para="1" sent="7">)</wf>
    <wf wid="w_92" para="1" sent="7">.</wf>
    <wf wid="w_93" para="1" sent="8">De</wf>
    <wf wid="w_94" para="1" sent="8">koelkast</wf>
    <wf wid="w_95" para="1" sent="8">in</wf>
    <wf wid="w_96" para="1" sent="8">de</wf>
    <wf wid="w_97" para="1" sent="8">keuken</wf>
    <wf wid="w_98" para="1" sent="8">was</wf>
    <wf wid="w_99" para="1" sent="8">ook</wf>
    <wf wid="w_100" para="1" sent="8">defect</wf>
    <wf wid="w_101" para="1" sent="8">.</wf>
    <wf wid="w_102" para="1" sent="9">Er</wf>
    <wf wid="w_103" para="1" sent="9">zaten</wf>
    <wf wid="w_104" para="1" sent="9">brandgaten</wf>
    <wf wid="w_105" para="1" sent="9">in</wf>
    <wf wid="w_106" para="1" sent="9">de</wf>
    <wf wid="w_107" para="1" sent="9">gordijnen</wf>
    <wf wid="w_108" para="1" sent="9">.</wf>
    <wf wid="w_109" para="1" sent="10">Badkamer</wf>
    <wf wid="w_110" para="1" sent="10">had</wf>
    <wf wid="w_111" para="1" sent="10">geen</wf>
    <wf wid="w_112" para="1" sent="10">ventilatie</wf>
    <wf wid="w_113" para="1" sent="10">.</wf>
    <wf wid="w_114" para="1" sent="11">Voor</wf>
    <wf wid="w_115" para="1" sent="11">zover</wf>
    <wf wid="w_116" para="1" sent="11">mogelijk</wf>
    <wf wid="w_117" para="1" sent="11">was</wf>
    <wf wid="w_118" para="1" sent="11">alles</wf>
    <wf wid="w_119" para="1" sent="11">wel</wf>
    <wf wid="w_120" para="1" sent="11">schoon</wf>
    <wf wid="w_121" para="1" sent="11">.</wf>
    <wf wid="w_122" para="1" sent="12">Interessant</wf>
    <wf wid="w_123" para="1" sent="12">wanneer</wf>
    <wf wid="w_124" para="1" sent="12">je</wf>
    <wf wid="w_125" para="1" sent="12">met</wf>
    <wf wid="w_126" para="1" sent="12">veel</wf>
    <wf wid="w_127" para="1" sent="12">mensen</wf>
    <wf wid="w_128" para="1" sent="12">en</wf>
    <wf wid="w_129" para="1" sent="12">een</wf>
    <wf wid="w_130" para="1" sent="12">laag</wf>
    <wf wid="w_131" para="1" sent="12">budget</wf>
    <wf wid="w_132" para="1" sent="12">een</wf>
    <wf wid="w_133" para="1" sent="12">hotel</wf>
    <wf wid="w_134" para="1" sent="12">zoekt</wf>
    <wf wid="w_135" para="1" sent="12">.</wf>
  </text>
  <terms>
    <term tid="t_1" lemma="veel" type="open">
      <span>
        <target id="w_1"/>
      </span>
    </term>
    <term tid="t_2" lemma="ruimte" type="open">
      <span>
        <target id="w_2"/>
      </span>
    </term>
    <term tid="t_3" lemma="voor" type="open">
      <span>
        <target id="w_3"/>
      </span>
    </term>
    <term tid="t_4" lemma="weinig" type="open">
      <span>
        <target id="w_4"/>
      </span>
      <sentiment sentiment_modifier="shifter" resource="VUA_olery_lexicon_nl_lmf"/>
    </term>
    <term tid="t_5" lemma="geld" type="open">
      <span>
        <target id="w_5"/>
      </span>
    </term>
    <term tid="t_6" lemma="." type="open">
      <span>
        <target id="w_6"/>
      </span>
    </term>
    <term tid="t_7" lemma="voor" type="open">
      <span>
        <target id="w_7"/>
      </span>
    </term>
    <term tid="t_8" lemma="het" type="open">
      <span>
        <target id="w_8"/>
      </span>
    </term>
    <term tid="t_9" lemma="overige" type="open">
      <span>
        <target id="w_9"/>
      </span>
    </term>
    <term tid="t_10" lemma=":" type="open">
      <span>
        <target id="w_10"/>
      </span>
    </term>
    <term tid="t_11" lemma="back" type="open">
      <span>
        <target id="w_11"/>
      </span>
    </term>
    <term tid="t_12" lemma="to" type="open">
      <span>
        <target id="w_12"/>
      </span>
    </term>
    <term tid="t_13" lemma="the" type="open">
      <span>
        <target id="w_13"/>
      </span>
    </term>
    <term tid="t_14" lemma="seventies" type="open">
      <span>
        <target id="w_14"/>
      </span>
    </term>
    <term tid="t_15" lemma="." type="open">
      <span>
        <target id="w_15"/>
      </span>
    </term>
    <term tid="t_16" lemma="voor" type="open">
      <span>
        <target id="w_16"/>
      </span>
    </term>
    <term tid="t_17" lemma="een" type="open">
      <span>
        <target id="w_17"/>
      </span>
    </term>
    <term tid="t_18" lemma="betrekkelijk" type="open">
      <span>
        <target id="w_18"/>
      </span>
    </term>
    <term tid="t_19" lemma="lage" type="open">
      <span>
        <target id="w_19"/>
      </span>
    </term>
    <term tid="t_20" lemma="prijs" type="open">
      <span>
        <target id="w_20"/>
      </span>
    </term>
    <term tid="t_21" lemma="kregen" type="open">
      <span>
        <target id="w_21"/>
      </span>
    </term>
    <term tid="t_22" lemma="wij" type="open">
      <span>
        <target id="w_22"/>
      </span>
    </term>
    <term tid="t_23" lemma="een" type="open">
      <span>
        <target id="w_23"/>
      </span>
    </term>
    <term tid="t_24" lemma="gigantische" type="open">
      <span>
        <target id="w_24"/>
      </span>
    </term>
    <term tid="t_25" lemma="hotelkamer" type="open">
      <span>
        <target id="w_25"/>
      </span>
    </term>
    <term tid="t_26" lemma="met" type="open">
      <span>
        <target id="w_26"/>
      </span>
    </term>
    <term tid="t_27" lemma="gang" type="open">
      <span>
        <target id="w_27"/>
      </span>
    </term>
    <term tid="t_28" lemma="," type="open">
      <span>
        <target id="w_28"/>
      </span>
    </term>
    <term tid="t_29" lemma="apart" type="open">
      <span>
        <target id="w_29"/>
      </span>
    </term>
    <term tid="t_30" lemma="toilet" type="open">
      <span>
        <target id="w_30"/>
      </span>
    </term>
    <term tid="t_31" lemma="," type="open">
      <span>
        <target id="w_31"/>
      </span>
    </term>
    <term tid="t_32" lemma="badkamer" type="open">
      <span>
        <target id="w_32"/>
      </span>
    </term>
    <term tid="t_33" lemma="," type="open">
      <span>
        <target id="w_33"/>
      </span>
    </term>
    <term tid="t_34" lemma="zithoek" type="open">
      <span>
        <target id="w_34"/>
      </span>
    </term>
    <term tid="t_35" lemma="," type="open">
      <span>
        <target id="w_35"/>
      </span>
    </term>
    <term tid="t_36" lemma="twee" type="open">
      <span>
        <target id="w_36"/>
      </span>
    </term>
    <term tid="t_37" lemma="televisies" type="open">
      <span>
        <target id="w_37"/>
      </span>
    </term>
    <term tid="t_38" lemma="," type="open">
      <span>
        <target id="w_38"/>
      </span>
    </term>
    <term tid="t_39" lemma="keuken" type="open">
      <span>
        <target id="w_39"/>
      </span>
    </term>
    <term tid="t_40" lemma="en" type="open">
      <span>
        <target id="w_40"/>
      </span>
    </term>
    <term tid="t_41" lemma="bovenverdieping" type="open">
      <span>
        <target id="w_41"/>
      </span>
    </term>
    <term tid="t_42" lemma="." type="open">
      <span>
        <target id="w_42"/>
      </span>
    </term>
    <term tid="t_43" lemma="totaal" type="open">
      <span>
        <target id="w_43"/>
      </span>
      <sentiment sentiment_modifier="intensifier" resource="VUA_olery_lexicon_nl_lmf"/>
    </term>
    <term tid="t_44" lemma="waren" type="open">
      <span>
        <target id="w_44"/>
      </span>
    </term>
    <term tid="t_45" lemma="en" type="open">
      <span>
        <target id="w_45"/>
      </span>
    </term>
    <term tid="t_46" lemma="twee" type="open">
      <span>
        <target id="w_46"/>
      </span>
    </term>
    <term tid="t_47" lemma="tweepersoonsbedden" type="open">
      <span>
        <target id="w_47"/>
      </span>
    </term>
    <term tid="t_48" lemma="en" type="open">
      <span>
        <target id="w_48"/>
      </span>
    </term>
    <term tid="t_49" lemma="een" type="open">
      <span>
        <target id="w_49"/>
      </span>
    </term>
    <term tid="t_50" lemma="eenpersoonsbed" type="open">
      <span>
        <target id="w_50"/>
      </span>
    </term>
    <term tid="t_51" lemma="," type="open">
      <span>
        <target id="w_51"/>
      </span>
    </term>
    <term tid="t_52" lemma="met" type="open">
      <span>
        <target id="w_52"/>
      </span>
    </term>
    <term tid="t_53" lemma="nog" type="open">
      <span>
        <target id="w_53"/>
      </span>
    </term>
    <term tid="t_54" lemma="ruimte" type="open">
      <span>
        <target id="w_54"/>
      </span>
    </term>
    <term tid="t_55" lemma="voor" type="open">
      <span>
        <target id="w_55"/>
      </span>
    </term>
    <term tid="t_56" lemma="meer" type="open">
      <span>
        <target id="w_56"/>
      </span>
    </term>
    <term tid="t_57" lemma="gasten" type="open">
      <span>
        <target id="w_57"/>
      </span>
    </term>
    <term tid="t_58" lemma="." type="open">
      <span>
        <target id="w_58"/>
      </span>
    </term>
    <term tid="t_59" lemma="echter" type="open">
      <span>
        <target id="w_59"/>
      </span>
    </term>
    <term tid="t_60" lemma="," type="open">
      <span>
        <target id="w_60"/>
      </span>
    </term>
    <term tid="t_61" lemma="het" type="open">
      <span>
        <target id="w_61"/>
      </span>
    </term>
    <term tid="t_62" lemma="hotel" type="open">
      <span>
        <target id="w_62"/>
      </span>
    </term>
    <term tid="t_63" lemma="is" type="open">
      <span>
        <target id="w_63"/>
      </span>
    </term>
    <term tid="t_64" lemma="aan" type="open">
      <span>
        <target id="w_64"/>
      </span>
    </term>
    <term tid="t_65" lemma="een" type="open">
      <span>
        <target id="w_65"/>
      </span>
    </term>
    <term tid="t_66" lemma="grondige" type="open">
      <span>
        <target id="w_66"/>
      </span>
    </term>
    <term tid="t_67" lemma="update" type="open">
      <span>
        <target id="w_67"/>
      </span>
    </term>
    <term tid="t_68" lemma="toe" type="open">
      <span>
        <target id="w_68"/>
      </span>
    </term>
    <term tid="t_69" lemma="." type="open">
      <span>
        <target id="w_69"/>
      </span>
    </term>
    <term tid="t_70" lemma="versleten" type="open">
      <span>
        <target id="w_70"/>
      </span>
    </term>
    <term tid="t_71" lemma="meubels" type="open">
      <span>
        <target id="w_71"/>
      </span>
    </term>
    <term tid="t_72" lemma="en" type="open">
      <span>
        <target id="w_72"/>
      </span>
    </term>
    <term tid="t_73" lemma="een" type="open">
      <span>
        <target id="w_73"/>
      </span>
    </term>
    <term tid="t_74" lemma="inrichting" type="open">
      <span>
        <target id="w_74"/>
      </span>
    </term>
    <term tid="t_75" lemma="die" type="open">
      <span>
        <target id="w_75"/>
      </span>
    </term>
    <term tid="t_76" lemma="vermoedelijk" type="open">
      <span>
        <target id="w_76"/>
      </span>
    </term>
    <term tid="t_77" lemma="onveranderd" type="open">
      <span>
        <target id="w_77"/>
      </span>
    </term>
    <term tid="t_78" lemma="is" type="open">
      <span>
        <target id="w_78"/>
      </span>
    </term>
    <term tid="t_79" lemma="sinds" type="open">
      <span>
        <target id="w_79"/>
      </span>
    </term>
    <term tid="t_80" lemma="de" type="open">
      <span>
        <target id="w_80"/>
      </span>
    </term>
    <term tid="t_81" lemma="jaren" type="open">
      <span>
        <target id="w_81"/>
      </span>
    </term>
    <term tid="t_82" lemma="70" type="open">
      <span>
        <target id="w_82"/>
      </span>
    </term>
    <term tid="t_83" lemma="." type="open">
      <span>
        <target id="w_83"/>
      </span>
    </term>
    <term tid="t_84" lemma="minibar" type="open">
      <span>
        <target id="w_84"/>
      </span>
    </term>
    <term tid="t_85" lemma="zat" type="open" pos="G">
      <span>
        <target id="w_85"/>
      </span>
      <sentiment polarity="negative" resource="VUA_olery_lexicon_nl_lmf"/>
    </term>
    <term tid="t_86" lemma="op" type="open">
      <span>
        <target id="w_86"/>
      </span>
    </term>
    <term tid="t_87" lemma="slot" type="open">
      <span>
        <target id="w_87"/>
      </span>
    </term>
    <term tid="t_88" lemma="(" type="open">
      <span>
        <target id="w_88"/>
      </span>
    </term>
    <term tid="t_89" lemma="vermoedelijk" type="open">
      <span>
        <target id="w_89"/>
      </span>
    </term>
    <term tid="t_90" lemma="defect" type="open" pos="N">
      <span>
        <target id="w_90"/>
      </span>
      <sentiment polarity="negative" resource="VUA_olery_lexicon_nl_lmf"/>
    </term>
    <term tid="t_91" lemma=")" type="open">
      <span>
        <target id="w_91"/>
      </span>
    </term>
    <term tid="t_92" lemma="." type="open">
      <span>
        <target id="w_92"/>
      </span>
    </term>
    <term tid="t_93" lemma="de" type="open">
      <span>
        <target id="w_93"/>
      </span>
    </term>
    <term tid="t_94" lemma="koelkast" type="open">
      <span>
        <target id="w_94"/>
      </span>
    </term>
    <term tid="t_95" lemma="in" type="open">
      <span>
        <target id="w_95"/>
      </span>
    </term>
    <term tid="t_96" lemma="de" type="open">
      <span>
        <target id="w_96"/>
      </span>
    </term>
    <term tid="t_97" lemma="keuken" type="open">
      <span>
        <target id="w_97"/>
      </span>
    </term>
    <term tid="t_98" lemma="was" type="open">
      <span>
        <target id="w_98"/>
      </span>
    </term>
    <term tid="t_99" lemma="ook" type="open">
      <span>
        <target id="w_99"/>
      </span>
    </term>
    <term tid="t_100" lemma="defect" type="open" pos="N">
      <span>
        <target id="w_100"/>
      </span>
      <sentiment polarity="negative" resource="VUA_olery_lexicon_nl_lmf"/>
    </term>
    <term tid="t_101" lemma="." type="open">
      <span>
        <target id="w_101"/>
      </span>
    </term>
    <term tid="t_102" lemma="er" type="open">
      <span>
        <target id="w_102"/>
      </span>
    </term>
    <term tid="t_103" lemma="zaten" type="open">
      <span>
        <target id="w_103"/>
      </span>
    </term>
    <term tid="t_104" lemma="brandgaten" type="open">
      <span>
        <target id="w_104"/>
      </span>
    </term>
    <term tid="t_105" lemma="in" type="open">
      <span>
        <target id="w_105"/>
      </span>
    </term>
    <term tid="t_106" lemma="de" type="open">
      <span>
        <target id="w_106"/>
      </span>
    </term>
    <term tid="t_107" lemma="gordijnen" type="open">
      <span>
        <target id="w_107"/>
      </span>
    </term>
    <term tid="t_108" lemma="." type="open">
      <span>
        <target id="w_108"/>
      </span>
    </term>
    <term tid="t_109" lemma="badkamer" type="open">
      <span>
        <target id="w_109"/>
      </span>
    </term>
    <term tid="t_110" lemma="had" type="open">
      <span>
        <target id="w_110"/>
      </span>
    </term>
    <term tid="t_111" lemma="geen" type="open">
      <span>
        <target id="w_111"/>
      </span>
      <sentiment sentiment_modifier="shifter" resource="VUA_olery_lexicon_nl_lmf"/>
    </term>
    <term tid="t_112" lemma="ventilatie" type="open">
      <span>
        <target id="w_112"/>
      </span>
    </term>
    <term tid="t_113" lemma="." type="open">
      <span>
        <target id="w_113"/>
      </span>
    </term>
    <term tid="t_114" lemma="voor" type="open">
      <span>
        <target id="w_114"/>
      </span>
    </term>
    <term tid="t_115" lemma="zover" type="open">
      <span>
        <target id="w_115"/>
      </span>
    </term>
    <term tid="t_116" lemma="mogelijk" type="open">
      <span>
        <target id="w_116"/>
      </span>
    </term>
    <term tid="t_117" lemma="was" type="open">
      <span>
        <target id="w_117"/>
      </span>
    </term>
    <term tid="t_118" lemma="alles" type="open">
      <span>
        <target id="w_118"/>
      </span>
    </term>
    <term tid="t_119" lemma="wel" type="open">
      <span>
        <target id="w_119"/>
      </span>
    </term>
    <term tid="t_120" lemma="schoon" type="open" pos="G">
      <span>
        <target id="w_120"/>
      </span>
      <sentiment polarity="positive" resource="VUA_olery_lexicon_nl_lmf"/>
    </term>
    <term tid="t_121" lemma="." type="open">
      <span>
        <target id="w_121"/>
      </span>
    </term>
    <term tid="t_122" lemma="interessant" type="open">
      <span>
        <target id="w_122"/>
      </span>
    </term>
    <term tid="t_123" lemma="wanneer" type="open">
      <span>
        <target id="w_123"/>
      </span>
    </term>
    <term tid="t_124" lemma="je" type="open">
      <span>
        <target id="w_124"/>
      </span>
    </term>
    <term tid="t_125" lemma="met" type="open">
      <span>
        <target id="w_125"/>
      </span>
    </term>
    <term tid="t_126" lemma="veel" type="open">
      <span>
        <target id="w_126"/>
      </span>
    </term>
    <term tid="t_127" lemma="mensen" type="open">
      <span>
        <target id="w_127"/>
      </span>
    </term>
    <term tid="t_128" lemma="en" type="open">
      <span>
        <target id="w_128"/>
      </span>
    </term>
    <term tid="t_129" lemma="een" type="open">
      <span>
        <target id="w_129"/>
      </span>
    </term>
    <term tid="t_130" lemma="laag" type="open" pos="G">
      <span>
        <target id="w_130"/>
      </span>
      <sentiment polarity="positive" resource="VUA_olery_lexicon_nl_lmf"/>
    </term>
    <term tid="t_131" lemma="budget" type="open">
      <span>
        <target id="w_131"/>
      </span>
    </term>
    <term tid="t_132" lemma="een" type="open">
      <span>
        <target id="w_132"/>
      </span>
    </term>
    <term tid="t_133" lemma="hotel" type="open">
      <span>
        <target id="w_133"/>
      </span>
    </term>
    <term tid="t_134" lemma="zoekt" type="open">
      <span>
        <target id="w_134"/>
      </span>
    </term>
    <term tid="t_135" lemma="." type="open">
      <span>
        <target id="w_135"/>
      </span>
    </term>
  </terms>
  <entities>
    <entity type="MISC" eid="e_1">
      <span>
        <target id="t_127"/>
      </span>
    </entity>
  </entities>
  <properties>
    <property type="value_for_money" pid="p_1">
      <span>
        <target id="t_5"/>
      </span>
      <span>
        <target id="t_20"/>
      </span>
      <span>
        <target id="t_131"/>
      </span>
    </property>
    <property type="bathroom" pid="p_2">
      <span>
        <target id="t_30"/>
      </span>
      <span>
        <target id="t_32"/>
      </span>
      <span>
        <target id="t_109"/>
      </span>
    </property>
    <property type="room" pid="p_3">
      <span>
        <target id="t_25"/>
      </span>
      <span>
        <target id="t_87"/>
      </span>
      <span>
        <target id="t_112"/>
      </span>
    </property>
    <property type="cleanliness" pid="p_4">
      <span>
        <target id="t_120"/>
      </span>
    </property>
    <property type="sleeping_comfort" pid="p_5">
      <span>
        <target id="t_50"/>
      </span>
    </property>
    <property type="facilities" pid="p_6">
      <span>
        <target id="t_84"/>
      </span>
      <span>
        <target id="t_94"/>
      </span>
    </property>
  </properties>
  <opinions>
    <opinion oid="o_1">
      <opinion_target>
        <span>
          <target id="t_87"/>
        </span>
      </opinion_target>
      <opinion_expression polarity="negative" strength="-1">
        <span>
          <target id="t_85"/>
        </span>
      </opinion_expression>
    </opinion>
    <opinion oid="o_2">
      <opinion_target>
        <span>
          <target id="t_89"/>
        </span>
      </opinion_target>
      <opinion_expression polarity="negative" strength="-1">
        <span>
          <target id="t_90"/>
        </span>
      </opinion_expression>
    </opinion>
    <opinion oid="o_3">
      <opinion_target>
        <span>
          <target id="t_97"/>
        </span>
      </opinion_target>
      <opinion_expression polarity="negative" strength="-1">
        <span>
          <target id="t_100"/>
        </span>
      </opinion_expression>
    </opinion>
    <opinion oid="o_4">
      <opinion_target>
        <span>
          <target id="t_119"/>
        </span>
      </opinion_target>
      <opinion_expression polarity="positive" strength="1">
        <span>
          <target id="t_120"/>
        </span>
      </opinion_expression>
    </opinion>
    <opinion oid="o_5">
      <opinion_target>
        <span>
          <target id="t_131"/>
        </span>
      </opinion_target>
      <opinion_expression polarity="positive" strength="1">
        <span>
          <target id="t_130"/>
        </span>
      </opinion_expression>
    </opinion>
  </opinions>
</KAF>
