<?xml version='1.0' encoding='UTF-8'?>
<KAF xml:lang="nl">
  <linguisticProcessors layer="text">
    <lp timestamp="2013-01-06T18:31:27CET" version="2.0" name="SentenceTokenizer"/>
  </linguisticProcessors>
  <linguisticProcessors layer="terms">
    <lp timestamp="2013-01-06T18:31:27CET" version="2.0" name="SentenceTokenizer"/>
    <lp timestamp="2013-01-06T18:31:27CET" version="1.0" name="SimplePolarityTagger"/>
  </linguisticProcessors>
  <linguisticProcessor layer="opinions">
    <lp timestamp="2013-01-06T18:31:27CET" version="1.0" name="SimpleOpinionDetector"/>
  </linguisticProcessor>
  <linguisticProcessor layer="properties">
    <lp timestamp="2013-01-06T18:31:27CET" version="1.0" name="SimplePropRecognizer_lookup"/>
  </linguisticProcessor>
  <linguisticProcessor layer="entities">
    <lp timestamp="2013-01-06T18:31:27CET" version="1.0" name="SimpleNER_lookup"/>
  </linguisticProcessor>
  <text>
    <wf wid="w_1" para="1" sent="1">Wij</wf>
    <wf wid="w_2" para="1" sent="1">hadden</wf>
    <wf wid="w_3" para="1" sent="1">het</wf>
    <wf wid="w_4" para="1" sent="1">plopsa</wf>
    <wf wid="w_5" para="1" sent="1">-</wf>
    <wf wid="w_6" para="1" sent="1">arrangement</wf>
    <wf wid="w_7" para="1" sent="1">geboekt</wf>
    <wf wid="w_8" para="1" sent="1">.</wf>
    <wf wid="w_9" para="1" sent="2">We</wf>
    <wf wid="w_10" para="1" sent="2">mochten</wf>
    <wf wid="w_11" para="1" sent="2">al</wf>
    <wf wid="w_12" para="1" sent="2">voor</wf>
    <wf wid="w_13" para="1" sent="2">3</wf>
    <wf wid="w_14" para="1" sent="2">uur</wf>
    <wf wid="w_15" para="1" sent="2">inchecken</wf>
    <wf wid="w_16" para="1" sent="2">en</wf>
    <wf wid="w_17" para="1" sent="2">op</wf>
    <wf wid="w_18" para="1" sent="2">onze</wf>
    <wf wid="w_19" para="1" sent="2">kamers</wf>
    <wf wid="w_20" para="1" sent="2">,</wf>
    <wf wid="w_21" para="1" sent="2">deze</wf>
    <wf wid="w_22" para="1" sent="2">zagen</wf>
    <wf wid="w_23" para="1" sent="2">er</wf>
    <wf wid="w_24" para="1" sent="2">erg</wf>
    <wf wid="w_25" para="1" sent="2">goed</wf>
    <wf wid="w_26" para="1" sent="2">uit</wf>
    <wf wid="w_27" para="1" sent="2">.</wf>
    <wf wid="w_28" para="1" sent="3">De</wf>
    <wf wid="w_29" para="1" sent="3">bedden</wf>
    <wf wid="w_30" para="1" sent="3">waren</wf>
    <wf wid="w_31" para="1" sent="3">vrij</wf>
    <wf wid="w_32" para="1" sent="3">hard</wf>
    <wf wid="w_33" para="1" sent="3">.</wf>
    <wf wid="w_34" para="1" sent="4">Personeel</wf>
    <wf wid="w_35" para="1" sent="4">is</wf>
    <wf wid="w_36" para="1" sent="4">over</wf>
    <wf wid="w_37" para="1" sent="4">het</wf>
    <wf wid="w_38" para="1" sent="4">algemeen</wf>
    <wf wid="w_39" para="1" sent="4">erg</wf>
    <wf wid="w_40" para="1" sent="4">behulpzaam</wf>
    <wf wid="w_41" para="1" sent="4">en</wf>
    <wf wid="w_42" para="1" sent="4">vriendelijk</wf>
    <wf wid="w_43" para="1" sent="4">.</wf>
    <wf wid="w_44" para="1" sent="5">Bij</wf>
    <wf wid="w_45" para="1" sent="5">de</wf>
    <wf wid="w_46" para="1" sent="5">kinderanimatie</wf>
    <wf wid="w_47" para="1" sent="5">werden</wf>
    <wf wid="w_48" para="1" sent="5">onze</wf>
    <wf wid="w_49" para="1" sent="5">kinderen</wf>
    <wf wid="w_50" para="1" sent="5">vijf</wf>
    <wf wid="w_51" para="1" sent="5">minuten</wf>
    <wf wid="w_52" para="1" sent="5">voor</wf>
    <wf wid="w_53" para="1" sent="5">sluitingstijd</wf>
    <wf wid="w_54" para="1" sent="5">nog</wf>
    <wf wid="w_55" para="1" sent="5">hartelijk</wf>
    <wf wid="w_56" para="1" sent="5">ontvangen</wf>
    <wf wid="w_57" para="1" sent="5">en</wf>
    <wf wid="w_58" para="1" sent="5">ze</wf>
    <wf wid="w_59" para="1" sent="5">mochten</wf>
    <wf wid="w_60" para="1" sent="5">nog</wf>
    <wf wid="w_61" para="1" sent="5">tot</wf>
    <wf wid="w_62" para="1" sent="5">ruim</wf>
    <wf wid="w_63" para="1" sent="5">na</wf>
    <wf wid="w_64" para="1" sent="5">sluitingstijd</wf>
    <wf wid="w_65" para="1" sent="5">spelen</wf>
    <wf wid="w_66" para="1" sent="5">en</wf>
    <wf wid="w_67" para="1" sent="5">knutselen</wf>
    <wf wid="w_68" para="1" sent="5">.</wf>
    <wf wid="w_69" para="1" sent="6">Ook</wf>
    <wf wid="w_70" para="1" sent="6">het</wf>
    <wf wid="w_71" para="1" sent="6">ontbijtbuffet</wf>
    <wf wid="w_72" para="1" sent="6">is</wf>
    <wf wid="w_73" para="1" sent="6">prima</wf>
    <wf wid="w_74" para="1" sent="6">in</wf>
    <wf wid="w_75" para="1" sent="6">orde</wf>
    <wf wid="w_76" para="1" sent="6">,</wf>
    <wf wid="w_77" para="1" sent="6">helaas</wf>
    <wf wid="w_78" para="1" sent="6">was</wf>
    <wf wid="w_79" para="1" sent="6">er</wf>
    <wf wid="w_80" para="1" sent="6">voor</wf>
    <wf wid="w_81" para="1" sent="6">de</wf>
    <wf wid="w_82" para="1" sent="6">kinderen</wf>
    <wf wid="w_83" para="1" sent="6">geen</wf>
    <wf wid="w_84" para="1" sent="6">chocopasta</wf>
    <wf wid="w_85" para="1" sent="6">of</wf>
    <wf wid="w_86" para="1" sent="6">hagelslag</wf>
    <wf wid="w_87" para="1" sent="6">.</wf>
  </text>
  <terms>
    <term tid="t_1" lemma="wij" type="open">
      <span>
        <target id="w_1"/>
      </span>
    </term>
    <term tid="t_2" lemma="hadden" type="open">
      <span>
        <target id="w_2"/>
      </span>
    </term>
    <term tid="t_3" lemma="het" type="open">
      <span>
        <target id="w_3"/>
      </span>
    </term>
    <term tid="t_4" lemma="plopsa" type="open">
      <span>
        <target id="w_4"/>
      </span>
    </term>
    <term tid="t_5" lemma="-" type="open">
      <span>
        <target id="w_5"/>
      </span>
    </term>
    <term tid="t_6" lemma="arrangement" type="open">
      <span>
        <target id="w_6"/>
      </span>
    </term>
    <term tid="t_7" lemma="geboekt" type="open">
      <span>
        <target id="w_7"/>
      </span>
    </term>
    <term tid="t_8" lemma="." type="open">
      <span>
        <target id="w_8"/>
      </span>
    </term>
    <term tid="t_9" lemma="we" type="open">
      <span>
        <target id="w_9"/>
      </span>
    </term>
    <term tid="t_10" lemma="mochten" type="open">
      <span>
        <target id="w_10"/>
      </span>
    </term>
    <term tid="t_11" lemma="al" type="open">
      <span>
        <target id="w_11"/>
      </span>
    </term>
    <term tid="t_12" lemma="voor" type="open">
      <span>
        <target id="w_12"/>
      </span>
    </term>
    <term tid="t_13" lemma="3" type="open">
      <span>
        <target id="w_13"/>
      </span>
    </term>
    <term tid="t_14" lemma="uur" type="open">
      <span>
        <target id="w_14"/>
      </span>
    </term>
    <term tid="t_15" lemma="inchecken" type="open">
      <span>
        <target id="w_15"/>
      </span>
    </term>
    <term tid="t_16" lemma="en" type="open">
      <span>
        <target id="w_16"/>
      </span>
    </term>
    <term tid="t_17" lemma="op" type="open">
      <span>
        <target id="w_17"/>
      </span>
    </term>
    <term tid="t_18" lemma="onze" type="open">
      <span>
        <target id="w_18"/>
      </span>
    </term>
    <term tid="t_19" lemma="kamers" type="open">
      <span>
        <target id="w_19"/>
      </span>
    </term>
    <term tid="t_20" lemma="," type="open">
      <span>
        <target id="w_20"/>
      </span>
    </term>
    <term tid="t_21" lemma="deze" type="open">
      <span>
        <target id="w_21"/>
      </span>
    </term>
    <term tid="t_22" lemma="zagen" type="open">
      <span>
        <target id="w_22"/>
      </span>
    </term>
    <term tid="t_23" lemma="er" type="open">
      <span>
        <target id="w_23"/>
      </span>
    </term>
    <term tid="t_24" lemma="erg" type="open">
      <span>
        <target id="w_24"/>
      </span>
      <sentiment sentiment_modifier="intensifier" resource="VUA_olery_lexicon_nl_lmf"/>
    </term>
    <term tid="t_25" lemma="goed" type="open" pos="G">
      <span>
        <target id="w_25"/>
      </span>
      <sentiment polarity="positive" resource="VUA_olery_lexicon_nl_lmf"/>
    </term>
    <term tid="t_26" lemma="uit" type="open">
      <span>
        <target id="w_26"/>
      </span>
    </term>
    <term tid="t_27" lemma="." type="open">
      <span>
        <target id="w_27"/>
      </span>
    </term>
    <term tid="t_28" lemma="de" type="open">
      <span>
        <target id="w_28"/>
      </span>
    </term>
    <term tid="t_29" lemma="bedden" type="open">
      <span>
        <target id="w_29"/>
      </span>
    </term>
    <term tid="t_30" lemma="waren" type="open">
      <span>
        <target id="w_30"/>
      </span>
    </term>
    <term tid="t_31" lemma="vrij" type="open">
      <span>
        <target id="w_31"/>
      </span>
    </term>
    <term tid="t_32" lemma="hard" type="open" pos="G">
      <span>
        <target id="w_32"/>
      </span>
      <sentiment polarity="negative" resource="VUA_olery_lexicon_nl_lmf"/>
    </term>
    <term tid="t_33" lemma="." type="open">
      <span>
        <target id="w_33"/>
      </span>
    </term>
    <term tid="t_34" lemma="personeel" type="open">
      <span>
        <target id="w_34"/>
      </span>
    </term>
    <term tid="t_35" lemma="is" type="open">
      <span>
        <target id="w_35"/>
      </span>
    </term>
    <term tid="t_36" lemma="over" type="open">
      <span>
        <target id="w_36"/>
      </span>
    </term>
    <term tid="t_37" lemma="het" type="open">
      <span>
        <target id="w_37"/>
      </span>
    </term>
    <term tid="t_38" lemma="algemeen" type="open">
      <span>
        <target id="w_38"/>
      </span>
    </term>
    <term tid="t_39" lemma="erg" type="open">
      <span>
        <target id="w_39"/>
      </span>
      <sentiment sentiment_modifier="intensifier" resource="VUA_olery_lexicon_nl_lmf"/>
    </term>
    <term tid="t_40" lemma="behulpzaam" type="open" pos="G">
      <span>
        <target id="w_40"/>
      </span>
      <sentiment polarity="positive" resource="VUA_olery_lexicon_nl_lmf"/>
    </term>
    <term tid="t_41" lemma="en" type="open">
      <span>
        <target id="w_41"/>
      </span>
    </term>
    <term tid="t_42" lemma="vriendelijk" type="open" pos="G">
      <span>
        <target id="w_42"/>
      </span>
      <sentiment polarity="positive" resource="VUA_olery_lexicon_nl_lmf"/>
    </term>
    <term tid="t_43" lemma="." type="open">
      <span>
        <target id="w_43"/>
      </span>
    </term>
    <term tid="t_44" lemma="bij" type="open">
      <span>
        <target id="w_44"/>
      </span>
    </term>
    <term tid="t_45" lemma="de" type="open">
      <span>
        <target id="w_45"/>
      </span>
    </term>
    <term tid="t_46" lemma="kinderanimatie" type="open">
      <span>
        <target id="w_46"/>
      </span>
    </term>
    <term tid="t_47" lemma="werden" type="open">
      <span>
        <target id="w_47"/>
      </span>
    </term>
    <term tid="t_48" lemma="onze" type="open">
      <span>
        <target id="w_48"/>
      </span>
    </term>
    <term tid="t_49" lemma="kinderen" type="open">
      <span>
        <target id="w_49"/>
      </span>
    </term>
    <term tid="t_50" lemma="vijf" type="open">
      <span>
        <target id="w_50"/>
      </span>
    </term>
    <term tid="t_51" lemma="minuten" type="open">
      <span>
        <target id="w_51"/>
      </span>
    </term>
    <term tid="t_52" lemma="voor" type="open">
      <span>
        <target id="w_52"/>
      </span>
    </term>
    <term tid="t_53" lemma="sluitingstijd" type="open">
      <span>
        <target id="w_53"/>
      </span>
    </term>
    <term tid="t_54" lemma="nog" type="open">
      <span>
        <target id="w_54"/>
      </span>
    </term>
    <term tid="t_55" lemma="hartelijk" type="open" pos="G">
      <span>
        <target id="w_55"/>
      </span>
      <sentiment polarity="positive" resource="VUA_olery_lexicon_nl_lmf"/>
    </term>
    <term tid="t_56" lemma="ontvangen" type="open">
      <span>
        <target id="w_56"/>
      </span>
    </term>
    <term tid="t_57" lemma="en" type="open">
      <span>
        <target id="w_57"/>
      </span>
    </term>
    <term tid="t_58" lemma="ze" type="open">
      <span>
        <target id="w_58"/>
      </span>
    </term>
    <term tid="t_59" lemma="mochten" type="open">
      <span>
        <target id="w_59"/>
      </span>
    </term>
    <term tid="t_60" lemma="nog" type="open">
      <span>
        <target id="w_60"/>
      </span>
    </term>
    <term tid="t_61" lemma="tot" type="open">
      <span>
        <target id="w_61"/>
      </span>
    </term>
    <term tid="t_62" lemma="ruim" type="open">
      <span>
        <target id="w_62"/>
      </span>
    </term>
    <term tid="t_63" lemma="na" type="open">
      <span>
        <target id="w_63"/>
      </span>
    </term>
    <term tid="t_64" lemma="sluitingstijd" type="open">
      <span>
        <target id="w_64"/>
      </span>
    </term>
    <term tid="t_65" lemma="spelen" type="open">
      <span>
        <target id="w_65"/>
      </span>
    </term>
    <term tid="t_66" lemma="en" type="open">
      <span>
        <target id="w_66"/>
      </span>
    </term>
    <term tid="t_67" lemma="knutselen" type="open">
      <span>
        <target id="w_67"/>
      </span>
    </term>
    <term tid="t_68" lemma="." type="open">
      <span>
        <target id="w_68"/>
      </span>
    </term>
    <term tid="t_69" lemma="ook" type="open">
      <span>
        <target id="w_69"/>
      </span>
    </term>
    <term tid="t_70" lemma="het" type="open">
      <span>
        <target id="w_70"/>
      </span>
    </term>
    <term tid="t_71" lemma="ontbijtbuffet" type="open">
      <span>
        <target id="w_71"/>
      </span>
    </term>
    <term tid="t_72" lemma="is" type="open">
      <span>
        <target id="w_72"/>
      </span>
    </term>
    <term tid="t_73" lemma="prima" type="open" pos="G">
      <span>
        <target id="w_73"/>
      </span>
      <sentiment polarity="positive" resource="VUA_olery_lexicon_nl_lmf"/>
    </term>
    <term tid="t_74" lemma="in" type="open">
      <span>
        <target id="w_74"/>
      </span>
    </term>
    <term tid="t_75" lemma="orde" type="open">
      <span>
        <target id="w_75"/>
      </span>
    </term>
    <term tid="t_76" lemma="," type="open">
      <span>
        <target id="w_76"/>
      </span>
    </term>
    <term tid="t_77" lemma="helaas" type="open" pos="A">
      <span>
        <target id="w_77"/>
      </span>
      <sentiment polarity="negative" resource="VUA_olery_lexicon_nl_lmf"/>
    </term>
    <term tid="t_78" lemma="was" type="open">
      <span>
        <target id="w_78"/>
      </span>
    </term>
    <term tid="t_79" lemma="er" type="open">
      <span>
        <target id="w_79"/>
      </span>
    </term>
    <term tid="t_80" lemma="voor" type="open">
      <span>
        <target id="w_80"/>
      </span>
    </term>
    <term tid="t_81" lemma="de" type="open">
      <span>
        <target id="w_81"/>
      </span>
    </term>
    <term tid="t_82" lemma="kinderen" type="open">
      <span>
        <target id="w_82"/>
      </span>
    </term>
    <term tid="t_83" lemma="geen" type="open">
      <span>
        <target id="w_83"/>
      </span>
      <sentiment sentiment_modifier="shifter" resource="VUA_olery_lexicon_nl_lmf"/>
    </term>
    <term tid="t_84" lemma="chocopasta" type="open">
      <span>
        <target id="w_84"/>
      </span>
    </term>
    <term tid="t_85" lemma="of" type="open">
      <span>
        <target id="w_85"/>
      </span>
    </term>
    <term tid="t_86" lemma="hagelslag" type="open">
      <span>
        <target id="w_86"/>
      </span>
    </term>
    <term tid="t_87" lemma="." type="open">
      <span>
        <target id="w_87"/>
      </span>
    </term>
  </terms>
  <entities>
    <entity type="MISC" eid="e_1">
      <span>
        <target id="t_38"/>
      </span>
    </entity>
    <entity type="PER" eid="e_2">
      <span>
        <target id="t_9"/>
      </span>
    </entity>
    <entity type="MISC" eid="e_3">
      <span>
        <target id="t_65"/>
      </span>
    </entity>
    <entity type="PER" eid="e_4">
      <span>
        <target id="t_73"/>
      </span>
    </entity>
  </entities>
  <properties>
    <property type="facilities" pid="p_1">
      <span>
        <target id="t_6"/>
      </span>
    </property>
    <property type="restaurant" pid="p_2">
      <span>
        <target id="t_71"/>
      </span>
    </property>
    <property type="staff" pid="p_3">
      <span>
        <target id="t_15"/>
      </span>
      <span>
        <target id="t_34"/>
      </span>
      <span>
        <target id="t_40"/>
      </span>
      <span>
        <target id="t_42"/>
      </span>
      <span>
        <target id="t_55"/>
      </span>
      <span>
        <target id="t_56"/>
      </span>
    </property>
  </properties>
  <opinions>
    <opinion oid="o_1">
      <opinion_holder>
        <span>
          <target id="t_9"/>
        </span>
      </opinion_holder>
      <opinion_target>
        <span>
          <target id="t_22"/>
        </span>
      </opinion_target>
      <opinion_expression polarity="positive" strength="2">
        <span>
          <target id="t_25"/>
          <target id="t_24"/>
        </span>
      </opinion_expression>
    </opinion>
    <opinion oid="o_2">
      <opinion_target>
        <span>
          <target id="t_31"/>
        </span>
      </opinion_target>
      <opinion_expression polarity="negative" strength="-1">
        <span>
          <target id="t_32"/>
        </span>
      </opinion_expression>
    </opinion>
    <opinion oid="o_3">
      <opinion_target>
        <span>
          <target id="t_38"/>
        </span>
      </opinion_target>
      <opinion_expression polarity="positive" strength="3">
        <span>
          <target id="t_40"/>
          <target id="t_39"/>
          <target id="t_42"/>
        </span>
      </opinion_expression>
    </opinion>
    <opinion oid="o_4">
      <opinion_target>
        <span>
          <target id="t_56"/>
        </span>
      </opinion_target>
      <opinion_expression polarity="positive" strength="1">
        <span>
          <target id="t_55"/>
        </span>
      </opinion_expression>
    </opinion>
    <opinion oid="o_5">
      <opinion_target>
        <span>
          <target id="t_75"/>
        </span>
      </opinion_target>
      <opinion_expression polarity="positive" strength="1">
        <span>
          <target id="t_73"/>
        </span>
      </opinion_expression>
    </opinion>
  </opinions>
</KAF>
