<?xml version='1.0' encoding='UTF-8'?>
<KAF xml:lang="nl">
  <linguisticProcessors layer="text">
    <lp timestamp="2013-01-06T18:30:46CET" version="2.0" name="SentenceTokenizer"/>
  </linguisticProcessors>
  <linguisticProcessors layer="terms">
    <lp timestamp="2013-01-06T18:30:46CET" version="2.0" name="SentenceTokenizer"/>
    <lp timestamp="2013-01-06T18:30:46CET" version="1.0" name="SimplePolarityTagger"/>
  </linguisticProcessors>
  <linguisticProcessor layer="opinions">
    <lp timestamp="2013-01-06T18:30:46CET" version="1.0" name="SimpleOpinionDetector"/>
  </linguisticProcessor>
  <linguisticProcessor layer="properties">
    <lp timestamp="2013-01-06T18:30:46CET" version="1.0" name="SimplePropRecognizer_lookup"/>
  </linguisticProcessor>
  <linguisticProcessor layer="entities">
    <lp timestamp="2013-01-06T18:30:46CET" version="1.0" name="SimpleNER_lookup"/>
  </linguisticProcessor>
  <text>
    <wf wid="w_1" para="1" sent="1">We</wf>
    <wf wid="w_2" para="1" sent="1">waardeerden</wf>
    <wf wid="w_3" para="1" sent="1">dit</wf>
    <wf wid="w_4" para="1" sent="1">hotel</wf>
    <wf wid="w_5" para="1" sent="1">vnl</wf>
    <wf wid="w_6" para="1" sent="1">.</wf>
    <wf wid="w_7" para="1" sent="2">om</wf>
    <wf wid="w_8" para="1" sent="2">de</wf>
    <wf wid="w_9" para="1" sent="2">ligging</wf>
    <wf wid="w_10" para="1" sent="2">,</wf>
    <wf wid="w_11" para="1" sent="2">vanwege</wf>
    <wf wid="w_12" para="1" sent="2">ons</wf>
    <wf wid="w_13" para="1" sent="2">bezoek</wf>
    <wf wid="w_14" para="1" sent="2">aan</wf>
    <wf wid="w_15" para="1" sent="2">Sail</wf>
    <wf wid="w_16" para="1" sent="2">2010</wf>
    <wf wid="w_17" para="1" sent="2">.</wf>
    <wf wid="w_18" para="1" sent="3">Het</wf>
    <wf wid="w_19" para="1" sent="3">receptiepersoneel</wf>
    <wf wid="w_20" para="1" sent="3">was</wf>
    <wf wid="w_21" para="1" sent="3">vriendelijk</wf>
    <wf wid="w_22" para="1" sent="3">..</wf>
    <wf wid="w_23" para="1" sent="4">Het</wf>
    <wf wid="w_24" para="1" sent="4">was</wf>
    <wf wid="w_25" para="1" sent="4">jammer</wf>
    <wf wid="w_26" para="1" sent="4">dat</wf>
    <wf wid="w_27" para="1" sent="4">onze</wf>
    <wf wid="w_28" para="1" sent="4">kamer</wf>
    <wf wid="w_29" para="1" sent="4">niet</wf>
    <wf wid="w_30" para="1" sent="4">echt</wf>
    <wf wid="w_31" para="1" sent="4">geschikt</wf>
    <wf wid="w_32" para="1" sent="4">was</wf>
    <wf wid="w_33" para="1" sent="4">voor</wf>
    <wf wid="w_34" para="1" sent="4">2</wf>
    <wf wid="w_35" para="1" sent="4">personen</wf>
    <wf wid="w_36" para="1" sent="4">.</wf>
    <wf wid="w_37" para="1" sent="5">Het</wf>
    <wf wid="w_38" para="1" sent="5">bed</wf>
    <wf wid="w_39" para="1" sent="5">was</wf>
    <wf wid="w_40" para="1" sent="5">erg</wf>
    <wf wid="w_41" para="1" sent="5">klein</wf>
    <wf wid="w_42" para="1" sent="5">(</wf>
    <wf wid="w_43" para="1" sent="5">en</wf>
    <wf wid="w_44" para="1" sent="5">dat</wf>
    <wf wid="w_45" para="1" sent="5">in</wf>
    <wf wid="w_46" para="1" sent="5">een</wf>
    <wf wid="w_47" para="1" sent="5">Hilton</wf>
    <wf wid="w_48" para="1" sent="5">)</wf>
    <wf wid="w_49" para="1" sent="5">,</wf>
    <wf wid="w_50" para="1" sent="5">en</wf>
    <wf wid="w_51" para="1" sent="5">de</wf>
    <wf wid="w_52" para="1" sent="5">voorzieningen</wf>
    <wf wid="w_53" para="1" sent="5">waren</wf>
    <wf wid="w_54" para="1" sent="5">aanwezig</wf>
    <wf wid="w_55" para="1" sent="5">voor</wf>
    <wf wid="w_56" para="1" sent="5">1</wf>
    <wf wid="w_57" para="1" sent="5">persoon</wf>
    <wf wid="w_58" para="1" sent="5">(</wf>
    <wf wid="w_59" para="1" sent="5">badjas</wf>
    <wf wid="w_60" para="1" sent="5">,</wf>
    <wf wid="w_61" para="1" sent="5">slippers</wf>
    <wf wid="w_62" para="1" sent="5">,</wf>
    <wf wid="w_63" para="1" sent="5">zelfs</wf>
    <wf wid="w_64" para="1" sent="5">maar</wf>
    <wf wid="w_65" para="1" sent="5">1</wf>
    <wf wid="w_66" para="1" sent="5">nachtkastje</wf>
    <wf wid="w_67" para="1" sent="5">)</wf>
    <wf wid="w_68" para="1" sent="5">.</wf>
    <wf wid="w_69" para="1" sent="6">Wij</wf>
    <wf wid="w_70" para="1" sent="6">kregen</wf>
    <wf wid="w_71" para="1" sent="6">het</wf>
    <wf wid="w_72" para="1" sent="6">gevoel</wf>
    <wf wid="w_73" para="1" sent="6">dat</wf>
    <wf wid="w_74" para="1" sent="6">dit</wf>
    <wf wid="w_75" para="1" sent="6">hyn</wf>
    <wf wid="w_76" para="1" sent="6">typische</wf>
  </text>
  <terms>
    <term tid="t_1" lemma="we" type="open">
      <span>
        <target id="w_1"/>
      </span>
    </term>
    <term tid="t_2" lemma="waardeerden" type="open">
      <span>
        <target id="w_2"/>
      </span>
    </term>
    <term tid="t_3" lemma="dit" type="open">
      <span>
        <target id="w_3"/>
      </span>
    </term>
    <term tid="t_4" lemma="hotel" type="open">
      <span>
        <target id="w_4"/>
      </span>
    </term>
    <term tid="t_5" lemma="vnl" type="open">
      <span>
        <target id="w_5"/>
      </span>
    </term>
    <term tid="t_6" lemma="." type="open">
      <span>
        <target id="w_6"/>
      </span>
    </term>
    <term tid="t_7" lemma="om" type="open">
      <span>
        <target id="w_7"/>
      </span>
    </term>
    <term tid="t_8" lemma="de" type="open">
      <span>
        <target id="w_8"/>
      </span>
    </term>
    <term tid="t_9" lemma="ligging" type="open">
      <span>
        <target id="w_9"/>
      </span>
    </term>
    <term tid="t_10" lemma="," type="open">
      <span>
        <target id="w_10"/>
      </span>
    </term>
    <term tid="t_11" lemma="vanwege" type="open">
      <span>
        <target id="w_11"/>
      </span>
    </term>
    <term tid="t_12" lemma="ons" type="open">
      <span>
        <target id="w_12"/>
      </span>
    </term>
    <term tid="t_13" lemma="bezoek" type="open">
      <span>
        <target id="w_13"/>
      </span>
    </term>
    <term tid="t_14" lemma="aan" type="open">
      <span>
        <target id="w_14"/>
      </span>
    </term>
    <term tid="t_15" lemma="sail" type="open">
      <span>
        <target id="w_15"/>
      </span>
    </term>
    <term tid="t_16" lemma="2010" type="open">
      <span>
        <target id="w_16"/>
      </span>
    </term>
    <term tid="t_17" lemma="." type="open">
      <span>
        <target id="w_17"/>
      </span>
    </term>
    <term tid="t_18" lemma="het" type="open">
      <span>
        <target id="w_18"/>
      </span>
    </term>
    <term tid="t_19" lemma="receptiepersoneel" type="open">
      <span>
        <target id="w_19"/>
      </span>
    </term>
    <term tid="t_20" lemma="was" type="open">
      <span>
        <target id="w_20"/>
      </span>
    </term>
    <term tid="t_21" lemma="vriendelijk" type="open" pos="G">
      <span>
        <target id="w_21"/>
      </span>
      <sentiment polarity="positive" resource="VUA_olery_lexicon_nl_lmf"/>
    </term>
    <term tid="t_22" lemma=".." type="open">
      <span>
        <target id="w_22"/>
      </span>
    </term>
    <term tid="t_23" lemma="het" type="open">
      <span>
        <target id="w_23"/>
      </span>
    </term>
    <term tid="t_24" lemma="was" type="open">
      <span>
        <target id="w_24"/>
      </span>
    </term>
    <term tid="t_25" lemma="jammer" type="open" pos="G">
      <span>
        <target id="w_25"/>
      </span>
      <sentiment polarity="negative" resource="VUA_olery_lexicon_nl_lmf"/>
    </term>
    <term tid="t_26" lemma="dat" type="open">
      <span>
        <target id="w_26"/>
      </span>
    </term>
    <term tid="t_27" lemma="onze" type="open">
      <span>
        <target id="w_27"/>
      </span>
    </term>
    <term tid="t_28" lemma="kamer" type="open">
      <span>
        <target id="w_28"/>
      </span>
    </term>
    <term tid="t_29" lemma="niet" type="open">
      <span>
        <target id="w_29"/>
      </span>
      <sentiment sentiment_modifier="shifter" resource="VUA_olery_lexicon_nl_lmf"/>
    </term>
    <term tid="t_30" lemma="echt" type="open">
      <span>
        <target id="w_30"/>
      </span>
      <sentiment sentiment_modifier="intensifier" resource="VUA_olery_lexicon_nl_lmf"/>
    </term>
    <term tid="t_31" lemma="geschikt" type="open" pos="G">
      <span>
        <target id="w_31"/>
      </span>
      <sentiment polarity="positive" resource="VUA_olery_lexicon_nl_lmf"/>
    </term>
    <term tid="t_32" lemma="was" type="open">
      <span>
        <target id="w_32"/>
      </span>
    </term>
    <term tid="t_33" lemma="voor" type="open">
      <span>
        <target id="w_33"/>
      </span>
    </term>
    <term tid="t_34" lemma="2" type="open">
      <span>
        <target id="w_34"/>
      </span>
    </term>
    <term tid="t_35" lemma="personen" type="open">
      <span>
        <target id="w_35"/>
      </span>
    </term>
    <term tid="t_36" lemma="." type="open">
      <span>
        <target id="w_36"/>
      </span>
    </term>
    <term tid="t_37" lemma="het" type="open">
      <span>
        <target id="w_37"/>
      </span>
    </term>
    <term tid="t_38" lemma="bed" type="open">
      <span>
        <target id="w_38"/>
      </span>
    </term>
    <term tid="t_39" lemma="was" type="open">
      <span>
        <target id="w_39"/>
      </span>
    </term>
    <term tid="t_40" lemma="erg" type="open">
      <span>
        <target id="w_40"/>
      </span>
      <sentiment sentiment_modifier="intensifier" resource="VUA_olery_lexicon_nl_lmf"/>
    </term>
    <term tid="t_41" lemma="klein" type="open">
      <span>
        <target id="w_41"/>
      </span>
    </term>
    <term tid="t_42" lemma="(" type="open">
      <span>
        <target id="w_42"/>
      </span>
    </term>
    <term tid="t_43" lemma="en" type="open">
      <span>
        <target id="w_43"/>
      </span>
    </term>
    <term tid="t_44" lemma="dat" type="open">
      <span>
        <target id="w_44"/>
      </span>
    </term>
    <term tid="t_45" lemma="in" type="open">
      <span>
        <target id="w_45"/>
      </span>
    </term>
    <term tid="t_46" lemma="een" type="open">
      <span>
        <target id="w_46"/>
      </span>
    </term>
    <term tid="t_47" lemma="hilton" type="open">
      <span>
        <target id="w_47"/>
      </span>
    </term>
    <term tid="t_48" lemma=")" type="open">
      <span>
        <target id="w_48"/>
      </span>
    </term>
    <term tid="t_49" lemma="," type="open">
      <span>
        <target id="w_49"/>
      </span>
    </term>
    <term tid="t_50" lemma="en" type="open">
      <span>
        <target id="w_50"/>
      </span>
    </term>
    <term tid="t_51" lemma="de" type="open">
      <span>
        <target id="w_51"/>
      </span>
    </term>
    <term tid="t_52" lemma="voorzieningen" type="open">
      <span>
        <target id="w_52"/>
      </span>
    </term>
    <term tid="t_53" lemma="waren" type="open">
      <span>
        <target id="w_53"/>
      </span>
    </term>
    <term tid="t_54" lemma="aanwezig" type="open">
      <span>
        <target id="w_54"/>
      </span>
    </term>
    <term tid="t_55" lemma="voor" type="open">
      <span>
        <target id="w_55"/>
      </span>
    </term>
    <term tid="t_56" lemma="1" type="open">
      <span>
        <target id="w_56"/>
      </span>
    </term>
    <term tid="t_57" lemma="persoon" type="open">
      <span>
        <target id="w_57"/>
      </span>
    </term>
    <term tid="t_58" lemma="(" type="open">
      <span>
        <target id="w_58"/>
      </span>
    </term>
    <term tid="t_59" lemma="badjas" type="open">
      <span>
        <target id="w_59"/>
      </span>
    </term>
    <term tid="t_60" lemma="," type="open">
      <span>
        <target id="w_60"/>
      </span>
    </term>
    <term tid="t_61" lemma="slippers" type="open">
      <span>
        <target id="w_61"/>
      </span>
    </term>
    <term tid="t_62" lemma="," type="open">
      <span>
        <target id="w_62"/>
      </span>
    </term>
    <term tid="t_63" lemma="zelfs" type="open">
      <span>
        <target id="w_63"/>
      </span>
    </term>
    <term tid="t_64" lemma="maar" type="open">
      <span>
        <target id="w_64"/>
      </span>
    </term>
    <term tid="t_65" lemma="1" type="open">
      <span>
        <target id="w_65"/>
      </span>
    </term>
    <term tid="t_66" lemma="nachtkastje" type="open">
      <span>
        <target id="w_66"/>
      </span>
    </term>
    <term tid="t_67" lemma=")" type="open">
      <span>
        <target id="w_67"/>
      </span>
    </term>
    <term tid="t_68" lemma="." type="open">
      <span>
        <target id="w_68"/>
      </span>
    </term>
    <term tid="t_69" lemma="wij" type="open">
      <span>
        <target id="w_69"/>
      </span>
    </term>
    <term tid="t_70" lemma="kregen" type="open">
      <span>
        <target id="w_70"/>
      </span>
    </term>
    <term tid="t_71" lemma="het" type="open">
      <span>
        <target id="w_71"/>
      </span>
    </term>
    <term tid="t_72" lemma="gevoel" type="open">
      <span>
        <target id="w_72"/>
      </span>
    </term>
    <term tid="t_73" lemma="dat" type="open">
      <span>
        <target id="w_73"/>
      </span>
    </term>
    <term tid="t_74" lemma="dit" type="open">
      <span>
        <target id="w_74"/>
      </span>
    </term>
    <term tid="t_75" lemma="hyn" type="open">
      <span>
        <target id="w_75"/>
      </span>
    </term>
    <term tid="t_76" lemma="typische" type="open">
      <span>
        <target id="w_76"/>
      </span>
    </term>
  </terms>
  <entities>
    <entity type="PER" eid="e_1">
      <span>
        <target id="t_56"/>
      </span>
      <span>
        <target id="t_65"/>
      </span>
    </entity>
    <entity type="PER" eid="e_2">
      <span>
        <target id="t_1"/>
      </span>
    </entity>
    <entity type="ORG" eid="e_3">
      <span>
        <target id="t_28"/>
      </span>
    </entity>
    <entity type="PER" eid="e_4">
      <span>
        <target id="t_34"/>
      </span>
    </entity>
  </entities>
  <properties>
    <property type="bathroom" pid="p_1">
      <span>
        <target id="t_59"/>
      </span>
    </property>
    <property type="room" pid="p_2">
      <span>
        <target id="t_28"/>
      </span>
      <span>
        <target id="t_66"/>
      </span>
    </property>
    <property type="location" pid="p_3">
      <span>
        <target id="t_9"/>
      </span>
    </property>
    <property type="sleeping_comfort" pid="p_4">
      <span>
        <target id="t_38"/>
      </span>
    </property>
    <property type="staff" pid="p_5">
      <span>
        <target id="t_19"/>
      </span>
      <span>
        <target id="t_21"/>
      </span>
    </property>
  </properties>
  <opinions>
    <opinion oid="o_1">
      <opinion_target>
        <span>
          <target id="t_19"/>
        </span>
      </opinion_target>
      <opinion_expression polarity="positive" strength="1">
        <span>
          <target id="t_21"/>
        </span>
      </opinion_expression>
    </opinion>
    <opinion oid="o_2">
      <opinion_target>
        <span>
          <target id="t_27"/>
        </span>
      </opinion_target>
      <opinion_expression polarity="negative" strength="-1">
        <span>
          <target id="t_25"/>
        </span>
      </opinion_expression>
    </opinion>
    <opinion oid="o_3">
      <opinion_target>
        <span>
          <target id="t_28"/>
        </span>
      </opinion_target>
      <opinion_expression polarity="negative" strength="-2">
        <span>
          <target id="t_31"/>
          <target id="t_30"/>
          <target id="t_29"/>
        </span>
      </opinion_expression>
    </opinion>
  </opinions>
</KAF>
