<?xml version='1.0' encoding='UTF-8'?>
<KAF xml:lang="nl">
  <linguisticProcessors layer="text">
    <lp timestamp="2013-01-06T18:34:11CET" version="2.0" name="SentenceTokenizer"/>
  </linguisticProcessors>
  <linguisticProcessors layer="terms">
    <lp timestamp="2013-01-06T18:34:11CET" version="2.0" name="SentenceTokenizer"/>
    <lp timestamp="2013-01-06T18:34:12CET" version="1.0" name="SimplePolarityTagger"/>
  </linguisticProcessors>
  <linguisticProcessor layer="opinions">
    <lp timestamp="2013-01-06T18:34:12CET" version="1.0" name="SimpleOpinionDetector"/>
  </linguisticProcessor>
  <linguisticProcessor layer="properties">
    <lp timestamp="2013-01-06T18:34:12CET" version="1.0" name="SimplePropRecognizer_lookup"/>
  </linguisticProcessor>
  <linguisticProcessor layer="entities">
    <lp timestamp="2013-01-06T18:34:12CET" version="1.0" name="SimpleNER_lookup"/>
  </linguisticProcessor>
  <text>
    <wf wid="w_1" para="1" sent="1">Wij</wf>
    <wf wid="w_2" para="1" sent="1">hadden</wf>
    <wf wid="w_3" para="1" sent="1">een</wf>
    <wf wid="w_4" para="1" sent="1">kamer</wf>
    <wf wid="w_5" para="1" sent="1">in</wf>
    <wf wid="w_6" para="1" sent="1">de</wf>
    <wf wid="w_7" para="1" sent="1">kelder</wf>
    <wf wid="w_8" para="1" sent="1">,</wf>
    <wf wid="w_9" para="1" sent="1">die</wf>
    <wf wid="w_10" para="1" sent="1">erg</wf>
    <wf wid="w_11" para="1" sent="1">muf</wf>
    <wf wid="w_12" para="1" sent="1">rook</wf>
    <wf wid="w_13" para="1" sent="1">.</wf>
    <wf wid="w_14" para="1" sent="2">In</wf>
    <wf wid="w_15" para="1" sent="2">de</wf>
    <wf wid="w_16" para="1" sent="2">kamer</wf>
    <wf wid="w_17" para="1" sent="2">geen</wf>
    <wf wid="w_18" para="1" sent="2">stoel</wf>
    <wf wid="w_19" para="1" sent="2">en</wf>
    <wf wid="w_20" para="1" sent="2">niets</wf>
    <wf wid="w_21" para="1" sent="2">om</wf>
    <wf wid="w_22" para="1" sent="2">je</wf>
    <wf wid="w_23" para="1" sent="2">handdoeken</wf>
    <wf wid="w_24" para="1" sent="2">aan</wf>
    <wf wid="w_25" para="1" sent="2">of</wf>
    <wf wid="w_26" para="1" sent="2">over</wf>
    <wf wid="w_27" para="1" sent="2">te</wf>
    <wf wid="w_28" para="1" sent="2">hangen</wf>
    <wf wid="w_29" para="1" sent="2">.</wf>
    <wf wid="w_30" para="1" sent="3">De</wf>
    <wf wid="w_31" para="1" sent="3">(</wf>
    <wf wid="w_32" para="1" sent="3">stort</wf>
    <wf wid="w_33" para="1" sent="3">)</wf>
    <wf wid="w_34" para="1" sent="3">douche</wf>
    <wf wid="w_35" para="1" sent="3">midden</wf>
    <wf wid="w_36" para="1" sent="3">in</wf>
    <wf wid="w_37" para="1" sent="3">de</wf>
    <wf wid="w_38" para="1" sent="3">kamer</wf>
    <wf wid="w_39" para="1" sent="3">zonder</wf>
    <wf wid="w_40" para="1" sent="3">afscheiding</wf>
    <wf wid="w_41" para="1" sent="3">,</wf>
    <wf wid="w_42" para="1" sent="3">datis</wf>
    <wf wid="w_43" para="1" sent="3">niet</wf>
    <wf wid="w_44" para="1" sent="3">leuk</wf>
    <wf wid="w_45" para="1" sent="3">want</wf>
    <wf wid="w_46" para="1" sent="3">je</wf>
    <wf wid="w_47" para="1" sent="3">hebt</wf>
    <wf wid="w_48" para="1" sent="3">gewoon</wf>
    <wf wid="w_49" para="1" sent="3">een</wf>
    <wf wid="w_50" para="1" sent="3">waterballet</wf>
    <wf wid="w_51" para="1" sent="3">.</wf>
    <wf wid="w_52" para="1" sent="4">Voor</wf>
    <wf wid="w_53" para="1" sent="4">de</wf>
    <wf wid="w_54" para="1" sent="4">prijs</wf>
    <wf wid="w_55" para="1" sent="4">van</wf>
    <wf wid="w_56" para="1" sent="4">de</wf>
    <wf wid="w_57" para="1" sent="4">kamer</wf>
    <wf wid="w_58" para="1" sent="4">een</wf>
    <wf wid="w_59" para="1" sent="4">troosteloze</wf>
    <wf wid="w_60" para="1" sent="4">bedoeling</wf>
    <wf wid="w_61" para="1" sent="4">.</wf>
  </text>
  <terms>
    <term tid="t_1" lemma="wij" type="open">
      <span>
        <target id="w_1"/>
      </span>
    </term>
    <term tid="t_2" lemma="hadden" type="open">
      <span>
        <target id="w_2"/>
      </span>
    </term>
    <term tid="t_3" lemma="een" type="open">
      <span>
        <target id="w_3"/>
      </span>
    </term>
    <term tid="t_4" lemma="kamer" type="open">
      <span>
        <target id="w_4"/>
      </span>
    </term>
    <term tid="t_5" lemma="in" type="open">
      <span>
        <target id="w_5"/>
      </span>
    </term>
    <term tid="t_6" lemma="de" type="open">
      <span>
        <target id="w_6"/>
      </span>
    </term>
    <term tid="t_7" lemma="kelder" type="open">
      <span>
        <target id="w_7"/>
      </span>
    </term>
    <term tid="t_8" lemma="," type="open">
      <span>
        <target id="w_8"/>
      </span>
    </term>
    <term tid="t_9" lemma="die" type="open">
      <span>
        <target id="w_9"/>
      </span>
    </term>
    <term tid="t_10" lemma="erg" type="open">
      <span>
        <target id="w_10"/>
      </span>
      <sentiment sentiment_modifier="intensifier" resource="VUA_olery_lexicon_nl_lmf"/>
    </term>
    <term tid="t_11" lemma="muf" type="open" pos="G">
      <span>
        <target id="w_11"/>
      </span>
      <sentiment polarity="negative" resource="VUA_olery_lexicon_nl_lmf"/>
    </term>
    <term tid="t_12" lemma="rook" type="open" pos="N">
      <span>
        <target id="w_12"/>
      </span>
      <sentiment polarity="negative" resource="VUA_olery_lexicon_nl_lmf"/>
    </term>
    <term tid="t_13" lemma="." type="open">
      <span>
        <target id="w_13"/>
      </span>
    </term>
    <term tid="t_14" lemma="in" type="open">
      <span>
        <target id="w_14"/>
      </span>
    </term>
    <term tid="t_15" lemma="de" type="open">
      <span>
        <target id="w_15"/>
      </span>
    </term>
    <term tid="t_16" lemma="kamer" type="open">
      <span>
        <target id="w_16"/>
      </span>
    </term>
    <term tid="t_17" lemma="geen" type="open">
      <span>
        <target id="w_17"/>
      </span>
      <sentiment sentiment_modifier="shifter" resource="VUA_olery_lexicon_nl_lmf"/>
    </term>
    <term tid="t_18" lemma="stoel" type="open">
      <span>
        <target id="w_18"/>
      </span>
    </term>
    <term tid="t_19" lemma="en" type="open">
      <span>
        <target id="w_19"/>
      </span>
    </term>
    <term tid="t_20" lemma="niets" type="open">
      <span>
        <target id="w_20"/>
      </span>
      <sentiment sentiment_modifier="shifter" resource="VUA_olery_lexicon_nl_lmf"/>
    </term>
    <term tid="t_21" lemma="om" type="open">
      <span>
        <target id="w_21"/>
      </span>
    </term>
    <term tid="t_22" lemma="je" type="open">
      <span>
        <target id="w_22"/>
      </span>
    </term>
    <term tid="t_23" lemma="handdoeken" type="open">
      <span>
        <target id="w_23"/>
      </span>
    </term>
    <term tid="t_24" lemma="aan" type="open">
      <span>
        <target id="w_24"/>
      </span>
    </term>
    <term tid="t_25" lemma="of" type="open">
      <span>
        <target id="w_25"/>
      </span>
    </term>
    <term tid="t_26" lemma="over" type="open">
      <span>
        <target id="w_26"/>
      </span>
    </term>
    <term tid="t_27" lemma="te" type="open">
      <span>
        <target id="w_27"/>
      </span>
    </term>
    <term tid="t_28" lemma="hangen" type="open">
      <span>
        <target id="w_28"/>
      </span>
    </term>
    <term tid="t_29" lemma="." type="open">
      <span>
        <target id="w_29"/>
      </span>
    </term>
    <term tid="t_30" lemma="de" type="open">
      <span>
        <target id="w_30"/>
      </span>
    </term>
    <term tid="t_31" lemma="(" type="open">
      <span>
        <target id="w_31"/>
      </span>
    </term>
    <term tid="t_32" lemma="stort" type="open">
      <span>
        <target id="w_32"/>
      </span>
    </term>
    <term tid="t_33" lemma=")" type="open">
      <span>
        <target id="w_33"/>
      </span>
    </term>
    <term tid="t_34" lemma="douche" type="open">
      <span>
        <target id="w_34"/>
      </span>
    </term>
    <term tid="t_35" lemma="midden" type="open">
      <span>
        <target id="w_35"/>
      </span>
    </term>
    <term tid="t_36" lemma="in" type="open">
      <span>
        <target id="w_36"/>
      </span>
    </term>
    <term tid="t_37" lemma="de" type="open">
      <span>
        <target id="w_37"/>
      </span>
    </term>
    <term tid="t_38" lemma="kamer" type="open">
      <span>
        <target id="w_38"/>
      </span>
    </term>
    <term tid="t_39" lemma="zonder" type="open">
      <span>
        <target id="w_39"/>
      </span>
      <sentiment sentiment_modifier="shifter" resource="VUA_olery_lexicon_nl_lmf"/>
    </term>
    <term tid="t_40" lemma="afscheiding" type="open">
      <span>
        <target id="w_40"/>
      </span>
    </term>
    <term tid="t_41" lemma="," type="open">
      <span>
        <target id="w_41"/>
      </span>
    </term>
    <term tid="t_42" lemma="datis" type="open">
      <span>
        <target id="w_42"/>
      </span>
    </term>
    <term tid="t_43" lemma="niet" type="open">
      <span>
        <target id="w_43"/>
      </span>
      <sentiment sentiment_modifier="shifter" resource="VUA_olery_lexicon_nl_lmf"/>
    </term>
    <term tid="t_44" lemma="leuk" type="open" pos="G">
      <span>
        <target id="w_44"/>
      </span>
      <sentiment polarity="positive" resource="VUA_olery_lexicon_nl_lmf"/>
    </term>
    <term tid="t_45" lemma="want" type="open">
      <span>
        <target id="w_45"/>
      </span>
    </term>
    <term tid="t_46" lemma="je" type="open">
      <span>
        <target id="w_46"/>
      </span>
    </term>
    <term tid="t_47" lemma="hebt" type="open">
      <span>
        <target id="w_47"/>
      </span>
    </term>
    <term tid="t_48" lemma="gewoon" type="open">
      <span>
        <target id="w_48"/>
      </span>
    </term>
    <term tid="t_49" lemma="een" type="open">
      <span>
        <target id="w_49"/>
      </span>
    </term>
    <term tid="t_50" lemma="waterballet" type="open">
      <span>
        <target id="w_50"/>
      </span>
    </term>
    <term tid="t_51" lemma="." type="open">
      <span>
        <target id="w_51"/>
      </span>
    </term>
    <term tid="t_52" lemma="voor" type="open">
      <span>
        <target id="w_52"/>
      </span>
    </term>
    <term tid="t_53" lemma="de" type="open">
      <span>
        <target id="w_53"/>
      </span>
    </term>
    <term tid="t_54" lemma="prijs" type="open">
      <span>
        <target id="w_54"/>
      </span>
    </term>
    <term tid="t_55" lemma="van" type="open">
      <span>
        <target id="w_55"/>
      </span>
    </term>
    <term tid="t_56" lemma="de" type="open">
      <span>
        <target id="w_56"/>
      </span>
    </term>
    <term tid="t_57" lemma="kamer" type="open">
      <span>
        <target id="w_57"/>
      </span>
    </term>
    <term tid="t_58" lemma="een" type="open">
      <span>
        <target id="w_58"/>
      </span>
    </term>
    <term tid="t_59" lemma="troosteloze" type="open">
      <span>
        <target id="w_59"/>
      </span>
    </term>
    <term tid="t_60" lemma="bedoeling" type="open">
      <span>
        <target id="w_60"/>
      </span>
    </term>
    <term tid="t_61" lemma="." type="open">
      <span>
        <target id="w_61"/>
      </span>
    </term>
  </terms>
  <entities>
    <entity type="ORG" eid="e_1">
      <span>
        <target id="t_4"/>
      </span>
      <span>
        <target id="t_16"/>
      </span>
      <span>
        <target id="t_38"/>
      </span>
      <span>
        <target id="t_57"/>
      </span>
    </entity>
  </entities>
  <properties>
    <property type="cleanliness" pid="p_1">
      <span>
        <target id="t_12"/>
      </span>
    </property>
    <property type="value_for_money" pid="p_2">
      <span>
        <target id="t_54"/>
      </span>
    </property>
    <property type="bathroom" pid="p_3">
      <span>
        <target id="t_34"/>
      </span>
    </property>
    <property type="room" pid="p_4">
      <span>
        <target id="t_4"/>
      </span>
      <span>
        <target id="t_16"/>
      </span>
      <span>
        <target id="t_38"/>
      </span>
      <span>
        <target id="t_57"/>
      </span>
    </property>
  </properties>
  <opinions>
    <opinion oid="o_1">
      <opinion_target>
        <span>
          <target id="t_7"/>
        </span>
      </opinion_target>
      <opinion_expression polarity="negative" strength="-3">
        <span>
          <target id="t_11"/>
          <target id="t_10"/>
          <target id="t_12"/>
        </span>
      </opinion_expression>
    </opinion>
    <opinion oid="o_2">
      <opinion_target>
        <span>
          <target id="t_47"/>
        </span>
      </opinion_target>
      <opinion_expression polarity="negative" strength="-1">
        <span>
          <target id="t_44"/>
          <target id="t_43"/>
        </span>
      </opinion_expression>
    </opinion>
  </opinions>
</KAF>
