<?xml version='1.0' encoding='UTF-8'?>
<KAF xml:lang="nl">
  <linguisticProcessors layer="text">
    <lp timestamp="2013-01-06T18:45:17CET" version="2.0" name="SentenceTokenizer"/>
  </linguisticProcessors>
  <linguisticProcessors layer="terms">
    <lp timestamp="2013-01-06T18:45:17CET" version="2.0" name="SentenceTokenizer"/>
    <lp timestamp="2013-01-06T18:45:17CET" version="1.0" name="SimplePolarityTagger"/>
  </linguisticProcessors>
  <linguisticProcessor layer="opinions">
    <lp timestamp="2013-01-06T18:45:18CET" version="1.0" name="SimpleOpinionDetector"/>
  </linguisticProcessor>
  <linguisticProcessor layer="properties">
    <lp timestamp="2013-01-06T18:45:17CET" version="1.0" name="SimplePropRecognizer_lookup"/>
  </linguisticProcessor>
  <linguisticProcessor layer="entities">
    <lp timestamp="2013-01-06T18:45:17CET" version="1.0" name="SimpleNER_lookup"/>
  </linguisticProcessor>
  <text>
    <wf wid="w_1" para="1" sent="1">Dit</wf>
    <wf wid="w_2" para="1" sent="1">is</wf>
    <wf wid="w_3" para="1" sent="1">geen</wf>
    <wf wid="w_4" para="1" sent="1">hotel</wf>
    <wf wid="w_5" para="1" sent="1">.</wf>
    <wf wid="w_6" para="1" sent="2">Dit</wf>
    <wf wid="w_7" para="1" sent="2">is</wf>
    <wf wid="w_8" para="1" sent="2">echt</wf>
    <wf wid="w_9" para="1" sent="2">geen</wf>
    <wf wid="w_10" para="1" sent="2">hotel</wf>
    <wf wid="w_11" para="1" sent="2">,</wf>
    <wf wid="w_12" para="1" sent="2">en</wf>
    <wf wid="w_13" para="1" sent="2">zeker</wf>
    <wf wid="w_14" para="1" sent="2">geen</wf>
    <wf wid="w_15" para="1" sent="2">3</wf>
    <wf wid="w_16" para="1" sent="2">sterren</wf>
    <wf wid="w_17" para="1" sent="2">.</wf>
    <wf wid="w_18" para="1" sent="3">Ik</wf>
    <wf wid="w_19" para="1" sent="3">begrijp</wf>
    <wf wid="w_20" para="1" sent="3">niet</wf>
    <wf wid="w_21" para="1" sent="3">hoe</wf>
    <wf wid="w_22" para="1" sent="3">zoiets</wf>
    <wf wid="w_23" para="1" sent="3">gelijk</wf>
    <wf wid="w_24" para="1" sent="3">kan</wf>
    <wf wid="w_25" para="1" sent="3">staan</wf>
    <wf wid="w_26" para="1" sent="3">aan</wf>
    <wf wid="w_27" para="1" sent="3">sterren</wf>
    <wf wid="w_28" para="1" sent="3">(3</wf>
    <wf wid="w_29" para="1" sent="3">)</wf>
    <wf wid="w_30" para="1" sent="3">als</wf>
    <wf wid="w_31" para="1" sent="3">bv</wf>
    <wf wid="w_32" para="1" sent="3">hotel</wf>
    <wf wid="w_33" para="1" sent="3">de</wf>
    <wf wid="w_34" para="1" sent="3">Molenbosch</wf>
    <wf wid="w_35" para="1" sent="3">(de</wf>
    <wf wid="w_36" para="1" sent="3">Cocksdorp</wf>
    <wf wid="w_37" para="1" sent="3">)</wf>
    <wf wid="w_38" para="1" sent="3">waar</wf>
    <wf wid="w_39" para="1" sent="3">ik</wf>
    <wf wid="w_40" para="1" sent="3">de</wf>
    <wf wid="w_41" para="1" sent="3">eerste</wf>
    <wf wid="w_42" para="1" sent="3">nacht</wf>
    <wf wid="w_43" para="1" sent="3">verbleef</wf>
    <wf wid="w_44" para="1" sent="3">.</wf>
    <wf wid="w_45" para="1" sent="4">De</wf>
    <wf wid="w_46" para="1" sent="4">Molenbosch</wf>
    <wf wid="w_47" para="1" sent="4">was</wf>
    <wf wid="w_48" para="1" sent="4">echt</wf>
    <wf wid="w_49" para="1" sent="4">super</wf>
    <wf wid="w_50" para="1" sent="4">,</wf>
    <wf wid="w_51" para="1" sent="4">van</wf>
    <wf wid="w_52" para="1" sent="4">alle</wf>
    <wf wid="w_53" para="1" sent="4">gemakken</wf>
    <wf wid="w_54" para="1" sent="4">voorzien</wf>
    <wf wid="w_55" para="1" sent="4">,</wf>
    <wf wid="w_56" para="1" sent="4">heerlijk</wf>
    <wf wid="w_57" para="1" sent="4">schoon</wf>
    <wf wid="w_58" para="1" sent="4">,</wf>
    <wf wid="w_59" para="1" sent="4">rustig</wf>
    <wf wid="w_60" para="1" sent="4">,</wf>
    <wf wid="w_61" para="1" sent="4">echt</wf>
    <wf wid="w_62" para="1" sent="4">luxe</wf>
    <wf wid="w_63" para="1" sent="4">.</wf>
    <wf wid="w_64" para="1" sent="5">En</wf>
    <wf wid="w_65" para="1" sent="5">dan</wf>
    <wf wid="w_66" para="1" sent="5">kom</wf>
    <wf wid="w_67" para="1" sent="5">je</wf>
    <wf wid="w_68" para="1" sent="5">de</wf>
    <wf wid="w_69" para="1" sent="5">dag</wf>
    <wf wid="w_70" para="1" sent="5">erna</wf>
    <wf wid="w_71" para="1" sent="5">in</wf>
    <wf wid="w_72" para="1" sent="5">Den</wf>
    <wf wid="w_73" para="1" sent="5">Burg</wf>
    <wf wid="w_74" para="1" sent="5">aan</wf>
    <wf wid="w_75" para="1" sent="5">in</wf>
    <wf wid="w_76" para="1" sent="5">een</wf>
    <wf wid="w_77" para="1" sent="5">of</wf>
    <wf wid="w_78" para="1" sent="5">andere</wf>
    <wf wid="w_79" para="1" sent="5">jeugdherberg</wf>
    <wf wid="w_80" para="1" sent="5">met</wf>
    <wf wid="w_81" para="1" sent="5">de</wf>
    <wf wid="w_82" para="1" sent="5">naam</wf>
    <wf wid="w_83" para="1" sent="5">Koogerend</wf>
    <wf wid="w_84" para="1" sent="5">,</wf>
    <wf wid="w_85" para="1" sent="5">wat</wf>
    <wf wid="w_86" para="1" sent="5">een</wf>
    <wf wid="w_87" para="1" sent="5">zielige</wf>
    <wf wid="w_88" para="1" sent="5">vertoning</wf>
    <wf wid="w_89" para="1" sent="5">.</wf>
    <wf wid="w_90" para="1" sent="6">Kamertje</wf>
    <wf wid="w_91" para="1" sent="6">van</wf>
    <wf wid="w_92" para="1" sent="6">nog</wf>
    <wf wid="w_93" para="1" sent="6">geen</wf>
    <wf wid="w_94" para="1" sent="6">2</wf>
    <wf wid="w_95" para="1" sent="6">,</wf>
    <wf wid="w_96" para="1" sent="6">5m2</wf>
    <wf wid="w_97" para="1" sent="6">en</wf>
    <wf wid="w_98" para="1" sent="6">geen</wf>
    <wf wid="w_99" para="1" sent="6">eigen</wf>
    <wf wid="w_100" para="1" sent="6">toilet</wf>
    <wf wid="w_101" para="1" sent="6">of</wf>
    <wf wid="w_102" para="1" sent="6">douche</wf>
    <wf wid="w_103" para="1" sent="6">(las</wf>
    <wf wid="w_104" para="1" sent="6">dat</wf>
    <wf wid="w_105" para="1" sent="6">nog</wf>
    <wf wid="w_106" para="1" sent="6">geeneens</wf>
    <wf wid="w_107" para="1" sent="6">in</wf>
    <wf wid="w_108" para="1" sent="6">vorige</wf>
    <wf wid="w_109" para="1" sent="6">reviews</wf>
    <wf wid="w_110" para="1" sent="6">,</wf>
    <wf wid="w_111" para="1" sent="6">maar</wf>
    <wf wid="w_112" para="1" sent="6">was</wf>
    <wf wid="w_113" para="1" sent="6">voor</wf>
    <wf wid="w_114" para="1" sent="6">mij</wf>
    <wf wid="w_115" para="1" sent="6">een</wf>
    <wf wid="w_116" para="1" sent="6">enorme</wf>
    <wf wid="w_117" para="1" sent="6">verrassing</wf>
    <wf wid="w_118" para="1" sent="6">,</wf>
    <wf wid="w_119" para="1" sent="6">nog</wf>
    <wf wid="w_120" para="1" sent="6">nooit</wf>
    <wf wid="w_121" para="1" sent="6">eerder</wf>
    <wf wid="w_122" para="1" sent="6">gehad</wf>
    <wf wid="w_123" para="1" sent="6">)</wf>
    <wf wid="w_124" para="1" sent="6">.</wf>
    <wf wid="w_125" para="1" sent="7">Je</wf>
    <wf wid="w_126" para="1" sent="7">moet</wf>
    <wf wid="w_127" para="1" sent="7">dus</wf>
    <wf wid="w_128" para="1" sent="7">met</wf>
    <wf wid="w_129" para="1" sent="7">je</wf>
    <wf wid="w_130" para="1" sent="7">handdoekje</wf>
    <wf wid="w_131" para="1" sent="7">de</wf>
    <wf wid="w_132" para="1" sent="7">gang</wf>
    <wf wid="w_133" para="1" sent="7">over</wf>
    <wf wid="w_134" para="1" sent="7">naar</wf>
    <wf wid="w_135" para="1" sent="7">een</wf>
    <wf wid="w_136" para="1" sent="7">gezamelijk</wf>
    <wf wid="w_137" para="1" sent="7">douchekamertje</wf>
    <wf wid="w_138" para="1" sent="7">met</wf>
    <wf wid="w_139" para="1" sent="7">2</wf>
    <wf wid="w_140" para="1" sent="7">douchekabinetjes</wf>
    <wf wid="w_141" para="1" sent="7">.</wf>
    <wf wid="w_142" para="1" sent="8">En</wf>
    <wf wid="w_143" para="1" sent="8">gehorig</wf>
    <wf wid="w_144" para="1" sent="8">dat</wf>
    <wf wid="w_145" para="1" sent="8">het</wf>
    <wf wid="w_146" para="1" sent="8">er</wf>
    <wf wid="w_147" para="1" sent="8">is</wf>
    <wf wid="w_148" para="1" sent="8">,</wf>
    <wf wid="w_149" para="1" sent="8">de</wf>
    <wf wid="w_150" para="1" sent="8">hele</wf>
    <wf wid="w_151" para="1" sent="8">nacht</wf>
    <wf wid="w_152" para="1" sent="8">elk</wf>
    <wf wid="w_153" para="1" sent="8">uur</wf>
    <wf wid="w_154" para="1" sent="8">wakker</wf>
    <wf wid="w_155" para="1" sent="8">geworden</wf>
    <wf wid="w_156" para="1" sent="8">,</wf>
    <wf wid="w_157" para="1" sent="8">altijd</wf>
    <wf wid="w_158" para="1" sent="8">wel</wf>
    <wf wid="w_159" para="1" sent="8">iemand</wf>
    <wf wid="w_160" para="1" sent="8">die</wf>
    <wf wid="w_161" para="1" sent="8">wat</wf>
    <wf wid="w_162" para="1" sent="8">te</wf>
    <wf wid="w_163" para="1" sent="8">doen</wf>
    <wf wid="w_164" para="1" sent="8">had</wf>
    <wf wid="w_165" para="1" sent="8">blijkbaar</wf>
    <wf wid="w_166" para="1" sent="8">midden</wf>
    <wf wid="w_167" para="1" sent="8">in</wf>
    <wf wid="w_168" para="1" sent="8">de</wf>
    <wf wid="w_169" para="1" sent="8">nacht</wf>
    <wf wid="w_170" para="1" sent="8">.</wf>
    <wf wid="w_171" para="1" sent="9">Een</wf>
    <wf wid="w_172" para="1" sent="9">en</wf>
    <wf wid="w_173" para="1" sent="9">al</wf>
    <wf wid="w_174" para="1" sent="9">gebonk</wf>
    <wf wid="w_175" para="1" sent="9">en</wf>
    <wf wid="w_176" para="1" sent="9">trapoploop</wf>
    <wf wid="w_177" para="1" sent="9">geluid</wf>
    <wf wid="w_178" para="1" sent="9">naast</wf>
    <wf wid="w_179" para="1" sent="9">je</wf>
    <wf wid="w_180" para="1" sent="9">(ik</wf>
    <wf wid="w_181" para="1" sent="9">had</wf>
    <wf wid="w_182" para="1" sent="9">kamertje</wf>
    <wf wid="w_183" para="1" sent="9">28</wf>
    <wf wid="w_184" para="1" sent="9">)</wf>
    <wf wid="w_185" para="1" sent="9">.</wf>
    <wf wid="w_186" para="1" sent="10">Zelfs</wf>
    <wf wid="w_187" para="1" sent="10">het</wf>
    <wf wid="w_188" para="1" sent="10">raam</wf>
    <wf wid="w_189" para="1" sent="10">open</wf>
    <wf wid="w_190" para="1" sent="10">(bij</wf>
    <wf wid="w_191" para="1" sent="10">nog</wf>
    <wf wid="w_192" para="1" sent="10">warm</wf>
    <wf wid="w_193" para="1" sent="10">kamertje</wf>
    <wf wid="w_194" para="1" sent="10">)</wf>
    <wf wid="w_195" para="1" sent="10">was</wf>
    <wf wid="w_196" para="1" sent="10">al</wf>
    <wf wid="w_197" para="1" sent="10">geen</wf>
    <wf wid="w_198" para="1" sent="10">aanrader</wf>
    <wf wid="w_199" para="1" sent="10">met</wf>
    <wf wid="w_200" para="1" sent="10">het</wf>
    <wf wid="w_201" para="1" sent="10">personeel</wf>
    <wf wid="w_202" para="1" sent="10">pal</wf>
    <wf wid="w_203" para="1" sent="10">eronder</wf>
    <wf wid="w_204" para="1" sent="10">wat</wf>
    <wf wid="w_205" para="1" sent="10">daaronder</wf>
    <wf wid="w_206" para="1" sent="10">een</wf>
    <wf wid="w_207" para="1" sent="10">sigaretje</wf>
    <wf wid="w_208" para="1" sent="10">rookte</wf>
    <wf wid="w_209" para="1" sent="10">en</wf>
    <wf wid="w_210" para="1" sent="10">bijkletste</wf>
    <wf wid="w_211" para="1" sent="10">en</wf>
    <wf wid="w_212" para="1" sent="10">rare</wf>
    <wf wid="w_213" para="1" sent="10">alarmgeluidjes</wf>
    <wf wid="w_214" para="1" sent="10">de</wf>
    <wf wid="w_215" para="1" sent="10">hele</wf>
    <wf wid="w_216" para="1" sent="10">tijd</wf>
    <wf wid="w_217" para="1" sent="10">.</wf>
    <wf wid="w_218" para="1" sent="11">Ik</wf>
    <wf wid="w_219" para="1" sent="11">begrijp</wf>
    <wf wid="w_220" para="1" sent="11">niet</wf>
    <wf wid="w_221" para="1" sent="11">dat</wf>
    <wf wid="w_222" para="1" sent="11">er</wf>
    <wf wid="w_223" para="1" sent="11">iemand</wf>
    <wf wid="w_224" para="1" sent="11">&amp;quot</wf>
    <wf wid="w_225" para="1" sent="11">.</wf>
    <wf wid="w_226" para="1" sent="12">prima</wf>
    <wf wid="w_227" para="1" sent="12">hotel</wf>
    <wf wid="w_228" para="1" sent="12">&amp;quot</wf>
    <wf wid="w_229" para="1" sent="12">;</wf>
    <wf wid="w_230" para="1" sent="12">zou</wf>
    <wf wid="w_231" para="1" sent="12">kunnen</wf>
    <wf wid="w_232" para="1" sent="12">schrijven</wf>
    <wf wid="w_233" para="1" sent="12">over</wf>
    <wf wid="w_234" para="1" sent="12">zoiets</wf>
    <wf wid="w_235" para="1" sent="12">,</wf>
    <wf wid="w_236" para="1" sent="12">behalve</wf>
    <wf wid="w_237" para="1" sent="12">dat</wf>
    <wf wid="w_238" para="1" sent="12">het</wf>
    <wf wid="w_239" para="1" sent="12">eigen</wf>
    <wf wid="w_240" para="1" sent="12">personeel</wf>
    <wf wid="w_241" para="1" sent="12">is</wf>
    <wf wid="w_242" para="1" sent="12">.</wf>
    <wf wid="w_243" para="1" sent="13">Bij</wf>
    <wf wid="w_244" para="1" sent="13">het</wf>
    <wf wid="w_245" para="1" sent="13">vertrek</wf>
    <wf wid="w_246" para="1" sent="13">wilde</wf>
    <wf wid="w_247" para="1" sent="13">ik</wf>
    <wf wid="w_248" para="1" sent="13">nog</wf>
    <wf wid="w_249" para="1" sent="13">even</wf>
    <wf wid="w_250" para="1" sent="13">naar</wf>
    <wf wid="w_251" para="1" sent="13">het</wf>
    <wf wid="w_252" para="1" sent="13">toilet</wf>
    <wf wid="w_253" para="1" sent="13">,</wf>
    <wf wid="w_254" para="1" sent="13">maar</wf>
    <wf wid="w_255" para="1" sent="13">mijnheer</wf>
    <wf wid="w_256" para="1" sent="13">voor</wf>
    <wf wid="w_257" para="1" sent="13">mij</wf>
    <wf wid="w_258" para="1" sent="13">had</wf>
    <wf wid="w_259" para="1" sent="13">niet</wf>
    <wf wid="w_260" para="1" sent="13">doorgetrokken</wf>
    <wf wid="w_261" para="1" sent="13">,</wf>
    <wf wid="w_262" para="1" sent="13">dus</wf>
    <wf wid="w_263" para="1" sent="13">maar</wf>
    <wf wid="w_264" para="1" sent="13">direct</wf>
    <wf wid="w_265" para="1" sent="13">weggegaan</wf>
    <wf wid="w_266" para="1" sent="13">.</wf>
    <wf wid="w_267" para="1" sent="14">Zielige</wf>
    <wf wid="w_268" para="1" sent="14">vertoning</wf>
    <wf wid="w_269" para="1" sent="14">,</wf>
    <wf wid="w_270" para="1" sent="14">niks</wf>
    <wf wid="w_271" para="1" sent="14">hotel</wf>
    <wf wid="w_272" para="1" sent="14">,</wf>
    <wf wid="w_273" para="1" sent="14">lawaaiig</wf>
    <wf wid="w_274" para="1" sent="14">vies</wf>
    <wf wid="w_275" para="1" sent="14">pakhuis</wf>
    <wf wid="w_276" para="1" sent="14">.</wf>
  </text>
  <terms>
    <term tid="t_1" lemma="dit" type="open">
      <span>
        <target id="w_1"/>
      </span>
    </term>
    <term tid="t_2" lemma="is" type="open">
      <span>
        <target id="w_2"/>
      </span>
    </term>
    <term tid="t_3" lemma="geen" type="open">
      <span>
        <target id="w_3"/>
      </span>
      <sentiment sentiment_modifier="shifter" resource="VUA_olery_lexicon_nl_lmf"/>
    </term>
    <term tid="t_4" lemma="hotel" type="open">
      <span>
        <target id="w_4"/>
      </span>
    </term>
    <term tid="t_5" lemma="." type="open">
      <span>
        <target id="w_5"/>
      </span>
    </term>
    <term tid="t_6" lemma="dit" type="open">
      <span>
        <target id="w_6"/>
      </span>
    </term>
    <term tid="t_7" lemma="is" type="open">
      <span>
        <target id="w_7"/>
      </span>
    </term>
    <term tid="t_8" lemma="echt" type="open">
      <span>
        <target id="w_8"/>
      </span>
      <sentiment sentiment_modifier="intensifier" resource="VUA_olery_lexicon_nl_lmf"/>
    </term>
    <term tid="t_9" lemma="geen" type="open">
      <span>
        <target id="w_9"/>
      </span>
      <sentiment sentiment_modifier="shifter" resource="VUA_olery_lexicon_nl_lmf"/>
    </term>
    <term tid="t_10" lemma="hotel" type="open">
      <span>
        <target id="w_10"/>
      </span>
    </term>
    <term tid="t_11" lemma="," type="open">
      <span>
        <target id="w_11"/>
      </span>
    </term>
    <term tid="t_12" lemma="en" type="open">
      <span>
        <target id="w_12"/>
      </span>
    </term>
    <term tid="t_13" lemma="zeker" type="open">
      <span>
        <target id="w_13"/>
      </span>
    </term>
    <term tid="t_14" lemma="geen" type="open">
      <span>
        <target id="w_14"/>
      </span>
      <sentiment sentiment_modifier="shifter" resource="VUA_olery_lexicon_nl_lmf"/>
    </term>
    <term tid="t_15" lemma="3" type="open">
      <span>
        <target id="w_15"/>
      </span>
    </term>
    <term tid="t_16" lemma="sterren" type="open">
      <span>
        <target id="w_16"/>
      </span>
    </term>
    <term tid="t_17" lemma="." type="open">
      <span>
        <target id="w_17"/>
      </span>
    </term>
    <term tid="t_18" lemma="ik" type="open">
      <span>
        <target id="w_18"/>
      </span>
    </term>
    <term tid="t_19" lemma="begrijp" type="open">
      <span>
        <target id="w_19"/>
      </span>
    </term>
    <term tid="t_20" lemma="niet" type="open">
      <span>
        <target id="w_20"/>
      </span>
      <sentiment sentiment_modifier="shifter" resource="VUA_olery_lexicon_nl_lmf"/>
    </term>
    <term tid="t_21" lemma="hoe" type="open">
      <span>
        <target id="w_21"/>
      </span>
    </term>
    <term tid="t_22" lemma="zoiets" type="open">
      <span>
        <target id="w_22"/>
      </span>
    </term>
    <term tid="t_23" lemma="gelijk" type="open">
      <span>
        <target id="w_23"/>
      </span>
    </term>
    <term tid="t_24" lemma="kan" type="open">
      <span>
        <target id="w_24"/>
      </span>
    </term>
    <term tid="t_25" lemma="staan" type="open">
      <span>
        <target id="w_25"/>
      </span>
    </term>
    <term tid="t_26" lemma="aan" type="open">
      <span>
        <target id="w_26"/>
      </span>
    </term>
    <term tid="t_27" lemma="sterren" type="open">
      <span>
        <target id="w_27"/>
      </span>
    </term>
    <term tid="t_28" lemma="(3" type="open">
      <span>
        <target id="w_28"/>
      </span>
    </term>
    <term tid="t_29" lemma=")" type="open">
      <span>
        <target id="w_29"/>
      </span>
    </term>
    <term tid="t_30" lemma="als" type="open">
      <span>
        <target id="w_30"/>
      </span>
    </term>
    <term tid="t_31" lemma="bv" type="open">
      <span>
        <target id="w_31"/>
      </span>
    </term>
    <term tid="t_32" lemma="hotel" type="open">
      <span>
        <target id="w_32"/>
      </span>
    </term>
    <term tid="t_33" lemma="de" type="open">
      <span>
        <target id="w_33"/>
      </span>
    </term>
    <term tid="t_34" lemma="molenbosch" type="open">
      <span>
        <target id="w_34"/>
      </span>
    </term>
    <term tid="t_35" lemma="(de" type="open">
      <span>
        <target id="w_35"/>
      </span>
    </term>
    <term tid="t_36" lemma="cocksdorp" type="open">
      <span>
        <target id="w_36"/>
      </span>
    </term>
    <term tid="t_37" lemma=")" type="open">
      <span>
        <target id="w_37"/>
      </span>
    </term>
    <term tid="t_38" lemma="waar" type="open">
      <span>
        <target id="w_38"/>
      </span>
    </term>
    <term tid="t_39" lemma="ik" type="open">
      <span>
        <target id="w_39"/>
      </span>
    </term>
    <term tid="t_40" lemma="de" type="open">
      <span>
        <target id="w_40"/>
      </span>
    </term>
    <term tid="t_41" lemma="eerste" type="open">
      <span>
        <target id="w_41"/>
      </span>
    </term>
    <term tid="t_42" lemma="nacht" type="open">
      <span>
        <target id="w_42"/>
      </span>
    </term>
    <term tid="t_43" lemma="verbleef" type="open">
      <span>
        <target id="w_43"/>
      </span>
    </term>
    <term tid="t_44" lemma="." type="open">
      <span>
        <target id="w_44"/>
      </span>
    </term>
    <term tid="t_45" lemma="de" type="open">
      <span>
        <target id="w_45"/>
      </span>
    </term>
    <term tid="t_46" lemma="molenbosch" type="open">
      <span>
        <target id="w_46"/>
      </span>
    </term>
    <term tid="t_47" lemma="was" type="open">
      <span>
        <target id="w_47"/>
      </span>
    </term>
    <term tid="t_48" lemma="echt" type="open">
      <span>
        <target id="w_48"/>
      </span>
      <sentiment sentiment_modifier="intensifier" resource="VUA_olery_lexicon_nl_lmf"/>
    </term>
    <term tid="t_49" lemma="super" type="open" pos="N">
      <span>
        <target id="w_49"/>
      </span>
      <sentiment polarity="positive" resource="VUA_olery_lexicon_nl_lmf"/>
    </term>
    <term tid="t_50" lemma="," type="open">
      <span>
        <target id="w_50"/>
      </span>
    </term>
    <term tid="t_51" lemma="van" type="open">
      <span>
        <target id="w_51"/>
      </span>
    </term>
    <term tid="t_52" lemma="alle" type="open">
      <span>
        <target id="w_52"/>
      </span>
    </term>
    <term tid="t_53" lemma="gemakken" type="open">
      <span>
        <target id="w_53"/>
      </span>
    </term>
    <term tid="t_54" lemma="voorzien" type="open">
      <span>
        <target id="w_54"/>
      </span>
    </term>
    <term tid="t_55" lemma="," type="open">
      <span>
        <target id="w_55"/>
      </span>
    </term>
    <term tid="t_56" lemma="heerlijk" type="open" pos="G">
      <span>
        <target id="w_56"/>
      </span>
      <sentiment polarity="positive" resource="VUA_olery_lexicon_nl_lmf"/>
    </term>
    <term tid="t_57" lemma="schoon" type="open" pos="G">
      <span>
        <target id="w_57"/>
      </span>
      <sentiment polarity="positive" resource="VUA_olery_lexicon_nl_lmf"/>
    </term>
    <term tid="t_58" lemma="," type="open">
      <span>
        <target id="w_58"/>
      </span>
    </term>
    <term tid="t_59" lemma="rustig" type="open" pos="G">
      <span>
        <target id="w_59"/>
      </span>
      <sentiment polarity="positive" resource="VUA_olery_lexicon_nl_lmf"/>
    </term>
    <term tid="t_60" lemma="," type="open">
      <span>
        <target id="w_60"/>
      </span>
    </term>
    <term tid="t_61" lemma="echt" type="open">
      <span>
        <target id="w_61"/>
      </span>
      <sentiment sentiment_modifier="intensifier" resource="VUA_olery_lexicon_nl_lmf"/>
    </term>
    <term tid="t_62" lemma="luxe" type="open" pos="N">
      <span>
        <target id="w_62"/>
      </span>
      <sentiment polarity="positive" resource="VUA_olery_lexicon_nl_lmf"/>
    </term>
    <term tid="t_63" lemma="." type="open">
      <span>
        <target id="w_63"/>
      </span>
    </term>
    <term tid="t_64" lemma="en" type="open">
      <span>
        <target id="w_64"/>
      </span>
    </term>
    <term tid="t_65" lemma="dan" type="open">
      <span>
        <target id="w_65"/>
      </span>
    </term>
    <term tid="t_66" lemma="kom" type="open">
      <span>
        <target id="w_66"/>
      </span>
    </term>
    <term tid="t_67" lemma="je" type="open">
      <span>
        <target id="w_67"/>
      </span>
    </term>
    <term tid="t_68" lemma="de" type="open">
      <span>
        <target id="w_68"/>
      </span>
    </term>
    <term tid="t_69" lemma="dag" type="open">
      <span>
        <target id="w_69"/>
      </span>
    </term>
    <term tid="t_70" lemma="erna" type="open">
      <span>
        <target id="w_70"/>
      </span>
    </term>
    <term tid="t_71" lemma="in" type="open">
      <span>
        <target id="w_71"/>
      </span>
    </term>
    <term tid="t_72" lemma="den" type="open">
      <span>
        <target id="w_72"/>
      </span>
    </term>
    <term tid="t_73" lemma="burg" type="open">
      <span>
        <target id="w_73"/>
      </span>
    </term>
    <term tid="t_74" lemma="aan" type="open">
      <span>
        <target id="w_74"/>
      </span>
    </term>
    <term tid="t_75" lemma="in" type="open">
      <span>
        <target id="w_75"/>
      </span>
    </term>
    <term tid="t_76" lemma="een" type="open">
      <span>
        <target id="w_76"/>
      </span>
    </term>
    <term tid="t_77" lemma="of" type="open">
      <span>
        <target id="w_77"/>
      </span>
    </term>
    <term tid="t_78" lemma="andere" type="open">
      <span>
        <target id="w_78"/>
      </span>
    </term>
    <term tid="t_79" lemma="jeugdherberg" type="open">
      <span>
        <target id="w_79"/>
      </span>
    </term>
    <term tid="t_80" lemma="met" type="open">
      <span>
        <target id="w_80"/>
      </span>
    </term>
    <term tid="t_81" lemma="de" type="open">
      <span>
        <target id="w_81"/>
      </span>
    </term>
    <term tid="t_82" lemma="naam" type="open">
      <span>
        <target id="w_82"/>
      </span>
    </term>
    <term tid="t_83" lemma="koogerend" type="open">
      <span>
        <target id="w_83"/>
      </span>
    </term>
    <term tid="t_84" lemma="," type="open">
      <span>
        <target id="w_84"/>
      </span>
    </term>
    <term tid="t_85" lemma="wat" type="open">
      <span>
        <target id="w_85"/>
      </span>
    </term>
    <term tid="t_86" lemma="een" type="open">
      <span>
        <target id="w_86"/>
      </span>
    </term>
    <term tid="t_87" lemma="zielige" type="open">
      <span>
        <target id="w_87"/>
      </span>
    </term>
    <term tid="t_88" lemma="vertoning" type="open">
      <span>
        <target id="w_88"/>
      </span>
    </term>
    <term tid="t_89" lemma="." type="open">
      <span>
        <target id="w_89"/>
      </span>
    </term>
    <term tid="t_90" lemma="kamertje" type="open">
      <span>
        <target id="w_90"/>
      </span>
    </term>
    <term tid="t_91" lemma="van" type="open">
      <span>
        <target id="w_91"/>
      </span>
    </term>
    <term tid="t_92" lemma="nog" type="open">
      <span>
        <target id="w_92"/>
      </span>
    </term>
    <term tid="t_93" lemma="geen" type="open">
      <span>
        <target id="w_93"/>
      </span>
      <sentiment sentiment_modifier="shifter" resource="VUA_olery_lexicon_nl_lmf"/>
    </term>
    <term tid="t_94" lemma="2" type="open">
      <span>
        <target id="w_94"/>
      </span>
    </term>
    <term tid="t_95" lemma="," type="open">
      <span>
        <target id="w_95"/>
      </span>
    </term>
    <term tid="t_96" lemma="5m2" type="open">
      <span>
        <target id="w_96"/>
      </span>
    </term>
    <term tid="t_97" lemma="en" type="open">
      <span>
        <target id="w_97"/>
      </span>
    </term>
    <term tid="t_98" lemma="geen" type="open">
      <span>
        <target id="w_98"/>
      </span>
      <sentiment sentiment_modifier="shifter" resource="VUA_olery_lexicon_nl_lmf"/>
    </term>
    <term tid="t_99" lemma="eigen" type="open">
      <span>
        <target id="w_99"/>
      </span>
    </term>
    <term tid="t_100" lemma="toilet" type="open">
      <span>
        <target id="w_100"/>
      </span>
    </term>
    <term tid="t_101" lemma="of" type="open">
      <span>
        <target id="w_101"/>
      </span>
    </term>
    <term tid="t_102" lemma="douche" type="open">
      <span>
        <target id="w_102"/>
      </span>
    </term>
    <term tid="t_103" lemma="(las" type="open">
      <span>
        <target id="w_103"/>
      </span>
    </term>
    <term tid="t_104" lemma="dat" type="open">
      <span>
        <target id="w_104"/>
      </span>
    </term>
    <term tid="t_105" lemma="nog" type="open">
      <span>
        <target id="w_105"/>
      </span>
    </term>
    <term tid="t_106" lemma="geeneens" type="open">
      <span>
        <target id="w_106"/>
      </span>
    </term>
    <term tid="t_107" lemma="in" type="open">
      <span>
        <target id="w_107"/>
      </span>
    </term>
    <term tid="t_108" lemma="vorige" type="open">
      <span>
        <target id="w_108"/>
      </span>
    </term>
    <term tid="t_109" lemma="reviews" type="open">
      <span>
        <target id="w_109"/>
      </span>
    </term>
    <term tid="t_110" lemma="," type="open">
      <span>
        <target id="w_110"/>
      </span>
    </term>
    <term tid="t_111" lemma="maar" type="open">
      <span>
        <target id="w_111"/>
      </span>
    </term>
    <term tid="t_112" lemma="was" type="open">
      <span>
        <target id="w_112"/>
      </span>
    </term>
    <term tid="t_113" lemma="voor" type="open">
      <span>
        <target id="w_113"/>
      </span>
    </term>
    <term tid="t_114" lemma="mij" type="open">
      <span>
        <target id="w_114"/>
      </span>
    </term>
    <term tid="t_115" lemma="een" type="open">
      <span>
        <target id="w_115"/>
      </span>
    </term>
    <term tid="t_116" lemma="enorme" type="open">
      <span>
        <target id="w_116"/>
      </span>
    </term>
    <term tid="t_117" lemma="verrassing" type="open">
      <span>
        <target id="w_117"/>
      </span>
    </term>
    <term tid="t_118" lemma="," type="open">
      <span>
        <target id="w_118"/>
      </span>
    </term>
    <term tid="t_119" lemma="nog" type="open">
      <span>
        <target id="w_119"/>
      </span>
    </term>
    <term tid="t_120" lemma="nooit" type="open">
      <span>
        <target id="w_120"/>
      </span>
      <sentiment sentiment_modifier="shifter" resource="VUA_olery_lexicon_nl_lmf"/>
    </term>
    <term tid="t_121" lemma="eerder" type="open">
      <span>
        <target id="w_121"/>
      </span>
    </term>
    <term tid="t_122" lemma="gehad" type="open">
      <span>
        <target id="w_122"/>
      </span>
    </term>
    <term tid="t_123" lemma=")" type="open">
      <span>
        <target id="w_123"/>
      </span>
    </term>
    <term tid="t_124" lemma="." type="open">
      <span>
        <target id="w_124"/>
      </span>
    </term>
    <term tid="t_125" lemma="je" type="open">
      <span>
        <target id="w_125"/>
      </span>
    </term>
    <term tid="t_126" lemma="moet" type="open">
      <span>
        <target id="w_126"/>
      </span>
    </term>
    <term tid="t_127" lemma="dus" type="open">
      <span>
        <target id="w_127"/>
      </span>
    </term>
    <term tid="t_128" lemma="met" type="open">
      <span>
        <target id="w_128"/>
      </span>
    </term>
    <term tid="t_129" lemma="je" type="open">
      <span>
        <target id="w_129"/>
      </span>
    </term>
    <term tid="t_130" lemma="handdoekje" type="open">
      <span>
        <target id="w_130"/>
      </span>
    </term>
    <term tid="t_131" lemma="de" type="open">
      <span>
        <target id="w_131"/>
      </span>
    </term>
    <term tid="t_132" lemma="gang" type="open">
      <span>
        <target id="w_132"/>
      </span>
    </term>
    <term tid="t_133" lemma="over" type="open">
      <span>
        <target id="w_133"/>
      </span>
    </term>
    <term tid="t_134" lemma="naar" type="open" pos="G">
      <span>
        <target id="w_134"/>
      </span>
      <sentiment polarity="negative" resource="VUA_olery_lexicon_nl_lmf"/>
    </term>
    <term tid="t_135" lemma="een" type="open">
      <span>
        <target id="w_135"/>
      </span>
    </term>
    <term tid="t_136" lemma="gezamelijk" type="open">
      <span>
        <target id="w_136"/>
      </span>
    </term>
    <term tid="t_137" lemma="douchekamertje" type="open">
      <span>
        <target id="w_137"/>
      </span>
    </term>
    <term tid="t_138" lemma="met" type="open">
      <span>
        <target id="w_138"/>
      </span>
    </term>
    <term tid="t_139" lemma="2" type="open">
      <span>
        <target id="w_139"/>
      </span>
    </term>
    <term tid="t_140" lemma="douchekabinetjes" type="open">
      <span>
        <target id="w_140"/>
      </span>
    </term>
    <term tid="t_141" lemma="." type="open">
      <span>
        <target id="w_141"/>
      </span>
    </term>
    <term tid="t_142" lemma="en" type="open">
      <span>
        <target id="w_142"/>
      </span>
    </term>
    <term tid="t_143" lemma="gehorig" type="open" pos="G">
      <span>
        <target id="w_143"/>
      </span>
      <sentiment polarity="negative" resource="VUA_olery_lexicon_nl_lmf"/>
    </term>
    <term tid="t_144" lemma="dat" type="open">
      <span>
        <target id="w_144"/>
      </span>
    </term>
    <term tid="t_145" lemma="het" type="open">
      <span>
        <target id="w_145"/>
      </span>
    </term>
    <term tid="t_146" lemma="er" type="open">
      <span>
        <target id="w_146"/>
      </span>
    </term>
    <term tid="t_147" lemma="is" type="open">
      <span>
        <target id="w_147"/>
      </span>
    </term>
    <term tid="t_148" lemma="," type="open">
      <span>
        <target id="w_148"/>
      </span>
    </term>
    <term tid="t_149" lemma="de" type="open">
      <span>
        <target id="w_149"/>
      </span>
    </term>
    <term tid="t_150" lemma="hele" type="open">
      <span>
        <target id="w_150"/>
      </span>
    </term>
    <term tid="t_151" lemma="nacht" type="open">
      <span>
        <target id="w_151"/>
      </span>
    </term>
    <term tid="t_152" lemma="elk" type="open">
      <span>
        <target id="w_152"/>
      </span>
    </term>
    <term tid="t_153" lemma="uur" type="open">
      <span>
        <target id="w_153"/>
      </span>
    </term>
    <term tid="t_154" lemma="wakker" type="open" pos="G">
      <span>
        <target id="w_154"/>
      </span>
      <sentiment polarity="positive" resource="VUA_olery_lexicon_nl_lmf"/>
    </term>
    <term tid="t_155" lemma="geworden" type="open">
      <span>
        <target id="w_155"/>
      </span>
    </term>
    <term tid="t_156" lemma="," type="open">
      <span>
        <target id="w_156"/>
      </span>
    </term>
    <term tid="t_157" lemma="altijd" type="open">
      <span>
        <target id="w_157"/>
      </span>
      <sentiment sentiment_modifier="intensifier" resource="VUA_olery_lexicon_nl_lmf"/>
    </term>
    <term tid="t_158" lemma="wel" type="open">
      <span>
        <target id="w_158"/>
      </span>
    </term>
    <term tid="t_159" lemma="iemand" type="open">
      <span>
        <target id="w_159"/>
      </span>
    </term>
    <term tid="t_160" lemma="die" type="open">
      <span>
        <target id="w_160"/>
      </span>
    </term>
    <term tid="t_161" lemma="wat" type="open">
      <span>
        <target id="w_161"/>
      </span>
    </term>
    <term tid="t_162" lemma="te" type="open">
      <span>
        <target id="w_162"/>
      </span>
    </term>
    <term tid="t_163" lemma="doen" type="open">
      <span>
        <target id="w_163"/>
      </span>
    </term>
    <term tid="t_164" lemma="had" type="open">
      <span>
        <target id="w_164"/>
      </span>
    </term>
    <term tid="t_165" lemma="blijkbaar" type="open">
      <span>
        <target id="w_165"/>
      </span>
    </term>
    <term tid="t_166" lemma="midden" type="open">
      <span>
        <target id="w_166"/>
      </span>
    </term>
    <term tid="t_167" lemma="in" type="open">
      <span>
        <target id="w_167"/>
      </span>
    </term>
    <term tid="t_168" lemma="de" type="open">
      <span>
        <target id="w_168"/>
      </span>
    </term>
    <term tid="t_169" lemma="nacht" type="open">
      <span>
        <target id="w_169"/>
      </span>
    </term>
    <term tid="t_170" lemma="." type="open">
      <span>
        <target id="w_170"/>
      </span>
    </term>
    <term tid="t_171" lemma="een" type="open">
      <span>
        <target id="w_171"/>
      </span>
    </term>
    <term tid="t_172" lemma="en" type="open">
      <span>
        <target id="w_172"/>
      </span>
    </term>
    <term tid="t_173" lemma="al" type="open">
      <span>
        <target id="w_173"/>
      </span>
    </term>
    <term tid="t_174" lemma="gebonk" type="open">
      <span>
        <target id="w_174"/>
      </span>
    </term>
    <term tid="t_175" lemma="en" type="open">
      <span>
        <target id="w_175"/>
      </span>
    </term>
    <term tid="t_176" lemma="trapoploop" type="open">
      <span>
        <target id="w_176"/>
      </span>
    </term>
    <term tid="t_177" lemma="geluid" type="open">
      <span>
        <target id="w_177"/>
      </span>
    </term>
    <term tid="t_178" lemma="naast" type="open">
      <span>
        <target id="w_178"/>
      </span>
    </term>
    <term tid="t_179" lemma="je" type="open">
      <span>
        <target id="w_179"/>
      </span>
    </term>
    <term tid="t_180" lemma="(ik" type="open">
      <span>
        <target id="w_180"/>
      </span>
    </term>
    <term tid="t_181" lemma="had" type="open">
      <span>
        <target id="w_181"/>
      </span>
    </term>
    <term tid="t_182" lemma="kamertje" type="open">
      <span>
        <target id="w_182"/>
      </span>
    </term>
    <term tid="t_183" lemma="28" type="open">
      <span>
        <target id="w_183"/>
      </span>
    </term>
    <term tid="t_184" lemma=")" type="open">
      <span>
        <target id="w_184"/>
      </span>
    </term>
    <term tid="t_185" lemma="." type="open">
      <span>
        <target id="w_185"/>
      </span>
    </term>
    <term tid="t_186" lemma="zelfs" type="open">
      <span>
        <target id="w_186"/>
      </span>
    </term>
    <term tid="t_187" lemma="het" type="open">
      <span>
        <target id="w_187"/>
      </span>
    </term>
    <term tid="t_188" lemma="raam" type="open">
      <span>
        <target id="w_188"/>
      </span>
    </term>
    <term tid="t_189" lemma="open" type="open">
      <span>
        <target id="w_189"/>
      </span>
    </term>
    <term tid="t_190" lemma="(bij" type="open">
      <span>
        <target id="w_190"/>
      </span>
    </term>
    <term tid="t_191" lemma="nog" type="open">
      <span>
        <target id="w_191"/>
      </span>
    </term>
    <term tid="t_192" lemma="warm" type="open">
      <span>
        <target id="w_192"/>
      </span>
    </term>
    <term tid="t_193" lemma="kamertje" type="open">
      <span>
        <target id="w_193"/>
      </span>
    </term>
    <term tid="t_194" lemma=")" type="open">
      <span>
        <target id="w_194"/>
      </span>
    </term>
    <term tid="t_195" lemma="was" type="open">
      <span>
        <target id="w_195"/>
      </span>
    </term>
    <term tid="t_196" lemma="al" type="open">
      <span>
        <target id="w_196"/>
      </span>
    </term>
    <term tid="t_197" lemma="geen" type="open">
      <span>
        <target id="w_197"/>
      </span>
      <sentiment sentiment_modifier="shifter" resource="VUA_olery_lexicon_nl_lmf"/>
    </term>
    <term tid="t_198" lemma="aanrader" type="open" pos="N">
      <span>
        <target id="w_198"/>
      </span>
      <sentiment polarity="positive" resource="VUA_olery_lexicon_nl_lmf"/>
    </term>
    <term tid="t_199" lemma="met" type="open">
      <span>
        <target id="w_199"/>
      </span>
    </term>
    <term tid="t_200" lemma="het" type="open">
      <span>
        <target id="w_200"/>
      </span>
    </term>
    <term tid="t_201" lemma="personeel" type="open">
      <span>
        <target id="w_201"/>
      </span>
    </term>
    <term tid="t_202" lemma="pal" type="open">
      <span>
        <target id="w_202"/>
      </span>
    </term>
    <term tid="t_203" lemma="eronder" type="open">
      <span>
        <target id="w_203"/>
      </span>
    </term>
    <term tid="t_204" lemma="wat" type="open">
      <span>
        <target id="w_204"/>
      </span>
    </term>
    <term tid="t_205" lemma="daaronder" type="open">
      <span>
        <target id="w_205"/>
      </span>
    </term>
    <term tid="t_206" lemma="een" type="open">
      <span>
        <target id="w_206"/>
      </span>
    </term>
    <term tid="t_207" lemma="sigaretje" type="open">
      <span>
        <target id="w_207"/>
      </span>
    </term>
    <term tid="t_208" lemma="rookte" type="open">
      <span>
        <target id="w_208"/>
      </span>
    </term>
    <term tid="t_209" lemma="en" type="open">
      <span>
        <target id="w_209"/>
      </span>
    </term>
    <term tid="t_210" lemma="bijkletste" type="open">
      <span>
        <target id="w_210"/>
      </span>
    </term>
    <term tid="t_211" lemma="en" type="open">
      <span>
        <target id="w_211"/>
      </span>
    </term>
    <term tid="t_212" lemma="rare" type="open" pos="G">
      <span>
        <target id="w_212"/>
      </span>
      <sentiment polarity="negative" resource="VUA_olery_lexicon_nl_lmf"/>
    </term>
    <term tid="t_213" lemma="alarmgeluidjes" type="open">
      <span>
        <target id="w_213"/>
      </span>
    </term>
    <term tid="t_214" lemma="de" type="open">
      <span>
        <target id="w_214"/>
      </span>
    </term>
    <term tid="t_215" lemma="hele" type="open">
      <span>
        <target id="w_215"/>
      </span>
    </term>
    <term tid="t_216" lemma="tijd" type="open">
      <span>
        <target id="w_216"/>
      </span>
    </term>
    <term tid="t_217" lemma="." type="open">
      <span>
        <target id="w_217"/>
      </span>
    </term>
    <term tid="t_218" lemma="ik" type="open">
      <span>
        <target id="w_218"/>
      </span>
    </term>
    <term tid="t_219" lemma="begrijp" type="open">
      <span>
        <target id="w_219"/>
      </span>
    </term>
    <term tid="t_220" lemma="niet" type="open">
      <span>
        <target id="w_220"/>
      </span>
      <sentiment sentiment_modifier="shifter" resource="VUA_olery_lexicon_nl_lmf"/>
    </term>
    <term tid="t_221" lemma="dat" type="open">
      <span>
        <target id="w_221"/>
      </span>
    </term>
    <term tid="t_222" lemma="er" type="open">
      <span>
        <target id="w_222"/>
      </span>
    </term>
    <term tid="t_223" lemma="iemand" type="open">
      <span>
        <target id="w_223"/>
      </span>
    </term>
    <term tid="t_224" lemma="&amp;quot" type="open">
      <span>
        <target id="w_224"/>
      </span>
    </term>
    <term tid="t_225" lemma="." type="open">
      <span>
        <target id="w_225"/>
      </span>
    </term>
    <term tid="t_226" lemma="prima" type="open" pos="G">
      <span>
        <target id="w_226"/>
      </span>
      <sentiment polarity="positive" resource="VUA_olery_lexicon_nl_lmf"/>
    </term>
    <term tid="t_227" lemma="hotel" type="open">
      <span>
        <target id="w_227"/>
      </span>
    </term>
    <term tid="t_228" lemma="&amp;quot" type="open">
      <span>
        <target id="w_228"/>
      </span>
    </term>
    <term tid="t_229" lemma=";" type="open">
      <span>
        <target id="w_229"/>
      </span>
    </term>
    <term tid="t_230" lemma="zou" type="open">
      <span>
        <target id="w_230"/>
      </span>
    </term>
    <term tid="t_231" lemma="kunnen" type="open">
      <span>
        <target id="w_231"/>
      </span>
    </term>
    <term tid="t_232" lemma="schrijven" type="open">
      <span>
        <target id="w_232"/>
      </span>
    </term>
    <term tid="t_233" lemma="over" type="open">
      <span>
        <target id="w_233"/>
      </span>
    </term>
    <term tid="t_234" lemma="zoiets" type="open">
      <span>
        <target id="w_234"/>
      </span>
    </term>
    <term tid="t_235" lemma="," type="open">
      <span>
        <target id="w_235"/>
      </span>
    </term>
    <term tid="t_236" lemma="behalve" type="open">
      <span>
        <target id="w_236"/>
      </span>
    </term>
    <term tid="t_237" lemma="dat" type="open">
      <span>
        <target id="w_237"/>
      </span>
    </term>
    <term tid="t_238" lemma="het" type="open">
      <span>
        <target id="w_238"/>
      </span>
    </term>
    <term tid="t_239" lemma="eigen" type="open">
      <span>
        <target id="w_239"/>
      </span>
    </term>
    <term tid="t_240" lemma="personeel" type="open">
      <span>
        <target id="w_240"/>
      </span>
    </term>
    <term tid="t_241" lemma="is" type="open">
      <span>
        <target id="w_241"/>
      </span>
    </term>
    <term tid="t_242" lemma="." type="open">
      <span>
        <target id="w_242"/>
      </span>
    </term>
    <term tid="t_243" lemma="bij" type="open">
      <span>
        <target id="w_243"/>
      </span>
    </term>
    <term tid="t_244" lemma="het" type="open">
      <span>
        <target id="w_244"/>
      </span>
    </term>
    <term tid="t_245" lemma="vertrek" type="open">
      <span>
        <target id="w_245"/>
      </span>
    </term>
    <term tid="t_246" lemma="wilde" type="open">
      <span>
        <target id="w_246"/>
      </span>
    </term>
    <term tid="t_247" lemma="ik" type="open">
      <span>
        <target id="w_247"/>
      </span>
    </term>
    <term tid="t_248" lemma="nog" type="open">
      <span>
        <target id="w_248"/>
      </span>
    </term>
    <term tid="t_249" lemma="even" type="open">
      <span>
        <target id="w_249"/>
      </span>
    </term>
    <term tid="t_250" lemma="naar" type="open" pos="G">
      <span>
        <target id="w_250"/>
      </span>
      <sentiment polarity="negative" resource="VUA_olery_lexicon_nl_lmf"/>
    </term>
    <term tid="t_251" lemma="het" type="open">
      <span>
        <target id="w_251"/>
      </span>
    </term>
    <term tid="t_252" lemma="toilet" type="open">
      <span>
        <target id="w_252"/>
      </span>
    </term>
    <term tid="t_253" lemma="," type="open">
      <span>
        <target id="w_253"/>
      </span>
    </term>
    <term tid="t_254" lemma="maar" type="open">
      <span>
        <target id="w_254"/>
      </span>
    </term>
    <term tid="t_255" lemma="mijnheer" type="open">
      <span>
        <target id="w_255"/>
      </span>
    </term>
    <term tid="t_256" lemma="voor" type="open">
      <span>
        <target id="w_256"/>
      </span>
    </term>
    <term tid="t_257" lemma="mij" type="open">
      <span>
        <target id="w_257"/>
      </span>
    </term>
    <term tid="t_258" lemma="had" type="open">
      <span>
        <target id="w_258"/>
      </span>
    </term>
    <term tid="t_259" lemma="niet" type="open">
      <span>
        <target id="w_259"/>
      </span>
      <sentiment sentiment_modifier="shifter" resource="VUA_olery_lexicon_nl_lmf"/>
    </term>
    <term tid="t_260" lemma="doorgetrokken" type="open">
      <span>
        <target id="w_260"/>
      </span>
    </term>
    <term tid="t_261" lemma="," type="open">
      <span>
        <target id="w_261"/>
      </span>
    </term>
    <term tid="t_262" lemma="dus" type="open">
      <span>
        <target id="w_262"/>
      </span>
    </term>
    <term tid="t_263" lemma="maar" type="open">
      <span>
        <target id="w_263"/>
      </span>
    </term>
    <term tid="t_264" lemma="direct" type="open">
      <span>
        <target id="w_264"/>
      </span>
    </term>
    <term tid="t_265" lemma="weggegaan" type="open">
      <span>
        <target id="w_265"/>
      </span>
    </term>
    <term tid="t_266" lemma="." type="open">
      <span>
        <target id="w_266"/>
      </span>
    </term>
    <term tid="t_267" lemma="zielige" type="open">
      <span>
        <target id="w_267"/>
      </span>
    </term>
    <term tid="t_268" lemma="vertoning" type="open">
      <span>
        <target id="w_268"/>
      </span>
    </term>
    <term tid="t_269" lemma="," type="open">
      <span>
        <target id="w_269"/>
      </span>
    </term>
    <term tid="t_270" lemma="niks" type="open">
      <span>
        <target id="w_270"/>
      </span>
      <sentiment sentiment_modifier="shifter" resource="VUA_olery_lexicon_nl_lmf"/>
    </term>
    <term tid="t_271" lemma="hotel" type="open">
      <span>
        <target id="w_271"/>
      </span>
    </term>
    <term tid="t_272" lemma="," type="open">
      <span>
        <target id="w_272"/>
      </span>
    </term>
    <term tid="t_273" lemma="lawaaiig" type="open" pos="G">
      <span>
        <target id="w_273"/>
      </span>
      <sentiment polarity="negative" resource="VUA_olery_lexicon_nl_lmf"/>
    </term>
    <term tid="t_274" lemma="vies" type="open" pos="G">
      <span>
        <target id="w_274"/>
      </span>
      <sentiment polarity="negative" resource="VUA_olery_lexicon_nl_lmf"/>
    </term>
    <term tid="t_275" lemma="pakhuis" type="open">
      <span>
        <target id="w_275"/>
      </span>
    </term>
    <term tid="t_276" lemma="." type="open">
      <span>
        <target id="w_276"/>
      </span>
    </term>
  </terms>
  <entities>
    <entity type="MISC" eid="e_1">
      <span>
        <target id="t_31"/>
      </span>
    </entity>
    <entity type="PER" eid="e_2">
      <span>
        <target id="t_226"/>
      </span>
    </entity>
    <entity type="PER" eid="e_3">
      <span>
        <target id="t_94"/>
      </span>
      <span>
        <target id="t_139"/>
      </span>
    </entity>
    <entity type="PER" eid="e_4">
      <span>
        <target id="t_99"/>
      </span>
      <span>
        <target id="t_239"/>
      </span>
    </entity>
    <entity type="LOC" eid="e_5">
      <span>
        <target id="t_72"/>
      </span>
    </entity>
    <entity type="MISC" eid="e_6">
      <span>
        <target id="t_189"/>
      </span>
    </entity>
  </entities>
  <properties>
    <property type="bathroom" pid="p_1">
      <span>
        <target id="t_100"/>
      </span>
      <span>
        <target id="t_102"/>
      </span>
      <span>
        <target id="t_252"/>
      </span>
    </property>
    <property type="noise" pid="p_2">
      <span>
        <target id="t_143"/>
      </span>
      <span>
        <target id="t_177"/>
      </span>
      <span>
        <target id="t_273"/>
      </span>
    </property>
    <property type="room" pid="p_3">
      <span>
        <target id="t_90"/>
      </span>
      <span>
        <target id="t_182"/>
      </span>
      <span>
        <target id="t_193"/>
      </span>
    </property>
    <property type="cleanliness" pid="p_4">
      <span>
        <target id="t_57"/>
      </span>
      <span>
        <target id="t_274"/>
      </span>
    </property>
    <property type="sleeping_comfort" pid="p_5">
      <span>
        <target id="t_154"/>
      </span>
    </property>
    <property type="location" pid="p_6">
      <span>
        <target id="t_202"/>
      </span>
    </property>
    <property type="staff" pid="p_7">
      <span>
        <target id="t_201"/>
      </span>
      <span>
        <target id="t_240"/>
      </span>
    </property>
  </properties>
  <opinions>
    <opinion oid="o_1">
      <opinion_target>
        <span>
          <target id="t_52"/>
        </span>
      </opinion_target>
      <opinion_expression polarity="positive" strength="2">
        <span>
          <target id="t_49"/>
          <target id="t_48"/>
        </span>
      </opinion_expression>
    </opinion>
    <opinion oid="o_2">
      <opinion_target>
        <span>
          <target id="t_54"/>
        </span>
      </opinion_target>
      <opinion_expression polarity="positive" strength="3">
        <span>
          <target id="t_56"/>
          <target id="t_57"/>
          <target id="t_59"/>
        </span>
      </opinion_expression>
    </opinion>
    <opinion oid="o_3">
      <opinion_target>
        <span>
          <target id="t_136"/>
        </span>
      </opinion_target>
      <opinion_expression polarity="negative" strength="-1">
        <span>
          <target id="t_134"/>
        </span>
      </opinion_expression>
    </opinion>
    <opinion oid="o_4">
      <opinion_target>
        <span>
          <target id="t_155"/>
        </span>
      </opinion_target>
      <opinion_expression polarity="positive" strength="1">
        <span>
          <target id="t_154"/>
        </span>
      </opinion_expression>
    </opinion>
    <opinion oid="o_5">
      <opinion_target>
        <span>
          <target id="t_201"/>
        </span>
      </opinion_target>
      <opinion_expression polarity="negative" strength="-1">
        <span>
          <target id="t_198"/>
          <target id="t_197"/>
        </span>
      </opinion_expression>
    </opinion>
    <opinion oid="o_6">
      <opinion_target>
        <span>
          <target id="t_213"/>
        </span>
      </opinion_target>
      <opinion_expression polarity="negative" strength="-1">
        <span>
          <target id="t_212"/>
        </span>
      </opinion_expression>
    </opinion>
    <opinion oid="o_7">
      <opinion_target>
        <span>
          <target id="t_227"/>
        </span>
      </opinion_target>
      <opinion_expression polarity="positive" strength="1">
        <span>
          <target id="t_226"/>
        </span>
      </opinion_expression>
    </opinion>
    <opinion oid="o_8">
      <opinion_holder>
        <span>
          <target id="t_247"/>
        </span>
      </opinion_holder>
      <opinion_target>
        <span>
          <target id="t_252"/>
        </span>
      </opinion_target>
      <opinion_expression polarity="negative" strength="-1">
        <span>
          <target id="t_250"/>
        </span>
      </opinion_expression>
    </opinion>
    <opinion oid="o_9">
      <opinion_target>
        <span>
          <target id="t_275"/>
        </span>
      </opinion_target>
      <opinion_expression polarity="negative" strength="-2">
        <span>
          <target id="t_273"/>
          <target id="t_274"/>
        </span>
      </opinion_expression>
    </opinion>
  </opinions>
</KAF>
