<?xml version='1.0' encoding='UTF-8'?>
<KAF xml:lang="nl">
  <linguisticProcessors layer="text">
    <lp timestamp="2013-01-06T18:34:22CET" version="2.0" name="SentenceTokenizer"/>
  </linguisticProcessors>
  <linguisticProcessors layer="terms">
    <lp timestamp="2013-01-06T18:34:22CET" version="2.0" name="SentenceTokenizer"/>
    <lp timestamp="2013-01-06T18:34:22CET" version="1.0" name="SimplePolarityTagger"/>
  </linguisticProcessors>
  <linguisticProcessor layer="opinions">
    <lp timestamp="2013-01-06T18:34:22CET" version="1.0" name="SimpleOpinionDetector"/>
  </linguisticProcessor>
  <linguisticProcessor layer="properties">
    <lp timestamp="2013-01-06T18:34:22CET" version="1.0" name="SimplePropRecognizer_lookup"/>
  </linguisticProcessor>
  <linguisticProcessor layer="entities">
    <lp timestamp="2013-01-06T18:34:22CET" version="1.0" name="SimpleNER_lookup"/>
  </linguisticProcessor>
  <text>
    <wf wid="w_1" para="1" sent="1">de</wf>
    <wf wid="w_2" para="1" sent="1">service</wf>
    <wf wid="w_3" para="1" sent="1">was</wf>
    <wf wid="w_4" para="1" sent="1">van</wf>
    <wf wid="w_5" para="1" sent="1">hoge</wf>
    <wf wid="w_6" para="1" sent="1">kwaliteit</wf>
    <wf wid="w_7" para="1" sent="1">mening</wf>
    <wf wid="w_8" para="1" sent="1">collega</wf>
    <wf wid="w_9" para="1" sent="1">,</wf>
    <wf wid="w_10" para="1" sent="1">s</wf>
    <wf wid="w_11" para="1" sent="1">kunnen</wf>
    <wf wid="w_12" para="1" sent="1">hier</wf>
    <wf wid="w_13" para="1" sent="1">een</wf>
    <wf wid="w_14" para="1" sent="1">voorbeeld</wf>
    <wf wid="w_15" para="1" sent="1">aan</wf>
    <wf wid="w_16" para="1" sent="1">nemen</wf>
    <wf wid="w_17" para="1" sent="1">.</wf>
  </text>
  <terms>
    <term tid="t_1" lemma="de" type="open">
      <span>
        <target id="w_1"/>
      </span>
    </term>
    <term tid="t_2" lemma="service" type="open">
      <span>
        <target id="w_2"/>
      </span>
    </term>
    <term tid="t_3" lemma="was" type="open">
      <span>
        <target id="w_3"/>
      </span>
    </term>
    <term tid="t_4" lemma="van" type="open">
      <span>
        <target id="w_4"/>
      </span>
    </term>
    <term tid="t_5" lemma="hoge" type="open">
      <span>
        <target id="w_5"/>
      </span>
    </term>
    <term tid="t_6" lemma="kwaliteit" type="open">
      <span>
        <target id="w_6"/>
      </span>
    </term>
    <term tid="t_7" lemma="mening" type="open">
      <span>
        <target id="w_7"/>
      </span>
    </term>
    <term tid="t_8" lemma="collega" type="open">
      <span>
        <target id="w_8"/>
      </span>
    </term>
    <term tid="t_9" lemma="," type="open">
      <span>
        <target id="w_9"/>
      </span>
    </term>
    <term tid="t_10" lemma="s" type="open">
      <span>
        <target id="w_10"/>
      </span>
    </term>
    <term tid="t_11" lemma="kunnen" type="open">
      <span>
        <target id="w_11"/>
      </span>
    </term>
    <term tid="t_12" lemma="hier" type="open">
      <span>
        <target id="w_12"/>
      </span>
    </term>
    <term tid="t_13" lemma="een" type="open">
      <span>
        <target id="w_13"/>
      </span>
    </term>
    <term tid="t_14" lemma="voorbeeld" type="open">
      <span>
        <target id="w_14"/>
      </span>
    </term>
    <term tid="t_15" lemma="aan" type="open">
      <span>
        <target id="w_15"/>
      </span>
    </term>
    <term tid="t_16" lemma="nemen" type="open">
      <span>
        <target id="w_16"/>
      </span>
    </term>
    <term tid="t_17" lemma="." type="open">
      <span>
        <target id="w_17"/>
      </span>
    </term>
  </terms>
  <entities>
    <entity type="MISC" eid="e_1">
      <span>
        <target id="t_2"/>
      </span>
    </entity>
  </entities>
  <properties>
    <property type="staff" pid="p_1">
      <span>
        <target id="t_2"/>
      </span>
    </property>
  </properties>
</KAF>
