<?xml version='1.0' encoding='UTF-8'?>
<KAF xml:lang="nl">
  <linguisticProcessors layer="text">
    <lp timestamp="2013-01-06T18:44:28CET" version="2.0" name="SentenceTokenizer"/>
  </linguisticProcessors>
  <linguisticProcessors layer="terms">
    <lp timestamp="2013-01-06T18:44:28CET" version="2.0" name="SentenceTokenizer"/>
    <lp timestamp="2013-01-06T18:44:28CET" version="1.0" name="SimplePolarityTagger"/>
  </linguisticProcessors>
  <linguisticProcessor layer="opinions">
    <lp timestamp="2013-01-06T18:44:28CET" version="1.0" name="SimpleOpinionDetector"/>
  </linguisticProcessor>
  <linguisticProcessor layer="properties">
    <lp timestamp="2013-01-06T18:44:28CET" version="1.0" name="SimplePropRecognizer_lookup"/>
  </linguisticProcessor>
  <linguisticProcessor layer="entities">
    <lp timestamp="2013-01-06T18:44:28CET" version="1.0" name="SimpleNER_lookup"/>
  </linguisticProcessor>
  <text>
    <wf wid="w_1" para="1" sent="1">Geen</wf>
    <wf wid="w_2" para="1" sent="1">5</wf>
    <wf wid="w_3" para="1" sent="1">sterren</wf>
    <wf wid="w_4" para="1" sent="1">waard</wf>
    <wf wid="w_5" para="1" sent="1">.</wf>
    <wf wid="w_6" para="1" sent="2">-kamers</wf>
    <wf wid="w_7" para="1" sent="2">niet</wf>
    <wf wid="w_8" para="1" sent="2">in</wf>
    <wf wid="w_9" para="1" sent="2">orde</wf>
    <wf wid="w_10" para="1" sent="2">(barsten</wf>
    <wf wid="w_11" para="1" sent="2">in</wf>
    <wf wid="w_12" para="1" sent="2">bad</wf>
    <wf wid="w_13" para="1" sent="2">-stof</wf>
    <wf wid="w_14" para="1" sent="2">achter</wf>
    <wf wid="w_15" para="1" sent="2">zetel</wf>
    <wf wid="w_16" para="1" sent="2">en</wf>
    <wf wid="w_17" para="1" sent="2">bed</wf>
    <wf wid="w_18" para="1" sent="2">-verouderde</wf>
    <wf wid="w_19" para="1" sent="2">materialen</wf>
    <wf wid="w_20" para="1" sent="2">)</wf>
    <wf wid="w_21" para="1" sent="2">-geen</wf>
    <wf wid="w_22" para="1" sent="2">deftige</wf>
    <wf wid="w_23" para="1" sent="2">ALL</wf>
    <wf wid="w_24" para="1" sent="2">-in</wf>
    <wf wid="w_25" para="1" sent="2">formule</wf>
    <wf wid="w_26" para="1" sent="2">(geen</wf>
    <wf wid="w_27" para="1" sent="2">drinkbaar</wf>
    <wf wid="w_28" para="1" sent="2">water</wf>
    <wf wid="w_29" para="1" sent="2">op</wf>
    <wf wid="w_30" para="1" sent="2">kamer</wf>
    <wf wid="w_31" para="1" sent="2">voor</wf>
    <wf wid="w_32" para="1" sent="2">half</wf>
    <wf wid="w_33" para="1" sent="2">en</wf>
    <wf wid="w_34" para="1" sent="2">vol</wf>
    <wf wid="w_35" para="1" sent="2">pension</wf>
    <wf wid="w_36" para="1" sent="2">-zelfs</wf>
    <wf wid="w_37" para="1" sent="2">niet</wf>
    <wf wid="w_38" para="1" sent="2">in</wf>
    <wf wid="w_39" para="1" sent="2">flessen</wf>
    <wf wid="w_40" para="1" sent="2">)</wf>
    <wf wid="w_41" para="1" sent="2">(amper</wf>
    <wf wid="w_42" para="1" sent="2">snacks</wf>
    <wf wid="w_43" para="1" sent="2">en</wf>
    <wf wid="w_44" para="1" sent="2">drankvariatie</wf>
    <wf wid="w_45" para="1" sent="2">)</wf>
    <wf wid="w_46" para="1" sent="2">(</wf>
    <wf wid="w_47" para="1" sent="2">'ALL</wf>
    <wf wid="w_48" para="1" sent="2">-in</wf>
    <wf wid="w_49" para="1" sent="2">'</wf>
    <wf wid="w_50" para="1" sent="2">tot</wf>
    <wf wid="w_51" para="1" sent="2">22u</wf>
    <wf wid="w_52" para="1" sent="2">..</wf>
    <wf wid="w_53" para="1" sent="3">teleurstellend</wf>
    <wf wid="w_54" para="1" sent="3">)</wf>
    <wf wid="w_55" para="1" sent="3">-maaltijden</wf>
    <wf wid="w_56" para="1" sent="3">ondanks</wf>
    <wf wid="w_57" para="1" sent="3">variatie</wf>
    <wf wid="w_58" para="1" sent="3">elke</wf>
    <wf wid="w_59" para="1" sent="3">dag</wf>
    <wf wid="w_60" para="1" sent="3">hetzelfde</wf>
    <wf wid="w_61" para="1" sent="3">-Buitenmeubilair</wf>
    <wf wid="w_62" para="1" sent="3">niet</wf>
    <wf wid="w_63" para="1" sent="3">proper</wf>
    <wf wid="w_64" para="1" sent="3">(vogelpoep</wf>
    <wf wid="w_65" para="1" sent="3">op</wf>
    <wf wid="w_66" para="1" sent="3">de</wf>
    <wf wid="w_67" para="1" sent="3">zetels</wf>
    <wf wid="w_68" para="1" sent="3">en</wf>
    <wf wid="w_69" para="1" sent="3">placemats</wf>
    <wf wid="w_70" para="1" sent="3">,</wf>
    <wf wid="w_71" para="1" sent="3">die</wf>
    <wf wid="w_72" para="1" sent="3">amper</wf>
    <wf wid="w_73" para="1" sent="3">worden</wf>
    <wf wid="w_74" para="1" sent="3">gekuist</wf>
    <wf wid="w_75" para="1" sent="3">)</wf>
    <wf wid="w_76" para="1" sent="3">-geen</wf>
    <wf wid="w_77" para="1" sent="3">deftige</wf>
    <wf wid="w_78" para="1" sent="3">eerste</wf>
    <wf wid="w_79" para="1" sent="3">hulp</wf>
    <wf wid="w_80" para="1" sent="3">voorziening</wf>
    <wf wid="w_81" para="1" sent="3">in</wf>
    <wf wid="w_82" para="1" sent="3">hotel</wf>
    <wf wid="w_83" para="1" sent="3">.</wf>
    <wf wid="w_84" para="1" sent="4">Na</wf>
    <wf wid="w_85" para="1" sent="4">snijwond</wf>
    <wf wid="w_86" para="1" sent="4">in</wf>
    <wf wid="w_87" para="1" sent="4">voet</wf>
    <wf wid="w_88" para="1" sent="4">aan</wf>
    <wf wid="w_89" para="1" sent="4">zee</wf>
    <wf wid="w_90" para="1" sent="4">amper</wf>
    <wf wid="w_91" para="1" sent="4">voorziening</wf>
    <wf wid="w_92" para="1" sent="4">.</wf>
    <wf wid="w_93" para="1" sent="5">Tenzij</wf>
    <wf wid="w_94" para="1" sent="5">een</wf>
    <wf wid="w_95" para="1" sent="5">verroest</wf>
    <wf wid="w_96" para="1" sent="5">snijmes</wf>
    <wf wid="w_97" para="1" sent="5">.</wf>
    <wf wid="w_98" para="1" sent="6">Vreemd</wf>
    <wf wid="w_99" para="1" sent="6">voor</wf>
    <wf wid="w_100" para="1" sent="6">een</wf>
    <wf wid="w_101" para="1" sent="6">5</wf>
    <wf wid="w_102" para="1" sent="6">sterrenhotel</wf>
    <wf wid="w_103" para="1" sent="6">.</wf>
    <wf wid="w_104" para="1" sent="7">ALGEMENE</wf>
    <wf wid="w_105" para="1" sent="7">KRITIEK</wf>
    <wf wid="w_106" para="1" sent="7">HOTEL</wf>
    <wf wid="w_107" para="1" sent="7">:</wf>
    <wf wid="w_108" para="1" sent="7">GEEN</wf>
    <wf wid="w_109" para="1" sent="7">5</wf>
    <wf wid="w_110" para="1" sent="7">STERREN</wf>
    <wf wid="w_111" para="1" sent="7">WAARD</wf>
    <wf wid="w_112" para="1" sent="7">IN</wf>
    <wf wid="w_113" para="1" sent="7">HET</wf>
    <wf wid="w_114" para="1" sent="7">HOTEL</wf>
    <wf wid="w_115" para="1" sent="7">VOEL</wf>
    <wf wid="w_116" para="1" sent="7">JE</wf>
    <wf wid="w_117" para="1" sent="7">JE</wf>
    <wf wid="w_118" para="1" sent="7">VEELEER</wf>
    <wf wid="w_119" para="1" sent="7">EEN</wf>
    <wf wid="w_120" para="1" sent="7">NUMMER</wf>
    <wf wid="w_121" para="1" sent="7">DAN</wf>
    <wf wid="w_122" para="1" sent="7">EEN</wf>
    <wf wid="w_123" para="1" sent="7">GAST</wf>
    <wf wid="w_124" para="1" sent="7">..</wf>
    <wf wid="w_125" para="1" sent="8">JAMMER</wf>
  </text>
  <terms>
    <term tid="t_1" lemma="geen" type="open">
      <span>
        <target id="w_1"/>
      </span>
      <sentiment sentiment_modifier="shifter" resource="VUA_olery_lexicon_nl_lmf"/>
    </term>
    <term tid="t_2" lemma="5" type="open">
      <span>
        <target id="w_2"/>
      </span>
    </term>
    <term tid="t_3" lemma="sterren" type="open">
      <span>
        <target id="w_3"/>
      </span>
    </term>
    <term tid="t_4" lemma="waard" type="open">
      <span>
        <target id="w_4"/>
      </span>
    </term>
    <term tid="t_5" lemma="." type="open">
      <span>
        <target id="w_5"/>
      </span>
    </term>
    <term tid="t_6" lemma="-kamers" type="open">
      <span>
        <target id="w_6"/>
      </span>
    </term>
    <term tid="t_7" lemma="niet" type="open">
      <span>
        <target id="w_7"/>
      </span>
      <sentiment sentiment_modifier="shifter" resource="VUA_olery_lexicon_nl_lmf"/>
    </term>
    <term tid="t_8" lemma="in" type="open">
      <span>
        <target id="w_8"/>
      </span>
    </term>
    <term tid="t_9" lemma="orde" type="open">
      <span>
        <target id="w_9"/>
      </span>
    </term>
    <term tid="t_10" lemma="(barsten" type="open">
      <span>
        <target id="w_10"/>
      </span>
    </term>
    <term tid="t_11" lemma="in" type="open">
      <span>
        <target id="w_11"/>
      </span>
    </term>
    <term tid="t_12" lemma="bad" type="open">
      <span>
        <target id="w_12"/>
      </span>
    </term>
    <term tid="t_13" lemma="-stof" type="open">
      <span>
        <target id="w_13"/>
      </span>
    </term>
    <term tid="t_14" lemma="achter" type="open">
      <span>
        <target id="w_14"/>
      </span>
    </term>
    <term tid="t_15" lemma="zetel" type="open">
      <span>
        <target id="w_15"/>
      </span>
    </term>
    <term tid="t_16" lemma="en" type="open">
      <span>
        <target id="w_16"/>
      </span>
    </term>
    <term tid="t_17" lemma="bed" type="open">
      <span>
        <target id="w_17"/>
      </span>
    </term>
    <term tid="t_18" lemma="-verouderde" type="open">
      <span>
        <target id="w_18"/>
      </span>
    </term>
    <term tid="t_19" lemma="materialen" type="open">
      <span>
        <target id="w_19"/>
      </span>
    </term>
    <term tid="t_20" lemma=")" type="open">
      <span>
        <target id="w_20"/>
      </span>
    </term>
    <term tid="t_21" lemma="-geen" type="open">
      <span>
        <target id="w_21"/>
      </span>
    </term>
    <term tid="t_22" lemma="deftige" type="open">
      <span>
        <target id="w_22"/>
      </span>
    </term>
    <term tid="t_23" lemma="all" type="open">
      <span>
        <target id="w_23"/>
      </span>
    </term>
    <term tid="t_24" lemma="-in" type="open">
      <span>
        <target id="w_24"/>
      </span>
    </term>
    <term tid="t_25" lemma="formule" type="open">
      <span>
        <target id="w_25"/>
      </span>
    </term>
    <term tid="t_26" lemma="(geen" type="open">
      <span>
        <target id="w_26"/>
      </span>
    </term>
    <term tid="t_27" lemma="drinkbaar" type="open">
      <span>
        <target id="w_27"/>
      </span>
    </term>
    <term tid="t_28" lemma="water" type="open">
      <span>
        <target id="w_28"/>
      </span>
    </term>
    <term tid="t_29" lemma="op" type="open">
      <span>
        <target id="w_29"/>
      </span>
    </term>
    <term tid="t_30" lemma="kamer" type="open">
      <span>
        <target id="w_30"/>
      </span>
    </term>
    <term tid="t_31" lemma="voor" type="open">
      <span>
        <target id="w_31"/>
      </span>
    </term>
    <term tid="t_32" lemma="half" type="open">
      <span>
        <target id="w_32"/>
      </span>
    </term>
    <term tid="t_33" lemma="en" type="open">
      <span>
        <target id="w_33"/>
      </span>
    </term>
    <term tid="t_34" lemma="vol" type="open">
      <span>
        <target id="w_34"/>
      </span>
    </term>
    <term tid="t_35" lemma="pension" type="open">
      <span>
        <target id="w_35"/>
      </span>
    </term>
    <term tid="t_36" lemma="-zelfs" type="open">
      <span>
        <target id="w_36"/>
      </span>
    </term>
    <term tid="t_37" lemma="niet" type="open">
      <span>
        <target id="w_37"/>
      </span>
      <sentiment sentiment_modifier="shifter" resource="VUA_olery_lexicon_nl_lmf"/>
    </term>
    <term tid="t_38" lemma="in" type="open">
      <span>
        <target id="w_38"/>
      </span>
    </term>
    <term tid="t_39" lemma="flessen" type="open">
      <span>
        <target id="w_39"/>
      </span>
    </term>
    <term tid="t_40" lemma=")" type="open">
      <span>
        <target id="w_40"/>
      </span>
    </term>
    <term tid="t_41" lemma="(amper" type="open">
      <span>
        <target id="w_41"/>
      </span>
    </term>
    <term tid="t_42" lemma="snacks" type="open">
      <span>
        <target id="w_42"/>
      </span>
    </term>
    <term tid="t_43" lemma="en" type="open">
      <span>
        <target id="w_43"/>
      </span>
    </term>
    <term tid="t_44" lemma="drankvariatie" type="open">
      <span>
        <target id="w_44"/>
      </span>
    </term>
    <term tid="t_45" lemma=")" type="open">
      <span>
        <target id="w_45"/>
      </span>
    </term>
    <term tid="t_46" lemma="(" type="open">
      <span>
        <target id="w_46"/>
      </span>
    </term>
    <term tid="t_47" lemma="'all" type="open">
      <span>
        <target id="w_47"/>
      </span>
    </term>
    <term tid="t_48" lemma="-in" type="open">
      <span>
        <target id="w_48"/>
      </span>
    </term>
    <term tid="t_49" lemma="'" type="open">
      <span>
        <target id="w_49"/>
      </span>
    </term>
    <term tid="t_50" lemma="tot" type="open">
      <span>
        <target id="w_50"/>
      </span>
    </term>
    <term tid="t_51" lemma="22u" type="open">
      <span>
        <target id="w_51"/>
      </span>
    </term>
    <term tid="t_52" lemma=".." type="open">
      <span>
        <target id="w_52"/>
      </span>
    </term>
    <term tid="t_53" lemma="teleurstellend" type="open">
      <span>
        <target id="w_53"/>
      </span>
    </term>
    <term tid="t_54" lemma=")" type="open">
      <span>
        <target id="w_54"/>
      </span>
    </term>
    <term tid="t_55" lemma="-maaltijden" type="open">
      <span>
        <target id="w_55"/>
      </span>
    </term>
    <term tid="t_56" lemma="ondanks" type="open">
      <span>
        <target id="w_56"/>
      </span>
    </term>
    <term tid="t_57" lemma="variatie" type="open" pos="N">
      <span>
        <target id="w_57"/>
      </span>
      <sentiment polarity="positive" resource="VUA_olery_lexicon_nl_lmf"/>
    </term>
    <term tid="t_58" lemma="elke" type="open">
      <span>
        <target id="w_58"/>
      </span>
    </term>
    <term tid="t_59" lemma="dag" type="open">
      <span>
        <target id="w_59"/>
      </span>
    </term>
    <term tid="t_60" lemma="hetzelfde" type="open">
      <span>
        <target id="w_60"/>
      </span>
    </term>
    <term tid="t_61" lemma="-buitenmeubilair" type="open">
      <span>
        <target id="w_61"/>
      </span>
    </term>
    <term tid="t_62" lemma="niet" type="open">
      <span>
        <target id="w_62"/>
      </span>
      <sentiment sentiment_modifier="shifter" resource="VUA_olery_lexicon_nl_lmf"/>
    </term>
    <term tid="t_63" lemma="proper" type="open" pos="G">
      <span>
        <target id="w_63"/>
      </span>
      <sentiment polarity="positive" resource="VUA_olery_lexicon_nl_lmf"/>
    </term>
    <term tid="t_64" lemma="(vogelpoep" type="open">
      <span>
        <target id="w_64"/>
      </span>
    </term>
    <term tid="t_65" lemma="op" type="open">
      <span>
        <target id="w_65"/>
      </span>
    </term>
    <term tid="t_66" lemma="de" type="open">
      <span>
        <target id="w_66"/>
      </span>
    </term>
    <term tid="t_67" lemma="zetels" type="open">
      <span>
        <target id="w_67"/>
      </span>
    </term>
    <term tid="t_68" lemma="en" type="open">
      <span>
        <target id="w_68"/>
      </span>
    </term>
    <term tid="t_69" lemma="placemats" type="open">
      <span>
        <target id="w_69"/>
      </span>
    </term>
    <term tid="t_70" lemma="," type="open">
      <span>
        <target id="w_70"/>
      </span>
    </term>
    <term tid="t_71" lemma="die" type="open">
      <span>
        <target id="w_71"/>
      </span>
    </term>
    <term tid="t_72" lemma="amper" type="open">
      <span>
        <target id="w_72"/>
      </span>
    </term>
    <term tid="t_73" lemma="worden" type="open">
      <span>
        <target id="w_73"/>
      </span>
    </term>
    <term tid="t_74" lemma="gekuist" type="open">
      <span>
        <target id="w_74"/>
      </span>
    </term>
    <term tid="t_75" lemma=")" type="open">
      <span>
        <target id="w_75"/>
      </span>
    </term>
    <term tid="t_76" lemma="-geen" type="open">
      <span>
        <target id="w_76"/>
      </span>
    </term>
    <term tid="t_77" lemma="deftige" type="open">
      <span>
        <target id="w_77"/>
      </span>
    </term>
    <term tid="t_78" lemma="eerste" type="open">
      <span>
        <target id="w_78"/>
      </span>
    </term>
    <term tid="t_79" lemma="hulp" type="open" pos="N">
      <span>
        <target id="w_79"/>
      </span>
      <sentiment polarity="positive" resource="VUA_olery_lexicon_nl_lmf"/>
    </term>
    <term tid="t_80" lemma="voorziening" type="open">
      <span>
        <target id="w_80"/>
      </span>
    </term>
    <term tid="t_81" lemma="in" type="open">
      <span>
        <target id="w_81"/>
      </span>
    </term>
    <term tid="t_82" lemma="hotel" type="open">
      <span>
        <target id="w_82"/>
      </span>
    </term>
    <term tid="t_83" lemma="." type="open">
      <span>
        <target id="w_83"/>
      </span>
    </term>
    <term tid="t_84" lemma="na" type="open">
      <span>
        <target id="w_84"/>
      </span>
    </term>
    <term tid="t_85" lemma="snijwond" type="open">
      <span>
        <target id="w_85"/>
      </span>
    </term>
    <term tid="t_86" lemma="in" type="open">
      <span>
        <target id="w_86"/>
      </span>
    </term>
    <term tid="t_87" lemma="voet" type="open" pos="N">
      <span>
        <target id="w_87"/>
      </span>
      <sentiment polarity="positive" resource="VUA_olery_lexicon_nl_lmf"/>
    </term>
    <term tid="t_88" lemma="aan" type="open">
      <span>
        <target id="w_88"/>
      </span>
    </term>
    <term tid="t_89" lemma="zee" type="open">
      <span>
        <target id="w_89"/>
      </span>
    </term>
    <term tid="t_90" lemma="amper" type="open">
      <span>
        <target id="w_90"/>
      </span>
    </term>
    <term tid="t_91" lemma="voorziening" type="open">
      <span>
        <target id="w_91"/>
      </span>
    </term>
    <term tid="t_92" lemma="." type="open">
      <span>
        <target id="w_92"/>
      </span>
    </term>
    <term tid="t_93" lemma="tenzij" type="open">
      <span>
        <target id="w_93"/>
      </span>
    </term>
    <term tid="t_94" lemma="een" type="open">
      <span>
        <target id="w_94"/>
      </span>
    </term>
    <term tid="t_95" lemma="verroest" type="open">
      <span>
        <target id="w_95"/>
      </span>
    </term>
    <term tid="t_96" lemma="snijmes" type="open">
      <span>
        <target id="w_96"/>
      </span>
    </term>
    <term tid="t_97" lemma="." type="open">
      <span>
        <target id="w_97"/>
      </span>
    </term>
    <term tid="t_98" lemma="vreemd" type="open" pos="G">
      <span>
        <target id="w_98"/>
      </span>
      <sentiment polarity="negative" resource="VUA_olery_lexicon_nl_lmf"/>
    </term>
    <term tid="t_99" lemma="voor" type="open">
      <span>
        <target id="w_99"/>
      </span>
    </term>
    <term tid="t_100" lemma="een" type="open">
      <span>
        <target id="w_100"/>
      </span>
    </term>
    <term tid="t_101" lemma="5" type="open">
      <span>
        <target id="w_101"/>
      </span>
    </term>
    <term tid="t_102" lemma="sterrenhotel" type="open">
      <span>
        <target id="w_102"/>
      </span>
    </term>
    <term tid="t_103" lemma="." type="open">
      <span>
        <target id="w_103"/>
      </span>
    </term>
    <term tid="t_104" lemma="algemene" type="open">
      <span>
        <target id="w_104"/>
      </span>
    </term>
    <term tid="t_105" lemma="kritiek" type="open" pos="N">
      <span>
        <target id="w_105"/>
      </span>
      <sentiment polarity="negative" resource="VUA_olery_lexicon_nl_lmf"/>
    </term>
    <term tid="t_106" lemma="hotel" type="open">
      <span>
        <target id="w_106"/>
      </span>
    </term>
    <term tid="t_107" lemma=":" type="open">
      <span>
        <target id="w_107"/>
      </span>
    </term>
    <term tid="t_108" lemma="geen" type="open">
      <span>
        <target id="w_108"/>
      </span>
      <sentiment sentiment_modifier="shifter" resource="VUA_olery_lexicon_nl_lmf"/>
    </term>
    <term tid="t_109" lemma="5" type="open">
      <span>
        <target id="w_109"/>
      </span>
    </term>
    <term tid="t_110" lemma="sterren" type="open">
      <span>
        <target id="w_110"/>
      </span>
    </term>
    <term tid="t_111" lemma="waard" type="open">
      <span>
        <target id="w_111"/>
      </span>
    </term>
    <term tid="t_112" lemma="in" type="open">
      <span>
        <target id="w_112"/>
      </span>
    </term>
    <term tid="t_113" lemma="het" type="open">
      <span>
        <target id="w_113"/>
      </span>
    </term>
    <term tid="t_114" lemma="hotel" type="open">
      <span>
        <target id="w_114"/>
      </span>
    </term>
    <term tid="t_115" lemma="voel" type="open">
      <span>
        <target id="w_115"/>
      </span>
    </term>
    <term tid="t_116" lemma="je" type="open">
      <span>
        <target id="w_116"/>
      </span>
    </term>
    <term tid="t_117" lemma="je" type="open">
      <span>
        <target id="w_117"/>
      </span>
    </term>
    <term tid="t_118" lemma="veeleer" type="open">
      <span>
        <target id="w_118"/>
      </span>
    </term>
    <term tid="t_119" lemma="een" type="open">
      <span>
        <target id="w_119"/>
      </span>
    </term>
    <term tid="t_120" lemma="nummer" type="open">
      <span>
        <target id="w_120"/>
      </span>
    </term>
    <term tid="t_121" lemma="dan" type="open">
      <span>
        <target id="w_121"/>
      </span>
    </term>
    <term tid="t_122" lemma="een" type="open">
      <span>
        <target id="w_122"/>
      </span>
    </term>
    <term tid="t_123" lemma="gast" type="open">
      <span>
        <target id="w_123"/>
      </span>
    </term>
    <term tid="t_124" lemma=".." type="open">
      <span>
        <target id="w_124"/>
      </span>
    </term>
    <term tid="t_125" lemma="jammer" type="open" pos="G">
      <span>
        <target id="w_125"/>
      </span>
      <sentiment polarity="negative" resource="VUA_olery_lexicon_nl_lmf"/>
    </term>
  </terms>
  <entities>
    <entity type="PER" eid="e_1">
      <span>
        <target id="t_63"/>
      </span>
    </entity>
    <entity type="ORG" eid="e_2">
      <span>
        <target id="t_30"/>
      </span>
    </entity>
    <entity type="LOC" eid="e_3">
      <span>
        <target id="t_23"/>
      </span>
    </entity>
  </entities>
  <properties>
    <property type="bathroom" pid="p_1">
      <span>
        <target id="t_12"/>
      </span>
      <span>
        <target id="t_28"/>
      </span>
    </property>
    <property type="room" pid="p_2">
      <span>
        <target id="t_30"/>
      </span>
    </property>
    <property type="cleanliness" pid="p_3">
      <span>
        <target id="t_63"/>
      </span>
    </property>
    <property type="sleeping_comfort" pid="p_4">
      <span>
        <target id="t_17"/>
      </span>
    </property>
    <property type="facilities" pid="p_5">
      <span>
        <target id="t_80"/>
      </span>
      <span>
        <target id="t_91"/>
      </span>
    </property>
    <property type="location" pid="p_6">
      <span>
        <target id="t_87"/>
      </span>
      <span>
        <target id="t_89"/>
      </span>
    </property>
    <property type="staff" pid="p_7">
      <span>
        <target id="t_79"/>
      </span>
      <span>
        <target id="t_123"/>
      </span>
    </property>
  </properties>
  <opinions>
    <opinion oid="o_1">
      <opinion_target>
        <span>
          <target id="t_58"/>
        </span>
      </opinion_target>
      <opinion_expression polarity="positive" strength="1">
        <span>
          <target id="t_57"/>
        </span>
      </opinion_expression>
    </opinion>
    <opinion oid="o_2">
      <opinion_target>
        <span>
          <target id="t_64"/>
        </span>
      </opinion_target>
      <opinion_expression polarity="negative" strength="-1">
        <span>
          <target id="t_63"/>
          <target id="t_62"/>
        </span>
      </opinion_expression>
    </opinion>
    <opinion oid="o_3">
      <opinion_target>
        <span>
          <target id="t_80"/>
        </span>
      </opinion_target>
      <opinion_expression polarity="positive" strength="1">
        <span>
          <target id="t_79"/>
        </span>
      </opinion_expression>
    </opinion>
    <opinion oid="o_4">
      <opinion_target>
        <span>
          <target id="t_89"/>
        </span>
      </opinion_target>
      <opinion_expression polarity="positive" strength="1">
        <span>
          <target id="t_87"/>
        </span>
      </opinion_expression>
    </opinion>
    <opinion oid="o_5">
      <opinion_target>
        <span>
          <target id="t_106"/>
        </span>
      </opinion_target>
      <opinion_expression polarity="negative" strength="-1">
        <span>
          <target id="t_105"/>
        </span>
      </opinion_expression>
    </opinion>
  </opinions>
</KAF>
