<?xml version='1.0' encoding='UTF-8'?>
<KAF xml:lang="nl">
  <linguisticProcessors layer="text">
    <lp timestamp="2013-01-06T18:38:35CET" version="2.0" name="SentenceTokenizer"/>
  </linguisticProcessors>
  <linguisticProcessors layer="terms">
    <lp timestamp="2013-01-06T18:38:35CET" version="2.0" name="SentenceTokenizer"/>
    <lp timestamp="2013-01-06T18:38:36CET" version="1.0" name="SimplePolarityTagger"/>
  </linguisticProcessors>
  <linguisticProcessor layer="opinions">
    <lp timestamp="2013-01-06T18:38:36CET" version="1.0" name="SimpleOpinionDetector"/>
  </linguisticProcessor>
  <linguisticProcessor layer="properties">
    <lp timestamp="2013-01-06T18:38:36CET" version="1.0" name="SimplePropRecognizer_lookup"/>
  </linguisticProcessor>
  <linguisticProcessor layer="entities">
    <lp timestamp="2013-01-06T18:38:36CET" version="1.0" name="SimpleNER_lookup"/>
  </linguisticProcessor>
  <text>
    <wf wid="w_1" para="1" sent="1">nooit</wf>
    <wf wid="w_2" para="1" sent="1">meer</wf>
    <wf wid="w_3" para="1" sent="1">,</wf>
    <wf wid="w_4" para="1" sent="1">als</wf>
    <wf wid="w_5" para="1" sent="1">je</wf>
    <wf wid="w_6" para="1" sent="1">luxe</wf>
    <wf wid="w_7" para="1" sent="1">wilt</wf>
    <wf wid="w_8" para="1" sent="1">niet</wf>
    <wf wid="w_9" para="1" sent="1">hierheen</wf>
    <wf wid="w_10" para="1" sent="1">!.</wf>
    <wf wid="w_11" para="1" sent="2">we</wf>
    <wf wid="w_12" para="1" sent="2">hadden</wf>
    <wf wid="w_13" para="1" sent="2">gekozen</wf>
    <wf wid="w_14" para="1" sent="2">voor</wf>
    <wf wid="w_15" para="1" sent="2">hilton</wf>
    <wf wid="w_16" para="1" sent="2">omdat</wf>
    <wf wid="w_17" para="1" sent="2">het</wf>
    <wf wid="w_18" para="1" sent="2">als</wf>
    <wf wid="w_19" para="1" sent="2">keten</wf>
    <wf wid="w_20" para="1" sent="2">naam</wf>
    <wf wid="w_21" para="1" sent="2">goed</wf>
    <wf wid="w_22" para="1" sent="2">en</wf>
    <wf wid="w_23" para="1" sent="2">hoog</wf>
    <wf wid="w_24" para="1" sent="2">staat</wf>
    <wf wid="w_25" para="1" sent="2">aangeschreven</wf>
    <wf wid="w_26" para="1" sent="2">.</wf>
    <wf wid="w_27" para="1" sent="3">het</wf>
    <wf wid="w_28" para="1" sent="3">was</wf>
    <wf wid="w_29" para="1" sent="3">een</wf>
    <wf wid="w_30" para="1" sent="3">huwelijksreis</wf>
    <wf wid="w_31" para="1" sent="3">,</wf>
    <wf wid="w_32" para="1" sent="3">eigenlijk</wf>
    <wf wid="w_33" para="1" sent="3">wilde</wf>
    <wf wid="w_34" para="1" sent="3">ik</wf>
    <wf wid="w_35" para="1" sent="3">hyatt</wf>
    <wf wid="w_36" para="1" sent="3">maar</wf>
    <wf wid="w_37" para="1" sent="3">omdat</wf>
    <wf wid="w_38" para="1" sent="3">mijn</wf>
    <wf wid="w_39" para="1" sent="3">man</wf>
    <wf wid="w_40" para="1" sent="3">zei</wf>
    <wf wid="w_41" para="1" sent="3">dat</wf>
    <wf wid="w_42" para="1" sent="3">hilton</wf>
    <wf wid="w_43" para="1" sent="3">zich</wf>
    <wf wid="w_44" para="1" sent="3">hoog</wf>
    <wf wid="w_45" para="1" sent="3">hoort</wf>
    <wf wid="w_46" para="1" sent="3">te</wf>
    <wf wid="w_47" para="1" sent="3">houde</wf>
    <wf wid="w_48" para="1" sent="3">en</wf>
    <wf wid="w_49" para="1" sent="3">hij</wf>
    <wf wid="w_50" para="1" sent="3">verwachtte</wf>
    <wf wid="w_51" para="1" sent="3">dat</wf>
    <wf wid="w_52" para="1" sent="3">hilton</wf>
    <wf wid="w_53" para="1" sent="3">oom</wf>
    <wf wid="w_54" para="1" sent="3">goed</wf>
    <wf wid="w_55" para="1" sent="3">zou</wf>
    <wf wid="w_56" para="1" sent="3">zijn</wf>
    <wf wid="w_57" para="1" sent="3">.</wf>
    <wf wid="w_58" para="1" sent="4">nou</wf>
    <wf wid="w_59" para="1" sent="4">never</wf>
    <wf wid="w_60" para="1" sent="4">nooit</wf>
    <wf wid="w_61" para="1" sent="4">meer</wf>
    <wf wid="w_62" para="1" sent="4">.</wf>
    <wf wid="w_63" para="1" sent="5">we</wf>
    <wf wid="w_64" para="1" sent="5">kwamen</wf>
    <wf wid="w_65" para="1" sent="5">aan</wf>
    <wf wid="w_66" para="1" sent="5">in</wf>
    <wf wid="w_67" para="1" sent="5">het</wf>
    <wf wid="w_68" para="1" sent="5">paasweekend</wf>
    <wf wid="w_69" para="1" sent="5">,</wf>
    <wf wid="w_70" para="1" sent="5">de</wf>
    <wf wid="w_71" para="1" sent="5">kamer</wf>
    <wf wid="w_72" para="1" sent="5">was</wf>
    <wf wid="w_73" para="1" sent="5">sterk</wf>
    <wf wid="w_74" para="1" sent="5">verouderd</wf>
    <wf wid="w_75" para="1" sent="5">.</wf>
    <wf wid="w_76" para="1" sent="6">upgraden</wf>
    <wf wid="w_77" para="1" sent="6">kon</wf>
    <wf wid="w_78" para="1" sent="6">niet</wf>
    <wf wid="w_79" para="1" sent="6">omdat</wf>
    <wf wid="w_80" para="1" sent="6">alle</wf>
    <wf wid="w_81" para="1" sent="6">kamers</wf>
    <wf wid="w_82" para="1" sent="6">vol</wf>
    <wf wid="w_83" para="1" sent="6">waren</wf>
    <wf wid="w_84" para="1" sent="6">,</wf>
    <wf wid="w_85" para="1" sent="6">dit</wf>
    <wf wid="w_86" para="1" sent="6">kon</wf>
    <wf wid="w_87" para="1" sent="6">pas</wf>
    <wf wid="w_88" para="1" sent="6">na</wf>
    <wf wid="w_89" para="1" sent="6">het</wf>
    <wf wid="w_90" para="1" sent="6">paasweekend</wf>
    <wf wid="w_91" para="1" sent="6">,</wf>
    <wf wid="w_92" para="1" sent="6">toen</wf>
    <wf wid="w_93" para="1" sent="6">de</wf>
    <wf wid="w_94" para="1" sent="6">meeste</wf>
    <wf wid="w_95" para="1" sent="6">weekendjesgasten</wf>
    <wf wid="w_96" para="1" sent="6">weg</wf>
    <wf wid="w_97" para="1" sent="6">waren</wf>
    <wf wid="w_98" para="1" sent="6">.</wf>
    <wf wid="w_99" para="1" sent="7">de</wf>
    <wf wid="w_100" para="1" sent="7">badkamer</wf>
    <wf wid="w_101" para="1" sent="7">is</wf>
    <wf wid="w_102" para="1" sent="7">gewoon</wf>
    <wf wid="w_103" para="1" sent="7">zooo</wf>
    <wf wid="w_104" para="1" sent="7">ouderwets</wf>
    <wf wid="w_105" para="1" sent="7">,</wf>
    <wf wid="w_106" para="1" sent="7">er</wf>
    <wf wid="w_107" para="1" sent="7">hangt</wf>
    <wf wid="w_108" para="1" sent="7">een</wf>
    <wf wid="w_109" para="1" sent="7">douchegordijn</wf>
    <wf wid="w_110" para="1" sent="7">,</wf>
    <wf wid="w_111" para="1" sent="7">sterk</wf>
    <wf wid="w_112" para="1" sent="7">verouderd</wf>
    <wf wid="w_113" para="1" sent="7">,</wf>
    <wf wid="w_114" para="1" sent="7">leidingen</wf>
    <wf wid="w_115" para="1" sent="7">zijn</wf>
    <wf wid="w_116" para="1" sent="7">zichtbaar</wf>
    <wf wid="w_117" para="1" sent="7">.</wf>
    <wf wid="w_118" para="1" sent="8">de</wf>
    <wf wid="w_119" para="1" sent="8">kamer</wf>
    <wf wid="w_120" para="1" sent="8">zelf</wf>
    <wf wid="w_121" para="1" sent="8">is</wf>
    <wf wid="w_122" para="1" sent="8">ook</wf>
    <wf wid="w_123" para="1" sent="8">verreweg</wf>
    <wf wid="w_124" para="1" sent="8">van</wf>
    <wf wid="w_125" para="1" sent="8">modern</wf>
    <wf wid="w_126" para="1" sent="8">het</wf>
    <wf wid="w_127" para="1" sent="8">personeel</wf>
    <wf wid="w_128" para="1" sent="8">maakt</wf>
    <wf wid="w_129" para="1" sent="8">een</wf>
    <wf wid="w_130" para="1" sent="8">hoop</wf>
    <wf wid="w_131" para="1" sent="8">goed</wf>
    <wf wid="w_132" para="1" sent="8">.</wf>
    <wf wid="w_133" para="1" sent="9">vriendelijk</wf>
    <wf wid="w_134" para="1" sent="9">personeel</wf>
    <wf wid="w_135" para="1" sent="9">die</wf>
    <wf wid="w_136" para="1" sent="9">je</wf>
    <wf wid="w_137" para="1" sent="9">goed</wf>
    <wf wid="w_138" para="1" sent="9">helpen</wf>
    <wf wid="w_139" para="1" sent="9">.</wf>
    <wf wid="w_140" para="1" sent="10">het</wf>
    <wf wid="w_141" para="1" sent="10">diner</wf>
    <wf wid="w_142" para="1" sent="10">is</wf>
    <wf wid="w_143" para="1" sent="10">ook</wf>
    <wf wid="w_144" para="1" sent="10">goed</wf>
    <wf wid="w_145" para="1" sent="10">,</wf>
    <wf wid="w_146" para="1" sent="10">je</wf>
    <wf wid="w_147" para="1" sent="10">kan</wf>
    <wf wid="w_148" para="1" sent="10">op</wf>
    <wf wid="w_149" para="1" sent="10">verschillende</wf>
    <wf wid="w_150" para="1" sent="10">plekke</wf>
    <wf wid="w_151" para="1" sent="10">eten</wf>
    <wf wid="w_152" para="1" sent="10">en</wf>
    <wf wid="w_153" para="1" sent="10">ook</wf>
    <wf wid="w_154" para="1" sent="10">zijn</wf>
    <wf wid="w_155" para="1" sent="10">er</wf>
    <wf wid="w_156" para="1" sent="10">verschillende</wf>
    <wf wid="w_157" para="1" sent="10">thema</wf>
    <wf wid="w_158" para="1" sent="10">avonden</wf>
    <wf wid="w_159" para="1" sent="10">.</wf>
    <wf wid="w_160" para="1" sent="11">het</wf>
    <wf wid="w_161" para="1" sent="11">eten</wf>
    <wf wid="w_162" para="1" sent="11">in</wf>
    <wf wid="w_163" para="1" sent="11">het</wf>
    <wf wid="w_164" para="1" sent="11">ita</wf>
    <wf wid="w_165" para="1" sent="11">italiaanse</wf>
    <wf wid="w_166" para="1" sent="11">restaurant</wf>
    <wf wid="w_167" para="1" sent="11">is</wf>
    <wf wid="w_168" para="1" sent="11">echt</wf>
    <wf wid="w_169" para="1" sent="11">een</wf>
    <wf wid="w_170" para="1" sent="11">aanrader</wf>
    <wf wid="w_171" para="1" sent="11">.</wf>
    <wf wid="w_172" para="1" sent="12">goed</wf>
    <wf wid="w_173" para="1" sent="12">personeel</wf>
    <wf wid="w_174" para="1" sent="12">en</wf>
    <wf wid="w_175" para="1" sent="12">lekker</wf>
    <wf wid="w_176" para="1" sent="12">eten</wf>
    <wf wid="w_177" para="1" sent="12">.</wf>
    <wf wid="w_178" para="1" sent="13">de</wf>
    <wf wid="w_179" para="1" sent="13">ligging</wf>
    <wf wid="w_180" para="1" sent="13">is</wf>
    <wf wid="w_181" para="1" sent="13">mooi</wf>
    <wf wid="w_182" para="1" sent="13">,</wf>
    <wf wid="w_183" para="1" sent="13">vlak</wf>
    <wf wid="w_184" para="1" sent="13">bij</wf>
    <wf wid="w_185" para="1" sent="13">willemstad</wf>
    <wf wid="w_186" para="1" sent="13">ongv</wf>
    <wf wid="w_187" para="1" sent="13">13</wf>
    <wf wid="w_188" para="1" sent="13">dollar</wf>
    <wf wid="w_189" para="1" sent="13">met</wf>
    <wf wid="w_190" para="1" sent="13">de</wf>
    <wf wid="w_191" para="1" sent="13">taxi</wf>
    <wf wid="w_192" para="1" sent="13">,</wf>
    <wf wid="w_193" para="1" sent="13">wel</wf>
    <wf wid="w_194" para="1" sent="13">ver</wf>
    <wf wid="w_195" para="1" sent="13">van</wf>
    <wf wid="w_196" para="1" sent="13">alle</wf>
    <wf wid="w_197" para="1" sent="13">andere</wf>
    <wf wid="w_198" para="1" sent="13">uitgaansgebieden</wf>
    <wf wid="w_199" para="1" sent="13">.</wf>
    <wf wid="w_200" para="1" sent="14">vanaf</wf>
    <wf wid="w_201" para="1" sent="14">het</wf>
    <wf wid="w_202" para="1" sent="14">hotel</wf>
    <wf wid="w_203" para="1" sent="14">kan</wf>
    <wf wid="w_204" para="1" sent="14">je</wf>
    <wf wid="w_205" para="1" sent="14">verschillende</wf>
    <wf wid="w_206" para="1" sent="14">dagjes</wf>
    <wf wid="w_207" para="1" sent="14">uit</wf>
    <wf wid="w_208" para="1" sent="14">organiseren</wf>
    <wf wid="w_209" para="1" sent="14">.</wf>
    <wf wid="w_210" para="1" sent="15">als</wf>
    <wf wid="w_211" para="1" sent="15">je</wf>
    <wf wid="w_212" para="1" sent="15">van</wf>
    <wf wid="w_213" para="1" sent="15">luxe</wf>
    <wf wid="w_214" para="1" sent="15">houd</wf>
    <wf wid="w_215" para="1" sent="15">,</wf>
    <wf wid="w_216" para="1" sent="15">ga</wf>
    <wf wid="w_217" para="1" sent="15">dan</wf>
    <wf wid="w_218" para="1" sent="15">hier</wf>
    <wf wid="w_219" para="1" sent="15">niet</wf>
    <wf wid="w_220" para="1" sent="15">heen</wf>
    <wf wid="w_221" para="1" sent="15">.</wf>
    <wf wid="w_222" para="1" sent="16">ik</wf>
    <wf wid="w_223" para="1" sent="16">was</wf>
    <wf wid="w_224" para="1" sent="16">ook</wf>
    <wf wid="w_225" para="1" sent="16">afgegaan</wf>
    <wf wid="w_226" para="1" sent="16">op</wf>
    <wf wid="w_227" para="1" sent="16">de</wf>
    <wf wid="w_228" para="1" sent="16">positieve</wf>
    <wf wid="w_229" para="1" sent="16">verhalen</wf>
    <wf wid="w_230" para="1" sent="16">maar</wf>
    <wf wid="w_231" para="1" sent="16">waarscheinlijk</wf>
    <wf wid="w_232" para="1" sent="16">zijn</wf>
    <wf wid="w_233" para="1" sent="16">veel</wf>
    <wf wid="w_234" para="1" sent="16">mensen</wf>
    <wf wid="w_235" para="1" sent="16">tevreden</wf>
    <wf wid="w_236" para="1" sent="16">met</wf>
    <wf wid="w_237" para="1" sent="16">minder</wf>
    <wf wid="w_238" para="1" sent="16">luxe</wf>
    <wf wid="w_239" para="1" sent="16">,</wf>
    <wf wid="w_240" para="1" sent="16">maar</wf>
    <wf wid="w_241" para="1" sent="16">als</wf>
    <wf wid="w_242" para="1" sent="16">ik</wf>
    <wf wid="w_243" para="1" sent="16">een</wf>
    <wf wid="w_244" para="1" sent="16">paar</wf>
    <wf wid="w_245" para="1" sent="16">duizend</wf>
    <wf wid="w_246" para="1" sent="16">voor</wf>
    <wf wid="w_247" para="1" sent="16">een</wf>
    <wf wid="w_248" para="1" sent="16">vakantie</wf>
    <wf wid="w_249" para="1" sent="16">uitgeef</wf>
    <wf wid="w_250" para="1" sent="16">verwacht</wf>
    <wf wid="w_251" para="1" sent="16">ik</wf>
    <wf wid="w_252" para="1" sent="16">ook</wf>
    <wf wid="w_253" para="1" sent="16">wat</wf>
    <wf wid="w_254" para="1" sent="16">en</wf>
    <wf wid="w_255" para="1" sent="16">al</wf>
    <wf wid="w_256" para="1" sent="16">helemaal</wf>
    <wf wid="w_257" para="1" sent="16">van</wf>
    <wf wid="w_258" para="1" sent="16">een</wf>
    <wf wid="w_259" para="1" sent="16">keten</wf>
    <wf wid="w_260" para="1" sent="16">als</wf>
    <wf wid="w_261" para="1" sent="16">hilton</wf>
    <wf wid="w_262" para="1" sent="16">,</wf>
    <wf wid="w_263" para="1" sent="16">maar</wf>
    <wf wid="w_264" para="1" sent="16">voor</wf>
    <wf wid="w_265" para="1" sent="16">mij</wf>
    <wf wid="w_266" para="1" sent="16">nooit</wf>
    <wf wid="w_267" para="1" sent="16">meer</wf>
    <wf wid="w_268" para="1" sent="16">hilton</wf>
    <wf wid="w_269" para="1" sent="16">!!</wf>
  </text>
  <terms>
    <term tid="t_1" lemma="nooit" type="open">
      <span>
        <target id="w_1"/>
      </span>
      <sentiment sentiment_modifier="shifter" resource="VUA_olery_lexicon_nl_lmf"/>
    </term>
    <term tid="t_2" lemma="meer" type="open">
      <span>
        <target id="w_2"/>
      </span>
    </term>
    <term tid="t_3" lemma="," type="open">
      <span>
        <target id="w_3"/>
      </span>
    </term>
    <term tid="t_4" lemma="als" type="open">
      <span>
        <target id="w_4"/>
      </span>
    </term>
    <term tid="t_5" lemma="je" type="open">
      <span>
        <target id="w_5"/>
      </span>
    </term>
    <term tid="t_6" lemma="luxe" type="open" pos="N">
      <span>
        <target id="w_6"/>
      </span>
      <sentiment polarity="positive" resource="VUA_olery_lexicon_nl_lmf"/>
    </term>
    <term tid="t_7" lemma="wilt" type="open">
      <span>
        <target id="w_7"/>
      </span>
    </term>
    <term tid="t_8" lemma="niet" type="open">
      <span>
        <target id="w_8"/>
      </span>
      <sentiment sentiment_modifier="shifter" resource="VUA_olery_lexicon_nl_lmf"/>
    </term>
    <term tid="t_9" lemma="hierheen" type="open">
      <span>
        <target id="w_9"/>
      </span>
    </term>
    <term tid="t_10" lemma="!." type="open">
      <span>
        <target id="w_10"/>
      </span>
    </term>
    <term tid="t_11" lemma="we" type="open">
      <span>
        <target id="w_11"/>
      </span>
    </term>
    <term tid="t_12" lemma="hadden" type="open">
      <span>
        <target id="w_12"/>
      </span>
    </term>
    <term tid="t_13" lemma="gekozen" type="open">
      <span>
        <target id="w_13"/>
      </span>
    </term>
    <term tid="t_14" lemma="voor" type="open">
      <span>
        <target id="w_14"/>
      </span>
    </term>
    <term tid="t_15" lemma="hilton" type="open">
      <span>
        <target id="w_15"/>
      </span>
    </term>
    <term tid="t_16" lemma="omdat" type="open">
      <span>
        <target id="w_16"/>
      </span>
    </term>
    <term tid="t_17" lemma="het" type="open">
      <span>
        <target id="w_17"/>
      </span>
    </term>
    <term tid="t_18" lemma="als" type="open">
      <span>
        <target id="w_18"/>
      </span>
    </term>
    <term tid="t_19" lemma="keten" type="open">
      <span>
        <target id="w_19"/>
      </span>
    </term>
    <term tid="t_20" lemma="naam" type="open">
      <span>
        <target id="w_20"/>
      </span>
    </term>
    <term tid="t_21" lemma="goed" type="open" pos="G">
      <span>
        <target id="w_21"/>
      </span>
      <sentiment polarity="positive" resource="VUA_olery_lexicon_nl_lmf"/>
    </term>
    <term tid="t_22" lemma="en" type="open">
      <span>
        <target id="w_22"/>
      </span>
    </term>
    <term tid="t_23" lemma="hoog" type="open" pos="G">
      <span>
        <target id="w_23"/>
      </span>
      <sentiment polarity="negative" resource="VUA_olery_lexicon_nl_lmf"/>
    </term>
    <term tid="t_24" lemma="staat" type="open">
      <span>
        <target id="w_24"/>
      </span>
    </term>
    <term tid="t_25" lemma="aangeschreven" type="open">
      <span>
        <target id="w_25"/>
      </span>
    </term>
    <term tid="t_26" lemma="." type="open">
      <span>
        <target id="w_26"/>
      </span>
    </term>
    <term tid="t_27" lemma="het" type="open">
      <span>
        <target id="w_27"/>
      </span>
    </term>
    <term tid="t_28" lemma="was" type="open">
      <span>
        <target id="w_28"/>
      </span>
    </term>
    <term tid="t_29" lemma="een" type="open">
      <span>
        <target id="w_29"/>
      </span>
    </term>
    <term tid="t_30" lemma="huwelijksreis" type="open">
      <span>
        <target id="w_30"/>
      </span>
    </term>
    <term tid="t_31" lemma="," type="open">
      <span>
        <target id="w_31"/>
      </span>
    </term>
    <term tid="t_32" lemma="eigenlijk" type="open">
      <span>
        <target id="w_32"/>
      </span>
    </term>
    <term tid="t_33" lemma="wilde" type="open">
      <span>
        <target id="w_33"/>
      </span>
    </term>
    <term tid="t_34" lemma="ik" type="open">
      <span>
        <target id="w_34"/>
      </span>
    </term>
    <term tid="t_35" lemma="hyatt" type="open">
      <span>
        <target id="w_35"/>
      </span>
    </term>
    <term tid="t_36" lemma="maar" type="open">
      <span>
        <target id="w_36"/>
      </span>
    </term>
    <term tid="t_37" lemma="omdat" type="open">
      <span>
        <target id="w_37"/>
      </span>
    </term>
    <term tid="t_38" lemma="mijn" type="open">
      <span>
        <target id="w_38"/>
      </span>
    </term>
    <term tid="t_39" lemma="man" type="open">
      <span>
        <target id="w_39"/>
      </span>
    </term>
    <term tid="t_40" lemma="zei" type="open">
      <span>
        <target id="w_40"/>
      </span>
    </term>
    <term tid="t_41" lemma="dat" type="open">
      <span>
        <target id="w_41"/>
      </span>
    </term>
    <term tid="t_42" lemma="hilton" type="open">
      <span>
        <target id="w_42"/>
      </span>
    </term>
    <term tid="t_43" lemma="zich" type="open">
      <span>
        <target id="w_43"/>
      </span>
    </term>
    <term tid="t_44" lemma="hoog" type="open" pos="G">
      <span>
        <target id="w_44"/>
      </span>
      <sentiment polarity="negative" resource="VUA_olery_lexicon_nl_lmf"/>
    </term>
    <term tid="t_45" lemma="hoort" type="open">
      <span>
        <target id="w_45"/>
      </span>
    </term>
    <term tid="t_46" lemma="te" type="open">
      <span>
        <target id="w_46"/>
      </span>
    </term>
    <term tid="t_47" lemma="houde" type="open">
      <span>
        <target id="w_47"/>
      </span>
    </term>
    <term tid="t_48" lemma="en" type="open">
      <span>
        <target id="w_48"/>
      </span>
    </term>
    <term tid="t_49" lemma="hij" type="open">
      <span>
        <target id="w_49"/>
      </span>
    </term>
    <term tid="t_50" lemma="verwachtte" type="open">
      <span>
        <target id="w_50"/>
      </span>
    </term>
    <term tid="t_51" lemma="dat" type="open">
      <span>
        <target id="w_51"/>
      </span>
    </term>
    <term tid="t_52" lemma="hilton" type="open">
      <span>
        <target id="w_52"/>
      </span>
    </term>
    <term tid="t_53" lemma="oom" type="open">
      <span>
        <target id="w_53"/>
      </span>
    </term>
    <term tid="t_54" lemma="goed" type="open" pos="G">
      <span>
        <target id="w_54"/>
      </span>
      <sentiment polarity="positive" resource="VUA_olery_lexicon_nl_lmf"/>
    </term>
    <term tid="t_55" lemma="zou" type="open">
      <span>
        <target id="w_55"/>
      </span>
    </term>
    <term tid="t_56" lemma="zijn" type="open">
      <span>
        <target id="w_56"/>
      </span>
    </term>
    <term tid="t_57" lemma="." type="open">
      <span>
        <target id="w_57"/>
      </span>
    </term>
    <term tid="t_58" lemma="nou" type="open">
      <span>
        <target id="w_58"/>
      </span>
    </term>
    <term tid="t_59" lemma="never" type="open">
      <span>
        <target id="w_59"/>
      </span>
    </term>
    <term tid="t_60" lemma="nooit" type="open">
      <span>
        <target id="w_60"/>
      </span>
      <sentiment sentiment_modifier="shifter" resource="VUA_olery_lexicon_nl_lmf"/>
    </term>
    <term tid="t_61" lemma="meer" type="open">
      <span>
        <target id="w_61"/>
      </span>
    </term>
    <term tid="t_62" lemma="." type="open">
      <span>
        <target id="w_62"/>
      </span>
    </term>
    <term tid="t_63" lemma="we" type="open">
      <span>
        <target id="w_63"/>
      </span>
    </term>
    <term tid="t_64" lemma="kwamen" type="open">
      <span>
        <target id="w_64"/>
      </span>
    </term>
    <term tid="t_65" lemma="aan" type="open">
      <span>
        <target id="w_65"/>
      </span>
    </term>
    <term tid="t_66" lemma="in" type="open">
      <span>
        <target id="w_66"/>
      </span>
    </term>
    <term tid="t_67" lemma="het" type="open">
      <span>
        <target id="w_67"/>
      </span>
    </term>
    <term tid="t_68" lemma="paasweekend" type="open">
      <span>
        <target id="w_68"/>
      </span>
    </term>
    <term tid="t_69" lemma="," type="open">
      <span>
        <target id="w_69"/>
      </span>
    </term>
    <term tid="t_70" lemma="de" type="open">
      <span>
        <target id="w_70"/>
      </span>
    </term>
    <term tid="t_71" lemma="kamer" type="open">
      <span>
        <target id="w_71"/>
      </span>
    </term>
    <term tid="t_72" lemma="was" type="open">
      <span>
        <target id="w_72"/>
      </span>
    </term>
    <term tid="t_73" lemma="sterk" type="open">
      <span>
        <target id="w_73"/>
      </span>
      <sentiment sentiment_modifier="intensifier" resource="VUA_olery_lexicon_nl_lmf"/>
    </term>
    <term tid="t_74" lemma="verouderd" type="open" pos="G">
      <span>
        <target id="w_74"/>
      </span>
      <sentiment polarity="negative" resource="VUA_olery_lexicon_nl_lmf"/>
    </term>
    <term tid="t_75" lemma="." type="open">
      <span>
        <target id="w_75"/>
      </span>
    </term>
    <term tid="t_76" lemma="upgraden" type="open">
      <span>
        <target id="w_76"/>
      </span>
    </term>
    <term tid="t_77" lemma="kon" type="open">
      <span>
        <target id="w_77"/>
      </span>
    </term>
    <term tid="t_78" lemma="niet" type="open">
      <span>
        <target id="w_78"/>
      </span>
      <sentiment sentiment_modifier="shifter" resource="VUA_olery_lexicon_nl_lmf"/>
    </term>
    <term tid="t_79" lemma="omdat" type="open">
      <span>
        <target id="w_79"/>
      </span>
    </term>
    <term tid="t_80" lemma="alle" type="open">
      <span>
        <target id="w_80"/>
      </span>
    </term>
    <term tid="t_81" lemma="kamers" type="open">
      <span>
        <target id="w_81"/>
      </span>
    </term>
    <term tid="t_82" lemma="vol" type="open">
      <span>
        <target id="w_82"/>
      </span>
    </term>
    <term tid="t_83" lemma="waren" type="open">
      <span>
        <target id="w_83"/>
      </span>
    </term>
    <term tid="t_84" lemma="," type="open">
      <span>
        <target id="w_84"/>
      </span>
    </term>
    <term tid="t_85" lemma="dit" type="open">
      <span>
        <target id="w_85"/>
      </span>
    </term>
    <term tid="t_86" lemma="kon" type="open">
      <span>
        <target id="w_86"/>
      </span>
    </term>
    <term tid="t_87" lemma="pas" type="open">
      <span>
        <target id="w_87"/>
      </span>
    </term>
    <term tid="t_88" lemma="na" type="open">
      <span>
        <target id="w_88"/>
      </span>
    </term>
    <term tid="t_89" lemma="het" type="open">
      <span>
        <target id="w_89"/>
      </span>
    </term>
    <term tid="t_90" lemma="paasweekend" type="open">
      <span>
        <target id="w_90"/>
      </span>
    </term>
    <term tid="t_91" lemma="," type="open">
      <span>
        <target id="w_91"/>
      </span>
    </term>
    <term tid="t_92" lemma="toen" type="open">
      <span>
        <target id="w_92"/>
      </span>
    </term>
    <term tid="t_93" lemma="de" type="open">
      <span>
        <target id="w_93"/>
      </span>
    </term>
    <term tid="t_94" lemma="meeste" type="open">
      <span>
        <target id="w_94"/>
      </span>
    </term>
    <term tid="t_95" lemma="weekendjesgasten" type="open">
      <span>
        <target id="w_95"/>
      </span>
    </term>
    <term tid="t_96" lemma="weg" type="open">
      <span>
        <target id="w_96"/>
      </span>
    </term>
    <term tid="t_97" lemma="waren" type="open">
      <span>
        <target id="w_97"/>
      </span>
    </term>
    <term tid="t_98" lemma="." type="open">
      <span>
        <target id="w_98"/>
      </span>
    </term>
    <term tid="t_99" lemma="de" type="open">
      <span>
        <target id="w_99"/>
      </span>
    </term>
    <term tid="t_100" lemma="badkamer" type="open">
      <span>
        <target id="w_100"/>
      </span>
    </term>
    <term tid="t_101" lemma="is" type="open">
      <span>
        <target id="w_101"/>
      </span>
    </term>
    <term tid="t_102" lemma="gewoon" type="open">
      <span>
        <target id="w_102"/>
      </span>
    </term>
    <term tid="t_103" lemma="zooo" type="open">
      <span>
        <target id="w_103"/>
      </span>
    </term>
    <term tid="t_104" lemma="ouderwets" type="open" pos="G">
      <span>
        <target id="w_104"/>
      </span>
      <sentiment polarity="negative" resource="VUA_olery_lexicon_nl_lmf"/>
    </term>
    <term tid="t_105" lemma="," type="open">
      <span>
        <target id="w_105"/>
      </span>
    </term>
    <term tid="t_106" lemma="er" type="open">
      <span>
        <target id="w_106"/>
      </span>
    </term>
    <term tid="t_107" lemma="hangt" type="open">
      <span>
        <target id="w_107"/>
      </span>
    </term>
    <term tid="t_108" lemma="een" type="open">
      <span>
        <target id="w_108"/>
      </span>
    </term>
    <term tid="t_109" lemma="douchegordijn" type="open">
      <span>
        <target id="w_109"/>
      </span>
    </term>
    <term tid="t_110" lemma="," type="open">
      <span>
        <target id="w_110"/>
      </span>
    </term>
    <term tid="t_111" lemma="sterk" type="open">
      <span>
        <target id="w_111"/>
      </span>
      <sentiment sentiment_modifier="intensifier" resource="VUA_olery_lexicon_nl_lmf"/>
    </term>
    <term tid="t_112" lemma="verouderd" type="open" pos="G">
      <span>
        <target id="w_112"/>
      </span>
      <sentiment polarity="negative" resource="VUA_olery_lexicon_nl_lmf"/>
    </term>
    <term tid="t_113" lemma="," type="open">
      <span>
        <target id="w_113"/>
      </span>
    </term>
    <term tid="t_114" lemma="leidingen" type="open">
      <span>
        <target id="w_114"/>
      </span>
    </term>
    <term tid="t_115" lemma="zijn" type="open">
      <span>
        <target id="w_115"/>
      </span>
    </term>
    <term tid="t_116" lemma="zichtbaar" type="open">
      <span>
        <target id="w_116"/>
      </span>
    </term>
    <term tid="t_117" lemma="." type="open">
      <span>
        <target id="w_117"/>
      </span>
    </term>
    <term tid="t_118" lemma="de" type="open">
      <span>
        <target id="w_118"/>
      </span>
    </term>
    <term tid="t_119" lemma="kamer" type="open">
      <span>
        <target id="w_119"/>
      </span>
    </term>
    <term tid="t_120" lemma="zelf" type="open">
      <span>
        <target id="w_120"/>
      </span>
    </term>
    <term tid="t_121" lemma="is" type="open">
      <span>
        <target id="w_121"/>
      </span>
    </term>
    <term tid="t_122" lemma="ook" type="open">
      <span>
        <target id="w_122"/>
      </span>
    </term>
    <term tid="t_123" lemma="verreweg" type="open">
      <span>
        <target id="w_123"/>
      </span>
    </term>
    <term tid="t_124" lemma="van" type="open">
      <span>
        <target id="w_124"/>
      </span>
    </term>
    <term tid="t_125" lemma="modern" type="open" pos="G">
      <span>
        <target id="w_125"/>
      </span>
      <sentiment polarity="positive" resource="VUA_olery_lexicon_nl_lmf"/>
    </term>
    <term tid="t_126" lemma="het" type="open">
      <span>
        <target id="w_126"/>
      </span>
    </term>
    <term tid="t_127" lemma="personeel" type="open">
      <span>
        <target id="w_127"/>
      </span>
    </term>
    <term tid="t_128" lemma="maakt" type="open">
      <span>
        <target id="w_128"/>
      </span>
    </term>
    <term tid="t_129" lemma="een" type="open">
      <span>
        <target id="w_129"/>
      </span>
    </term>
    <term tid="t_130" lemma="hoop" type="open">
      <span>
        <target id="w_130"/>
      </span>
    </term>
    <term tid="t_131" lemma="goed" type="open" pos="G">
      <span>
        <target id="w_131"/>
      </span>
      <sentiment polarity="positive" resource="VUA_olery_lexicon_nl_lmf"/>
    </term>
    <term tid="t_132" lemma="." type="open">
      <span>
        <target id="w_132"/>
      </span>
    </term>
    <term tid="t_133" lemma="vriendelijk" type="open" pos="G">
      <span>
        <target id="w_133"/>
      </span>
      <sentiment polarity="positive" resource="VUA_olery_lexicon_nl_lmf"/>
    </term>
    <term tid="t_134" lemma="personeel" type="open">
      <span>
        <target id="w_134"/>
      </span>
    </term>
    <term tid="t_135" lemma="die" type="open">
      <span>
        <target id="w_135"/>
      </span>
    </term>
    <term tid="t_136" lemma="je" type="open">
      <span>
        <target id="w_136"/>
      </span>
    </term>
    <term tid="t_137" lemma="goed" type="open" pos="G">
      <span>
        <target id="w_137"/>
      </span>
      <sentiment polarity="positive" resource="VUA_olery_lexicon_nl_lmf"/>
    </term>
    <term tid="t_138" lemma="helpen" type="open" pos="V">
      <span>
        <target id="w_138"/>
      </span>
      <sentiment polarity="positive" resource="VUA_olery_lexicon_nl_lmf"/>
    </term>
    <term tid="t_139" lemma="." type="open">
      <span>
        <target id="w_139"/>
      </span>
    </term>
    <term tid="t_140" lemma="het" type="open">
      <span>
        <target id="w_140"/>
      </span>
    </term>
    <term tid="t_141" lemma="diner" type="open">
      <span>
        <target id="w_141"/>
      </span>
    </term>
    <term tid="t_142" lemma="is" type="open">
      <span>
        <target id="w_142"/>
      </span>
    </term>
    <term tid="t_143" lemma="ook" type="open">
      <span>
        <target id="w_143"/>
      </span>
    </term>
    <term tid="t_144" lemma="goed" type="open" pos="G">
      <span>
        <target id="w_144"/>
      </span>
      <sentiment polarity="positive" resource="VUA_olery_lexicon_nl_lmf"/>
    </term>
    <term tid="t_145" lemma="," type="open">
      <span>
        <target id="w_145"/>
      </span>
    </term>
    <term tid="t_146" lemma="je" type="open">
      <span>
        <target id="w_146"/>
      </span>
    </term>
    <term tid="t_147" lemma="kan" type="open">
      <span>
        <target id="w_147"/>
      </span>
    </term>
    <term tid="t_148" lemma="op" type="open">
      <span>
        <target id="w_148"/>
      </span>
    </term>
    <term tid="t_149" lemma="verschillende" type="open">
      <span>
        <target id="w_149"/>
      </span>
    </term>
    <term tid="t_150" lemma="plekke" type="open">
      <span>
        <target id="w_150"/>
      </span>
    </term>
    <term tid="t_151" lemma="eten" type="open">
      <span>
        <target id="w_151"/>
      </span>
    </term>
    <term tid="t_152" lemma="en" type="open">
      <span>
        <target id="w_152"/>
      </span>
    </term>
    <term tid="t_153" lemma="ook" type="open">
      <span>
        <target id="w_153"/>
      </span>
    </term>
    <term tid="t_154" lemma="zijn" type="open">
      <span>
        <target id="w_154"/>
      </span>
    </term>
    <term tid="t_155" lemma="er" type="open">
      <span>
        <target id="w_155"/>
      </span>
    </term>
    <term tid="t_156" lemma="verschillende" type="open">
      <span>
        <target id="w_156"/>
      </span>
    </term>
    <term tid="t_157" lemma="thema" type="open">
      <span>
        <target id="w_157"/>
      </span>
    </term>
    <term tid="t_158" lemma="avonden" type="open">
      <span>
        <target id="w_158"/>
      </span>
    </term>
    <term tid="t_159" lemma="." type="open">
      <span>
        <target id="w_159"/>
      </span>
    </term>
    <term tid="t_160" lemma="het" type="open">
      <span>
        <target id="w_160"/>
      </span>
    </term>
    <term tid="t_161" lemma="eten" type="open">
      <span>
        <target id="w_161"/>
      </span>
    </term>
    <term tid="t_162" lemma="in" type="open">
      <span>
        <target id="w_162"/>
      </span>
    </term>
    <term tid="t_163" lemma="het" type="open">
      <span>
        <target id="w_163"/>
      </span>
    </term>
    <term tid="t_164" lemma="ita" type="open">
      <span>
        <target id="w_164"/>
      </span>
    </term>
    <term tid="t_165" lemma="italiaanse" type="open">
      <span>
        <target id="w_165"/>
      </span>
    </term>
    <term tid="t_166" lemma="restaurant" type="open">
      <span>
        <target id="w_166"/>
      </span>
    </term>
    <term tid="t_167" lemma="is" type="open">
      <span>
        <target id="w_167"/>
      </span>
    </term>
    <term tid="t_168" lemma="echt" type="open">
      <span>
        <target id="w_168"/>
      </span>
      <sentiment sentiment_modifier="intensifier" resource="VUA_olery_lexicon_nl_lmf"/>
    </term>
    <term tid="t_169" lemma="een" type="open">
      <span>
        <target id="w_169"/>
      </span>
    </term>
    <term tid="t_170" lemma="aanrader" type="open" pos="N">
      <span>
        <target id="w_170"/>
      </span>
      <sentiment polarity="positive" resource="VUA_olery_lexicon_nl_lmf"/>
    </term>
    <term tid="t_171" lemma="." type="open">
      <span>
        <target id="w_171"/>
      </span>
    </term>
    <term tid="t_172" lemma="goed" type="open" pos="G">
      <span>
        <target id="w_172"/>
      </span>
      <sentiment polarity="positive" resource="VUA_olery_lexicon_nl_lmf"/>
    </term>
    <term tid="t_173" lemma="personeel" type="open">
      <span>
        <target id="w_173"/>
      </span>
    </term>
    <term tid="t_174" lemma="en" type="open">
      <span>
        <target id="w_174"/>
      </span>
    </term>
    <term tid="t_175" lemma="lekker" type="open" pos="G">
      <span>
        <target id="w_175"/>
      </span>
      <sentiment polarity="positive" resource="VUA_olery_lexicon_nl_lmf"/>
    </term>
    <term tid="t_176" lemma="eten" type="open">
      <span>
        <target id="w_176"/>
      </span>
    </term>
    <term tid="t_177" lemma="." type="open">
      <span>
        <target id="w_177"/>
      </span>
    </term>
    <term tid="t_178" lemma="de" type="open">
      <span>
        <target id="w_178"/>
      </span>
    </term>
    <term tid="t_179" lemma="ligging" type="open">
      <span>
        <target id="w_179"/>
      </span>
    </term>
    <term tid="t_180" lemma="is" type="open">
      <span>
        <target id="w_180"/>
      </span>
    </term>
    <term tid="t_181" lemma="mooi" type="open" pos="G">
      <span>
        <target id="w_181"/>
      </span>
      <sentiment polarity="positive" resource="VUA_olery_lexicon_nl_lmf"/>
    </term>
    <term tid="t_182" lemma="," type="open">
      <span>
        <target id="w_182"/>
      </span>
    </term>
    <term tid="t_183" lemma="vlak" type="open">
      <span>
        <target id="w_183"/>
      </span>
    </term>
    <term tid="t_184" lemma="bij" type="open">
      <span>
        <target id="w_184"/>
      </span>
    </term>
    <term tid="t_185" lemma="willemstad" type="open">
      <span>
        <target id="w_185"/>
      </span>
    </term>
    <term tid="t_186" lemma="ongv" type="open">
      <span>
        <target id="w_186"/>
      </span>
    </term>
    <term tid="t_187" lemma="13" type="open">
      <span>
        <target id="w_187"/>
      </span>
    </term>
    <term tid="t_188" lemma="dollar" type="open">
      <span>
        <target id="w_188"/>
      </span>
    </term>
    <term tid="t_189" lemma="met" type="open">
      <span>
        <target id="w_189"/>
      </span>
    </term>
    <term tid="t_190" lemma="de" type="open">
      <span>
        <target id="w_190"/>
      </span>
    </term>
    <term tid="t_191" lemma="taxi" type="open">
      <span>
        <target id="w_191"/>
      </span>
    </term>
    <term tid="t_192" lemma="," type="open">
      <span>
        <target id="w_192"/>
      </span>
    </term>
    <term tid="t_193" lemma="wel" type="open">
      <span>
        <target id="w_193"/>
      </span>
    </term>
    <term tid="t_194" lemma="ver" type="open" pos="G">
      <span>
        <target id="w_194"/>
      </span>
      <sentiment polarity="negative" resource="VUA_olery_lexicon_nl_lmf"/>
    </term>
    <term tid="t_195" lemma="van" type="open">
      <span>
        <target id="w_195"/>
      </span>
    </term>
    <term tid="t_196" lemma="alle" type="open">
      <span>
        <target id="w_196"/>
      </span>
    </term>
    <term tid="t_197" lemma="andere" type="open">
      <span>
        <target id="w_197"/>
      </span>
    </term>
    <term tid="t_198" lemma="uitgaansgebieden" type="open">
      <span>
        <target id="w_198"/>
      </span>
    </term>
    <term tid="t_199" lemma="." type="open">
      <span>
        <target id="w_199"/>
      </span>
    </term>
    <term tid="t_200" lemma="vanaf" type="open">
      <span>
        <target id="w_200"/>
      </span>
    </term>
    <term tid="t_201" lemma="het" type="open">
      <span>
        <target id="w_201"/>
      </span>
    </term>
    <term tid="t_202" lemma="hotel" type="open">
      <span>
        <target id="w_202"/>
      </span>
    </term>
    <term tid="t_203" lemma="kan" type="open">
      <span>
        <target id="w_203"/>
      </span>
    </term>
    <term tid="t_204" lemma="je" type="open">
      <span>
        <target id="w_204"/>
      </span>
    </term>
    <term tid="t_205" lemma="verschillende" type="open">
      <span>
        <target id="w_205"/>
      </span>
    </term>
    <term tid="t_206" lemma="dagjes" type="open">
      <span>
        <target id="w_206"/>
      </span>
    </term>
    <term tid="t_207" lemma="uit" type="open">
      <span>
        <target id="w_207"/>
      </span>
    </term>
    <term tid="t_208" lemma="organiseren" type="open">
      <span>
        <target id="w_208"/>
      </span>
    </term>
    <term tid="t_209" lemma="." type="open">
      <span>
        <target id="w_209"/>
      </span>
    </term>
    <term tid="t_210" lemma="als" type="open">
      <span>
        <target id="w_210"/>
      </span>
    </term>
    <term tid="t_211" lemma="je" type="open">
      <span>
        <target id="w_211"/>
      </span>
    </term>
    <term tid="t_212" lemma="van" type="open">
      <span>
        <target id="w_212"/>
      </span>
    </term>
    <term tid="t_213" lemma="luxe" type="open" pos="N">
      <span>
        <target id="w_213"/>
      </span>
      <sentiment polarity="positive" resource="VUA_olery_lexicon_nl_lmf"/>
    </term>
    <term tid="t_214" lemma="houd" type="open">
      <span>
        <target id="w_214"/>
      </span>
    </term>
    <term tid="t_215" lemma="," type="open">
      <span>
        <target id="w_215"/>
      </span>
    </term>
    <term tid="t_216" lemma="ga" type="open">
      <span>
        <target id="w_216"/>
      </span>
    </term>
    <term tid="t_217" lemma="dan" type="open">
      <span>
        <target id="w_217"/>
      </span>
    </term>
    <term tid="t_218" lemma="hier" type="open">
      <span>
        <target id="w_218"/>
      </span>
    </term>
    <term tid="t_219" lemma="niet" type="open">
      <span>
        <target id="w_219"/>
      </span>
      <sentiment sentiment_modifier="shifter" resource="VUA_olery_lexicon_nl_lmf"/>
    </term>
    <term tid="t_220" lemma="heen" type="open">
      <span>
        <target id="w_220"/>
      </span>
    </term>
    <term tid="t_221" lemma="." type="open">
      <span>
        <target id="w_221"/>
      </span>
    </term>
    <term tid="t_222" lemma="ik" type="open">
      <span>
        <target id="w_222"/>
      </span>
    </term>
    <term tid="t_223" lemma="was" type="open">
      <span>
        <target id="w_223"/>
      </span>
    </term>
    <term tid="t_224" lemma="ook" type="open">
      <span>
        <target id="w_224"/>
      </span>
    </term>
    <term tid="t_225" lemma="afgegaan" type="open">
      <span>
        <target id="w_225"/>
      </span>
    </term>
    <term tid="t_226" lemma="op" type="open">
      <span>
        <target id="w_226"/>
      </span>
    </term>
    <term tid="t_227" lemma="de" type="open">
      <span>
        <target id="w_227"/>
      </span>
    </term>
    <term tid="t_228" lemma="positieve" type="open">
      <span>
        <target id="w_228"/>
      </span>
    </term>
    <term tid="t_229" lemma="verhalen" type="open">
      <span>
        <target id="w_229"/>
      </span>
    </term>
    <term tid="t_230" lemma="maar" type="open">
      <span>
        <target id="w_230"/>
      </span>
    </term>
    <term tid="t_231" lemma="waarscheinlijk" type="open">
      <span>
        <target id="w_231"/>
      </span>
    </term>
    <term tid="t_232" lemma="zijn" type="open">
      <span>
        <target id="w_232"/>
      </span>
    </term>
    <term tid="t_233" lemma="veel" type="open">
      <span>
        <target id="w_233"/>
      </span>
    </term>
    <term tid="t_234" lemma="mensen" type="open">
      <span>
        <target id="w_234"/>
      </span>
    </term>
    <term tid="t_235" lemma="tevreden" type="open" pos="G">
      <span>
        <target id="w_235"/>
      </span>
      <sentiment polarity="positive" resource="VUA_olery_lexicon_nl_lmf"/>
    </term>
    <term tid="t_236" lemma="met" type="open">
      <span>
        <target id="w_236"/>
      </span>
    </term>
    <term tid="t_237" lemma="minder" type="open">
      <span>
        <target id="w_237"/>
      </span>
      <sentiment sentiment_modifier="shifter" resource="VUA_olery_lexicon_nl_lmf"/>
    </term>
    <term tid="t_238" lemma="luxe" type="open" pos="N">
      <span>
        <target id="w_238"/>
      </span>
      <sentiment polarity="positive" resource="VUA_olery_lexicon_nl_lmf"/>
    </term>
    <term tid="t_239" lemma="," type="open">
      <span>
        <target id="w_239"/>
      </span>
    </term>
    <term tid="t_240" lemma="maar" type="open">
      <span>
        <target id="w_240"/>
      </span>
    </term>
    <term tid="t_241" lemma="als" type="open">
      <span>
        <target id="w_241"/>
      </span>
    </term>
    <term tid="t_242" lemma="ik" type="open">
      <span>
        <target id="w_242"/>
      </span>
    </term>
    <term tid="t_243" lemma="een" type="open">
      <span>
        <target id="w_243"/>
      </span>
    </term>
    <term tid="t_244" lemma="paar" type="open">
      <span>
        <target id="w_244"/>
      </span>
    </term>
    <term tid="t_245" lemma="duizend" type="open">
      <span>
        <target id="w_245"/>
      </span>
    </term>
    <term tid="t_246" lemma="voor" type="open">
      <span>
        <target id="w_246"/>
      </span>
    </term>
    <term tid="t_247" lemma="een" type="open">
      <span>
        <target id="w_247"/>
      </span>
    </term>
    <term tid="t_248" lemma="vakantie" type="open">
      <span>
        <target id="w_248"/>
      </span>
    </term>
    <term tid="t_249" lemma="uitgeef" type="open">
      <span>
        <target id="w_249"/>
      </span>
    </term>
    <term tid="t_250" lemma="verwacht" type="open">
      <span>
        <target id="w_250"/>
      </span>
    </term>
    <term tid="t_251" lemma="ik" type="open">
      <span>
        <target id="w_251"/>
      </span>
    </term>
    <term tid="t_252" lemma="ook" type="open">
      <span>
        <target id="w_252"/>
      </span>
    </term>
    <term tid="t_253" lemma="wat" type="open">
      <span>
        <target id="w_253"/>
      </span>
    </term>
    <term tid="t_254" lemma="en" type="open">
      <span>
        <target id="w_254"/>
      </span>
    </term>
    <term tid="t_255" lemma="al" type="open">
      <span>
        <target id="w_255"/>
      </span>
    </term>
    <term tid="t_256" lemma="helemaal" type="open">
      <span>
        <target id="w_256"/>
      </span>
      <sentiment sentiment_modifier="intensifier" resource="VUA_olery_lexicon_nl_lmf"/>
    </term>
    <term tid="t_257" lemma="van" type="open">
      <span>
        <target id="w_257"/>
      </span>
    </term>
    <term tid="t_258" lemma="een" type="open">
      <span>
        <target id="w_258"/>
      </span>
    </term>
    <term tid="t_259" lemma="keten" type="open">
      <span>
        <target id="w_259"/>
      </span>
    </term>
    <term tid="t_260" lemma="als" type="open">
      <span>
        <target id="w_260"/>
      </span>
    </term>
    <term tid="t_261" lemma="hilton" type="open">
      <span>
        <target id="w_261"/>
      </span>
    </term>
    <term tid="t_262" lemma="," type="open">
      <span>
        <target id="w_262"/>
      </span>
    </term>
    <term tid="t_263" lemma="maar" type="open">
      <span>
        <target id="w_263"/>
      </span>
    </term>
    <term tid="t_264" lemma="voor" type="open">
      <span>
        <target id="w_264"/>
      </span>
    </term>
    <term tid="t_265" lemma="mij" type="open">
      <span>
        <target id="w_265"/>
      </span>
    </term>
    <term tid="t_266" lemma="nooit" type="open">
      <span>
        <target id="w_266"/>
      </span>
      <sentiment sentiment_modifier="shifter" resource="VUA_olery_lexicon_nl_lmf"/>
    </term>
    <term tid="t_267" lemma="meer" type="open">
      <span>
        <target id="w_267"/>
      </span>
    </term>
    <term tid="t_268" lemma="hilton" type="open">
      <span>
        <target id="w_268"/>
      </span>
    </term>
    <term tid="t_269" lemma="!!" type="open">
      <span>
        <target id="w_269"/>
      </span>
    </term>
  </terms>
  <entities>
    <entity type="MISC" eid="e_1">
      <span>
        <target id="t_165"/>
      </span>
    </entity>
    <entity type="LOC" eid="e_2">
      <span>
        <target id="t_164"/>
      </span>
    </entity>
    <entity type="MISC" eid="e_3">
      <span>
        <target id="t_234"/>
      </span>
    </entity>
    <entity type="ORG" eid="e_4">
      <span>
        <target id="t_71"/>
      </span>
      <span>
        <target id="t_119"/>
      </span>
    </entity>
    <entity type="MISC" eid="e_5">
      <span>
        <target id="t_56"/>
      </span>
      <span>
        <target id="t_115"/>
      </span>
      <span>
        <target id="t_154"/>
      </span>
      <span>
        <target id="t_232"/>
      </span>
    </entity>
    <entity type="PER" eid="e_6">
      <span>
        <target id="t_11"/>
      </span>
      <span>
        <target id="t_63"/>
      </span>
    </entity>
  </entities>
  <properties>
    <property type="bathroom" pid="p_1">
      <span>
        <target id="t_100"/>
      </span>
      <span>
        <target id="t_109"/>
      </span>
    </property>
    <property type="room" pid="p_2">
      <span>
        <target id="t_71"/>
      </span>
      <span>
        <target id="t_74"/>
      </span>
      <span>
        <target id="t_112"/>
      </span>
      <span>
        <target id="t_119"/>
      </span>
    </property>
    <property type="restaurant" pid="p_3">
      <span>
        <target id="t_141"/>
      </span>
      <span>
        <target id="t_151"/>
      </span>
      <span>
        <target id="t_161"/>
      </span>
      <span>
        <target id="t_166"/>
      </span>
      <span>
        <target id="t_175"/>
      </span>
      <span>
        <target id="t_176"/>
      </span>
    </property>
    <property type="facilities" pid="p_4">
      <span>
        <target id="t_191"/>
      </span>
    </property>
    <property type="location" pid="p_5">
      <span>
        <target id="t_179"/>
      </span>
      <span>
        <target id="t_183"/>
      </span>
      <span>
        <target id="t_194"/>
      </span>
    </property>
    <property type="staff" pid="p_6">
      <span>
        <target id="t_127"/>
      </span>
      <span>
        <target id="t_133"/>
      </span>
      <span>
        <target id="t_134"/>
      </span>
      <span>
        <target id="t_138"/>
      </span>
      <span>
        <target id="t_173"/>
      </span>
    </property>
  </properties>
  <opinions>
    <opinion oid="o_1">
      <opinion_target>
        <span>
          <target id="t_7"/>
        </span>
      </opinion_target>
      <opinion_expression polarity="positive" strength="1">
        <span>
          <target id="t_6"/>
        </span>
      </opinion_expression>
    </opinion>
    <opinion oid="o_2">
      <opinion_holder>
        <span>
          <target id="t_34"/>
        </span>
      </opinion_holder>
      <opinion_target>
        <span>
          <target id="t_45"/>
        </span>
      </opinion_target>
      <opinion_expression polarity="negative" strength="-1">
        <span>
          <target id="t_44"/>
        </span>
      </opinion_expression>
    </opinion>
    <opinion oid="o_3">
      <opinion_holder>
        <span>
          <target id="t_34"/>
        </span>
      </opinion_holder>
      <opinion_target>
        <span>
          <target id="t_53"/>
        </span>
      </opinion_target>
      <opinion_expression polarity="positive" strength="1">
        <span>
          <target id="t_54"/>
        </span>
      </opinion_expression>
    </opinion>
    <opinion oid="o_4">
      <opinion_holder>
        <span>
          <target id="t_63"/>
        </span>
      </opinion_holder>
      <opinion_target>
        <span>
          <target id="t_71"/>
        </span>
      </opinion_target>
      <opinion_expression polarity="negative" strength="-2">
        <span>
          <target id="t_74"/>
          <target id="t_73"/>
        </span>
      </opinion_expression>
    </opinion>
    <opinion oid="o_5">
      <opinion_target>
        <span>
          <target id="t_107"/>
        </span>
      </opinion_target>
      <opinion_expression polarity="negative" strength="-1">
        <span>
          <target id="t_104"/>
        </span>
      </opinion_expression>
    </opinion>
    <opinion oid="o_6">
      <opinion_target>
        <span>
          <target id="t_114"/>
        </span>
      </opinion_target>
      <opinion_expression polarity="negative" strength="-2">
        <span>
          <target id="t_112"/>
          <target id="t_111"/>
        </span>
      </opinion_expression>
    </opinion>
    <opinion oid="o_7">
      <opinion_target>
        <span>
          <target id="t_127"/>
        </span>
      </opinion_target>
      <opinion_expression polarity="positive" strength="1">
        <span>
          <target id="t_125"/>
        </span>
      </opinion_expression>
    </opinion>
    <opinion oid="o_8">
      <opinion_target>
        <span>
          <target id="t_130"/>
        </span>
      </opinion_target>
      <opinion_expression polarity="positive" strength="1">
        <span>
          <target id="t_131"/>
        </span>
      </opinion_expression>
    </opinion>
    <opinion oid="o_9">
      <opinion_target>
        <span>
          <target id="t_134"/>
        </span>
      </opinion_target>
      <opinion_expression polarity="positive" strength="1">
        <span>
          <target id="t_133"/>
        </span>
      </opinion_expression>
    </opinion>
    <opinion oid="o_10">
      <opinion_target>
        <span>
          <target id="t_141"/>
        </span>
      </opinion_target>
      <opinion_expression polarity="positive" strength="1">
        <span>
          <target id="t_144"/>
        </span>
      </opinion_expression>
    </opinion>
    <opinion oid="o_11">
      <opinion_target>
        <span>
          <target id="t_168"/>
        </span>
      </opinion_target>
      <opinion_expression polarity="positive" strength="1">
        <span>
          <target id="t_170"/>
        </span>
      </opinion_expression>
    </opinion>
    <opinion oid="o_12">
      <opinion_target>
        <span>
          <target id="t_173"/>
        </span>
      </opinion_target>
      <opinion_expression polarity="positive" strength="1">
        <span>
          <target id="t_172"/>
        </span>
      </opinion_expression>
    </opinion>
    <opinion oid="o_13">
      <opinion_target>
        <span>
          <target id="t_176"/>
        </span>
      </opinion_target>
      <opinion_expression polarity="positive" strength="1">
        <span>
          <target id="t_175"/>
        </span>
      </opinion_expression>
    </opinion>
    <opinion oid="o_14">
      <opinion_target>
        <span>
          <target id="t_183"/>
        </span>
      </opinion_target>
      <opinion_expression polarity="positive" strength="1">
        <span>
          <target id="t_181"/>
        </span>
      </opinion_expression>
    </opinion>
    <opinion oid="o_15">
      <opinion_target>
        <span>
          <target id="t_196"/>
        </span>
      </opinion_target>
      <opinion_expression polarity="negative" strength="-1">
        <span>
          <target id="t_194"/>
        </span>
      </opinion_expression>
    </opinion>
    <opinion oid="o_16">
      <opinion_target>
        <span>
          <target id="t_214"/>
        </span>
      </opinion_target>
      <opinion_expression polarity="positive" strength="1">
        <span>
          <target id="t_213"/>
        </span>
      </opinion_expression>
    </opinion>
    <opinion oid="o_17">
      <opinion_holder>
        <span>
          <target id="t_222"/>
        </span>
      </opinion_holder>
      <opinion_target>
        <span>
          <target id="t_234"/>
        </span>
      </opinion_target>
      <opinion_expression polarity="positive" strength="1">
        <span>
          <target id="t_235"/>
        </span>
      </opinion_expression>
    </opinion>
  </opinions>
</KAF>
