<?xml version='1.0' encoding='UTF-8'?>
<KAF xml:lang="nl">
  <linguisticProcessors layer="text">
    <lp timestamp="2013-01-06T18:34:54CET" version="2.0" name="SentenceTokenizer"/>
  </linguisticProcessors>
  <linguisticProcessors layer="terms">
    <lp timestamp="2013-01-06T18:34:54CET" version="2.0" name="SentenceTokenizer"/>
    <lp timestamp="2013-01-06T18:34:55CET" version="1.0" name="SimplePolarityTagger"/>
  </linguisticProcessors>
  <linguisticProcessor layer="opinions">
    <lp timestamp="2013-01-06T18:34:55CET" version="1.0" name="SimpleOpinionDetector"/>
  </linguisticProcessor>
  <linguisticProcessor layer="properties">
    <lp timestamp="2013-01-06T18:34:55CET" version="1.0" name="SimplePropRecognizer_lookup"/>
  </linguisticProcessor>
  <linguisticProcessor layer="entities">
    <lp timestamp="2013-01-06T18:34:55CET" version="1.0" name="SimpleNER_lookup"/>
  </linguisticProcessor>
  <text>
    <wf wid="w_1" para="1" sent="1">de</wf>
    <wf wid="w_2" para="1" sent="1">omschrijving</wf>
    <wf wid="w_3" para="1" sent="1">luxe</wf>
    <wf wid="w_4" para="1" sent="1">kamer</wf>
    <wf wid="w_5" para="1" sent="1">is</wf>
    <wf wid="w_6" para="1" sent="1">een</wf>
    <wf wid="w_7" para="1" sent="1">grove</wf>
    <wf wid="w_8" para="1" sent="1">leugen</wf>
    <wf wid="w_9" para="1" sent="1">.</wf>
    <wf wid="w_10" para="1" sent="2">ligging</wf>
    <wf wid="w_11" para="1" sent="2">centraal</wf>
    <wf wid="w_12" para="1" sent="2">.</wf>
    <wf wid="w_13" para="1" sent="3">zeer</wf>
    <wf wid="w_14" para="1" sent="3">gedateerd</wf>
    <wf wid="w_15" para="1" sent="3">.</wf>
    <wf wid="w_16" para="1" sent="4">En</wf>
    <wf wid="w_17" para="1" sent="4">de</wf>
    <wf wid="w_18" para="1" sent="4">luxe</wf>
    <wf wid="w_19" para="1" sent="4">kamers</wf>
    <wf wid="w_20" para="1" sent="4">zijn</wf>
    <wf wid="w_21" para="1" sent="4">zeer</wf>
    <wf wid="w_22" para="1" sent="4">eenvoudige</wf>
    <wf wid="w_23" para="1" sent="4">kleine</wf>
    <wf wid="w_24" para="1" sent="4">kamers</wf>
    <wf wid="w_25" para="1" sent="4">.die</wf>
    <wf wid="w_26" para="1" sent="4">echt</wf>
    <wf wid="w_27" para="1" sent="4">niet</wf>
    <wf wid="w_28" para="1" sent="4">voldoen</wf>
    <wf wid="w_29" para="1" sent="4">aan</wf>
    <wf wid="w_30" para="1" sent="4">de</wf>
    <wf wid="w_31" para="1" sent="4">huidige</wf>
    <wf wid="w_32" para="1" sent="4">standaard</wf>
  </text>
  <terms>
    <term tid="t_1" lemma="de" type="open">
      <span>
        <target id="w_1"/>
      </span>
    </term>
    <term tid="t_2" lemma="omschrijving" type="open">
      <span>
        <target id="w_2"/>
      </span>
    </term>
    <term tid="t_3" lemma="luxe" type="open" pos="N">
      <span>
        <target id="w_3"/>
      </span>
      <sentiment polarity="positive" resource="VUA_olery_lexicon_nl_lmf"/>
    </term>
    <term tid="t_4" lemma="kamer" type="open">
      <span>
        <target id="w_4"/>
      </span>
    </term>
    <term tid="t_5" lemma="is" type="open">
      <span>
        <target id="w_5"/>
      </span>
    </term>
    <term tid="t_6" lemma="een" type="open">
      <span>
        <target id="w_6"/>
      </span>
    </term>
    <term tid="t_7" lemma="grove" type="open">
      <span>
        <target id="w_7"/>
      </span>
    </term>
    <term tid="t_8" lemma="leugen" type="open">
      <span>
        <target id="w_8"/>
      </span>
    </term>
    <term tid="t_9" lemma="." type="open">
      <span>
        <target id="w_9"/>
      </span>
    </term>
    <term tid="t_10" lemma="ligging" type="open">
      <span>
        <target id="w_10"/>
      </span>
    </term>
    <term tid="t_11" lemma="centraal" type="open" pos="G">
      <span>
        <target id="w_11"/>
      </span>
      <sentiment polarity="positive" resource="VUA_olery_lexicon_nl_lmf"/>
    </term>
    <term tid="t_12" lemma="." type="open">
      <span>
        <target id="w_12"/>
      </span>
    </term>
    <term tid="t_13" lemma="zeer" type="open">
      <span>
        <target id="w_13"/>
      </span>
      <sentiment sentiment_modifier="intensifier" resource="VUA_olery_lexicon_nl_lmf"/>
    </term>
    <term tid="t_14" lemma="gedateerd" type="open">
      <span>
        <target id="w_14"/>
      </span>
    </term>
    <term tid="t_15" lemma="." type="open">
      <span>
        <target id="w_15"/>
      </span>
    </term>
    <term tid="t_16" lemma="en" type="open">
      <span>
        <target id="w_16"/>
      </span>
    </term>
    <term tid="t_17" lemma="de" type="open">
      <span>
        <target id="w_17"/>
      </span>
    </term>
    <term tid="t_18" lemma="luxe" type="open" pos="N">
      <span>
        <target id="w_18"/>
      </span>
      <sentiment polarity="positive" resource="VUA_olery_lexicon_nl_lmf"/>
    </term>
    <term tid="t_19" lemma="kamers" type="open">
      <span>
        <target id="w_19"/>
      </span>
    </term>
    <term tid="t_20" lemma="zijn" type="open">
      <span>
        <target id="w_20"/>
      </span>
    </term>
    <term tid="t_21" lemma="zeer" type="open">
      <span>
        <target id="w_21"/>
      </span>
      <sentiment sentiment_modifier="intensifier" resource="VUA_olery_lexicon_nl_lmf"/>
    </term>
    <term tid="t_22" lemma="eenvoudige" type="open">
      <span>
        <target id="w_22"/>
      </span>
    </term>
    <term tid="t_23" lemma="kleine" type="open">
      <span>
        <target id="w_23"/>
      </span>
    </term>
    <term tid="t_24" lemma="kamers" type="open">
      <span>
        <target id="w_24"/>
      </span>
    </term>
    <term tid="t_25" lemma=".die" type="open">
      <span>
        <target id="w_25"/>
      </span>
    </term>
    <term tid="t_26" lemma="echt" type="open">
      <span>
        <target id="w_26"/>
      </span>
      <sentiment sentiment_modifier="intensifier" resource="VUA_olery_lexicon_nl_lmf"/>
    </term>
    <term tid="t_27" lemma="niet" type="open">
      <span>
        <target id="w_27"/>
      </span>
      <sentiment sentiment_modifier="shifter" resource="VUA_olery_lexicon_nl_lmf"/>
    </term>
    <term tid="t_28" lemma="voldoen" type="open">
      <span>
        <target id="w_28"/>
      </span>
    </term>
    <term tid="t_29" lemma="aan" type="open">
      <span>
        <target id="w_29"/>
      </span>
    </term>
    <term tid="t_30" lemma="de" type="open">
      <span>
        <target id="w_30"/>
      </span>
    </term>
    <term tid="t_31" lemma="huidige" type="open">
      <span>
        <target id="w_31"/>
      </span>
    </term>
    <term tid="t_32" lemma="standaard" type="open">
      <span>
        <target id="w_32"/>
      </span>
    </term>
  </terms>
  <entities>
    <entity type="MISC" eid="e_1">
      <span>
        <target id="t_20"/>
      </span>
    </entity>
    <entity type="LOC" eid="e_2">
      <span>
        <target id="t_11"/>
      </span>
    </entity>
    <entity type="ORG" eid="e_3">
      <span>
        <target id="t_4"/>
      </span>
    </entity>
  </entities>
  <properties>
    <property type="room" pid="p_1">
      <span>
        <target id="t_4"/>
      </span>
      <span>
        <target id="t_32"/>
      </span>
    </property>
    <property type="location" pid="p_2">
      <span>
        <target id="t_10"/>
      </span>
      <span>
        <target id="t_11"/>
      </span>
    </property>
  </properties>
  <opinions>
    <opinion oid="o_1">
      <opinion_target>
        <span>
          <target id="t_4"/>
        </span>
      </opinion_target>
      <opinion_expression polarity="positive" strength="1">
        <span>
          <target id="t_3"/>
        </span>
      </opinion_expression>
    </opinion>
    <opinion oid="o_2">
      <opinion_target>
        <span>
          <target id="t_10"/>
        </span>
      </opinion_target>
      <opinion_expression polarity="positive" strength="1">
        <span>
          <target id="t_11"/>
        </span>
      </opinion_expression>
    </opinion>
    <opinion oid="o_3">
      <opinion_target>
        <span>
          <target id="t_19"/>
        </span>
      </opinion_target>
      <opinion_expression polarity="positive" strength="1">
        <span>
          <target id="t_18"/>
        </span>
      </opinion_expression>
    </opinion>
  </opinions>
</KAF>
