<?xml version='1.0' encoding='UTF-8'?>
<KAF xml:lang="nl">
  <linguisticProcessors layer="text">
    <lp timestamp="2013-01-06T18:34:47CET" version="2.0" name="SentenceTokenizer"/>
  </linguisticProcessors>
  <linguisticProcessors layer="terms">
    <lp timestamp="2013-01-06T18:34:47CET" version="2.0" name="SentenceTokenizer"/>
    <lp timestamp="2013-01-06T18:34:47CET" version="1.0" name="SimplePolarityTagger"/>
  </linguisticProcessors>
  <linguisticProcessor layer="opinions">
    <lp timestamp="2013-01-06T18:34:47CET" version="1.0" name="SimpleOpinionDetector"/>
  </linguisticProcessor>
  <linguisticProcessor layer="properties">
    <lp timestamp="2013-01-06T18:34:47CET" version="1.0" name="SimplePropRecognizer_lookup"/>
  </linguisticProcessor>
  <linguisticProcessor layer="entities">
    <lp timestamp="2013-01-06T18:34:47CET" version="1.0" name="SimpleNER_lookup"/>
  </linguisticProcessor>
  <text>
    <wf wid="w_1" para="1" sent="1">Hotel</wf>
    <wf wid="w_2" para="1" sent="1">bezocht</wf>
    <wf wid="w_3" para="1" sent="1">ivm</wf>
    <wf wid="w_4" para="1" sent="1">jaarlijks</wf>
    <wf wid="w_5" para="1" sent="1">weekendje</wf>
    <wf wid="w_6" para="1" sent="1">weg</wf>
    <wf wid="w_7" para="1" sent="1">met</wf>
    <wf wid="w_8" para="1" sent="1">vrienden</wf>
    <wf wid="w_9" para="1" sent="1">.</wf>
    <wf wid="w_10" para="1" sent="2">Gezellig</wf>
    <wf wid="w_11" para="1" sent="2">hotel</wf>
    <wf wid="w_12" para="1" sent="2">.</wf>
    <wf wid="w_13" para="1" sent="3">Te</wf>
    <wf wid="w_14" para="1" sent="3">beginnen</wf>
    <wf wid="w_15" para="1" sent="3">met</wf>
    <wf wid="w_16" para="1" sent="3">de</wf>
    <wf wid="w_17" para="1" sent="3">naam</wf>
    <wf wid="w_18" para="1" sent="3">.</wf>
    <wf wid="w_19" para="1" sent="4">Hotelbar</wf>
    <wf wid="w_20" para="1" sent="4">aanwezig</wf>
    <wf wid="w_21" para="1" sent="4">.</wf>
    <wf wid="w_22" para="1" sent="5">Persoonlijke</wf>
    <wf wid="w_23" para="1" sent="5">en</wf>
    <wf wid="w_24" para="1" sent="5">vriendelijke</wf>
    <wf wid="w_25" para="1" sent="5">benadering</wf>
    <wf wid="w_26" para="1" sent="5">.</wf>
    <wf wid="w_27" para="1" sent="6">Wij</wf>
    <wf wid="w_28" para="1" sent="6">sliepen</wf>
    <wf wid="w_29" para="1" sent="6">op</wf>
    <wf wid="w_30" para="1" sent="6">de</wf>
    <wf wid="w_31" para="1" sent="6">twee</wf>
    <wf wid="w_32" para="1" sent="6">zolderkamers</wf>
    <wf wid="w_33" para="1" sent="6">.</wf>
    <wf wid="w_34" para="1" sent="7">Niets</wf>
    <wf wid="w_35" para="1" sent="7">mis</wf>
    <wf wid="w_36" para="1" sent="7">mee</wf>
    <wf wid="w_37" para="1" sent="7">.</wf>
    <wf wid="w_38" para="1" sent="8">Hotel</wf>
    <wf wid="w_39" para="1" sent="8">ligt</wf>
    <wf wid="w_40" para="1" sent="8">aan</wf>
    <wf wid="w_41" para="1" sent="8">een</wf>
    <wf wid="w_42" para="1" sent="8">levendig</wf>
    <wf wid="w_43" para="1" sent="8">pleintje</wf>
    <wf wid="w_44" para="1" sent="8">met</wf>
    <wf wid="w_45" para="1" sent="8">kroegen</wf>
    <wf wid="w_46" para="1" sent="8">en</wf>
    <wf wid="w_47" para="1" sent="8">restaurants</wf>
    <wf wid="w_48" para="1" sent="8">etc</wf>
    <wf wid="w_49" para="1" sent="8">.</wf>
    <wf wid="w_50" para="1" sent="9">Goede</wf>
    <wf wid="w_51" para="1" sent="9">herinneringen</wf>
    <wf wid="w_52" para="1" sent="9">.</wf>
    <wf wid="w_53" para="1" sent="10">Ontbijt</wf>
    <wf wid="w_54" para="1" sent="10">uitstekend</wf>
    <wf wid="w_55" para="1" sent="10">.</wf>
  </text>
  <terms>
    <term tid="t_1" lemma="hotel" type="open">
      <span>
        <target id="w_1"/>
      </span>
    </term>
    <term tid="t_2" lemma="bezocht" type="open">
      <span>
        <target id="w_2"/>
      </span>
    </term>
    <term tid="t_3" lemma="ivm" type="open">
      <span>
        <target id="w_3"/>
      </span>
    </term>
    <term tid="t_4" lemma="jaarlijks" type="open">
      <span>
        <target id="w_4"/>
      </span>
    </term>
    <term tid="t_5" lemma="weekendje" type="open">
      <span>
        <target id="w_5"/>
      </span>
    </term>
    <term tid="t_6" lemma="weg" type="open">
      <span>
        <target id="w_6"/>
      </span>
    </term>
    <term tid="t_7" lemma="met" type="open">
      <span>
        <target id="w_7"/>
      </span>
    </term>
    <term tid="t_8" lemma="vrienden" type="open">
      <span>
        <target id="w_8"/>
      </span>
    </term>
    <term tid="t_9" lemma="." type="open">
      <span>
        <target id="w_9"/>
      </span>
    </term>
    <term tid="t_10" lemma="gezellig" type="open" pos="G">
      <span>
        <target id="w_10"/>
      </span>
      <sentiment polarity="positive" resource="VUA_olery_lexicon_nl_lmf"/>
    </term>
    <term tid="t_11" lemma="hotel" type="open">
      <span>
        <target id="w_11"/>
      </span>
    </term>
    <term tid="t_12" lemma="." type="open">
      <span>
        <target id="w_12"/>
      </span>
    </term>
    <term tid="t_13" lemma="te" type="open">
      <span>
        <target id="w_13"/>
      </span>
    </term>
    <term tid="t_14" lemma="beginnen" type="open">
      <span>
        <target id="w_14"/>
      </span>
    </term>
    <term tid="t_15" lemma="met" type="open">
      <span>
        <target id="w_15"/>
      </span>
    </term>
    <term tid="t_16" lemma="de" type="open">
      <span>
        <target id="w_16"/>
      </span>
    </term>
    <term tid="t_17" lemma="naam" type="open">
      <span>
        <target id="w_17"/>
      </span>
    </term>
    <term tid="t_18" lemma="." type="open">
      <span>
        <target id="w_18"/>
      </span>
    </term>
    <term tid="t_19" lemma="hotelbar" type="open">
      <span>
        <target id="w_19"/>
      </span>
    </term>
    <term tid="t_20" lemma="aanwezig" type="open">
      <span>
        <target id="w_20"/>
      </span>
    </term>
    <term tid="t_21" lemma="." type="open">
      <span>
        <target id="w_21"/>
      </span>
    </term>
    <term tid="t_22" lemma="persoonlijke" type="open">
      <span>
        <target id="w_22"/>
      </span>
    </term>
    <term tid="t_23" lemma="en" type="open">
      <span>
        <target id="w_23"/>
      </span>
    </term>
    <term tid="t_24" lemma="vriendelijke" type="open">
      <span>
        <target id="w_24"/>
      </span>
    </term>
    <term tid="t_25" lemma="benadering" type="open">
      <span>
        <target id="w_25"/>
      </span>
    </term>
    <term tid="t_26" lemma="." type="open">
      <span>
        <target id="w_26"/>
      </span>
    </term>
    <term tid="t_27" lemma="wij" type="open">
      <span>
        <target id="w_27"/>
      </span>
    </term>
    <term tid="t_28" lemma="sliepen" type="open">
      <span>
        <target id="w_28"/>
      </span>
    </term>
    <term tid="t_29" lemma="op" type="open">
      <span>
        <target id="w_29"/>
      </span>
    </term>
    <term tid="t_30" lemma="de" type="open">
      <span>
        <target id="w_30"/>
      </span>
    </term>
    <term tid="t_31" lemma="twee" type="open">
      <span>
        <target id="w_31"/>
      </span>
    </term>
    <term tid="t_32" lemma="zolderkamers" type="open">
      <span>
        <target id="w_32"/>
      </span>
    </term>
    <term tid="t_33" lemma="." type="open">
      <span>
        <target id="w_33"/>
      </span>
    </term>
    <term tid="t_34" lemma="niets" type="open">
      <span>
        <target id="w_34"/>
      </span>
      <sentiment sentiment_modifier="shifter" resource="VUA_olery_lexicon_nl_lmf"/>
    </term>
    <term tid="t_35" lemma="mis" type="open" pos="G">
      <span>
        <target id="w_35"/>
      </span>
      <sentiment polarity="negative" resource="VUA_olery_lexicon_nl_lmf"/>
    </term>
    <term tid="t_36" lemma="mee" type="open">
      <span>
        <target id="w_36"/>
      </span>
    </term>
    <term tid="t_37" lemma="." type="open">
      <span>
        <target id="w_37"/>
      </span>
    </term>
    <term tid="t_38" lemma="hotel" type="open">
      <span>
        <target id="w_38"/>
      </span>
    </term>
    <term tid="t_39" lemma="ligt" type="open">
      <span>
        <target id="w_39"/>
      </span>
    </term>
    <term tid="t_40" lemma="aan" type="open">
      <span>
        <target id="w_40"/>
      </span>
    </term>
    <term tid="t_41" lemma="een" type="open">
      <span>
        <target id="w_41"/>
      </span>
    </term>
    <term tid="t_42" lemma="levendig" type="open" pos="G">
      <span>
        <target id="w_42"/>
      </span>
      <sentiment polarity="positive" resource="VUA_olery_lexicon_nl_lmf"/>
    </term>
    <term tid="t_43" lemma="pleintje" type="open">
      <span>
        <target id="w_43"/>
      </span>
    </term>
    <term tid="t_44" lemma="met" type="open">
      <span>
        <target id="w_44"/>
      </span>
    </term>
    <term tid="t_45" lemma="kroegen" type="open">
      <span>
        <target id="w_45"/>
      </span>
    </term>
    <term tid="t_46" lemma="en" type="open">
      <span>
        <target id="w_46"/>
      </span>
    </term>
    <term tid="t_47" lemma="restaurants" type="open">
      <span>
        <target id="w_47"/>
      </span>
    </term>
    <term tid="t_48" lemma="etc" type="open">
      <span>
        <target id="w_48"/>
      </span>
    </term>
    <term tid="t_49" lemma="." type="open">
      <span>
        <target id="w_49"/>
      </span>
    </term>
    <term tid="t_50" lemma="goede" type="open" pos="G">
      <span>
        <target id="w_50"/>
      </span>
      <sentiment polarity="positive" resource="VUA_olery_lexicon_nl_lmf"/>
    </term>
    <term tid="t_51" lemma="herinneringen" type="open">
      <span>
        <target id="w_51"/>
      </span>
    </term>
    <term tid="t_52" lemma="." type="open">
      <span>
        <target id="w_52"/>
      </span>
    </term>
    <term tid="t_53" lemma="ontbijt" type="open">
      <span>
        <target id="w_53"/>
      </span>
    </term>
    <term tid="t_54" lemma="uitstekend" type="open" pos="G">
      <span>
        <target id="w_54"/>
      </span>
      <sentiment polarity="positive" resource="VUA_olery_lexicon_nl_lmf"/>
    </term>
    <term tid="t_55" lemma="." type="open">
      <span>
        <target id="w_55"/>
      </span>
    </term>
  </terms>
  <properties>
    <property type="restaurant" pid="p_1">
      <span>
        <target id="t_19"/>
      </span>
      <span>
        <target id="t_53"/>
      </span>
    </property>
  </properties>
  <opinions>
    <opinion oid="o_1">
      <opinion_target>
        <span>
          <target id="t_11"/>
        </span>
      </opinion_target>
      <opinion_expression polarity="positive" strength="1">
        <span>
          <target id="t_10"/>
        </span>
      </opinion_expression>
    </opinion>
    <opinion oid="o_2">
      <opinion_target>
        <span>
          <target id="t_36"/>
        </span>
      </opinion_target>
      <opinion_expression polarity="positive" strength="1">
        <span>
          <target id="t_35"/>
          <target id="t_34"/>
        </span>
      </opinion_expression>
    </opinion>
    <opinion oid="o_3">
      <opinion_target>
        <span>
          <target id="t_43"/>
        </span>
      </opinion_target>
      <opinion_expression polarity="positive" strength="1">
        <span>
          <target id="t_42"/>
        </span>
      </opinion_expression>
    </opinion>
    <opinion oid="o_4">
      <opinion_target>
        <span>
          <target id="t_51"/>
        </span>
      </opinion_target>
      <opinion_expression polarity="positive" strength="1">
        <span>
          <target id="t_50"/>
        </span>
      </opinion_expression>
    </opinion>
    <opinion oid="o_5">
      <opinion_target>
        <span>
          <target id="t_53"/>
        </span>
      </opinion_target>
      <opinion_expression polarity="positive" strength="1">
        <span>
          <target id="t_54"/>
        </span>
      </opinion_expression>
    </opinion>
  </opinions>
</KAF>
