<?xml version='1.0' encoding='UTF-8'?>
<KAF xml:lang="nl">
  <linguisticProcessors layer="text">
    <lp timestamp="2013-01-06T18:31:42CET" version="2.0" name="SentenceTokenizer"/>
  </linguisticProcessors>
  <linguisticProcessors layer="terms">
    <lp timestamp="2013-01-06T18:31:42CET" version="2.0" name="SentenceTokenizer"/>
    <lp timestamp="2013-01-06T18:31:42CET" version="1.0" name="SimplePolarityTagger"/>
  </linguisticProcessors>
  <linguisticProcessor layer="opinions">
    <lp timestamp="2013-01-06T18:31:42CET" version="1.0" name="SimpleOpinionDetector"/>
  </linguisticProcessor>
  <linguisticProcessor layer="properties">
    <lp timestamp="2013-01-06T18:31:42CET" version="1.0" name="SimplePropRecognizer_lookup"/>
  </linguisticProcessor>
  <linguisticProcessor layer="entities">
    <lp timestamp="2013-01-06T18:31:42CET" version="1.0" name="SimpleNER_lookup"/>
  </linguisticProcessor>
  <text>
    <wf wid="w_1" para="1" sent="1">zeer</wf>
    <wf wid="w_2" para="1" sent="1">mooi</wf>
    <wf wid="w_3" para="1" sent="1">en</wf>
    <wf wid="w_4" para="1" sent="1">keurig</wf>
    <wf wid="w_5" para="1" sent="1">hotel</wf>
    <wf wid="w_6" para="1" sent="1">,</wf>
    <wf wid="w_7" para="1" sent="1">fijne</wf>
    <wf wid="w_8" para="1" sent="1">ligging</wf>
    <wf wid="w_9" para="1" sent="1">vlak</wf>
    <wf wid="w_10" para="1" sent="1">aan</wf>
    <wf wid="w_11" para="1" sent="1">de</wf>
    <wf wid="w_12" para="1" sent="1">grote</wf>
    <wf wid="w_13" para="1" sent="1">weg</wf>
    <wf wid="w_14" para="1" sent="1">en</wf>
    <wf wid="w_15" para="1" sent="1">dicht</wf>
    <wf wid="w_16" para="1" sent="1">bij</wf>
    <wf wid="w_17" para="1" sent="1">het</wf>
    <wf wid="w_18" para="1" sent="1">transferium</wf>
    <wf wid="w_19" para="1" sent="1">.</wf>
    <wf wid="w_20" para="1" sent="2">zeer</wf>
    <wf wid="w_21" para="1" sent="2">uitgebreid</wf>
    <wf wid="w_22" para="1" sent="2">ombijtbuffet</wf>
    <wf wid="w_23" para="1" sent="2">.</wf>
    <wf wid="w_24" para="1" sent="3">vriendelijk</wf>
    <wf wid="w_25" para="1" sent="3">personeel</wf>
    <wf wid="w_26" para="1" sent="3">en</wf>
    <wf wid="w_27" para="1" sent="3">de</wf>
    <wf wid="w_28" para="1" sent="3">kamers</wf>
    <wf wid="w_29" para="1" sent="3">en</wf>
    <wf wid="w_30" para="1" sent="3">badkamers</wf>
    <wf wid="w_31" para="1" sent="3">zijn</wf>
    <wf wid="w_32" para="1" sent="3">keurig</wf>
    <wf wid="w_33" para="1" sent="3">schoon</wf>
    <wf wid="w_34" para="1" sent="3">.</wf>
    <wf wid="w_35" para="1" sent="4">dit</wf>
    <wf wid="w_36" para="1" sent="4">hotel</wf>
    <wf wid="w_37" para="1" sent="4">is</wf>
    <wf wid="w_38" para="1" sent="4">zeker</wf>
    <wf wid="w_39" para="1" sent="4">een</wf>
    <wf wid="w_40" para="1" sent="4">aanrader</wf>
    <wf wid="w_41" para="1" sent="4">vooral</wf>
    <wf wid="w_42" para="1" sent="4">als</wf>
    <wf wid="w_43" para="1" sent="4">je</wf>
    <wf wid="w_44" para="1" sent="4">een</wf>
    <wf wid="w_45" para="1" sent="4">gezellig</wf>
    <wf wid="w_46" para="1" sent="4">weekendje</wf>
    <wf wid="w_47" para="1" sent="4">s</wf>
    <wf wid="w_48" para="1" sent="4">-</wf>
    <wf wid="w_49" para="1" sent="4">Hertogenbosch</wf>
    <wf wid="w_50" para="1" sent="4">wilt</wf>
    <wf wid="w_51" para="1" sent="4">hebben</wf>
    <wf wid="w_52" para="1" sent="4">.</wf>
  </text>
  <terms>
    <term tid="t_1" lemma="zeer" type="open">
      <span>
        <target id="w_1"/>
      </span>
      <sentiment sentiment_modifier="intensifier" resource="VUA_olery_lexicon_nl_lmf"/>
    </term>
    <term tid="t_2" lemma="mooi" type="open" pos="G">
      <span>
        <target id="w_2"/>
      </span>
      <sentiment polarity="positive" resource="VUA_olery_lexicon_nl_lmf"/>
    </term>
    <term tid="t_3" lemma="en" type="open">
      <span>
        <target id="w_3"/>
      </span>
    </term>
    <term tid="t_4" lemma="keurig" type="open" pos="G">
      <span>
        <target id="w_4"/>
      </span>
      <sentiment polarity="positive" resource="VUA_olery_lexicon_nl_lmf"/>
    </term>
    <term tid="t_5" lemma="hotel" type="open">
      <span>
        <target id="w_5"/>
      </span>
    </term>
    <term tid="t_6" lemma="," type="open">
      <span>
        <target id="w_6"/>
      </span>
    </term>
    <term tid="t_7" lemma="fijne" type="open">
      <span>
        <target id="w_7"/>
      </span>
    </term>
    <term tid="t_8" lemma="ligging" type="open">
      <span>
        <target id="w_8"/>
      </span>
    </term>
    <term tid="t_9" lemma="vlak" type="open">
      <span>
        <target id="w_9"/>
      </span>
    </term>
    <term tid="t_10" lemma="aan" type="open">
      <span>
        <target id="w_10"/>
      </span>
    </term>
    <term tid="t_11" lemma="de" type="open">
      <span>
        <target id="w_11"/>
      </span>
    </term>
    <term tid="t_12" lemma="grote" type="open">
      <span>
        <target id="w_12"/>
      </span>
    </term>
    <term tid="t_13" lemma="weg" type="open">
      <span>
        <target id="w_13"/>
      </span>
    </term>
    <term tid="t_14" lemma="en" type="open">
      <span>
        <target id="w_14"/>
      </span>
    </term>
    <term tid="t_15" lemma="dicht" type="open">
      <span>
        <target id="w_15"/>
      </span>
    </term>
    <term tid="t_16" lemma="bij" type="open">
      <span>
        <target id="w_16"/>
      </span>
    </term>
    <term tid="t_17" lemma="het" type="open">
      <span>
        <target id="w_17"/>
      </span>
    </term>
    <term tid="t_18" lemma="transferium" type="open">
      <span>
        <target id="w_18"/>
      </span>
    </term>
    <term tid="t_19" lemma="." type="open">
      <span>
        <target id="w_19"/>
      </span>
    </term>
    <term tid="t_20" lemma="zeer" type="open">
      <span>
        <target id="w_20"/>
      </span>
      <sentiment sentiment_modifier="intensifier" resource="VUA_olery_lexicon_nl_lmf"/>
    </term>
    <term tid="t_21" lemma="uitgebreid" type="open" pos="V">
      <span>
        <target id="w_21"/>
      </span>
      <sentiment polarity="positive" resource="VUA_olery_lexicon_nl_lmf"/>
    </term>
    <term tid="t_22" lemma="ombijtbuffet" type="open">
      <span>
        <target id="w_22"/>
      </span>
    </term>
    <term tid="t_23" lemma="." type="open">
      <span>
        <target id="w_23"/>
      </span>
    </term>
    <term tid="t_24" lemma="vriendelijk" type="open" pos="G">
      <span>
        <target id="w_24"/>
      </span>
      <sentiment polarity="positive" resource="VUA_olery_lexicon_nl_lmf"/>
    </term>
    <term tid="t_25" lemma="personeel" type="open">
      <span>
        <target id="w_25"/>
      </span>
    </term>
    <term tid="t_26" lemma="en" type="open">
      <span>
        <target id="w_26"/>
      </span>
    </term>
    <term tid="t_27" lemma="de" type="open">
      <span>
        <target id="w_27"/>
      </span>
    </term>
    <term tid="t_28" lemma="kamers" type="open">
      <span>
        <target id="w_28"/>
      </span>
    </term>
    <term tid="t_29" lemma="en" type="open">
      <span>
        <target id="w_29"/>
      </span>
    </term>
    <term tid="t_30" lemma="badkamers" type="open">
      <span>
        <target id="w_30"/>
      </span>
    </term>
    <term tid="t_31" lemma="zijn" type="open">
      <span>
        <target id="w_31"/>
      </span>
    </term>
    <term tid="t_32" lemma="keurig" type="open" pos="G">
      <span>
        <target id="w_32"/>
      </span>
      <sentiment polarity="positive" resource="VUA_olery_lexicon_nl_lmf"/>
    </term>
    <term tid="t_33" lemma="schoon" type="open" pos="G">
      <span>
        <target id="w_33"/>
      </span>
      <sentiment polarity="positive" resource="VUA_olery_lexicon_nl_lmf"/>
    </term>
    <term tid="t_34" lemma="." type="open">
      <span>
        <target id="w_34"/>
      </span>
    </term>
    <term tid="t_35" lemma="dit" type="open">
      <span>
        <target id="w_35"/>
      </span>
    </term>
    <term tid="t_36" lemma="hotel" type="open">
      <span>
        <target id="w_36"/>
      </span>
    </term>
    <term tid="t_37" lemma="is" type="open">
      <span>
        <target id="w_37"/>
      </span>
    </term>
    <term tid="t_38" lemma="zeker" type="open">
      <span>
        <target id="w_38"/>
      </span>
    </term>
    <term tid="t_39" lemma="een" type="open">
      <span>
        <target id="w_39"/>
      </span>
    </term>
    <term tid="t_40" lemma="aanrader" type="open" pos="N">
      <span>
        <target id="w_40"/>
      </span>
      <sentiment polarity="positive" resource="VUA_olery_lexicon_nl_lmf"/>
    </term>
    <term tid="t_41" lemma="vooral" type="open">
      <span>
        <target id="w_41"/>
      </span>
    </term>
    <term tid="t_42" lemma="als" type="open">
      <span>
        <target id="w_42"/>
      </span>
    </term>
    <term tid="t_43" lemma="je" type="open">
      <span>
        <target id="w_43"/>
      </span>
    </term>
    <term tid="t_44" lemma="een" type="open">
      <span>
        <target id="w_44"/>
      </span>
    </term>
    <term tid="t_45" lemma="gezellig" type="open" pos="G">
      <span>
        <target id="w_45"/>
      </span>
      <sentiment polarity="positive" resource="VUA_olery_lexicon_nl_lmf"/>
    </term>
    <term tid="t_46" lemma="weekendje" type="open">
      <span>
        <target id="w_46"/>
      </span>
    </term>
    <term tid="t_47" lemma="s" type="open">
      <span>
        <target id="w_47"/>
      </span>
    </term>
    <term tid="t_48" lemma="-" type="open">
      <span>
        <target id="w_48"/>
      </span>
    </term>
    <term tid="t_49" lemma="hertogenbosch" type="open">
      <span>
        <target id="w_49"/>
      </span>
    </term>
    <term tid="t_50" lemma="wilt" type="open">
      <span>
        <target id="w_50"/>
      </span>
    </term>
    <term tid="t_51" lemma="hebben" type="open">
      <span>
        <target id="w_51"/>
      </span>
    </term>
    <term tid="t_52" lemma="." type="open">
      <span>
        <target id="w_52"/>
      </span>
    </term>
  </terms>
  <entities>
    <entity type="MISC" eid="e_1">
      <span>
        <target id="t_31"/>
      </span>
    </entity>
    <entity type="PER" eid="e_2">
      <span>
        <target id="t_11"/>
        <target id="t_12"/>
      </span>
    </entity>
  </entities>
  <properties>
    <property type="cleanliness" pid="p_1">
      <span>
        <target id="t_33"/>
      </span>
    </property>
    <property type="staff" pid="p_2">
      <span>
        <target id="t_24"/>
      </span>
      <span>
        <target id="t_25"/>
      </span>
    </property>
    <property type="location" pid="p_3">
      <span>
        <target id="t_8"/>
      </span>
      <span>
        <target id="t_9"/>
      </span>
    </property>
    <property type="restaurant" pid="p_4">
      <span>
        <target id="t_21"/>
      </span>
    </property>
  </properties>
  <opinions>
    <opinion oid="o_1">
      <opinion_target>
        <span>
          <target id="t_5"/>
        </span>
      </opinion_target>
      <opinion_expression polarity="positive" strength="3">
        <span>
          <target id="t_2"/>
          <target id="t_1"/>
          <target id="t_4"/>
        </span>
      </opinion_expression>
    </opinion>
    <opinion oid="o_2">
      <opinion_target>
        <span>
          <target id="t_22"/>
        </span>
      </opinion_target>
      <opinion_expression polarity="positive" strength="2">
        <span>
          <target id="t_21"/>
          <target id="t_20"/>
        </span>
      </opinion_expression>
    </opinion>
    <opinion oid="o_3">
      <opinion_target>
        <span>
          <target id="t_25"/>
        </span>
      </opinion_target>
      <opinion_expression polarity="positive" strength="1">
        <span>
          <target id="t_24"/>
        </span>
      </opinion_expression>
    </opinion>
    <opinion oid="o_4">
      <opinion_target>
        <span>
          <target id="t_30"/>
        </span>
      </opinion_target>
      <opinion_expression polarity="positive" strength="2">
        <span>
          <target id="t_32"/>
          <target id="t_33"/>
        </span>
      </opinion_expression>
    </opinion>
    <opinion oid="o_5">
      <opinion_target>
        <span>
          <target id="t_41"/>
        </span>
      </opinion_target>
      <opinion_expression polarity="positive" strength="1">
        <span>
          <target id="t_40"/>
        </span>
      </opinion_expression>
    </opinion>
    <opinion oid="o_6">
      <opinion_target>
        <span>
          <target id="t_46"/>
        </span>
      </opinion_target>
      <opinion_expression polarity="positive" strength="1">
        <span>
          <target id="t_45"/>
        </span>
      </opinion_expression>
    </opinion>
  </opinions>
</KAF>
