<?xml version='1.0' encoding='UTF-8'?>
<KAF xml:lang="nl">
  <linguisticProcessors layer="text">
    <lp timestamp="2013-01-06T18:30:27CET" version="2.0" name="SentenceTokenizer"/>
  </linguisticProcessors>
  <linguisticProcessors layer="terms">
    <lp timestamp="2013-01-06T18:30:27CET" version="2.0" name="SentenceTokenizer"/>
    <lp timestamp="2013-01-06T18:30:27CET" version="1.0" name="SimplePolarityTagger"/>
  </linguisticProcessors>
  <linguisticProcessor layer="opinions">
    <lp timestamp="2013-01-06T18:30:27CET" version="1.0" name="SimpleOpinionDetector"/>
  </linguisticProcessor>
  <linguisticProcessor layer="properties">
    <lp timestamp="2013-01-06T18:30:27CET" version="1.0" name="SimplePropRecognizer_lookup"/>
  </linguisticProcessor>
  <linguisticProcessor layer="entities">
    <lp timestamp="2013-01-06T18:30:27CET" version="1.0" name="SimpleNER_lookup"/>
  </linguisticProcessor>
  <text>
    <wf wid="w_1" para="1" sent="1">Mooie</wf>
    <wf wid="w_2" para="1" sent="1">kamer</wf>
    <wf wid="w_3" para="1" sent="1">en</wf>
    <wf wid="w_4" para="1" sent="1">badkamer</wf>
    <wf wid="w_5" para="1" sent="1">,</wf>
    <wf wid="w_6" para="1" sent="1">vriendelijk</wf>
    <wf wid="w_7" para="1" sent="1">onthaal</wf>
    <wf wid="w_8" para="1" sent="1">..</wf>
    <wf wid="w_9" para="1" sent="2">Kamer</wf>
    <wf wid="w_10" para="1" sent="2">ruikt</wf>
    <wf wid="w_11" para="1" sent="2">muf</wf>
    <wf wid="w_12" para="1" sent="2">en</wf>
    <wf wid="w_13" para="1" sent="2">oogt</wf>
    <wf wid="w_14" para="1" sent="2">onverzorgd</wf>
    <wf wid="w_15" para="1" sent="2">.</wf>
    <wf wid="w_16" para="1" sent="3">Deur</wf>
    <wf wid="w_17" para="1" sent="3">waarachter</wf>
    <wf wid="w_18" para="1" sent="3">de</wf>
    <wf wid="w_19" para="1" sent="3">leidingen</wf>
    <wf wid="w_20" para="1" sent="3">zitten</wf>
    <wf wid="w_21" para="1" sent="3">kan</wf>
    <wf wid="w_22" para="1" sent="3">niet</wf>
    <wf wid="w_23" para="1" sent="3">gesloten</wf>
    <wf wid="w_24" para="1" sent="3">worden</wf>
    <wf wid="w_25" para="1" sent="3">..</wf>
    <wf wid="w_26" para="1" sent="4">Schemerlamp</wf>
    <wf wid="w_27" para="1" sent="4">is</wf>
    <wf wid="w_28" para="1" sent="4">kapot</wf>
    <wf wid="w_29" para="1" sent="4">en</wf>
    <wf wid="w_30" para="1" sent="4">bij</wf>
    <wf wid="w_31" para="1" sent="4">de</wf>
    <wf wid="w_32" para="1" sent="4">koffie</wf>
    <wf wid="w_33" para="1" sent="4">-</wf>
    <wf wid="w_34" para="1" sent="4">en</wf>
    <wf wid="w_35" para="1" sent="4">theezetter</wf>
    <wf wid="w_36" para="1" sent="4">ligt</wf>
    <wf wid="w_37" para="1" sent="4">1</wf>
    <wf wid="w_38" para="1" sent="4">zakje</wf>
    <wf wid="w_39" para="1" sent="4">thee</wf>
    <wf wid="w_40" para="1" sent="4">.</wf>
    <wf wid="w_41" para="1" sent="5">Dit</wf>
    <wf wid="w_42" para="1" sent="5">kan</wf>
    <wf wid="w_43" para="1" sent="5">niet</wf>
    <wf wid="w_44" para="1" sent="5">voor</wf>
    <wf wid="w_45" para="1" sent="5">een</wf>
    <wf wid="w_46" para="1" sent="5">suite</wf>
    <wf wid="w_47" para="1" sent="5">.</wf>
  </text>
  <terms>
    <term tid="t_1" lemma="mooie" type="open">
      <span>
        <target id="w_1"/>
      </span>
    </term>
    <term tid="t_2" lemma="kamer" type="open">
      <span>
        <target id="w_2"/>
      </span>
    </term>
    <term tid="t_3" lemma="en" type="open">
      <span>
        <target id="w_3"/>
      </span>
    </term>
    <term tid="t_4" lemma="badkamer" type="open">
      <span>
        <target id="w_4"/>
      </span>
    </term>
    <term tid="t_5" lemma="," type="open">
      <span>
        <target id="w_5"/>
      </span>
    </term>
    <term tid="t_6" lemma="vriendelijk" type="open" pos="G">
      <span>
        <target id="w_6"/>
      </span>
      <sentiment polarity="positive" resource="VUA_olery_lexicon_nl_lmf"/>
    </term>
    <term tid="t_7" lemma="onthaal" type="open">
      <span>
        <target id="w_7"/>
      </span>
    </term>
    <term tid="t_8" lemma=".." type="open">
      <span>
        <target id="w_8"/>
      </span>
    </term>
    <term tid="t_9" lemma="kamer" type="open">
      <span>
        <target id="w_9"/>
      </span>
    </term>
    <term tid="t_10" lemma="ruikt" type="open">
      <span>
        <target id="w_10"/>
      </span>
    </term>
    <term tid="t_11" lemma="muf" type="open" pos="G">
      <span>
        <target id="w_11"/>
      </span>
      <sentiment polarity="negative" resource="VUA_olery_lexicon_nl_lmf"/>
    </term>
    <term tid="t_12" lemma="en" type="open">
      <span>
        <target id="w_12"/>
      </span>
    </term>
    <term tid="t_13" lemma="oogt" type="open">
      <span>
        <target id="w_13"/>
      </span>
    </term>
    <term tid="t_14" lemma="onverzorgd" type="open" pos="G">
      <span>
        <target id="w_14"/>
      </span>
      <sentiment polarity="negative" resource="VUA_olery_lexicon_nl_lmf"/>
    </term>
    <term tid="t_15" lemma="." type="open">
      <span>
        <target id="w_15"/>
      </span>
    </term>
    <term tid="t_16" lemma="deur" type="open">
      <span>
        <target id="w_16"/>
      </span>
    </term>
    <term tid="t_17" lemma="waarachter" type="open">
      <span>
        <target id="w_17"/>
      </span>
    </term>
    <term tid="t_18" lemma="de" type="open">
      <span>
        <target id="w_18"/>
      </span>
    </term>
    <term tid="t_19" lemma="leidingen" type="open">
      <span>
        <target id="w_19"/>
      </span>
    </term>
    <term tid="t_20" lemma="zitten" type="open">
      <span>
        <target id="w_20"/>
      </span>
    </term>
    <term tid="t_21" lemma="kan" type="open">
      <span>
        <target id="w_21"/>
      </span>
    </term>
    <term tid="t_22" lemma="niet" type="open">
      <span>
        <target id="w_22"/>
      </span>
      <sentiment sentiment_modifier="shifter" resource="VUA_olery_lexicon_nl_lmf"/>
    </term>
    <term tid="t_23" lemma="gesloten" type="open">
      <span>
        <target id="w_23"/>
      </span>
    </term>
    <term tid="t_24" lemma="worden" type="open">
      <span>
        <target id="w_24"/>
      </span>
    </term>
    <term tid="t_25" lemma=".." type="open">
      <span>
        <target id="w_25"/>
      </span>
    </term>
    <term tid="t_26" lemma="schemerlamp" type="open">
      <span>
        <target id="w_26"/>
      </span>
    </term>
    <term tid="t_27" lemma="is" type="open">
      <span>
        <target id="w_27"/>
      </span>
    </term>
    <term tid="t_28" lemma="kapot" type="open" pos="G">
      <span>
        <target id="w_28"/>
      </span>
      <sentiment polarity="negative" resource="VUA_olery_lexicon_nl_lmf"/>
    </term>
    <term tid="t_29" lemma="en" type="open">
      <span>
        <target id="w_29"/>
      </span>
    </term>
    <term tid="t_30" lemma="bij" type="open">
      <span>
        <target id="w_30"/>
      </span>
    </term>
    <term tid="t_31" lemma="de" type="open">
      <span>
        <target id="w_31"/>
      </span>
    </term>
    <term tid="t_32" lemma="koffie" type="open">
      <span>
        <target id="w_32"/>
      </span>
    </term>
    <term tid="t_33" lemma="-" type="open">
      <span>
        <target id="w_33"/>
      </span>
    </term>
    <term tid="t_34" lemma="en" type="open">
      <span>
        <target id="w_34"/>
      </span>
    </term>
    <term tid="t_35" lemma="theezetter" type="open">
      <span>
        <target id="w_35"/>
      </span>
    </term>
    <term tid="t_36" lemma="ligt" type="open">
      <span>
        <target id="w_36"/>
      </span>
    </term>
    <term tid="t_37" lemma="1" type="open">
      <span>
        <target id="w_37"/>
      </span>
    </term>
    <term tid="t_38" lemma="zakje" type="open">
      <span>
        <target id="w_38"/>
      </span>
    </term>
    <term tid="t_39" lemma="thee" type="open">
      <span>
        <target id="w_39"/>
      </span>
    </term>
    <term tid="t_40" lemma="." type="open">
      <span>
        <target id="w_40"/>
      </span>
    </term>
    <term tid="t_41" lemma="dit" type="open">
      <span>
        <target id="w_41"/>
      </span>
    </term>
    <term tid="t_42" lemma="kan" type="open">
      <span>
        <target id="w_42"/>
      </span>
    </term>
    <term tid="t_43" lemma="niet" type="open">
      <span>
        <target id="w_43"/>
      </span>
      <sentiment sentiment_modifier="shifter" resource="VUA_olery_lexicon_nl_lmf"/>
    </term>
    <term tid="t_44" lemma="voor" type="open">
      <span>
        <target id="w_44"/>
      </span>
    </term>
    <term tid="t_45" lemma="een" type="open">
      <span>
        <target id="w_45"/>
      </span>
    </term>
    <term tid="t_46" lemma="suite" type="open">
      <span>
        <target id="w_46"/>
      </span>
    </term>
    <term tid="t_47" lemma="." type="open">
      <span>
        <target id="w_47"/>
      </span>
    </term>
  </terms>
  <entities>
    <entity type="PER" eid="e_1">
      <span>
        <target id="t_37"/>
      </span>
    </entity>
    <entity type="ORG" eid="e_2">
      <span>
        <target id="t_2"/>
      </span>
      <span>
        <target id="t_9"/>
      </span>
    </entity>
  </entities>
  <properties>
    <property type="bathroom" pid="p_1">
      <span>
        <target id="t_4"/>
      </span>
    </property>
    <property type="restaurant" pid="p_2">
      <span>
        <target id="t_32"/>
      </span>
      <span>
        <target id="t_39"/>
      </span>
    </property>
    <property type="room" pid="p_3">
      <span>
        <target id="t_2"/>
      </span>
      <span>
        <target id="t_9"/>
      </span>
      <span>
        <target id="t_46"/>
      </span>
    </property>
    <property type="staff" pid="p_4">
      <span>
        <target id="t_6"/>
      </span>
      <span>
        <target id="t_7"/>
      </span>
    </property>
  </properties>
  <opinions>
    <opinion oid="o_1">
      <opinion_target>
        <span>
          <target id="t_7"/>
        </span>
      </opinion_target>
      <opinion_expression polarity="positive" strength="1">
        <span>
          <target id="t_6"/>
        </span>
      </opinion_expression>
    </opinion>
    <opinion oid="o_2">
      <opinion_target>
        <span>
          <target id="t_13"/>
        </span>
      </opinion_target>
      <opinion_expression polarity="negative" strength="-1">
        <span>
          <target id="t_11"/>
        </span>
      </opinion_expression>
    </opinion>
    <opinion oid="o_3">
      <opinion_target>
        <span>
          <target id="t_10"/>
        </span>
      </opinion_target>
      <opinion_expression polarity="negative" strength="-1">
        <span>
          <target id="t_14"/>
        </span>
      </opinion_expression>
    </opinion>
    <opinion oid="o_4">
      <opinion_target>
        <span>
          <target id="t_26"/>
        </span>
      </opinion_target>
      <opinion_expression polarity="negative" strength="-1">
        <span>
          <target id="t_28"/>
        </span>
      </opinion_expression>
    </opinion>
  </opinions>
</KAF>
