<?xml version='1.0' encoding='UTF-8'?>
<KAF xml:lang="nl">
  <linguisticProcessors layer="text">
    <lp timestamp="2013-01-06T18:41:59CET" version="2.0" name="SentenceTokenizer"/>
  </linguisticProcessors>
  <linguisticProcessors layer="terms">
    <lp timestamp="2013-01-06T18:41:59CET" version="2.0" name="SentenceTokenizer"/>
    <lp timestamp="2013-01-06T18:41:59CET" version="1.0" name="SimplePolarityTagger"/>
  </linguisticProcessors>
  <linguisticProcessor layer="opinions">
    <lp timestamp="2013-01-06T18:41:59CET" version="1.0" name="SimpleOpinionDetector"/>
  </linguisticProcessor>
  <linguisticProcessor layer="properties">
    <lp timestamp="2013-01-06T18:41:59CET" version="1.0" name="SimplePropRecognizer_lookup"/>
  </linguisticProcessor>
  <linguisticProcessor layer="entities">
    <lp timestamp="2013-01-06T18:41:59CET" version="1.0" name="SimpleNER_lookup"/>
  </linguisticProcessor>
  <text>
    <wf wid="w_1" para="1" sent="1">Zeer</wf>
    <wf wid="w_2" para="1" sent="1">slecht</wf>
    <wf wid="w_3" para="1" sent="1">voedsel</wf>
    <wf wid="w_4" para="1" sent="1">!.</wf>
    <wf wid="w_5" para="1" sent="2">Het</wf>
    <wf wid="w_6" para="1" sent="2">voedsel</wf>
    <wf wid="w_7" para="1" sent="2">was</wf>
    <wf wid="w_8" para="1" sent="2">aangebrand</wf>
    <wf wid="w_9" para="1" sent="2">!</wf>
    <wf wid="w_10" para="1" sent="3">Tot</wf>
    <wf wid="w_11" para="1" sent="3">drie</wf>
    <wf wid="w_12" para="1" sent="3">keer</wf>
    <wf wid="w_13" para="1" sent="3">toe</wf>
    <wf wid="w_14" para="1" sent="3">hebben</wf>
    <wf wid="w_15" para="1" sent="3">we</wf>
    <wf wid="w_16" para="1" sent="3">het</wf>
    <wf wid="w_17" para="1" sent="3">eten</wf>
    <wf wid="w_18" para="1" sent="3">terug</wf>
    <wf wid="w_19" para="1" sent="3">gezonden</wf>
    <wf wid="w_20" para="1" sent="3">naar</wf>
    <wf wid="w_21" para="1" sent="3">de</wf>
    <wf wid="w_22" para="1" sent="3">keuken</wf>
    <wf wid="w_23" para="1" sent="3">omdat</wf>
    <wf wid="w_24" para="1" sent="3">het</wf>
    <wf wid="w_25" para="1" sent="3">niet</wf>
    <wf wid="w_26" para="1" sent="3">goed</wf>
    <wf wid="w_27" para="1" sent="3">was</wf>
    <wf wid="w_28" para="1" sent="3">!</wf>
    <wf wid="w_29" para="1" sent="4">Wij</wf>
    <wf wid="w_30" para="1" sent="4">zijn</wf>
    <wf wid="w_31" para="1" sent="4">werklui</wf>
    <wf wid="w_32" para="1" sent="4">van</wf>
    <wf wid="w_33" para="1" sent="4">de</wf>
    <wf wid="w_34" para="1" sent="4">bouwplaats</wf>
    <wf wid="w_35" para="1" sent="4">en</wf>
    <wf wid="w_36" para="1" sent="4">hebben</wf>
    <wf wid="w_37" para="1" sent="4">dus</wf>
    <wf wid="w_38" para="1" sent="4">graag</wf>
    <wf wid="w_39" para="1" sent="4">ook</wf>
    <wf wid="w_40" para="1" sent="4">goed</wf>
    <wf wid="w_41" para="1" sent="4">voedsel</wf>
    <wf wid="w_42" para="1" sent="4">in</wf>
    <wf wid="w_43" para="1" sent="4">de</wf>
    <wf wid="w_44" para="1" sent="4">lunch</wf>
    <wf wid="w_45" para="1" sent="4">pauzes</wf>
    <wf wid="w_46" para="1" sent="4">.</wf>
    <wf wid="w_47" para="1" sent="5">In</wf>
    <wf wid="w_48" para="1" sent="5">eerste</wf>
    <wf wid="w_49" para="1" sent="5">instantie</wf>
    <wf wid="w_50" para="1" sent="5">was</wf>
    <wf wid="w_51" para="1" sent="5">alles</wf>
    <wf wid="w_52" para="1" sent="5">goed</wf>
    <wf wid="w_53" para="1" sent="5">geregeld</wf>
    <wf wid="w_54" para="1" sent="5">voor</wf>
    <wf wid="w_55" para="1" sent="5">de</wf>
    <wf wid="w_56" para="1" sent="5">lunch</wf>
    <wf wid="w_57" para="1" sent="5">,</wf>
    <wf wid="w_58" para="1" sent="5">maar</wf>
    <wf wid="w_59" para="1" sent="5">vandaag</wf>
    <wf wid="w_60" para="1" sent="5">hadden</wf>
    <wf wid="w_61" para="1" sent="5">we</wf>
    <wf wid="w_62" para="1" sent="5">zelfs</wf>
    <wf wid="w_63" para="1" sent="5">bedorven</wf>
    <wf wid="w_64" para="1" sent="5">broodjes</wf>
    <wf wid="w_65" para="1" sent="5">en</wf>
    <wf wid="w_66" para="1" sent="5">vlees</wf>
    <wf wid="w_67" para="1" sent="5">in</wf>
    <wf wid="w_68" para="1" sent="5">de</wf>
    <wf wid="w_69" para="1" sent="5">lunchbox</wf>
    <wf wid="w_70" para="1" sent="5">!</wf>
    <wf wid="w_71" para="1" sent="6">Tevens</wf>
    <wf wid="w_72" para="1" sent="6">is</wf>
    <wf wid="w_73" para="1" sent="6">het</wf>
    <wf wid="w_74" para="1" sent="6">niet</wf>
    <wf wid="w_75" para="1" sent="6">warm</wf>
    <wf wid="w_76" para="1" sent="6">op</wf>
    <wf wid="w_77" para="1" sent="6">de</wf>
    <wf wid="w_78" para="1" sent="6">kamers</wf>
    <wf wid="w_79" para="1" sent="6">en</wf>
    <wf wid="w_80" para="1" sent="6">is</wf>
    <wf wid="w_81" para="1" sent="6">er</wf>
    <wf wid="w_82" para="1" sent="6">geen</wf>
    <wf wid="w_83" para="1" sent="6">fatsoenlijke</wf>
    <wf wid="w_84" para="1" sent="6">deken</wf>
    <wf wid="w_85" para="1" sent="6">te</wf>
    <wf wid="w_86" para="1" sent="6">vinden</wf>
    <wf wid="w_87" para="1" sent="6">in</wf>
    <wf wid="w_88" para="1" sent="6">de</wf>
    <wf wid="w_89" para="1" sent="6">kasten</wf>
    <wf wid="w_90" para="1" sent="6">,</wf>
    <wf wid="w_91" para="1" sent="6">de</wf>
    <wf wid="w_92" para="1" sent="6">eerste</wf>
    <wf wid="w_93" para="1" sent="6">week</wf>
    <wf wid="w_94" para="1" sent="6">was</wf>
    <wf wid="w_95" para="1" sent="6">ik</wf>
    <wf wid="w_96" para="1" sent="6">gelijk</wf>
    <wf wid="w_97" para="1" sent="6">verkouden</wf>
    <wf wid="w_98" para="1" sent="6">!</wf>
    <wf wid="w_99" para="1" sent="7">En</wf>
    <wf wid="w_100" para="1" sent="7">het</wf>
    <wf wid="w_101" para="1" sent="7">internet</wf>
    <wf wid="w_102" para="1" sent="7">is</wf>
    <wf wid="w_103" para="1" sent="7">een</wf>
    <wf wid="w_104" para="1" sent="7">WiFi</wf>
    <wf wid="w_105" para="1" sent="7">van</wf>
    <wf wid="w_106" para="1" sent="7">niks</wf>
    <wf wid="w_107" para="1" sent="7">!</wf>
    <wf wid="w_108" para="1" sent="8">Kon</wf>
    <wf wid="w_109" para="1" sent="8">niet</wf>
    <wf wid="w_110" para="1" sent="8">eens</wf>
    <wf wid="w_111" para="1" sent="8">mijn</wf>
    <wf wid="w_112" para="1" sent="8">meisje</wf>
    <wf wid="w_113" para="1" sent="8">een</wf>
    <wf wid="w_114" para="1" sent="8">email</wf>
    <wf wid="w_115" para="1" sent="8">toe</wf>
    <wf wid="w_116" para="1" sent="8">sturen</wf>
    <wf wid="w_117" para="1" sent="8">voor</wf>
    <wf wid="w_118" para="1" sent="8">haar</wf>
    <wf wid="w_119" para="1" sent="8">verjaardag</wf>
    <wf wid="w_120" para="1" sent="8">!</wf>
  </text>
  <terms>
    <term tid="t_1" lemma="zeer" type="open">
      <span>
        <target id="w_1"/>
      </span>
      <sentiment sentiment_modifier="intensifier" resource="VUA_olery_lexicon_nl_lmf"/>
    </term>
    <term tid="t_2" lemma="slecht" type="open" pos="G">
      <span>
        <target id="w_2"/>
      </span>
      <sentiment polarity="negative" resource="VUA_olery_lexicon_nl_lmf"/>
    </term>
    <term tid="t_3" lemma="voedsel" type="open">
      <span>
        <target id="w_3"/>
      </span>
    </term>
    <term tid="t_4" lemma="!." type="open">
      <span>
        <target id="w_4"/>
      </span>
    </term>
    <term tid="t_5" lemma="het" type="open">
      <span>
        <target id="w_5"/>
      </span>
    </term>
    <term tid="t_6" lemma="voedsel" type="open">
      <span>
        <target id="w_6"/>
      </span>
    </term>
    <term tid="t_7" lemma="was" type="open">
      <span>
        <target id="w_7"/>
      </span>
    </term>
    <term tid="t_8" lemma="aangebrand" type="open">
      <span>
        <target id="w_8"/>
      </span>
    </term>
    <term tid="t_9" lemma="!" type="open">
      <span>
        <target id="w_9"/>
      </span>
      <sentiment sentiment_modifier="intensifier" resource="VUA_olery_lexicon_nl_lmf"/>
    </term>
    <term tid="t_10" lemma="tot" type="open">
      <span>
        <target id="w_10"/>
      </span>
    </term>
    <term tid="t_11" lemma="drie" type="open">
      <span>
        <target id="w_11"/>
      </span>
    </term>
    <term tid="t_12" lemma="keer" type="open">
      <span>
        <target id="w_12"/>
      </span>
    </term>
    <term tid="t_13" lemma="toe" type="open">
      <span>
        <target id="w_13"/>
      </span>
    </term>
    <term tid="t_14" lemma="hebben" type="open">
      <span>
        <target id="w_14"/>
      </span>
    </term>
    <term tid="t_15" lemma="we" type="open">
      <span>
        <target id="w_15"/>
      </span>
    </term>
    <term tid="t_16" lemma="het" type="open">
      <span>
        <target id="w_16"/>
      </span>
    </term>
    <term tid="t_17" lemma="eten" type="open">
      <span>
        <target id="w_17"/>
      </span>
    </term>
    <term tid="t_18" lemma="terug" type="open">
      <span>
        <target id="w_18"/>
      </span>
    </term>
    <term tid="t_19" lemma="gezonden" type="open">
      <span>
        <target id="w_19"/>
      </span>
    </term>
    <term tid="t_20" lemma="naar" type="open" pos="G">
      <span>
        <target id="w_20"/>
      </span>
      <sentiment polarity="negative" resource="VUA_olery_lexicon_nl_lmf"/>
    </term>
    <term tid="t_21" lemma="de" type="open">
      <span>
        <target id="w_21"/>
      </span>
    </term>
    <term tid="t_22" lemma="keuken" type="open">
      <span>
        <target id="w_22"/>
      </span>
    </term>
    <term tid="t_23" lemma="omdat" type="open">
      <span>
        <target id="w_23"/>
      </span>
    </term>
    <term tid="t_24" lemma="het" type="open">
      <span>
        <target id="w_24"/>
      </span>
    </term>
    <term tid="t_25" lemma="niet" type="open">
      <span>
        <target id="w_25"/>
      </span>
      <sentiment sentiment_modifier="shifter" resource="VUA_olery_lexicon_nl_lmf"/>
    </term>
    <term tid="t_26" lemma="goed" type="open" pos="G">
      <span>
        <target id="w_26"/>
      </span>
      <sentiment polarity="positive" resource="VUA_olery_lexicon_nl_lmf"/>
    </term>
    <term tid="t_27" lemma="was" type="open">
      <span>
        <target id="w_27"/>
      </span>
    </term>
    <term tid="t_28" lemma="!" type="open">
      <span>
        <target id="w_28"/>
      </span>
      <sentiment sentiment_modifier="intensifier" resource="VUA_olery_lexicon_nl_lmf"/>
    </term>
    <term tid="t_29" lemma="wij" type="open">
      <span>
        <target id="w_29"/>
      </span>
    </term>
    <term tid="t_30" lemma="zijn" type="open">
      <span>
        <target id="w_30"/>
      </span>
    </term>
    <term tid="t_31" lemma="werklui" type="open">
      <span>
        <target id="w_31"/>
      </span>
    </term>
    <term tid="t_32" lemma="van" type="open">
      <span>
        <target id="w_32"/>
      </span>
    </term>
    <term tid="t_33" lemma="de" type="open">
      <span>
        <target id="w_33"/>
      </span>
    </term>
    <term tid="t_34" lemma="bouwplaats" type="open">
      <span>
        <target id="w_34"/>
      </span>
    </term>
    <term tid="t_35" lemma="en" type="open">
      <span>
        <target id="w_35"/>
      </span>
    </term>
    <term tid="t_36" lemma="hebben" type="open">
      <span>
        <target id="w_36"/>
      </span>
    </term>
    <term tid="t_37" lemma="dus" type="open">
      <span>
        <target id="w_37"/>
      </span>
    </term>
    <term tid="t_38" lemma="graag" type="open" pos="A">
      <span>
        <target id="w_38"/>
      </span>
      <sentiment polarity="positive" resource="VUA_olery_lexicon_nl_lmf"/>
    </term>
    <term tid="t_39" lemma="ook" type="open">
      <span>
        <target id="w_39"/>
      </span>
    </term>
    <term tid="t_40" lemma="goed" type="open" pos="G">
      <span>
        <target id="w_40"/>
      </span>
      <sentiment polarity="positive" resource="VUA_olery_lexicon_nl_lmf"/>
    </term>
    <term tid="t_41" lemma="voedsel" type="open">
      <span>
        <target id="w_41"/>
      </span>
    </term>
    <term tid="t_42" lemma="in" type="open">
      <span>
        <target id="w_42"/>
      </span>
    </term>
    <term tid="t_43" lemma="de" type="open">
      <span>
        <target id="w_43"/>
      </span>
    </term>
    <term tid="t_44" lemma="lunch" type="open">
      <span>
        <target id="w_44"/>
      </span>
    </term>
    <term tid="t_45" lemma="pauzes" type="open">
      <span>
        <target id="w_45"/>
      </span>
    </term>
    <term tid="t_46" lemma="." type="open">
      <span>
        <target id="w_46"/>
      </span>
    </term>
    <term tid="t_47" lemma="in" type="open">
      <span>
        <target id="w_47"/>
      </span>
    </term>
    <term tid="t_48" lemma="eerste" type="open">
      <span>
        <target id="w_48"/>
      </span>
    </term>
    <term tid="t_49" lemma="instantie" type="open">
      <span>
        <target id="w_49"/>
      </span>
    </term>
    <term tid="t_50" lemma="was" type="open">
      <span>
        <target id="w_50"/>
      </span>
    </term>
    <term tid="t_51" lemma="alles" type="open">
      <span>
        <target id="w_51"/>
      </span>
    </term>
    <term tid="t_52" lemma="goed" type="open" pos="G">
      <span>
        <target id="w_52"/>
      </span>
      <sentiment polarity="positive" resource="VUA_olery_lexicon_nl_lmf"/>
    </term>
    <term tid="t_53" lemma="geregeld" type="open">
      <span>
        <target id="w_53"/>
      </span>
    </term>
    <term tid="t_54" lemma="voor" type="open">
      <span>
        <target id="w_54"/>
      </span>
    </term>
    <term tid="t_55" lemma="de" type="open">
      <span>
        <target id="w_55"/>
      </span>
    </term>
    <term tid="t_56" lemma="lunch" type="open">
      <span>
        <target id="w_56"/>
      </span>
    </term>
    <term tid="t_57" lemma="," type="open">
      <span>
        <target id="w_57"/>
      </span>
    </term>
    <term tid="t_58" lemma="maar" type="open">
      <span>
        <target id="w_58"/>
      </span>
    </term>
    <term tid="t_59" lemma="vandaag" type="open">
      <span>
        <target id="w_59"/>
      </span>
    </term>
    <term tid="t_60" lemma="hadden" type="open">
      <span>
        <target id="w_60"/>
      </span>
    </term>
    <term tid="t_61" lemma="we" type="open">
      <span>
        <target id="w_61"/>
      </span>
    </term>
    <term tid="t_62" lemma="zelfs" type="open">
      <span>
        <target id="w_62"/>
      </span>
    </term>
    <term tid="t_63" lemma="bedorven" type="open">
      <span>
        <target id="w_63"/>
      </span>
    </term>
    <term tid="t_64" lemma="broodjes" type="open">
      <span>
        <target id="w_64"/>
      </span>
    </term>
    <term tid="t_65" lemma="en" type="open">
      <span>
        <target id="w_65"/>
      </span>
    </term>
    <term tid="t_66" lemma="vlees" type="open">
      <span>
        <target id="w_66"/>
      </span>
    </term>
    <term tid="t_67" lemma="in" type="open">
      <span>
        <target id="w_67"/>
      </span>
    </term>
    <term tid="t_68" lemma="de" type="open">
      <span>
        <target id="w_68"/>
      </span>
    </term>
    <term tid="t_69" lemma="lunchbox" type="open">
      <span>
        <target id="w_69"/>
      </span>
    </term>
    <term tid="t_70" lemma="!" type="open">
      <span>
        <target id="w_70"/>
      </span>
      <sentiment sentiment_modifier="intensifier" resource="VUA_olery_lexicon_nl_lmf"/>
    </term>
    <term tid="t_71" lemma="tevens" type="open">
      <span>
        <target id="w_71"/>
      </span>
    </term>
    <term tid="t_72" lemma="is" type="open">
      <span>
        <target id="w_72"/>
      </span>
    </term>
    <term tid="t_73" lemma="het" type="open">
      <span>
        <target id="w_73"/>
      </span>
    </term>
    <term tid="t_74" lemma="niet" type="open">
      <span>
        <target id="w_74"/>
      </span>
      <sentiment sentiment_modifier="shifter" resource="VUA_olery_lexicon_nl_lmf"/>
    </term>
    <term tid="t_75" lemma="warm" type="open">
      <span>
        <target id="w_75"/>
      </span>
    </term>
    <term tid="t_76" lemma="op" type="open">
      <span>
        <target id="w_76"/>
      </span>
    </term>
    <term tid="t_77" lemma="de" type="open">
      <span>
        <target id="w_77"/>
      </span>
    </term>
    <term tid="t_78" lemma="kamers" type="open">
      <span>
        <target id="w_78"/>
      </span>
    </term>
    <term tid="t_79" lemma="en" type="open">
      <span>
        <target id="w_79"/>
      </span>
    </term>
    <term tid="t_80" lemma="is" type="open">
      <span>
        <target id="w_80"/>
      </span>
    </term>
    <term tid="t_81" lemma="er" type="open">
      <span>
        <target id="w_81"/>
      </span>
    </term>
    <term tid="t_82" lemma="geen" type="open">
      <span>
        <target id="w_82"/>
      </span>
      <sentiment sentiment_modifier="shifter" resource="VUA_olery_lexicon_nl_lmf"/>
    </term>
    <term tid="t_83" lemma="fatsoenlijke" type="open">
      <span>
        <target id="w_83"/>
      </span>
    </term>
    <term tid="t_84" lemma="deken" type="open">
      <span>
        <target id="w_84"/>
      </span>
    </term>
    <term tid="t_85" lemma="te" type="open">
      <span>
        <target id="w_85"/>
      </span>
    </term>
    <term tid="t_86" lemma="vinden" type="open">
      <span>
        <target id="w_86"/>
      </span>
    </term>
    <term tid="t_87" lemma="in" type="open">
      <span>
        <target id="w_87"/>
      </span>
    </term>
    <term tid="t_88" lemma="de" type="open">
      <span>
        <target id="w_88"/>
      </span>
    </term>
    <term tid="t_89" lemma="kasten" type="open">
      <span>
        <target id="w_89"/>
      </span>
    </term>
    <term tid="t_90" lemma="," type="open">
      <span>
        <target id="w_90"/>
      </span>
    </term>
    <term tid="t_91" lemma="de" type="open">
      <span>
        <target id="w_91"/>
      </span>
    </term>
    <term tid="t_92" lemma="eerste" type="open">
      <span>
        <target id="w_92"/>
      </span>
    </term>
    <term tid="t_93" lemma="week" type="open">
      <span>
        <target id="w_93"/>
      </span>
    </term>
    <term tid="t_94" lemma="was" type="open">
      <span>
        <target id="w_94"/>
      </span>
    </term>
    <term tid="t_95" lemma="ik" type="open">
      <span>
        <target id="w_95"/>
      </span>
    </term>
    <term tid="t_96" lemma="gelijk" type="open">
      <span>
        <target id="w_96"/>
      </span>
    </term>
    <term tid="t_97" lemma="verkouden" type="open">
      <span>
        <target id="w_97"/>
      </span>
    </term>
    <term tid="t_98" lemma="!" type="open">
      <span>
        <target id="w_98"/>
      </span>
      <sentiment sentiment_modifier="intensifier" resource="VUA_olery_lexicon_nl_lmf"/>
    </term>
    <term tid="t_99" lemma="en" type="open">
      <span>
        <target id="w_99"/>
      </span>
    </term>
    <term tid="t_100" lemma="het" type="open">
      <span>
        <target id="w_100"/>
      </span>
    </term>
    <term tid="t_101" lemma="internet" type="open">
      <span>
        <target id="w_101"/>
      </span>
    </term>
    <term tid="t_102" lemma="is" type="open">
      <span>
        <target id="w_102"/>
      </span>
    </term>
    <term tid="t_103" lemma="een" type="open">
      <span>
        <target id="w_103"/>
      </span>
    </term>
    <term tid="t_104" lemma="wifi" type="open">
      <span>
        <target id="w_104"/>
      </span>
    </term>
    <term tid="t_105" lemma="van" type="open">
      <span>
        <target id="w_105"/>
      </span>
    </term>
    <term tid="t_106" lemma="niks" type="open">
      <span>
        <target id="w_106"/>
      </span>
      <sentiment sentiment_modifier="shifter" resource="VUA_olery_lexicon_nl_lmf"/>
    </term>
    <term tid="t_107" lemma="!" type="open">
      <span>
        <target id="w_107"/>
      </span>
      <sentiment sentiment_modifier="intensifier" resource="VUA_olery_lexicon_nl_lmf"/>
    </term>
    <term tid="t_108" lemma="kon" type="open">
      <span>
        <target id="w_108"/>
      </span>
    </term>
    <term tid="t_109" lemma="niet" type="open">
      <span>
        <target id="w_109"/>
      </span>
      <sentiment sentiment_modifier="shifter" resource="VUA_olery_lexicon_nl_lmf"/>
    </term>
    <term tid="t_110" lemma="eens" type="open">
      <span>
        <target id="w_110"/>
      </span>
    </term>
    <term tid="t_111" lemma="mijn" type="open">
      <span>
        <target id="w_111"/>
      </span>
    </term>
    <term tid="t_112" lemma="meisje" type="open">
      <span>
        <target id="w_112"/>
      </span>
    </term>
    <term tid="t_113" lemma="een" type="open">
      <span>
        <target id="w_113"/>
      </span>
    </term>
    <term tid="t_114" lemma="email" type="open">
      <span>
        <target id="w_114"/>
      </span>
    </term>
    <term tid="t_115" lemma="toe" type="open">
      <span>
        <target id="w_115"/>
      </span>
    </term>
    <term tid="t_116" lemma="sturen" type="open">
      <span>
        <target id="w_116"/>
      </span>
    </term>
    <term tid="t_117" lemma="voor" type="open">
      <span>
        <target id="w_117"/>
      </span>
    </term>
    <term tid="t_118" lemma="haar" type="open" pos="N">
      <span>
        <target id="w_118"/>
      </span>
      <sentiment polarity="negative" resource="VUA_olery_lexicon_nl_lmf"/>
    </term>
    <term tid="t_119" lemma="verjaardag" type="open">
      <span>
        <target id="w_119"/>
      </span>
    </term>
    <term tid="t_120" lemma="!" type="open">
      <span>
        <target id="w_120"/>
      </span>
      <sentiment sentiment_modifier="intensifier" resource="VUA_olery_lexicon_nl_lmf"/>
    </term>
  </terms>
  <entities>
    <entity type="MISC" eid="e_1">
      <span>
        <target id="t_30"/>
      </span>
    </entity>
    <entity type="MISC" eid="e_2">
      <span>
        <target id="t_101"/>
      </span>
    </entity>
    <entity type="PER" eid="e_3">
      <span>
        <target id="t_15"/>
      </span>
      <span>
        <target id="t_61"/>
      </span>
    </entity>
  </entities>
  <properties>
    <property type="cleanliness" pid="p_1">
      <span>
        <target id="t_118"/>
      </span>
    </property>
    <property type="facilities" pid="p_2">
      <span>
        <target id="t_114"/>
      </span>
    </property>
    <property type="internet" pid="p_3">
      <span>
        <target id="t_101"/>
      </span>
      <span>
        <target id="t_104"/>
      </span>
    </property>
    <property type="sleeping_comfort" pid="p_4">
      <span>
        <target id="t_84"/>
      </span>
    </property>
    <property type="restaurant" pid="p_5">
      <span>
        <target id="t_17"/>
      </span>
      <span>
        <target id="t_44"/>
      </span>
      <span>
        <target id="t_56"/>
      </span>
      <span>
        <target id="t_66"/>
      </span>
    </property>
  </properties>
  <opinions>
    <opinion oid="o_1">
      <opinion_target>
        <span>
          <target id="t_3"/>
        </span>
      </opinion_target>
      <opinion_expression polarity="negative" strength="-2">
        <span>
          <target id="t_2"/>
          <target id="t_1"/>
        </span>
      </opinion_expression>
    </opinion>
    <opinion oid="o_2">
      <opinion_holder>
        <span>
          <target id="t_15"/>
        </span>
      </opinion_holder>
      <opinion_target>
        <span>
          <target id="t_22"/>
        </span>
      </opinion_target>
      <opinion_expression polarity="negative" strength="-1">
        <span>
          <target id="t_20"/>
        </span>
      </opinion_expression>
    </opinion>
    <opinion oid="o_3">
      <opinion_target>
        <span>
          <target id="t_41"/>
        </span>
      </opinion_target>
      <opinion_expression polarity="positive" strength="1">
        <span>
          <target id="t_38"/>
        </span>
      </opinion_expression>
    </opinion>
    <opinion oid="o_4">
      <opinion_holder>
        <span>
          <target id="t_61"/>
        </span>
      </opinion_holder>
      <opinion_target>
        <span>
          <target id="t_53"/>
        </span>
      </opinion_target>
      <opinion_expression polarity="positive" strength="1">
        <span>
          <target id="t_52"/>
        </span>
      </opinion_expression>
    </opinion>
    <opinion oid="o_5">
      <opinion_target>
        <span>
          <target id="t_119"/>
        </span>
      </opinion_target>
      <opinion_expression polarity="negative" strength="-1">
        <span>
          <target id="t_118"/>
        </span>
      </opinion_expression>
    </opinion>
  </opinions>
</KAF>
