<?xml version='1.0' encoding='UTF-8'?>
<KAF xml:lang="nl">
  <linguisticProcessors layer="text">
    <lp timestamp="2013-01-06T18:44:17CET" version="2.0" name="SentenceTokenizer"/>
  </linguisticProcessors>
  <linguisticProcessors layer="terms">
    <lp timestamp="2013-01-06T18:44:17CET" version="2.0" name="SentenceTokenizer"/>
    <lp timestamp="2013-01-06T18:44:17CET" version="1.0" name="SimplePolarityTagger"/>
  </linguisticProcessors>
  <linguisticProcessor layer="opinions">
    <lp timestamp="2013-01-06T18:44:17CET" version="1.0" name="SimpleOpinionDetector"/>
  </linguisticProcessor>
  <linguisticProcessor layer="properties">
    <lp timestamp="2013-01-06T18:44:17CET" version="1.0" name="SimplePropRecognizer_lookup"/>
  </linguisticProcessor>
  <linguisticProcessor layer="entities">
    <lp timestamp="2013-01-06T18:44:17CET" version="1.0" name="SimpleNER_lookup"/>
  </linguisticProcessor>
  <text>
    <wf wid="w_1" para="1" sent="1">Belgische</wf>
    <wf wid="w_2" para="1" sent="1">Marginalen</wf>
    <wf wid="w_3" para="1" sent="1">!.</wf>
    <wf wid="w_4" para="1" sent="2">Maar</wf>
    <wf wid="w_5" para="1" sent="2">zo</wf>
    <wf wid="w_6" para="1" sent="2">en</wf>
    <wf wid="w_7" para="1" sent="2">zo</wf>
    <wf wid="w_8" para="1" sent="2">.</wf>
    <wf wid="w_9" para="1" sent="3">Bovendien</wf>
    <wf wid="w_10" para="1" sent="3">was</wf>
    <wf wid="w_11" para="1" sent="3">er</wf>
    <wf wid="w_12" para="1" sent="3">het</wf>
    <wf wid="w_13" para="1" sent="3">Belgische</wf>
    <wf wid="w_14" para="1" sent="3">marginaal</wf>
    <wf wid="w_15" para="1" sent="3">oostblokgezin</wf>
    <wf wid="w_16" para="1" sent="3">met</wf>
    <wf wid="w_17" para="1" sent="3">de</wf>
    <wf wid="w_18" para="1" sent="3">3</wf>
    <wf wid="w_19" para="1" sent="3">jongens</wf>
    <wf wid="w_20" para="1" sent="3">en</wf>
    <wf wid="w_21" para="1" sent="3">de</wf>
    <wf wid="w_22" para="1" sent="3">4</wf>
    <wf wid="w_23" para="1" sent="3">&amp;quot</wf>
    <wf wid="w_24" para="1" sent="3">.</wf>
    <wf wid="w_25" para="1" sent="4">volwassenen</wf>
    <wf wid="w_26" para="1" sent="4">&amp;quot</wf>
    <wf wid="w_27" para="1" sent="4">;</wf>
    <wf wid="w_28" para="1" sent="4">die</wf>
    <wf wid="w_29" para="1" sent="4">het</wf>
    <wf wid="w_30" para="1" sent="4">niveau</wf>
    <wf wid="w_31" para="1" sent="4">erg</wf>
    <wf wid="w_32" para="1" sent="4">omlaag</wf>
    <wf wid="w_33" para="1" sent="4">trokken</wf>
    <wf wid="w_34" para="1" sent="4">.</wf>
    <wf wid="w_35" para="1" sent="5">Hopelijk</wf>
    <wf wid="w_36" para="1" sent="5">zijn</wf>
    <wf wid="w_37" para="1" sent="5">zij</wf>
    <wf wid="w_38" para="1" sent="5">volgend</wf>
    <wf wid="w_39" para="1" sent="5">jaar</wf>
    <wf wid="w_40" para="1" sent="5">in</wf>
    <wf wid="w_41" para="1" sent="5">domein</wf>
    <wf wid="w_42" para="1" sent="5">de</wf>
    <wf wid="w_43" para="1" sent="5">ster</wf>
    <wf wid="w_44" para="1" sent="5">ipv</wf>
    <wf wid="w_45" para="1" sent="5">in</wf>
    <wf wid="w_46" para="1" sent="5">dubai</wf>
  </text>
  <terms>
    <term tid="t_1" lemma="belgische" type="open">
      <span>
        <target id="w_1"/>
      </span>
    </term>
    <term tid="t_2" lemma="marginalen" type="open">
      <span>
        <target id="w_2"/>
      </span>
    </term>
    <term tid="t_3" lemma="!." type="open">
      <span>
        <target id="w_3"/>
      </span>
    </term>
    <term tid="t_4" lemma="maar" type="open">
      <span>
        <target id="w_4"/>
      </span>
    </term>
    <term tid="t_5" lemma="zo" type="open">
      <span>
        <target id="w_5"/>
      </span>
    </term>
    <term tid="t_6" lemma="en" type="open">
      <span>
        <target id="w_6"/>
      </span>
    </term>
    <term tid="t_7" lemma="zo" type="open">
      <span>
        <target id="w_7"/>
      </span>
    </term>
    <term tid="t_8" lemma="." type="open">
      <span>
        <target id="w_8"/>
      </span>
    </term>
    <term tid="t_9" lemma="bovendien" type="open">
      <span>
        <target id="w_9"/>
      </span>
    </term>
    <term tid="t_10" lemma="was" type="open">
      <span>
        <target id="w_10"/>
      </span>
    </term>
    <term tid="t_11" lemma="er" type="open">
      <span>
        <target id="w_11"/>
      </span>
    </term>
    <term tid="t_12" lemma="het" type="open">
      <span>
        <target id="w_12"/>
      </span>
    </term>
    <term tid="t_13" lemma="belgische" type="open">
      <span>
        <target id="w_13"/>
      </span>
    </term>
    <term tid="t_14" lemma="marginaal" type="open">
      <span>
        <target id="w_14"/>
      </span>
    </term>
    <term tid="t_15" lemma="oostblokgezin" type="open">
      <span>
        <target id="w_15"/>
      </span>
    </term>
    <term tid="t_16" lemma="met" type="open">
      <span>
        <target id="w_16"/>
      </span>
    </term>
    <term tid="t_17" lemma="de" type="open">
      <span>
        <target id="w_17"/>
      </span>
    </term>
    <term tid="t_18" lemma="3" type="open">
      <span>
        <target id="w_18"/>
      </span>
    </term>
    <term tid="t_19" lemma="jongens" type="open">
      <span>
        <target id="w_19"/>
      </span>
    </term>
    <term tid="t_20" lemma="en" type="open">
      <span>
        <target id="w_20"/>
      </span>
    </term>
    <term tid="t_21" lemma="de" type="open">
      <span>
        <target id="w_21"/>
      </span>
    </term>
    <term tid="t_22" lemma="4" type="open">
      <span>
        <target id="w_22"/>
      </span>
    </term>
    <term tid="t_23" lemma="&amp;quot" type="open">
      <span>
        <target id="w_23"/>
      </span>
    </term>
    <term tid="t_24" lemma="." type="open">
      <span>
        <target id="w_24"/>
      </span>
    </term>
    <term tid="t_25" lemma="volwassenen" type="open">
      <span>
        <target id="w_25"/>
      </span>
    </term>
    <term tid="t_26" lemma="&amp;quot" type="open">
      <span>
        <target id="w_26"/>
      </span>
    </term>
    <term tid="t_27" lemma=";" type="open">
      <span>
        <target id="w_27"/>
      </span>
    </term>
    <term tid="t_28" lemma="die" type="open">
      <span>
        <target id="w_28"/>
      </span>
    </term>
    <term tid="t_29" lemma="het" type="open">
      <span>
        <target id="w_29"/>
      </span>
    </term>
    <term tid="t_30" lemma="niveau" type="open">
      <span>
        <target id="w_30"/>
      </span>
    </term>
    <term tid="t_31" lemma="erg" type="open">
      <span>
        <target id="w_31"/>
      </span>
      <sentiment sentiment_modifier="intensifier" resource="VUA_olery_lexicon_nl_lmf"/>
    </term>
    <term tid="t_32" lemma="omlaag" type="open">
      <span>
        <target id="w_32"/>
      </span>
    </term>
    <term tid="t_33" lemma="trokken" type="open">
      <span>
        <target id="w_33"/>
      </span>
    </term>
    <term tid="t_34" lemma="." type="open">
      <span>
        <target id="w_34"/>
      </span>
    </term>
    <term tid="t_35" lemma="hopelijk" type="open">
      <span>
        <target id="w_35"/>
      </span>
    </term>
    <term tid="t_36" lemma="zijn" type="open">
      <span>
        <target id="w_36"/>
      </span>
    </term>
    <term tid="t_37" lemma="zij" type="open">
      <span>
        <target id="w_37"/>
      </span>
    </term>
    <term tid="t_38" lemma="volgend" type="open">
      <span>
        <target id="w_38"/>
      </span>
    </term>
    <term tid="t_39" lemma="jaar" type="open">
      <span>
        <target id="w_39"/>
      </span>
    </term>
    <term tid="t_40" lemma="in" type="open">
      <span>
        <target id="w_40"/>
      </span>
    </term>
    <term tid="t_41" lemma="domein" type="open">
      <span>
        <target id="w_41"/>
      </span>
    </term>
    <term tid="t_42" lemma="de" type="open">
      <span>
        <target id="w_42"/>
      </span>
    </term>
    <term tid="t_43" lemma="ster" type="open">
      <span>
        <target id="w_43"/>
      </span>
    </term>
    <term tid="t_44" lemma="ipv" type="open">
      <span>
        <target id="w_44"/>
      </span>
    </term>
    <term tid="t_45" lemma="in" type="open">
      <span>
        <target id="w_45"/>
      </span>
    </term>
    <term tid="t_46" lemma="dubai" type="open">
      <span>
        <target id="w_46"/>
      </span>
    </term>
  </terms>
  <entities>
    <entity type="MISC" eid="e_1">
      <span>
        <target id="t_1"/>
      </span>
      <span>
        <target id="t_13"/>
      </span>
    </entity>
    <entity type="MISC" eid="e_2">
      <span>
        <target id="t_36"/>
      </span>
    </entity>
  </entities>
</KAF>
