<?xml version='1.0' encoding='UTF-8'?>
<KAF xml:lang="nl">
  <linguisticProcessors layer="text">
    <lp timestamp="2013-01-06T18:30:38CET" version="2.0" name="SentenceTokenizer"/>
  </linguisticProcessors>
  <linguisticProcessors layer="terms">
    <lp timestamp="2013-01-06T18:30:38CET" version="2.0" name="SentenceTokenizer"/>
    <lp timestamp="2013-01-06T18:30:38CET" version="1.0" name="SimplePolarityTagger"/>
  </linguisticProcessors>
  <linguisticProcessor layer="opinions">
    <lp timestamp="2013-01-06T18:30:38CET" version="1.0" name="SimpleOpinionDetector"/>
  </linguisticProcessor>
  <linguisticProcessor layer="properties">
    <lp timestamp="2013-01-06T18:30:38CET" version="1.0" name="SimplePropRecognizer_lookup"/>
  </linguisticProcessor>
  <linguisticProcessor layer="entities">
    <lp timestamp="2013-01-06T18:30:38CET" version="1.0" name="SimpleNER_lookup"/>
  </linguisticProcessor>
  <text>
    <wf wid="w_1" para="1" sent="1">Personeel</wf>
    <wf wid="w_2" para="1" sent="1">was</wf>
    <wf wid="w_3" para="1" sent="1">aardig</wf>
    <wf wid="w_4" para="1" sent="1">,</wf>
    <wf wid="w_5" para="1" sent="1">inchecken</wf>
    <wf wid="w_6" para="1" sent="1">ging</wf>
    <wf wid="w_7" para="1" sent="1">snel</wf>
    <wf wid="w_8" para="1" sent="1">,</wf>
    <wf wid="w_9" para="1" sent="1">kamer</wf>
    <wf wid="w_10" para="1" sent="1">was</wf>
    <wf wid="w_11" para="1" sent="1">keurig</wf>
    <wf wid="w_12" para="1" sent="1">netjes</wf>
    <wf wid="w_13" para="1" sent="1">en</wf>
    <wf wid="w_14" para="1" sent="1">groot</wf>
    <wf wid="w_15" para="1" sent="1">..</wf>
    <wf wid="w_16" para="1" sent="2">Internet</wf>
    <wf wid="w_17" para="1" sent="2">op</wf>
    <wf wid="w_18" para="1" sent="2">de</wf>
    <wf wid="w_19" para="1" sent="2">kamer</wf>
    <wf wid="w_20" para="1" sent="2">deed</wf>
    <wf wid="w_21" para="1" sent="2">het</wf>
    <wf wid="w_22" para="1" sent="2">niet</wf>
    <wf wid="w_23" para="1" sent="2">.</wf>
  </text>
  <terms>
    <term tid="t_1" lemma="personeel" type="open">
      <span>
        <target id="w_1"/>
      </span>
    </term>
    <term tid="t_2" lemma="was" type="open">
      <span>
        <target id="w_2"/>
      </span>
    </term>
    <term tid="t_3" lemma="aardig" type="open" pos="G">
      <span>
        <target id="w_3"/>
      </span>
      <sentiment polarity="positive" resource="VUA_olery_lexicon_nl_lmf"/>
    </term>
    <term tid="t_4" lemma="," type="open">
      <span>
        <target id="w_4"/>
      </span>
    </term>
    <term tid="t_5" lemma="inchecken" type="open">
      <span>
        <target id="w_5"/>
      </span>
    </term>
    <term tid="t_6" lemma="ging" type="open">
      <span>
        <target id="w_6"/>
      </span>
    </term>
    <term tid="t_7" lemma="snel" type="open">
      <span>
        <target id="w_7"/>
      </span>
    </term>
    <term tid="t_8" lemma="," type="open">
      <span>
        <target id="w_8"/>
      </span>
    </term>
    <term tid="t_9" lemma="kamer" type="open">
      <span>
        <target id="w_9"/>
      </span>
    </term>
    <term tid="t_10" lemma="was" type="open">
      <span>
        <target id="w_10"/>
      </span>
    </term>
    <term tid="t_11" lemma="keurig" type="open" pos="G">
      <span>
        <target id="w_11"/>
      </span>
      <sentiment polarity="positive" resource="VUA_olery_lexicon_nl_lmf"/>
    </term>
    <term tid="t_12" lemma="netjes" type="open" pos="G">
      <span>
        <target id="w_12"/>
      </span>
      <sentiment polarity="positive" resource="VUA_olery_lexicon_nl_lmf"/>
    </term>
    <term tid="t_13" lemma="en" type="open">
      <span>
        <target id="w_13"/>
      </span>
    </term>
    <term tid="t_14" lemma="groot" type="open">
      <span>
        <target id="w_14"/>
      </span>
    </term>
    <term tid="t_15" lemma=".." type="open">
      <span>
        <target id="w_15"/>
      </span>
    </term>
    <term tid="t_16" lemma="internet" type="open">
      <span>
        <target id="w_16"/>
      </span>
    </term>
    <term tid="t_17" lemma="op" type="open">
      <span>
        <target id="w_17"/>
      </span>
    </term>
    <term tid="t_18" lemma="de" type="open">
      <span>
        <target id="w_18"/>
      </span>
    </term>
    <term tid="t_19" lemma="kamer" type="open">
      <span>
        <target id="w_19"/>
      </span>
    </term>
    <term tid="t_20" lemma="deed" type="open">
      <span>
        <target id="w_20"/>
      </span>
    </term>
    <term tid="t_21" lemma="het" type="open">
      <span>
        <target id="w_21"/>
      </span>
    </term>
    <term tid="t_22" lemma="niet" type="open">
      <span>
        <target id="w_22"/>
      </span>
      <sentiment sentiment_modifier="shifter" resource="VUA_olery_lexicon_nl_lmf"/>
    </term>
    <term tid="t_23" lemma="." type="open">
      <span>
        <target id="w_23"/>
      </span>
    </term>
  </terms>
  <entities>
    <entity type="MISC" eid="e_1">
      <span>
        <target id="t_16"/>
      </span>
    </entity>
    <entity type="ORG" eid="e_2">
      <span>
        <target id="t_9"/>
      </span>
      <span>
        <target id="t_19"/>
      </span>
    </entity>
  </entities>
  <properties>
    <property type="internet" pid="p_1">
      <span>
        <target id="t_16"/>
      </span>
    </property>
    <property type="room" pid="p_2">
      <span>
        <target id="t_9"/>
      </span>
      <span>
        <target id="t_12"/>
      </span>
      <span>
        <target id="t_19"/>
      </span>
    </property>
    <property type="staff" pid="p_3">
      <span>
        <target id="t_1"/>
      </span>
      <span>
        <target id="t_3"/>
      </span>
      <span>
        <target id="t_5"/>
      </span>
    </property>
  </properties>
  <opinions>
    <opinion oid="o_1">
      <opinion_target>
        <span>
          <target id="t_5"/>
        </span>
      </opinion_target>
      <opinion_expression polarity="positive" strength="1">
        <span>
          <target id="t_3"/>
        </span>
      </opinion_expression>
    </opinion>
    <opinion oid="o_2">
      <opinion_target>
        <span>
          <target id="t_14"/>
        </span>
      </opinion_target>
      <opinion_expression polarity="positive" strength="2">
        <span>
          <target id="t_11"/>
          <target id="t_12"/>
        </span>
      </opinion_expression>
    </opinion>
  </opinions>
</KAF>
