<?xml version='1.0' encoding='UTF-8'?>
<KAF xml:lang="nl">
  <linguisticProcessors layer="text">
    <lp timestamp="2013-01-06T18:35:34CET" version="2.0" name="SentenceTokenizer"/>
  </linguisticProcessors>
  <linguisticProcessors layer="terms">
    <lp timestamp="2013-01-06T18:35:34CET" version="2.0" name="SentenceTokenizer"/>
    <lp timestamp="2013-01-06T18:35:34CET" version="1.0" name="SimplePolarityTagger"/>
  </linguisticProcessors>
  <linguisticProcessor layer="opinions">
    <lp timestamp="2013-01-06T18:35:35CET" version="1.0" name="SimpleOpinionDetector"/>
  </linguisticProcessor>
  <linguisticProcessor layer="properties">
    <lp timestamp="2013-01-06T18:35:35CET" version="1.0" name="SimplePropRecognizer_lookup"/>
  </linguisticProcessor>
  <linguisticProcessor layer="entities">
    <lp timestamp="2013-01-06T18:35:35CET" version="1.0" name="SimpleNER_lookup"/>
  </linguisticProcessor>
  <text>
    <wf wid="w_1" para="1" sent="1">we</wf>
    <wf wid="w_2" para="1" sent="1">zijn</wf>
    <wf wid="w_3" para="1" sent="1">om</wf>
    <wf wid="w_4" para="1" sent="1">18</wf>
    <wf wid="w_5" para="1" sent="1">.oo</wf>
    <wf wid="w_6" para="1" sent="1">uur</wf>
    <wf wid="w_7" para="1" sent="1">aangekomen</wf>
    <wf wid="w_8" para="1" sent="1">en</wf>
    <wf wid="w_9" para="1" sent="1">via</wf>
    <wf wid="w_10" para="1" sent="1">internet</wf>
    <wf wid="w_11" para="1" sent="1">om</wf>
    <wf wid="w_12" para="1" sent="1">23</wf>
    <wf wid="w_13" para="1" sent="1">.00</wf>
    <wf wid="w_14" para="1" sent="1">uur</wf>
    <wf wid="w_15" para="1" sent="1">een</wf>
    <wf wid="w_16" para="1" sent="1">ander</wf>
    <wf wid="w_17" para="1" sent="1">hotel</wf>
    <wf wid="w_18" para="1" sent="1">gevonden</wf>
    <wf wid="w_19" para="1" sent="1">zo</wf>
    <wf wid="w_20" para="1" sent="1">slecht</wf>
    <wf wid="w_21" para="1" sent="1">.de</wf>
    <wf wid="w_22" para="1" sent="1">kamers</wf>
    <wf wid="w_23" para="1" sent="1">zijn</wf>
    <wf wid="w_24" para="1" sent="1">net</wf>
    <wf wid="w_25" para="1" sent="1">kamer</wf>
    <wf wid="w_26" para="1" sent="1">waar</wf>
    <wf wid="w_27" para="1" sent="1">je</wf>
    <wf wid="w_28" para="1" sent="1">voor</wf>
    <wf wid="w_29" para="1" sent="1">een</wf>
    <wf wid="w_30" para="1" sent="1">uur</wf>
    <wf wid="w_31" para="1" sent="1">verblijft</wf>
    <wf wid="w_32" para="1" sent="1">.</wf>
    <wf wid="w_33" para="1" sent="2">schande</wf>
    <wf wid="w_34" para="1" sent="2">dat</wf>
    <wf wid="w_35" para="1" sent="2">dit</wf>
    <wf wid="w_36" para="1" sent="2">hotel</wf>
    <wf wid="w_37" para="1" sent="2">3</wf>
    <wf wid="w_38" para="1" sent="2">sterren</wf>
    <wf wid="w_39" para="1" sent="2">bevat</wf>
    <wf wid="w_40" para="1" sent="2">.</wf>
  </text>
  <terms>
    <term tid="t_1" lemma="we" type="open">
      <span>
        <target id="w_1"/>
      </span>
    </term>
    <term tid="t_2" lemma="zijn" type="open">
      <span>
        <target id="w_2"/>
      </span>
    </term>
    <term tid="t_3" lemma="om" type="open">
      <span>
        <target id="w_3"/>
      </span>
    </term>
    <term tid="t_4" lemma="18" type="open">
      <span>
        <target id="w_4"/>
      </span>
    </term>
    <term tid="t_5" lemma=".oo" type="open">
      <span>
        <target id="w_5"/>
      </span>
    </term>
    <term tid="t_6" lemma="uur" type="open">
      <span>
        <target id="w_6"/>
      </span>
    </term>
    <term tid="t_7" lemma="aangekomen" type="open">
      <span>
        <target id="w_7"/>
      </span>
    </term>
    <term tid="t_8" lemma="en" type="open">
      <span>
        <target id="w_8"/>
      </span>
    </term>
    <term tid="t_9" lemma="via" type="open">
      <span>
        <target id="w_9"/>
      </span>
    </term>
    <term tid="t_10" lemma="internet" type="open">
      <span>
        <target id="w_10"/>
      </span>
    </term>
    <term tid="t_11" lemma="om" type="open">
      <span>
        <target id="w_11"/>
      </span>
    </term>
    <term tid="t_12" lemma="23" type="open">
      <span>
        <target id="w_12"/>
      </span>
    </term>
    <term tid="t_13" lemma=".00" type="open">
      <span>
        <target id="w_13"/>
      </span>
    </term>
    <term tid="t_14" lemma="uur" type="open">
      <span>
        <target id="w_14"/>
      </span>
    </term>
    <term tid="t_15" lemma="een" type="open">
      <span>
        <target id="w_15"/>
      </span>
    </term>
    <term tid="t_16" lemma="ander" type="open">
      <span>
        <target id="w_16"/>
      </span>
    </term>
    <term tid="t_17" lemma="hotel" type="open">
      <span>
        <target id="w_17"/>
      </span>
    </term>
    <term tid="t_18" lemma="gevonden" type="open">
      <span>
        <target id="w_18"/>
      </span>
    </term>
    <term tid="t_19" lemma="zo" type="open">
      <span>
        <target id="w_19"/>
      </span>
    </term>
    <term tid="t_20" lemma="slecht" type="open" pos="G">
      <span>
        <target id="w_20"/>
      </span>
      <sentiment polarity="negative" resource="VUA_olery_lexicon_nl_lmf"/>
    </term>
    <term tid="t_21" lemma=".de" type="open">
      <span>
        <target id="w_21"/>
      </span>
    </term>
    <term tid="t_22" lemma="kamers" type="open">
      <span>
        <target id="w_22"/>
      </span>
    </term>
    <term tid="t_23" lemma="zijn" type="open">
      <span>
        <target id="w_23"/>
      </span>
    </term>
    <term tid="t_24" lemma="net" type="open" pos="G">
      <span>
        <target id="w_24"/>
      </span>
      <sentiment polarity="positive" resource="VUA_olery_lexicon_nl_lmf"/>
    </term>
    <term tid="t_25" lemma="kamer" type="open">
      <span>
        <target id="w_25"/>
      </span>
    </term>
    <term tid="t_26" lemma="waar" type="open">
      <span>
        <target id="w_26"/>
      </span>
    </term>
    <term tid="t_27" lemma="je" type="open">
      <span>
        <target id="w_27"/>
      </span>
    </term>
    <term tid="t_28" lemma="voor" type="open">
      <span>
        <target id="w_28"/>
      </span>
    </term>
    <term tid="t_29" lemma="een" type="open">
      <span>
        <target id="w_29"/>
      </span>
    </term>
    <term tid="t_30" lemma="uur" type="open">
      <span>
        <target id="w_30"/>
      </span>
    </term>
    <term tid="t_31" lemma="verblijft" type="open">
      <span>
        <target id="w_31"/>
      </span>
    </term>
    <term tid="t_32" lemma="." type="open">
      <span>
        <target id="w_32"/>
      </span>
    </term>
    <term tid="t_33" lemma="schande" type="open" pos="N">
      <span>
        <target id="w_33"/>
      </span>
      <sentiment polarity="negative" resource="VUA_olery_lexicon_nl_lmf"/>
    </term>
    <term tid="t_34" lemma="dat" type="open">
      <span>
        <target id="w_34"/>
      </span>
    </term>
    <term tid="t_35" lemma="dit" type="open">
      <span>
        <target id="w_35"/>
      </span>
    </term>
    <term tid="t_36" lemma="hotel" type="open">
      <span>
        <target id="w_36"/>
      </span>
    </term>
    <term tid="t_37" lemma="3" type="open">
      <span>
        <target id="w_37"/>
      </span>
    </term>
    <term tid="t_38" lemma="sterren" type="open">
      <span>
        <target id="w_38"/>
      </span>
    </term>
    <term tid="t_39" lemma="bevat" type="open">
      <span>
        <target id="w_39"/>
      </span>
    </term>
    <term tid="t_40" lemma="." type="open">
      <span>
        <target id="w_40"/>
      </span>
    </term>
  </terms>
  <entities>
    <entity type="MISC" eid="e_1">
      <span>
        <target id="t_2"/>
      </span>
      <span>
        <target id="t_23"/>
      </span>
    </entity>
    <entity type="MISC" eid="e_2">
      <span>
        <target id="t_10"/>
      </span>
    </entity>
    <entity type="PER" eid="e_3">
      <span>
        <target id="t_1"/>
      </span>
    </entity>
    <entity type="ORG" eid="e_4">
      <span>
        <target id="t_25"/>
      </span>
    </entity>
  </entities>
  <properties>
    <property type="cleanliness" pid="p_1">
      <span>
        <target id="t_24"/>
      </span>
    </property>
    <property type="room" pid="p_2">
      <span>
        <target id="t_25"/>
      </span>
    </property>
    <property type="internet" pid="p_3">
      <span>
        <target id="t_10"/>
      </span>
    </property>
  </properties>
  <opinions>
    <opinion oid="o_1">
      <opinion_holder>
        <span>
          <target id="t_1"/>
        </span>
      </opinion_holder>
      <opinion_target>
        <span>
          <target id="t_21"/>
        </span>
      </opinion_target>
      <opinion_expression polarity="negative" strength="-1">
        <span>
          <target id="t_20"/>
        </span>
      </opinion_expression>
    </opinion>
    <opinion oid="o_2">
      <opinion_holder>
        <span>
          <target id="t_1"/>
        </span>
      </opinion_holder>
      <opinion_target>
        <span>
          <target id="t_25"/>
        </span>
      </opinion_target>
      <opinion_expression polarity="positive" strength="1">
        <span>
          <target id="t_24"/>
        </span>
      </opinion_expression>
    </opinion>
    <opinion oid="o_3">
      <opinion_target>
        <span>
          <target id="t_36"/>
        </span>
      </opinion_target>
      <opinion_expression polarity="negative" strength="-1">
        <span>
          <target id="t_33"/>
        </span>
      </opinion_expression>
    </opinion>
  </opinions>
</KAF>
