<?xml version='1.0' encoding='UTF-8'?>
<KAF xml:lang="nl">
  <linguisticProcessors layer="text">
    <lp timestamp="2013-01-06T18:43:36CET" version="2.0" name="SentenceTokenizer"/>
  </linguisticProcessors>
  <linguisticProcessors layer="terms">
    <lp timestamp="2013-01-06T18:43:36CET" version="2.0" name="SentenceTokenizer"/>
    <lp timestamp="2013-01-06T18:43:37CET" version="1.0" name="SimplePolarityTagger"/>
  </linguisticProcessors>
  <linguisticProcessor layer="opinions">
    <lp timestamp="2013-01-06T18:43:37CET" version="1.0" name="SimpleOpinionDetector"/>
  </linguisticProcessor>
  <linguisticProcessor layer="properties">
    <lp timestamp="2013-01-06T18:43:37CET" version="1.0" name="SimplePropRecognizer_lookup"/>
  </linguisticProcessor>
  <linguisticProcessor layer="entities">
    <lp timestamp="2013-01-06T18:43:37CET" version="1.0" name="SimpleNER_lookup"/>
  </linguisticProcessor>
  <text>
    <wf wid="w_1" para="1" sent="1">Minnen</wf>
    <wf wid="w_2" para="1" sent="1">en</wf>
    <wf wid="w_3" para="1" sent="1">plussen</wf>
    <wf wid="w_4" para="1" sent="1">.</wf>
    <wf wid="w_5" para="1" sent="2">De</wf>
    <wf wid="w_6" para="1" sent="2">kamer</wf>
    <wf wid="w_7" para="1" sent="2">werd</wf>
    <wf wid="w_8" para="1" sent="2">maar</wf>
    <wf wid="w_9" para="1" sent="2">niet</wf>
    <wf wid="w_10" para="1" sent="2">warm</wf>
    <wf wid="w_11" para="1" sent="2">,</wf>
    <wf wid="w_12" para="1" sent="2">ondanks</wf>
    <wf wid="w_13" para="1" sent="2">dat</wf>
    <wf wid="w_14" para="1" sent="2">de</wf>
    <wf wid="w_15" para="1" sent="2">verwarming</wf>
    <wf wid="w_16" para="1" sent="2">heet</wf>
    <wf wid="w_17" para="1" sent="2">was</wf>
    <wf wid="w_18" para="1" sent="2">.</wf>
    <wf wid="w_19" para="1" sent="3">te</wf>
    <wf wid="w_20" para="1" sent="3">kleine</wf>
    <wf wid="w_21" para="1" sent="3">radiateur</wf>
    <wf wid="w_22" para="1" sent="3">dus</wf>
    <wf wid="w_23" para="1" sent="3">.</wf>
    <wf wid="w_24" para="1" sent="4">Daardoor</wf>
    <wf wid="w_25" para="1" sent="4">hebben</wf>
    <wf wid="w_26" para="1" sent="4">we</wf>
    <wf wid="w_27" para="1" sent="4">ons</wf>
    <wf wid="w_28" para="1" sent="4">verblijf</wf>
    <wf wid="w_29" para="1" sent="4">ook</wf>
    <wf wid="w_30" para="1" sent="4">niet</wf>
    <wf wid="w_31" para="1" sent="4">verlengd</wf>
    <wf wid="w_32" para="1" sent="4">,</wf>
    <wf wid="w_33" para="1" sent="4">wat</wf>
    <wf wid="w_34" para="1" sent="4">we</wf>
    <wf wid="w_35" para="1" sent="4">wel</wf>
    <wf wid="w_36" para="1" sent="4">van</wf>
    <wf wid="w_37" para="1" sent="4">plan</wf>
    <wf wid="w_38" para="1" sent="4">waren</wf>
    <wf wid="w_39" para="1" sent="4">.</wf>
    <wf wid="w_40" para="1" sent="5">het</wf>
    <wf wid="w_41" para="1" sent="5">onbijt</wf>
    <wf wid="w_42" para="1" sent="5">was</wf>
    <wf wid="w_43" para="1" sent="5">wel</wf>
    <wf wid="w_44" para="1" sent="5">goed</wf>
    <wf wid="w_45" para="1" sent="5">Des</wf>
    <wf wid="w_46" para="1" sent="5">avonds</wf>
    <wf wid="w_47" para="1" sent="5">nogal</wf>
    <wf wid="w_48" para="1" sent="5">wat</wf>
    <wf wid="w_49" para="1" sent="5">herrie</wf>
    <wf wid="w_50" para="1" sent="5">,</wf>
    <wf wid="w_51" para="1" sent="5">waarschijnlijk</wf>
    <wf wid="w_52" para="1" sent="5">bij</wf>
    <wf wid="w_53" para="1" sent="5">de</wf>
    <wf wid="w_54" para="1" sent="5">bar</wf>
    <wf wid="w_55" para="1" sent="5">.</wf>
    <wf wid="w_56" para="1" sent="6">Wij</wf>
    <wf wid="w_57" para="1" sent="6">konden</wf>
    <wf wid="w_58" para="1" sent="6">de</wf>
    <wf wid="w_59" para="1" sent="6">Tv</wf>
    <wf wid="w_60" para="1" sent="6">niet</wf>
    <wf wid="w_61" para="1" sent="6">verstaan</wf>
    <wf wid="w_62" para="1" sent="6">.</wf>
    <wf wid="w_63" para="1" sent="7">Dit</wf>
    <wf wid="w_64" para="1" sent="7">duurde</wf>
    <wf wid="w_65" para="1" sent="7">ongeveer</wf>
    <wf wid="w_66" para="1" sent="7">tot</wf>
    <wf wid="w_67" para="1" sent="7">twaalf</wf>
    <wf wid="w_68" para="1" sent="7">uur</wf>
    <wf wid="w_69" para="1" sent="7">.</wf>
    <wf wid="w_70" para="1" sent="8">Een</wf>
    <wf wid="w_71" para="1" sent="8">voordeel</wf>
    <wf wid="w_72" para="1" sent="8">was</wf>
    <wf wid="w_73" para="1" sent="8">dat</wf>
    <wf wid="w_74" para="1" sent="8">het</wf>
    <wf wid="w_75" para="1" sent="8">hotel</wf>
    <wf wid="w_76" para="1" sent="8">vlak</wf>
    <wf wid="w_77" para="1" sent="8">bij</wf>
    <wf wid="w_78" para="1" sent="8">het</wf>
    <wf wid="w_79" para="1" sent="8">strand</wf>
    <wf wid="w_80" para="1" sent="8">lag</wf>
    <wf wid="w_81" para="1" sent="8">.</wf>
    <wf wid="w_82" para="1" sent="9">Nog</wf>
    <wf wid="w_83" para="1" sent="9">een</wf>
    <wf wid="w_84" para="1" sent="9">voordeel</wf>
    <wf wid="w_85" para="1" sent="9">was</wf>
    <wf wid="w_86" para="1" sent="9">dat</wf>
    <wf wid="w_87" para="1" sent="9">de</wf>
    <wf wid="w_88" para="1" sent="9">ligging</wf>
    <wf wid="w_89" para="1" sent="9">van</wf>
    <wf wid="w_90" para="1" sent="9">het</wf>
    <wf wid="w_91" para="1" sent="9">hotel</wf>
    <wf wid="w_92" para="1" sent="9">zo</wf>
    <wf wid="w_93" para="1" sent="9">is</wf>
    <wf wid="w_94" para="1" sent="9">,</wf>
    <wf wid="w_95" para="1" sent="9">dat</wf>
    <wf wid="w_96" para="1" sent="9">je</wf>
    <wf wid="w_97" para="1" sent="9">makkelijk</wf>
    <wf wid="w_98" para="1" sent="9">naar</wf>
    <wf wid="w_99" para="1" sent="9">omliggende</wf>
    <wf wid="w_100" para="1" sent="9">plaatsen</wf>
    <wf wid="w_101" para="1" sent="9">kon</wf>
    <wf wid="w_102" para="1" sent="9">komen</wf>
    <wf wid="w_103" para="1" sent="9">en</wf>
    <wf wid="w_104" para="1" sent="9">nog</wf>
    <wf wid="w_105" para="1" sent="9">nog</wf>
    <wf wid="w_106" para="1" sent="9">een</wf>
    <wf wid="w_107" para="1" sent="9">kijkje</wf>
    <wf wid="w_108" para="1" sent="9">in</wf>
    <wf wid="w_109" para="1" sent="9">Belgie</wf>
    <wf wid="w_110" para="1" sent="9">kon</wf>
    <wf wid="w_111" para="1" sent="9">nemen</wf>
    <wf wid="w_112" para="1" sent="9">.</wf>
    <wf wid="w_113" para="1" sent="10">Er</wf>
    <wf wid="w_114" para="1" sent="10">was</wf>
    <wf wid="w_115" para="1" sent="10">voldoende</wf>
    <wf wid="w_116" para="1" sent="10">parkeergelegenheid</wf>
    <wf wid="w_117" para="1" sent="10">.</wf>
    <wf wid="w_118" para="1" sent="11">Omdat</wf>
    <wf wid="w_119" para="1" sent="11">de</wf>
    <wf wid="w_120" para="1" sent="11">reguliere</wf>
    <wf wid="w_121" para="1" sent="11">prijs</wf>
    <wf wid="w_122" para="1" sent="11">berekend</wf>
    <wf wid="w_123" para="1" sent="11">is</wf>
    <wf wid="w_124" para="1" sent="11">naar</wf>
    <wf wid="w_125" para="1" sent="11">een</wf>
    <wf wid="w_126" para="1" sent="11">4</wf>
    <wf wid="w_127" para="1" sent="11">sterren</wf>
    <wf wid="w_128" para="1" sent="11">norm</wf>
    <wf wid="w_129" para="1" sent="11">,</wf>
    <wf wid="w_130" para="1" sent="11">moet</wf>
    <wf wid="w_131" para="1" sent="11">ik</wf>
    <wf wid="w_132" para="1" sent="11">dit</wf>
    <wf wid="w_133" para="1" sent="11">hotel</wf>
    <wf wid="w_134" para="1" sent="11">helaas</wf>
    <wf wid="w_135" para="1" sent="11">afbevelen</wf>
    <wf wid="w_136" para="1" sent="11">.</wf>
  </text>
  <terms>
    <term tid="t_1" lemma="minnen" type="open">
      <span>
        <target id="w_1"/>
      </span>
    </term>
    <term tid="t_2" lemma="en" type="open">
      <span>
        <target id="w_2"/>
      </span>
    </term>
    <term tid="t_3" lemma="plussen" type="open">
      <span>
        <target id="w_3"/>
      </span>
    </term>
    <term tid="t_4" lemma="." type="open">
      <span>
        <target id="w_4"/>
      </span>
    </term>
    <term tid="t_5" lemma="de" type="open">
      <span>
        <target id="w_5"/>
      </span>
    </term>
    <term tid="t_6" lemma="kamer" type="open">
      <span>
        <target id="w_6"/>
      </span>
    </term>
    <term tid="t_7" lemma="werd" type="open">
      <span>
        <target id="w_7"/>
      </span>
    </term>
    <term tid="t_8" lemma="maar" type="open">
      <span>
        <target id="w_8"/>
      </span>
    </term>
    <term tid="t_9" lemma="niet" type="open">
      <span>
        <target id="w_9"/>
      </span>
      <sentiment sentiment_modifier="shifter" resource="VUA_olery_lexicon_nl_lmf"/>
    </term>
    <term tid="t_10" lemma="warm" type="open">
      <span>
        <target id="w_10"/>
      </span>
    </term>
    <term tid="t_11" lemma="," type="open">
      <span>
        <target id="w_11"/>
      </span>
    </term>
    <term tid="t_12" lemma="ondanks" type="open">
      <span>
        <target id="w_12"/>
      </span>
    </term>
    <term tid="t_13" lemma="dat" type="open">
      <span>
        <target id="w_13"/>
      </span>
    </term>
    <term tid="t_14" lemma="de" type="open">
      <span>
        <target id="w_14"/>
      </span>
    </term>
    <term tid="t_15" lemma="verwarming" type="open">
      <span>
        <target id="w_15"/>
      </span>
    </term>
    <term tid="t_16" lemma="heet" type="open" pos="G">
      <span>
        <target id="w_16"/>
      </span>
      <sentiment polarity="negative" resource="VUA_olery_lexicon_nl_lmf"/>
    </term>
    <term tid="t_17" lemma="was" type="open">
      <span>
        <target id="w_17"/>
      </span>
    </term>
    <term tid="t_18" lemma="." type="open">
      <span>
        <target id="w_18"/>
      </span>
    </term>
    <term tid="t_19" lemma="te" type="open">
      <span>
        <target id="w_19"/>
      </span>
    </term>
    <term tid="t_20" lemma="kleine" type="open">
      <span>
        <target id="w_20"/>
      </span>
    </term>
    <term tid="t_21" lemma="radiateur" type="open">
      <span>
        <target id="w_21"/>
      </span>
    </term>
    <term tid="t_22" lemma="dus" type="open">
      <span>
        <target id="w_22"/>
      </span>
    </term>
    <term tid="t_23" lemma="." type="open">
      <span>
        <target id="w_23"/>
      </span>
    </term>
    <term tid="t_24" lemma="daardoor" type="open">
      <span>
        <target id="w_24"/>
      </span>
    </term>
    <term tid="t_25" lemma="hebben" type="open">
      <span>
        <target id="w_25"/>
      </span>
    </term>
    <term tid="t_26" lemma="we" type="open">
      <span>
        <target id="w_26"/>
      </span>
    </term>
    <term tid="t_27" lemma="ons" type="open">
      <span>
        <target id="w_27"/>
      </span>
    </term>
    <term tid="t_28" lemma="verblijf" type="open">
      <span>
        <target id="w_28"/>
      </span>
    </term>
    <term tid="t_29" lemma="ook" type="open">
      <span>
        <target id="w_29"/>
      </span>
    </term>
    <term tid="t_30" lemma="niet" type="open">
      <span>
        <target id="w_30"/>
      </span>
      <sentiment sentiment_modifier="shifter" resource="VUA_olery_lexicon_nl_lmf"/>
    </term>
    <term tid="t_31" lemma="verlengd" type="open">
      <span>
        <target id="w_31"/>
      </span>
    </term>
    <term tid="t_32" lemma="," type="open">
      <span>
        <target id="w_32"/>
      </span>
    </term>
    <term tid="t_33" lemma="wat" type="open">
      <span>
        <target id="w_33"/>
      </span>
    </term>
    <term tid="t_34" lemma="we" type="open">
      <span>
        <target id="w_34"/>
      </span>
    </term>
    <term tid="t_35" lemma="wel" type="open">
      <span>
        <target id="w_35"/>
      </span>
    </term>
    <term tid="t_36" lemma="van" type="open">
      <span>
        <target id="w_36"/>
      </span>
    </term>
    <term tid="t_37" lemma="plan" type="open">
      <span>
        <target id="w_37"/>
      </span>
    </term>
    <term tid="t_38" lemma="waren" type="open">
      <span>
        <target id="w_38"/>
      </span>
    </term>
    <term tid="t_39" lemma="." type="open">
      <span>
        <target id="w_39"/>
      </span>
    </term>
    <term tid="t_40" lemma="het" type="open">
      <span>
        <target id="w_40"/>
      </span>
    </term>
    <term tid="t_41" lemma="onbijt" type="open">
      <span>
        <target id="w_41"/>
      </span>
    </term>
    <term tid="t_42" lemma="was" type="open">
      <span>
        <target id="w_42"/>
      </span>
    </term>
    <term tid="t_43" lemma="wel" type="open">
      <span>
        <target id="w_43"/>
      </span>
    </term>
    <term tid="t_44" lemma="goed" type="open" pos="G">
      <span>
        <target id="w_44"/>
      </span>
      <sentiment polarity="positive" resource="VUA_olery_lexicon_nl_lmf"/>
    </term>
    <term tid="t_45" lemma="des" type="open">
      <span>
        <target id="w_45"/>
      </span>
    </term>
    <term tid="t_46" lemma="avonds" type="open">
      <span>
        <target id="w_46"/>
      </span>
    </term>
    <term tid="t_47" lemma="nogal" type="open">
      <span>
        <target id="w_47"/>
      </span>
    </term>
    <term tid="t_48" lemma="wat" type="open">
      <span>
        <target id="w_48"/>
      </span>
    </term>
    <term tid="t_49" lemma="herrie" type="open" pos="N">
      <span>
        <target id="w_49"/>
      </span>
      <sentiment polarity="negative" resource="VUA_olery_lexicon_nl_lmf"/>
    </term>
    <term tid="t_50" lemma="," type="open">
      <span>
        <target id="w_50"/>
      </span>
    </term>
    <term tid="t_51" lemma="waarschijnlijk" type="open">
      <span>
        <target id="w_51"/>
      </span>
    </term>
    <term tid="t_52" lemma="bij" type="open">
      <span>
        <target id="w_52"/>
      </span>
    </term>
    <term tid="t_53" lemma="de" type="open">
      <span>
        <target id="w_53"/>
      </span>
    </term>
    <term tid="t_54" lemma="bar" type="open">
      <span>
        <target id="w_54"/>
      </span>
    </term>
    <term tid="t_55" lemma="." type="open">
      <span>
        <target id="w_55"/>
      </span>
    </term>
    <term tid="t_56" lemma="wij" type="open">
      <span>
        <target id="w_56"/>
      </span>
    </term>
    <term tid="t_57" lemma="konden" type="open">
      <span>
        <target id="w_57"/>
      </span>
    </term>
    <term tid="t_58" lemma="de" type="open">
      <span>
        <target id="w_58"/>
      </span>
    </term>
    <term tid="t_59" lemma="tv" type="open">
      <span>
        <target id="w_59"/>
      </span>
    </term>
    <term tid="t_60" lemma="niet" type="open">
      <span>
        <target id="w_60"/>
      </span>
      <sentiment sentiment_modifier="shifter" resource="VUA_olery_lexicon_nl_lmf"/>
    </term>
    <term tid="t_61" lemma="verstaan" type="open">
      <span>
        <target id="w_61"/>
      </span>
    </term>
    <term tid="t_62" lemma="." type="open">
      <span>
        <target id="w_62"/>
      </span>
    </term>
    <term tid="t_63" lemma="dit" type="open">
      <span>
        <target id="w_63"/>
      </span>
    </term>
    <term tid="t_64" lemma="duurde" type="open">
      <span>
        <target id="w_64"/>
      </span>
    </term>
    <term tid="t_65" lemma="ongeveer" type="open">
      <span>
        <target id="w_65"/>
      </span>
    </term>
    <term tid="t_66" lemma="tot" type="open">
      <span>
        <target id="w_66"/>
      </span>
    </term>
    <term tid="t_67" lemma="twaalf" type="open">
      <span>
        <target id="w_67"/>
      </span>
    </term>
    <term tid="t_68" lemma="uur" type="open">
      <span>
        <target id="w_68"/>
      </span>
    </term>
    <term tid="t_69" lemma="." type="open">
      <span>
        <target id="w_69"/>
      </span>
    </term>
    <term tid="t_70" lemma="een" type="open">
      <span>
        <target id="w_70"/>
      </span>
    </term>
    <term tid="t_71" lemma="voordeel" type="open" pos="N">
      <span>
        <target id="w_71"/>
      </span>
      <sentiment polarity="positive" resource="VUA_olery_lexicon_nl_lmf"/>
    </term>
    <term tid="t_72" lemma="was" type="open">
      <span>
        <target id="w_72"/>
      </span>
    </term>
    <term tid="t_73" lemma="dat" type="open">
      <span>
        <target id="w_73"/>
      </span>
    </term>
    <term tid="t_74" lemma="het" type="open">
      <span>
        <target id="w_74"/>
      </span>
    </term>
    <term tid="t_75" lemma="hotel" type="open">
      <span>
        <target id="w_75"/>
      </span>
    </term>
    <term tid="t_76" lemma="vlak" type="open">
      <span>
        <target id="w_76"/>
      </span>
    </term>
    <term tid="t_77" lemma="bij" type="open">
      <span>
        <target id="w_77"/>
      </span>
    </term>
    <term tid="t_78" lemma="het" type="open">
      <span>
        <target id="w_78"/>
      </span>
    </term>
    <term tid="t_79" lemma="strand" type="open">
      <span>
        <target id="w_79"/>
      </span>
    </term>
    <term tid="t_80" lemma="lag" type="open">
      <span>
        <target id="w_80"/>
      </span>
    </term>
    <term tid="t_81" lemma="." type="open">
      <span>
        <target id="w_81"/>
      </span>
    </term>
    <term tid="t_82" lemma="nog" type="open">
      <span>
        <target id="w_82"/>
      </span>
    </term>
    <term tid="t_83" lemma="een" type="open">
      <span>
        <target id="w_83"/>
      </span>
    </term>
    <term tid="t_84" lemma="voordeel" type="open" pos="N">
      <span>
        <target id="w_84"/>
      </span>
      <sentiment polarity="positive" resource="VUA_olery_lexicon_nl_lmf"/>
    </term>
    <term tid="t_85" lemma="was" type="open">
      <span>
        <target id="w_85"/>
      </span>
    </term>
    <term tid="t_86" lemma="dat" type="open">
      <span>
        <target id="w_86"/>
      </span>
    </term>
    <term tid="t_87" lemma="de" type="open">
      <span>
        <target id="w_87"/>
      </span>
    </term>
    <term tid="t_88" lemma="ligging" type="open">
      <span>
        <target id="w_88"/>
      </span>
    </term>
    <term tid="t_89" lemma="van" type="open">
      <span>
        <target id="w_89"/>
      </span>
    </term>
    <term tid="t_90" lemma="het" type="open">
      <span>
        <target id="w_90"/>
      </span>
    </term>
    <term tid="t_91" lemma="hotel" type="open">
      <span>
        <target id="w_91"/>
      </span>
    </term>
    <term tid="t_92" lemma="zo" type="open">
      <span>
        <target id="w_92"/>
      </span>
    </term>
    <term tid="t_93" lemma="is" type="open">
      <span>
        <target id="w_93"/>
      </span>
    </term>
    <term tid="t_94" lemma="," type="open">
      <span>
        <target id="w_94"/>
      </span>
    </term>
    <term tid="t_95" lemma="dat" type="open">
      <span>
        <target id="w_95"/>
      </span>
    </term>
    <term tid="t_96" lemma="je" type="open">
      <span>
        <target id="w_96"/>
      </span>
    </term>
    <term tid="t_97" lemma="makkelijk" type="open" pos="G">
      <span>
        <target id="w_97"/>
      </span>
      <sentiment polarity="positive" resource="VUA_olery_lexicon_nl_lmf"/>
    </term>
    <term tid="t_98" lemma="naar" type="open" pos="G">
      <span>
        <target id="w_98"/>
      </span>
      <sentiment polarity="negative" resource="VUA_olery_lexicon_nl_lmf"/>
    </term>
    <term tid="t_99" lemma="omliggende" type="open">
      <span>
        <target id="w_99"/>
      </span>
    </term>
    <term tid="t_100" lemma="plaatsen" type="open">
      <span>
        <target id="w_100"/>
      </span>
    </term>
    <term tid="t_101" lemma="kon" type="open">
      <span>
        <target id="w_101"/>
      </span>
    </term>
    <term tid="t_102" lemma="komen" type="open">
      <span>
        <target id="w_102"/>
      </span>
    </term>
    <term tid="t_103" lemma="en" type="open">
      <span>
        <target id="w_103"/>
      </span>
    </term>
    <term tid="t_104" lemma="nog" type="open">
      <span>
        <target id="w_104"/>
      </span>
    </term>
    <term tid="t_105" lemma="nog" type="open">
      <span>
        <target id="w_105"/>
      </span>
    </term>
    <term tid="t_106" lemma="een" type="open">
      <span>
        <target id="w_106"/>
      </span>
    </term>
    <term tid="t_107" lemma="kijkje" type="open">
      <span>
        <target id="w_107"/>
      </span>
    </term>
    <term tid="t_108" lemma="in" type="open">
      <span>
        <target id="w_108"/>
      </span>
    </term>
    <term tid="t_109" lemma="belgie" type="open">
      <span>
        <target id="w_109"/>
      </span>
    </term>
    <term tid="t_110" lemma="kon" type="open">
      <span>
        <target id="w_110"/>
      </span>
    </term>
    <term tid="t_111" lemma="nemen" type="open">
      <span>
        <target id="w_111"/>
      </span>
    </term>
    <term tid="t_112" lemma="." type="open">
      <span>
        <target id="w_112"/>
      </span>
    </term>
    <term tid="t_113" lemma="er" type="open">
      <span>
        <target id="w_113"/>
      </span>
    </term>
    <term tid="t_114" lemma="was" type="open">
      <span>
        <target id="w_114"/>
      </span>
    </term>
    <term tid="t_115" lemma="voldoende" type="open" pos="G">
      <span>
        <target id="w_115"/>
      </span>
      <sentiment polarity="positive" resource="VUA_olery_lexicon_nl_lmf"/>
    </term>
    <term tid="t_116" lemma="parkeergelegenheid" type="open">
      <span>
        <target id="w_116"/>
      </span>
    </term>
    <term tid="t_117" lemma="." type="open">
      <span>
        <target id="w_117"/>
      </span>
    </term>
    <term tid="t_118" lemma="omdat" type="open">
      <span>
        <target id="w_118"/>
      </span>
    </term>
    <term tid="t_119" lemma="de" type="open">
      <span>
        <target id="w_119"/>
      </span>
    </term>
    <term tid="t_120" lemma="reguliere" type="open">
      <span>
        <target id="w_120"/>
      </span>
    </term>
    <term tid="t_121" lemma="prijs" type="open">
      <span>
        <target id="w_121"/>
      </span>
    </term>
    <term tid="t_122" lemma="berekend" type="open">
      <span>
        <target id="w_122"/>
      </span>
    </term>
    <term tid="t_123" lemma="is" type="open">
      <span>
        <target id="w_123"/>
      </span>
    </term>
    <term tid="t_124" lemma="naar" type="open" pos="G">
      <span>
        <target id="w_124"/>
      </span>
      <sentiment polarity="negative" resource="VUA_olery_lexicon_nl_lmf"/>
    </term>
    <term tid="t_125" lemma="een" type="open">
      <span>
        <target id="w_125"/>
      </span>
    </term>
    <term tid="t_126" lemma="4" type="open">
      <span>
        <target id="w_126"/>
      </span>
    </term>
    <term tid="t_127" lemma="sterren" type="open">
      <span>
        <target id="w_127"/>
      </span>
    </term>
    <term tid="t_128" lemma="norm" type="open">
      <span>
        <target id="w_128"/>
      </span>
    </term>
    <term tid="t_129" lemma="," type="open">
      <span>
        <target id="w_129"/>
      </span>
    </term>
    <term tid="t_130" lemma="moet" type="open">
      <span>
        <target id="w_130"/>
      </span>
    </term>
    <term tid="t_131" lemma="ik" type="open">
      <span>
        <target id="w_131"/>
      </span>
    </term>
    <term tid="t_132" lemma="dit" type="open">
      <span>
        <target id="w_132"/>
      </span>
    </term>
    <term tid="t_133" lemma="hotel" type="open">
      <span>
        <target id="w_133"/>
      </span>
    </term>
    <term tid="t_134" lemma="helaas" type="open" pos="A">
      <span>
        <target id="w_134"/>
      </span>
      <sentiment polarity="negative" resource="VUA_olery_lexicon_nl_lmf"/>
    </term>
    <term tid="t_135" lemma="afbevelen" type="open">
      <span>
        <target id="w_135"/>
      </span>
    </term>
    <term tid="t_136" lemma="." type="open">
      <span>
        <target id="w_136"/>
      </span>
    </term>
  </terms>
  <entities>
    <entity type="LOC" eid="e_1">
      <span>
        <target id="t_109"/>
      </span>
    </entity>
    <entity type="PER" eid="e_2">
      <span>
        <target id="t_26"/>
      </span>
      <span>
        <target id="t_34"/>
      </span>
    </entity>
    <entity type="ORG" eid="e_3">
      <span>
        <target id="t_54"/>
      </span>
    </entity>
    <entity type="ORG" eid="e_4">
      <span>
        <target id="t_6"/>
      </span>
    </entity>
  </entities>
  <properties>
    <property type="facilities" pid="p_1">
      <span>
        <target id="t_54"/>
      </span>
      <span>
        <target id="t_59"/>
      </span>
      <span>
        <target id="t_79"/>
      </span>
    </property>
    <property type="location" pid="p_2">
      <span>
        <target id="t_76"/>
      </span>
      <span>
        <target id="t_88"/>
      </span>
    </property>
    <property type="parking" pid="p_3">
      <span>
        <target id="t_116"/>
      </span>
    </property>
    <property type="room" pid="p_4">
      <span>
        <target id="t_6"/>
      </span>
      <span>
        <target id="t_15"/>
      </span>
    </property>
    <property type="value_for_money" pid="p_5">
      <span>
        <target id="t_71"/>
      </span>
      <span>
        <target id="t_84"/>
      </span>
      <span>
        <target id="t_121"/>
      </span>
    </property>
  </properties>
  <opinions>
    <opinion oid="o_1">
      <opinion_target>
        <span>
          <target id="t_15"/>
        </span>
      </opinion_target>
      <opinion_expression polarity="negative" strength="-1">
        <span>
          <target id="t_16"/>
        </span>
      </opinion_expression>
    </opinion>
    <opinion oid="o_2">
      <opinion_target>
        <span>
          <target id="t_45"/>
        </span>
      </opinion_target>
      <opinion_expression polarity="positive" strength="1">
        <span>
          <target id="t_44"/>
        </span>
      </opinion_expression>
    </opinion>
    <opinion oid="o_3">
      <opinion_target>
        <span>
          <target id="t_51"/>
        </span>
      </opinion_target>
      <opinion_expression polarity="negative" strength="-1">
        <span>
          <target id="t_49"/>
        </span>
      </opinion_expression>
    </opinion>
    <opinion oid="o_4">
      <opinion_target>
        <span>
          <target id="t_116"/>
        </span>
      </opinion_target>
      <opinion_expression polarity="positive" strength="1">
        <span>
          <target id="t_115"/>
        </span>
      </opinion_expression>
    </opinion>
    <opinion oid="o_5">
      <opinion_holder>
        <span>
          <target id="t_131"/>
        </span>
      </opinion_holder>
      <opinion_target>
        <span>
          <target id="t_127"/>
        </span>
      </opinion_target>
      <opinion_expression polarity="negative" strength="-1">
        <span>
          <target id="t_124"/>
        </span>
      </opinion_expression>
    </opinion>
    <opinion oid="o_6">
      <opinion_holder>
        <span>
          <target id="t_131"/>
        </span>
      </opinion_holder>
      <opinion_target>
        <span>
          <target id="t_135"/>
        </span>
      </opinion_target>
      <opinion_expression polarity="negative" strength="-1">
        <span>
          <target id="t_134"/>
        </span>
      </opinion_expression>
    </opinion>
  </opinions>
</KAF>
