<?xml version='1.0' encoding='UTF-8'?>
<KAF xml:lang="nl">
  <linguisticProcessors layer="text">
    <lp timestamp="2013-01-06T18:32:13CET" version="2.0" name="SentenceTokenizer"/>
  </linguisticProcessors>
  <linguisticProcessors layer="terms">
    <lp timestamp="2013-01-06T18:32:13CET" version="2.0" name="SentenceTokenizer"/>
    <lp timestamp="2013-01-06T18:32:14CET" version="1.0" name="SimplePolarityTagger"/>
  </linguisticProcessors>
  <linguisticProcessor layer="opinions">
    <lp timestamp="2013-01-06T18:32:14CET" version="1.0" name="SimpleOpinionDetector"/>
  </linguisticProcessor>
  <linguisticProcessor layer="properties">
    <lp timestamp="2013-01-06T18:32:14CET" version="1.0" name="SimplePropRecognizer_lookup"/>
  </linguisticProcessor>
  <linguisticProcessor layer="entities">
    <lp timestamp="2013-01-06T18:32:14CET" version="1.0" name="SimpleNER_lookup"/>
  </linguisticProcessor>
  <text>
    <wf wid="w_1" para="1" sent="1">Het</wf>
    <wf wid="w_2" para="1" sent="1">hotel</wf>
    <wf wid="w_3" para="1" sent="1">biedt</wf>
    <wf wid="w_4" para="1" sent="1">schone</wf>
    <wf wid="w_5" para="1" sent="1">en</wf>
    <wf wid="w_6" para="1" sent="1">redelijke</wf>
    <wf wid="w_7" para="1" sent="1">ruime</wf>
    <wf wid="w_8" para="1" sent="1">kamers</wf>
    <wf wid="w_9" para="1" sent="1">,</wf>
    <wf wid="w_10" para="1" sent="1">die</wf>
    <wf wid="w_11" para="1" sent="1">bovendien</wf>
    <wf wid="w_12" para="1" sent="1">ook</wf>
    <wf wid="w_13" para="1" sent="1">nog</wf>
    <wf wid="w_14" para="1" sent="1">eens</wf>
    <wf wid="w_15" para="1" sent="1">opgeknapt</wf>
    <wf wid="w_16" para="1" sent="1">zijn</wf>
    <wf wid="w_17" para="1" sent="1">sinds</wf>
    <wf wid="w_18" para="1" sent="1">korte</wf>
    <wf wid="w_19" para="1" sent="1">tijd</wf>
    <wf wid="w_20" para="1" sent="1">.</wf>
    <wf wid="w_21" para="1" sent="2">Het</wf>
    <wf wid="w_22" para="1" sent="2">ontbijt</wf>
    <wf wid="w_23" para="1" sent="2">is</wf>
    <wf wid="w_24" para="1" sent="2">-</wf>
    <wf wid="w_25" para="1" sent="2">zoals</wf>
    <wf wid="w_26" para="1" sent="2">wel</wf>
    <wf wid="w_27" para="1" sent="2">vaker</wf>
    <wf wid="w_28" para="1" sent="2">in</wf>
    <wf wid="w_29" para="1" sent="2">Duitsland</wf>
    <wf wid="w_30" para="1" sent="2">-</wf>
    <wf wid="w_31" para="1" sent="2">uitstekend</wf>
    <wf wid="w_32" para="1" sent="2">.</wf>
    <wf wid="w_33" para="1" sent="3">Het</wf>
    <wf wid="w_34" para="1" sent="3">hotel</wf>
    <wf wid="w_35" para="1" sent="3">ligt</wf>
    <wf wid="w_36" para="1" sent="3">niet</wf>
    <wf wid="w_37" para="1" sent="3">op</wf>
    <wf wid="w_38" para="1" sent="3">loopafstand</wf>
    <wf wid="w_39" para="1" sent="3">van</wf>
    <wf wid="w_40" para="1" sent="3">het</wf>
    <wf wid="w_41" para="1" sent="3">centrum</wf>
    <wf wid="w_42" para="1" sent="3">,</wf>
    <wf wid="w_43" para="1" sent="3">maar</wf>
    <wf wid="w_44" para="1" sent="3">er</wf>
    <wf wid="w_45" para="1" sent="3">ligt</wf>
    <wf wid="w_46" para="1" sent="3">een</wf>
    <wf wid="w_47" para="1" sent="3">S</wf>
    <wf wid="w_48" para="1" sent="3">-</wf>
    <wf wid="w_49" para="1" sent="3">Bahn</wf>
    <wf wid="w_50" para="1" sent="3">station</wf>
    <wf wid="w_51" para="1" sent="3">om</wf>
    <wf wid="w_52" para="1" sent="3">de</wf>
    <wf wid="w_53" para="1" sent="3">hoek</wf>
    <wf wid="w_54" para="1" sent="3">.</wf>
    <wf wid="w_55" para="1" sent="4">Daarmee</wf>
    <wf wid="w_56" para="1" sent="4">sta</wf>
    <wf wid="w_57" para="1" sent="4">je</wf>
    <wf wid="w_58" para="1" sent="4">in</wf>
    <wf wid="w_59" para="1" sent="4">10</wf>
    <wf wid="w_60" para="1" sent="4">minuten</wf>
    <wf wid="w_61" para="1" sent="4">op</wf>
    <wf wid="w_62" para="1" sent="4">het</wf>
    <wf wid="w_63" para="1" sent="4">hauptbahnhof</wf>
    <wf wid="w_64" para="1" sent="4">waarna</wf>
    <wf wid="w_65" para="1" sent="4">je</wf>
    <wf wid="w_66" para="1" sent="4">eventueel</wf>
    <wf wid="w_67" para="1" sent="4">de</wf>
    <wf wid="w_68" para="1" sent="4">metro</wf>
    <wf wid="w_69" para="1" sent="4">kan</wf>
    <wf wid="w_70" para="1" sent="4">nemen</wf>
    <wf wid="w_71" para="1" sent="4">richting</wf>
    <wf wid="w_72" para="1" sent="4">centrum</wf>
    <wf wid="w_73" para="1" sent="4">.</wf>
    <wf wid="w_74" para="1" sent="5">Met</wf>
    <wf wid="w_75" para="1" sent="5">de</wf>
    <wf wid="w_76" para="1" sent="5">auto</wf>
    <wf wid="w_77" para="1" sent="5">zit</wf>
    <wf wid="w_78" para="1" sent="5">je</wf>
    <wf wid="w_79" para="1" sent="5">zo</wf>
    <wf wid="w_80" para="1" sent="5">op</wf>
    <wf wid="w_81" para="1" sent="5">te</wf>
    <wf wid="w_82" para="1" sent="5">snelweg</wf>
    <wf wid="w_83" para="1" sent="5">ten</wf>
    <wf wid="w_84" para="1" sent="5">zuiden</wf>
    <wf wid="w_85" para="1" sent="5">van</wf>
    <wf wid="w_86" para="1" sent="5">Dusseldorf</wf>
    <wf wid="w_87" para="1" sent="5">,</wf>
    <wf wid="w_88" para="1" sent="5">handig</wf>
    <wf wid="w_89" para="1" sent="5">voor</wf>
    <wf wid="w_90" para="1" sent="5">uitstapjes</wf>
    <wf wid="w_91" para="1" sent="5">richting</wf>
    <wf wid="w_92" para="1" sent="5">Keulen</wf>
    <wf wid="w_93" para="1" sent="5">,</wf>
    <wf wid="w_94" para="1" sent="5">Bonn</wf>
    <wf wid="w_95" para="1" sent="5">of</wf>
    <wf wid="w_96" para="1" sent="5">de</wf>
    <wf wid="w_97" para="1" sent="5">Eifel</wf>
    <wf wid="w_98" para="1" sent="5">.</wf>
  </text>
  <terms>
    <term tid="t_1" lemma="het" type="open">
      <span>
        <target id="w_1"/>
      </span>
    </term>
    <term tid="t_2" lemma="hotel" type="open">
      <span>
        <target id="w_2"/>
      </span>
    </term>
    <term tid="t_3" lemma="biedt" type="open">
      <span>
        <target id="w_3"/>
      </span>
    </term>
    <term tid="t_4" lemma="schone" type="open">
      <span>
        <target id="w_4"/>
      </span>
    </term>
    <term tid="t_5" lemma="en" type="open">
      <span>
        <target id="w_5"/>
      </span>
    </term>
    <term tid="t_6" lemma="redelijke" type="open">
      <span>
        <target id="w_6"/>
      </span>
    </term>
    <term tid="t_7" lemma="ruime" type="open">
      <span>
        <target id="w_7"/>
      </span>
    </term>
    <term tid="t_8" lemma="kamers" type="open">
      <span>
        <target id="w_8"/>
      </span>
    </term>
    <term tid="t_9" lemma="," type="open">
      <span>
        <target id="w_9"/>
      </span>
    </term>
    <term tid="t_10" lemma="die" type="open">
      <span>
        <target id="w_10"/>
      </span>
    </term>
    <term tid="t_11" lemma="bovendien" type="open">
      <span>
        <target id="w_11"/>
      </span>
    </term>
    <term tid="t_12" lemma="ook" type="open">
      <span>
        <target id="w_12"/>
      </span>
    </term>
    <term tid="t_13" lemma="nog" type="open">
      <span>
        <target id="w_13"/>
      </span>
    </term>
    <term tid="t_14" lemma="eens" type="open">
      <span>
        <target id="w_14"/>
      </span>
    </term>
    <term tid="t_15" lemma="opgeknapt" type="open">
      <span>
        <target id="w_15"/>
      </span>
    </term>
    <term tid="t_16" lemma="zijn" type="open">
      <span>
        <target id="w_16"/>
      </span>
    </term>
    <term tid="t_17" lemma="sinds" type="open">
      <span>
        <target id="w_17"/>
      </span>
    </term>
    <term tid="t_18" lemma="korte" type="open">
      <span>
        <target id="w_18"/>
      </span>
    </term>
    <term tid="t_19" lemma="tijd" type="open">
      <span>
        <target id="w_19"/>
      </span>
    </term>
    <term tid="t_20" lemma="." type="open">
      <span>
        <target id="w_20"/>
      </span>
    </term>
    <term tid="t_21" lemma="het" type="open">
      <span>
        <target id="w_21"/>
      </span>
    </term>
    <term tid="t_22" lemma="ontbijt" type="open">
      <span>
        <target id="w_22"/>
      </span>
    </term>
    <term tid="t_23" lemma="is" type="open">
      <span>
        <target id="w_23"/>
      </span>
    </term>
    <term tid="t_24" lemma="-" type="open">
      <span>
        <target id="w_24"/>
      </span>
    </term>
    <term tid="t_25" lemma="zoals" type="open">
      <span>
        <target id="w_25"/>
      </span>
    </term>
    <term tid="t_26" lemma="wel" type="open">
      <span>
        <target id="w_26"/>
      </span>
    </term>
    <term tid="t_27" lemma="vaker" type="open">
      <span>
        <target id="w_27"/>
      </span>
    </term>
    <term tid="t_28" lemma="in" type="open">
      <span>
        <target id="w_28"/>
      </span>
    </term>
    <term tid="t_29" lemma="duitsland" type="open">
      <span>
        <target id="w_29"/>
      </span>
    </term>
    <term tid="t_30" lemma="-" type="open">
      <span>
        <target id="w_30"/>
      </span>
    </term>
    <term tid="t_31" lemma="uitstekend" type="open" pos="G">
      <span>
        <target id="w_31"/>
      </span>
      <sentiment polarity="positive" resource="VUA_olery_lexicon_nl_lmf"/>
    </term>
    <term tid="t_32" lemma="." type="open">
      <span>
        <target id="w_32"/>
      </span>
    </term>
    <term tid="t_33" lemma="het" type="open">
      <span>
        <target id="w_33"/>
      </span>
    </term>
    <term tid="t_34" lemma="hotel" type="open">
      <span>
        <target id="w_34"/>
      </span>
    </term>
    <term tid="t_35" lemma="ligt" type="open">
      <span>
        <target id="w_35"/>
      </span>
    </term>
    <term tid="t_36" lemma="niet" type="open">
      <span>
        <target id="w_36"/>
      </span>
      <sentiment sentiment_modifier="shifter" resource="VUA_olery_lexicon_nl_lmf"/>
    </term>
    <term tid="t_37" lemma="op" type="open">
      <span>
        <target id="w_37"/>
      </span>
    </term>
    <term tid="t_38" lemma="loopafstand" type="open" pos="N">
      <span>
        <target id="w_38"/>
      </span>
      <sentiment polarity="positive" resource="VUA_olery_lexicon_nl_lmf"/>
    </term>
    <term tid="t_39" lemma="van" type="open">
      <span>
        <target id="w_39"/>
      </span>
    </term>
    <term tid="t_40" lemma="het" type="open">
      <span>
        <target id="w_40"/>
      </span>
    </term>
    <term tid="t_41" lemma="centrum" type="open">
      <span>
        <target id="w_41"/>
      </span>
    </term>
    <term tid="t_42" lemma="," type="open">
      <span>
        <target id="w_42"/>
      </span>
    </term>
    <term tid="t_43" lemma="maar" type="open">
      <span>
        <target id="w_43"/>
      </span>
    </term>
    <term tid="t_44" lemma="er" type="open">
      <span>
        <target id="w_44"/>
      </span>
    </term>
    <term tid="t_45" lemma="ligt" type="open">
      <span>
        <target id="w_45"/>
      </span>
    </term>
    <term tid="t_46" lemma="een" type="open">
      <span>
        <target id="w_46"/>
      </span>
    </term>
    <term tid="t_47" lemma="s" type="open">
      <span>
        <target id="w_47"/>
      </span>
    </term>
    <term tid="t_48" lemma="-" type="open">
      <span>
        <target id="w_48"/>
      </span>
    </term>
    <term tid="t_49" lemma="bahn" type="open">
      <span>
        <target id="w_49"/>
      </span>
    </term>
    <term tid="t_50" lemma="station" type="open">
      <span>
        <target id="w_50"/>
      </span>
    </term>
    <term tid="t_51" lemma="om" type="open">
      <span>
        <target id="w_51"/>
      </span>
    </term>
    <term tid="t_52" lemma="de" type="open">
      <span>
        <target id="w_52"/>
      </span>
    </term>
    <term tid="t_53" lemma="hoek" type="open">
      <span>
        <target id="w_53"/>
      </span>
    </term>
    <term tid="t_54" lemma="." type="open">
      <span>
        <target id="w_54"/>
      </span>
    </term>
    <term tid="t_55" lemma="daarmee" type="open">
      <span>
        <target id="w_55"/>
      </span>
    </term>
    <term tid="t_56" lemma="sta" type="open">
      <span>
        <target id="w_56"/>
      </span>
    </term>
    <term tid="t_57" lemma="je" type="open">
      <span>
        <target id="w_57"/>
      </span>
    </term>
    <term tid="t_58" lemma="in" type="open">
      <span>
        <target id="w_58"/>
      </span>
    </term>
    <term tid="t_59" lemma="10" type="open">
      <span>
        <target id="w_59"/>
      </span>
    </term>
    <term tid="t_60" lemma="minuten" type="open">
      <span>
        <target id="w_60"/>
      </span>
    </term>
    <term tid="t_61" lemma="op" type="open">
      <span>
        <target id="w_61"/>
      </span>
    </term>
    <term tid="t_62" lemma="het" type="open">
      <span>
        <target id="w_62"/>
      </span>
    </term>
    <term tid="t_63" lemma="hauptbahnhof" type="open">
      <span>
        <target id="w_63"/>
      </span>
    </term>
    <term tid="t_64" lemma="waarna" type="open">
      <span>
        <target id="w_64"/>
      </span>
    </term>
    <term tid="t_65" lemma="je" type="open">
      <span>
        <target id="w_65"/>
      </span>
    </term>
    <term tid="t_66" lemma="eventueel" type="open">
      <span>
        <target id="w_66"/>
      </span>
    </term>
    <term tid="t_67" lemma="de" type="open">
      <span>
        <target id="w_67"/>
      </span>
    </term>
    <term tid="t_68" lemma="metro" type="open">
      <span>
        <target id="w_68"/>
      </span>
    </term>
    <term tid="t_69" lemma="kan" type="open">
      <span>
        <target id="w_69"/>
      </span>
    </term>
    <term tid="t_70" lemma="nemen" type="open">
      <span>
        <target id="w_70"/>
      </span>
    </term>
    <term tid="t_71" lemma="richting" type="open">
      <span>
        <target id="w_71"/>
      </span>
    </term>
    <term tid="t_72" lemma="centrum" type="open">
      <span>
        <target id="w_72"/>
      </span>
    </term>
    <term tid="t_73" lemma="." type="open">
      <span>
        <target id="w_73"/>
      </span>
    </term>
    <term tid="t_74" lemma="met" type="open">
      <span>
        <target id="w_74"/>
      </span>
    </term>
    <term tid="t_75" lemma="de" type="open">
      <span>
        <target id="w_75"/>
      </span>
    </term>
    <term tid="t_76" lemma="auto" type="open">
      <span>
        <target id="w_76"/>
      </span>
    </term>
    <term tid="t_77" lemma="zit" type="open">
      <span>
        <target id="w_77"/>
      </span>
    </term>
    <term tid="t_78" lemma="je" type="open">
      <span>
        <target id="w_78"/>
      </span>
    </term>
    <term tid="t_79" lemma="zo" type="open">
      <span>
        <target id="w_79"/>
      </span>
    </term>
    <term tid="t_80" lemma="op" type="open">
      <span>
        <target id="w_80"/>
      </span>
    </term>
    <term tid="t_81" lemma="te" type="open">
      <span>
        <target id="w_81"/>
      </span>
    </term>
    <term tid="t_82" lemma="snelweg" type="open">
      <span>
        <target id="w_82"/>
      </span>
    </term>
    <term tid="t_83" lemma="ten" type="open">
      <span>
        <target id="w_83"/>
      </span>
    </term>
    <term tid="t_84" lemma="zuiden" type="open">
      <span>
        <target id="w_84"/>
      </span>
    </term>
    <term tid="t_85" lemma="van" type="open">
      <span>
        <target id="w_85"/>
      </span>
    </term>
    <term tid="t_86" lemma="dusseldorf" type="open">
      <span>
        <target id="w_86"/>
      </span>
    </term>
    <term tid="t_87" lemma="," type="open">
      <span>
        <target id="w_87"/>
      </span>
    </term>
    <term tid="t_88" lemma="handig" type="open" pos="G">
      <span>
        <target id="w_88"/>
      </span>
      <sentiment polarity="positive" resource="VUA_olery_lexicon_nl_lmf"/>
    </term>
    <term tid="t_89" lemma="voor" type="open">
      <span>
        <target id="w_89"/>
      </span>
    </term>
    <term tid="t_90" lemma="uitstapjes" type="open">
      <span>
        <target id="w_90"/>
      </span>
    </term>
    <term tid="t_91" lemma="richting" type="open">
      <span>
        <target id="w_91"/>
      </span>
    </term>
    <term tid="t_92" lemma="keulen" type="open">
      <span>
        <target id="w_92"/>
      </span>
    </term>
    <term tid="t_93" lemma="," type="open">
      <span>
        <target id="w_93"/>
      </span>
    </term>
    <term tid="t_94" lemma="bonn" type="open">
      <span>
        <target id="w_94"/>
      </span>
    </term>
    <term tid="t_95" lemma="of" type="open">
      <span>
        <target id="w_95"/>
      </span>
    </term>
    <term tid="t_96" lemma="de" type="open">
      <span>
        <target id="w_96"/>
      </span>
    </term>
    <term tid="t_97" lemma="eifel" type="open">
      <span>
        <target id="w_97"/>
      </span>
    </term>
    <term tid="t_98" lemma="." type="open">
      <span>
        <target id="w_98"/>
      </span>
    </term>
  </terms>
  <entities>
    <entity type="MISC" eid="e_1">
      <span>
        <target id="t_16"/>
      </span>
    </entity>
    <entity type="LOC" eid="e_2">
      <span>
        <target id="t_92"/>
      </span>
    </entity>
    <entity type="ORG" eid="e_3">
      <span>
        <target id="t_68"/>
      </span>
    </entity>
    <entity type="LOC" eid="e_4">
      <span>
        <target id="t_29"/>
      </span>
    </entity>
  </entities>
  <properties>
    <property type="cleanliness" pid="p_1">
      <span>
        <target id="t_4"/>
      </span>
    </property>
    <property type="location" pid="p_2">
      <span>
        <target id="t_38"/>
      </span>
      <span>
        <target id="t_41"/>
      </span>
      <span>
        <target id="t_50"/>
      </span>
      <span>
        <target id="t_53"/>
      </span>
      <span>
        <target id="t_68"/>
      </span>
      <span>
        <target id="t_72"/>
      </span>
      <span>
        <target id="t_82"/>
      </span>
    </property>
    <property type="restaurant" pid="p_3">
      <span>
        <target id="t_22"/>
      </span>
    </property>
  </properties>
  <opinions>
    <opinion oid="o_1">
      <opinion_target>
        <span>
          <target id="t_29"/>
        </span>
      </opinion_target>
      <opinion_expression polarity="positive" strength="1">
        <span>
          <target id="t_31"/>
        </span>
      </opinion_expression>
    </opinion>
    <opinion oid="o_2">
      <opinion_target>
        <span>
          <target id="t_41"/>
        </span>
      </opinion_target>
      <opinion_expression polarity="positive" strength="1">
        <span>
          <target id="t_38"/>
        </span>
      </opinion_expression>
    </opinion>
    <opinion oid="o_3">
      <opinion_target>
        <span>
          <target id="t_90"/>
        </span>
      </opinion_target>
      <opinion_expression polarity="positive" strength="1">
        <span>
          <target id="t_88"/>
        </span>
      </opinion_expression>
    </opinion>
  </opinions>
</KAF>
