<?xml version='1.0' encoding='UTF-8'?>
<KAF xml:lang="nl">
  <linguisticProcessors layer="text">
    <lp timestamp="2013-01-06T18:30:20CET" version="2.0" name="SentenceTokenizer"/>
  </linguisticProcessors>
  <linguisticProcessors layer="terms">
    <lp timestamp="2013-01-06T18:30:20CET" version="2.0" name="SentenceTokenizer"/>
    <lp timestamp="2013-01-06T18:30:20CET" version="1.0" name="SimplePolarityTagger"/>
  </linguisticProcessors>
  <linguisticProcessor layer="opinions">
    <lp timestamp="2013-01-06T18:30:20CET" version="1.0" name="SimpleOpinionDetector"/>
  </linguisticProcessor>
  <linguisticProcessor layer="properties">
    <lp timestamp="2013-01-06T18:30:20CET" version="1.0" name="SimplePropRecognizer_lookup"/>
  </linguisticProcessor>
  <linguisticProcessor layer="entities">
    <lp timestamp="2013-01-06T18:30:20CET" version="1.0" name="SimpleNER_lookup"/>
  </linguisticProcessor>
  <text>
    <wf wid="w_1" para="1" sent="1">De</wf>
    <wf wid="w_2" para="1" sent="1">vriendelijkheid</wf>
    <wf wid="w_3" para="1" sent="1">van</wf>
    <wf wid="w_4" para="1" sent="1">het</wf>
    <wf wid="w_5" para="1" sent="1">personeel</wf>
    <wf wid="w_6" para="1" sent="1">.</wf>
    <wf wid="w_7" para="1" sent="2">Aan</wf>
    <wf wid="w_8" para="1" sent="2">de</wf>
    <wf wid="w_9" para="1" sent="2">buitenkant</wf>
    <wf wid="w_10" para="1" sent="2">denk</wf>
    <wf wid="w_11" para="1" sent="2">je</wf>
    <wf wid="w_12" para="1" sent="2">dat</wf>
    <wf wid="w_13" para="1" sent="2">het</wf>
    <wf wid="w_14" para="1" sent="2">gebouw</wf>
    <wf wid="w_15" para="1" sent="2">ieder</wf>
    <wf wid="w_16" para="1" sent="2">moment</wf>
    <wf wid="w_17" para="1" sent="2">kan</wf>
    <wf wid="w_18" para="1" sent="2">instorten</wf>
    <wf wid="w_19" para="1" sent="2">,</wf>
    <wf wid="w_20" para="1" sent="2">zo</wf>
    <wf wid="w_21" para="1" sent="2">slecht</wf>
    <wf wid="w_22" para="1" sent="2">onderhouden</wf>
    <wf wid="w_23" para="1" sent="2">ziet</wf>
    <wf wid="w_24" para="1" sent="2">het</wf>
    <wf wid="w_25" para="1" sent="2">er</wf>
    <wf wid="w_26" para="1" sent="2">aan</wf>
    <wf wid="w_27" para="1" sent="2">de</wf>
    <wf wid="w_28" para="1" sent="2">buitenkant</wf>
    <wf wid="w_29" para="1" sent="2">uit</wf>
    <wf wid="w_30" para="1" sent="2">.</wf>
    <wf wid="w_31" para="1" sent="3">Ik</wf>
    <wf wid="w_32" para="1" sent="3">had</wf>
    <wf wid="w_33" para="1" sent="3">dit</wf>
    <wf wid="w_34" para="1" sent="3">hotel</wf>
    <wf wid="w_35" para="1" sent="3">gekozen</wf>
    <wf wid="w_36" para="1" sent="3">om</wf>
    <wf wid="w_37" para="1" sent="3">er</wf>
    <wf wid="w_38" para="1" sent="3">ook</wf>
    <wf wid="w_39" para="1" sent="3">gebruik</wf>
    <wf wid="w_40" para="1" sent="3">te</wf>
    <wf wid="w_41" para="1" sent="3">kunnen</wf>
    <wf wid="w_42" para="1" sent="3">maken</wf>
    <wf wid="w_43" para="1" sent="3">van</wf>
    <wf wid="w_44" para="1" sent="3">het</wf>
    <wf wid="w_45" para="1" sent="3">restaurant</wf>
    <wf wid="w_46" para="1" sent="3">en</wf>
    <wf wid="w_47" para="1" sent="3">cafe</wf>
    <wf wid="w_48" para="1" sent="3">.</wf>
    <wf wid="w_49" para="1" sent="4">Dit</wf>
    <wf wid="w_50" para="1" sent="4">was</wf>
    <wf wid="w_51" para="1" sent="4">echter</wf>
    <wf wid="w_52" para="1" sent="4">juist</wf>
    <wf wid="w_53" para="1" sent="4">op</wf>
    <wf wid="w_54" para="1" sent="4">deze</wf>
    <wf wid="w_55" para="1" sent="4">avond</wf>
    <wf wid="w_56" para="1" sent="4">volledi</wf>
  </text>
  <terms>
    <term tid="t_1" lemma="de" type="open">
      <span>
        <target id="w_1"/>
      </span>
    </term>
    <term tid="t_2" lemma="vriendelijkheid" type="open" pos="N">
      <span>
        <target id="w_2"/>
      </span>
      <sentiment polarity="positive" resource="VUA_olery_lexicon_nl_lmf"/>
    </term>
    <term tid="t_3" lemma="van" type="open">
      <span>
        <target id="w_3"/>
      </span>
    </term>
    <term tid="t_4" lemma="het" type="open">
      <span>
        <target id="w_4"/>
      </span>
    </term>
    <term tid="t_5" lemma="personeel" type="open">
      <span>
        <target id="w_5"/>
      </span>
    </term>
    <term tid="t_6" lemma="." type="open">
      <span>
        <target id="w_6"/>
      </span>
    </term>
    <term tid="t_7" lemma="aan" type="open">
      <span>
        <target id="w_7"/>
      </span>
    </term>
    <term tid="t_8" lemma="de" type="open">
      <span>
        <target id="w_8"/>
      </span>
    </term>
    <term tid="t_9" lemma="buitenkant" type="open">
      <span>
        <target id="w_9"/>
      </span>
    </term>
    <term tid="t_10" lemma="denk" type="open">
      <span>
        <target id="w_10"/>
      </span>
    </term>
    <term tid="t_11" lemma="je" type="open">
      <span>
        <target id="w_11"/>
      </span>
    </term>
    <term tid="t_12" lemma="dat" type="open">
      <span>
        <target id="w_12"/>
      </span>
    </term>
    <term tid="t_13" lemma="het" type="open">
      <span>
        <target id="w_13"/>
      </span>
    </term>
    <term tid="t_14" lemma="gebouw" type="open">
      <span>
        <target id="w_14"/>
      </span>
    </term>
    <term tid="t_15" lemma="ieder" type="open">
      <span>
        <target id="w_15"/>
      </span>
    </term>
    <term tid="t_16" lemma="moment" type="open">
      <span>
        <target id="w_16"/>
      </span>
    </term>
    <term tid="t_17" lemma="kan" type="open">
      <span>
        <target id="w_17"/>
      </span>
    </term>
    <term tid="t_18" lemma="instorten" type="open">
      <span>
        <target id="w_18"/>
      </span>
    </term>
    <term tid="t_19" lemma="," type="open">
      <span>
        <target id="w_19"/>
      </span>
    </term>
    <term tid="t_20" lemma="zo" type="open">
      <span>
        <target id="w_20"/>
      </span>
    </term>
    <term tid="t_21" lemma="slecht" type="open" pos="G">
      <span>
        <target id="w_21"/>
      </span>
      <sentiment polarity="negative" resource="VUA_olery_lexicon_nl_lmf"/>
    </term>
    <term tid="t_22" lemma="onderhouden" type="open">
      <span>
        <target id="w_22"/>
      </span>
    </term>
    <term tid="t_23" lemma="ziet" type="open">
      <span>
        <target id="w_23"/>
      </span>
    </term>
    <term tid="t_24" lemma="het" type="open">
      <span>
        <target id="w_24"/>
      </span>
    </term>
    <term tid="t_25" lemma="er" type="open">
      <span>
        <target id="w_25"/>
      </span>
    </term>
    <term tid="t_26" lemma="aan" type="open">
      <span>
        <target id="w_26"/>
      </span>
    </term>
    <term tid="t_27" lemma="de" type="open">
      <span>
        <target id="w_27"/>
      </span>
    </term>
    <term tid="t_28" lemma="buitenkant" type="open">
      <span>
        <target id="w_28"/>
      </span>
    </term>
    <term tid="t_29" lemma="uit" type="open">
      <span>
        <target id="w_29"/>
      </span>
    </term>
    <term tid="t_30" lemma="." type="open">
      <span>
        <target id="w_30"/>
      </span>
    </term>
    <term tid="t_31" lemma="ik" type="open">
      <span>
        <target id="w_31"/>
      </span>
    </term>
    <term tid="t_32" lemma="had" type="open">
      <span>
        <target id="w_32"/>
      </span>
    </term>
    <term tid="t_33" lemma="dit" type="open">
      <span>
        <target id="w_33"/>
      </span>
    </term>
    <term tid="t_34" lemma="hotel" type="open">
      <span>
        <target id="w_34"/>
      </span>
    </term>
    <term tid="t_35" lemma="gekozen" type="open">
      <span>
        <target id="w_35"/>
      </span>
    </term>
    <term tid="t_36" lemma="om" type="open">
      <span>
        <target id="w_36"/>
      </span>
    </term>
    <term tid="t_37" lemma="er" type="open">
      <span>
        <target id="w_37"/>
      </span>
    </term>
    <term tid="t_38" lemma="ook" type="open">
      <span>
        <target id="w_38"/>
      </span>
    </term>
    <term tid="t_39" lemma="gebruik" type="open">
      <span>
        <target id="w_39"/>
      </span>
    </term>
    <term tid="t_40" lemma="te" type="open">
      <span>
        <target id="w_40"/>
      </span>
    </term>
    <term tid="t_41" lemma="kunnen" type="open">
      <span>
        <target id="w_41"/>
      </span>
    </term>
    <term tid="t_42" lemma="maken" type="open">
      <span>
        <target id="w_42"/>
      </span>
    </term>
    <term tid="t_43" lemma="van" type="open">
      <span>
        <target id="w_43"/>
      </span>
    </term>
    <term tid="t_44" lemma="het" type="open">
      <span>
        <target id="w_44"/>
      </span>
    </term>
    <term tid="t_45" lemma="restaurant" type="open">
      <span>
        <target id="w_45"/>
      </span>
    </term>
    <term tid="t_46" lemma="en" type="open">
      <span>
        <target id="w_46"/>
      </span>
    </term>
    <term tid="t_47" lemma="cafe" type="open">
      <span>
        <target id="w_47"/>
      </span>
    </term>
    <term tid="t_48" lemma="." type="open">
      <span>
        <target id="w_48"/>
      </span>
    </term>
    <term tid="t_49" lemma="dit" type="open">
      <span>
        <target id="w_49"/>
      </span>
    </term>
    <term tid="t_50" lemma="was" type="open">
      <span>
        <target id="w_50"/>
      </span>
    </term>
    <term tid="t_51" lemma="echter" type="open">
      <span>
        <target id="w_51"/>
      </span>
    </term>
    <term tid="t_52" lemma="juist" type="open" pos="G">
      <span>
        <target id="w_52"/>
      </span>
      <sentiment polarity="positive" resource="VUA_olery_lexicon_nl_lmf"/>
    </term>
    <term tid="t_53" lemma="op" type="open">
      <span>
        <target id="w_53"/>
      </span>
    </term>
    <term tid="t_54" lemma="deze" type="open">
      <span>
        <target id="w_54"/>
      </span>
    </term>
    <term tid="t_55" lemma="avond" type="open">
      <span>
        <target id="w_55"/>
      </span>
    </term>
    <term tid="t_56" lemma="volledi" type="open">
      <span>
        <target id="w_56"/>
      </span>
    </term>
  </terms>
  <properties>
    <property type="facilities" pid="p_1">
      <span>
        <target id="t_9"/>
      </span>
      <span>
        <target id="t_14"/>
      </span>
      <span>
        <target id="t_28"/>
      </span>
    </property>
    <property type="restaurant" pid="p_2">
      <span>
        <target id="t_45"/>
      </span>
      <span>
        <target id="t_47"/>
      </span>
    </property>
    <property type="staff" pid="p_3">
      <span>
        <target id="t_2"/>
      </span>
      <span>
        <target id="t_5"/>
      </span>
    </property>
  </properties>
  <opinions>
    <opinion oid="o_1">
      <opinion_target>
        <span>
          <target id="t_5"/>
        </span>
      </opinion_target>
      <opinion_expression polarity="positive" strength="1">
        <span>
          <target id="t_2"/>
        </span>
      </opinion_expression>
    </opinion>
    <opinion oid="o_2">
      <opinion_target>
        <span>
          <target id="t_22"/>
        </span>
      </opinion_target>
      <opinion_expression polarity="negative" strength="-1">
        <span>
          <target id="t_21"/>
        </span>
      </opinion_expression>
    </opinion>
    <opinion oid="o_3">
      <opinion_target>
        <span>
          <target id="t_55"/>
        </span>
      </opinion_target>
      <opinion_expression polarity="positive" strength="1">
        <span>
          <target id="t_52"/>
        </span>
      </opinion_expression>
    </opinion>
  </opinions>
</KAF>
