<?xml version='1.0' encoding='UTF-8'?>
<KAF xml:lang="nl">
  <linguisticProcessors layer="text">
    <lp timestamp="2013-01-06T18:30:26CET" version="2.0" name="SentenceTokenizer"/>
  </linguisticProcessors>
  <linguisticProcessors layer="terms">
    <lp timestamp="2013-01-06T18:30:26CET" version="2.0" name="SentenceTokenizer"/>
    <lp timestamp="2013-01-06T18:30:26CET" version="1.0" name="SimplePolarityTagger"/>
  </linguisticProcessors>
  <linguisticProcessor layer="opinions">
    <lp timestamp="2013-01-06T18:30:26CET" version="1.0" name="SimpleOpinionDetector"/>
  </linguisticProcessor>
  <linguisticProcessor layer="properties">
    <lp timestamp="2013-01-06T18:30:26CET" version="1.0" name="SimplePropRecognizer_lookup"/>
  </linguisticProcessor>
  <linguisticProcessor layer="entities">
    <lp timestamp="2013-01-06T18:30:26CET" version="1.0" name="SimpleNER_lookup"/>
  </linguisticProcessor>
  <text>
    <wf wid="w_1" para="1" sent="1">Kamer</wf>
    <wf wid="w_2" para="1" sent="1">,</wf>
    <wf wid="w_3" para="1" sent="1">uitzicht</wf>
    <wf wid="w_4" para="1" sent="1">,</wf>
    <wf wid="w_5" para="1" sent="1">nabijheid</wf>
    <wf wid="w_6" para="1" sent="1">centrum</wf>
    <wf wid="w_7" para="1" sent="1">en</wf>
    <wf wid="w_8" para="1" sent="1">Hollans</wf>
    <wf wid="w_9" para="1" sent="1">Casino</wf>
    <wf wid="w_10" para="1" sent="1">naast</wf>
    <wf wid="w_11" para="1" sent="1">de</wf>
    <wf wid="w_12" para="1" sent="1">deur</wf>
    <wf wid="w_13" para="1" sent="1">..</wf>
    <wf wid="w_14" para="1" sent="2">Hert</wf>
    <wf wid="w_15" para="1" sent="2">ontbijt</wf>
    <wf wid="w_16" para="1" sent="2">is</wf>
    <wf wid="w_17" para="1" sent="2">voor</wf>
    <wf wid="w_18" para="1" sent="2">de</wf>
    <wf wid="w_19" para="1" sent="2">prijs</wf>
    <wf wid="w_20" para="1" sent="2">van</wf>
    <wf wid="w_21" para="1" sent="2">15euro</wf>
    <wf wid="w_22" para="1" sent="2">sober</wf>
    <wf wid="w_23" para="1" sent="2">te</wf>
    <wf wid="w_24" para="1" sent="2">noemen</wf>
  </text>
  <terms>
    <term tid="t_1" lemma="kamer" type="open">
      <span>
        <target id="w_1"/>
      </span>
    </term>
    <term tid="t_2" lemma="," type="open">
      <span>
        <target id="w_2"/>
      </span>
    </term>
    <term tid="t_3" lemma="uitzicht" type="open">
      <span>
        <target id="w_3"/>
      </span>
    </term>
    <term tid="t_4" lemma="," type="open">
      <span>
        <target id="w_4"/>
      </span>
    </term>
    <term tid="t_5" lemma="nabijheid" type="open" pos="N">
      <span>
        <target id="w_5"/>
      </span>
      <sentiment polarity="positive" resource="VUA_olery_lexicon_nl_lmf"/>
    </term>
    <term tid="t_6" lemma="centrum" type="open">
      <span>
        <target id="w_6"/>
      </span>
    </term>
    <term tid="t_7" lemma="en" type="open">
      <span>
        <target id="w_7"/>
      </span>
    </term>
    <term tid="t_8" lemma="hollans" type="open">
      <span>
        <target id="w_8"/>
      </span>
    </term>
    <term tid="t_9" lemma="casino" type="open">
      <span>
        <target id="w_9"/>
      </span>
    </term>
    <term tid="t_10" lemma="naast" type="open">
      <span>
        <target id="w_10"/>
      </span>
    </term>
    <term tid="t_11" lemma="de" type="open">
      <span>
        <target id="w_11"/>
      </span>
    </term>
    <term tid="t_12" lemma="deur" type="open">
      <span>
        <target id="w_12"/>
      </span>
    </term>
    <term tid="t_13" lemma=".." type="open">
      <span>
        <target id="w_13"/>
      </span>
    </term>
    <term tid="t_14" lemma="hert" type="open">
      <span>
        <target id="w_14"/>
      </span>
    </term>
    <term tid="t_15" lemma="ontbijt" type="open">
      <span>
        <target id="w_15"/>
      </span>
    </term>
    <term tid="t_16" lemma="is" type="open">
      <span>
        <target id="w_16"/>
      </span>
    </term>
    <term tid="t_17" lemma="voor" type="open">
      <span>
        <target id="w_17"/>
      </span>
    </term>
    <term tid="t_18" lemma="de" type="open">
      <span>
        <target id="w_18"/>
      </span>
    </term>
    <term tid="t_19" lemma="prijs" type="open">
      <span>
        <target id="w_19"/>
      </span>
    </term>
    <term tid="t_20" lemma="van" type="open">
      <span>
        <target id="w_20"/>
      </span>
    </term>
    <term tid="t_21" lemma="15euro" type="open">
      <span>
        <target id="w_21"/>
      </span>
    </term>
    <term tid="t_22" lemma="sober" type="open" pos="G">
      <span>
        <target id="w_22"/>
      </span>
      <sentiment polarity="negative" resource="VUA_olery_lexicon_nl_lmf"/>
    </term>
    <term tid="t_23" lemma="te" type="open">
      <span>
        <target id="w_23"/>
      </span>
    </term>
    <term tid="t_24" lemma="noemen" type="open">
      <span>
        <target id="w_24"/>
      </span>
    </term>
  </terms>
  <entities>
    <entity type="ORG" eid="e_1">
      <span>
        <target id="t_1"/>
      </span>
    </entity>
  </entities>
  <properties>
    <property type="facilities" pid="p_1">
      <span>
        <target id="t_9"/>
      </span>
    </property>
    <property type="value_for_money" pid="p_2">
      <span>
        <target id="t_19"/>
      </span>
    </property>
    <property type="restaurant" pid="p_3">
      <span>
        <target id="t_15"/>
      </span>
    </property>
    <property type="room" pid="p_4">
      <span>
        <target id="t_1"/>
      </span>
      <span>
        <target id="t_3"/>
      </span>
    </property>
    <property type="location" pid="p_5">
      <span>
        <target id="t_5"/>
      </span>
      <span>
        <target id="t_6"/>
      </span>
    </property>
  </properties>
  <opinions>
    <opinion oid="o_1">
      <opinion_target>
        <span>
          <target id="t_6"/>
        </span>
      </opinion_target>
      <opinion_expression polarity="positive" strength="1">
        <span>
          <target id="t_5"/>
        </span>
      </opinion_expression>
    </opinion>
    <opinion oid="o_2">
      <opinion_target>
        <span>
          <target id="t_24"/>
        </span>
      </opinion_target>
      <opinion_expression polarity="negative" strength="-1">
        <span>
          <target id="t_22"/>
        </span>
      </opinion_expression>
    </opinion>
  </opinions>
</KAF>
