<?xml version='1.0' encoding='UTF-8'?>
<KAF xml:lang="nl">
  <linguisticProcessors layer="text">
    <lp timestamp="2013-01-06T18:39:48CET" version="2.0" name="SentenceTokenizer"/>
  </linguisticProcessors>
  <linguisticProcessors layer="terms">
    <lp timestamp="2013-01-06T18:39:48CET" version="2.0" name="SentenceTokenizer"/>
    <lp timestamp="2013-01-06T18:39:48CET" version="1.0" name="SimplePolarityTagger"/>
  </linguisticProcessors>
  <linguisticProcessor layer="opinions">
    <lp timestamp="2013-01-06T18:39:48CET" version="1.0" name="SimpleOpinionDetector"/>
  </linguisticProcessor>
  <linguisticProcessor layer="properties">
    <lp timestamp="2013-01-06T18:39:48CET" version="1.0" name="SimplePropRecognizer_lookup"/>
  </linguisticProcessor>
  <linguisticProcessor layer="entities">
    <lp timestamp="2013-01-06T18:39:48CET" version="1.0" name="SimpleNER_lookup"/>
  </linguisticProcessor>
  <text>
    <wf wid="w_1" para="1" sent="1">Restaurant</wf>
    <wf wid="w_2" para="1" sent="1">zeer</wf>
    <wf wid="w_3" para="1" sent="1">slecht</wf>
    <wf wid="w_4" para="1" sent="1">.</wf>
    <wf wid="w_5" para="1" sent="2">hotel</wf>
    <wf wid="w_6" para="1" sent="2">is</wf>
    <wf wid="w_7" para="1" sent="2">goed</wf>
    <wf wid="w_8" para="1" sent="2">alleen</wf>
    <wf wid="w_9" para="1" sent="2">het</wf>
    <wf wid="w_10" para="1" sent="2">restaurant</wf>
    <wf wid="w_11" para="1" sent="2">is</wf>
    <wf wid="w_12" para="1" sent="2">ZEER</wf>
    <wf wid="w_13" para="1" sent="2">slecht</wf>
    <wf wid="w_14" para="1" sent="2">heb</wf>
    <wf wid="w_15" para="1" sent="2">er</wf>
    <wf wid="w_16" para="1" sent="2">een</wf>
    <wf wid="w_17" para="1" sent="2">voedselvergiftiging</wf>
    <wf wid="w_18" para="1" sent="2">opgelopen</wf>
    <wf wid="w_19" para="1" sent="2">doordat</wf>
    <wf wid="w_20" para="1" sent="2">ze</wf>
    <wf wid="w_21" para="1" sent="2">een</wf>
    <wf wid="w_22" para="1" sent="2">bbq</wf>
    <wf wid="w_23" para="1" sent="2">avond</wf>
    <wf wid="w_24" para="1" sent="2">belangrijker</wf>
    <wf wid="w_25" para="1" sent="2">vonden</wf>
    <wf wid="w_26" para="1" sent="2">dan</wf>
    <wf wid="w_27" para="1" sent="2">de</wf>
    <wf wid="w_28" para="1" sent="2">hotel</wf>
    <wf wid="w_29" para="1" sent="2">gasten</wf>
    <wf wid="w_30" para="1" sent="2">kip</wf>
    <wf wid="w_31" para="1" sent="2">was</wf>
    <wf wid="w_32" para="1" sent="2">te</wf>
    <wf wid="w_33" para="1" sent="2">snel</wf>
    <wf wid="w_34" para="1" sent="2">gegaard</wf>
    <wf wid="w_35" para="1" sent="2">en</wf>
    <wf wid="w_36" para="1" sent="2">niet</wf>
    <wf wid="w_37" para="1" sent="2">helemaal</wf>
    <wf wid="w_38" para="1" sent="2">gaar</wf>
    <wf wid="w_39" para="1" sent="2">hebben</wf>
    <wf wid="w_40" para="1" sent="2">2</wf>
    <wf wid="w_41" para="1" sent="2">uur</wf>
    <wf wid="w_42" para="1" sent="2">gezeten</wf>
    <wf wid="w_43" para="1" sent="2">voor</wf>
    <wf wid="w_44" para="1" sent="2">we</wf>
    <wf wid="w_45" para="1" sent="2">eten</wf>
    <wf wid="w_46" para="1" sent="2">kregen</wf>
    <wf wid="w_47" para="1" sent="2">gelukkig</wf>
    <wf wid="w_48" para="1" sent="2">hebben</wf>
    <wf wid="w_49" para="1" sent="2">de</wf>
    <wf wid="w_50" para="1" sent="2">kinderen</wf>
    <wf wid="w_51" para="1" sent="2">die</wf>
    <wf wid="w_52" para="1" sent="2">dag</wf>
    <wf wid="w_53" para="1" sent="2">brood</wf>
    <wf wid="w_54" para="1" sent="2">gegeten</wf>
    <wf wid="w_55" para="1" sent="2">zwembad</wf>
    <wf wid="w_56" para="1" sent="2">is</wf>
    <wf wid="w_57" para="1" sent="2">ook</wf>
    <wf wid="w_58" para="1" sent="2">in</wf>
    <wf wid="w_59" para="1" sent="2">zeer</wf>
    <wf wid="w_60" para="1" sent="2">slechte</wf>
    <wf wid="w_61" para="1" sent="2">staat</wf>
    <wf wid="w_62" para="1" sent="2">nodig</wf>
    <wf wid="w_63" para="1" sent="2">aan</wf>
    <wf wid="w_64" para="1" sent="2">onderhoud</wf>
    <wf wid="w_65" para="1" sent="2">toe</wf>
    <wf wid="w_66" para="1" sent="2">hotel</wf>
    <wf wid="w_67" para="1" sent="2">&amp;quot</wf>
    <wf wid="w_68" para="1" sent="2">.</wf>
    <wf wid="w_69" para="1" sent="3">huisjes</wf>
    <wf wid="w_70" para="1" sent="3">&amp;quot</wf>
    <wf wid="w_71" para="1" sent="3">;</wf>
    <wf wid="w_72" para="1" sent="3">zijn</wf>
    <wf wid="w_73" para="1" sent="3">leuk</wf>
    <wf wid="w_74" para="1" sent="3">alleen</wf>
    <wf wid="w_75" para="1" sent="3">erg</wf>
    <wf wid="w_76" para="1" sent="3">gehorig</wf>
  </text>
  <terms>
    <term tid="t_1" lemma="restaurant" type="open">
      <span>
        <target id="w_1"/>
      </span>
    </term>
    <term tid="t_2" lemma="zeer" type="open">
      <span>
        <target id="w_2"/>
      </span>
      <sentiment sentiment_modifier="intensifier" resource="VUA_olery_lexicon_nl_lmf"/>
    </term>
    <term tid="t_3" lemma="slecht" type="open" pos="G">
      <span>
        <target id="w_3"/>
      </span>
      <sentiment polarity="negative" resource="VUA_olery_lexicon_nl_lmf"/>
    </term>
    <term tid="t_4" lemma="." type="open">
      <span>
        <target id="w_4"/>
      </span>
    </term>
    <term tid="t_5" lemma="hotel" type="open">
      <span>
        <target id="w_5"/>
      </span>
    </term>
    <term tid="t_6" lemma="is" type="open">
      <span>
        <target id="w_6"/>
      </span>
    </term>
    <term tid="t_7" lemma="goed" type="open" pos="G">
      <span>
        <target id="w_7"/>
      </span>
      <sentiment polarity="positive" resource="VUA_olery_lexicon_nl_lmf"/>
    </term>
    <term tid="t_8" lemma="alleen" type="open">
      <span>
        <target id="w_8"/>
      </span>
    </term>
    <term tid="t_9" lemma="het" type="open">
      <span>
        <target id="w_9"/>
      </span>
    </term>
    <term tid="t_10" lemma="restaurant" type="open">
      <span>
        <target id="w_10"/>
      </span>
    </term>
    <term tid="t_11" lemma="is" type="open">
      <span>
        <target id="w_11"/>
      </span>
    </term>
    <term tid="t_12" lemma="zeer" type="open">
      <span>
        <target id="w_12"/>
      </span>
      <sentiment sentiment_modifier="intensifier" resource="VUA_olery_lexicon_nl_lmf"/>
    </term>
    <term tid="t_13" lemma="slecht" type="open" pos="G">
      <span>
        <target id="w_13"/>
      </span>
      <sentiment polarity="negative" resource="VUA_olery_lexicon_nl_lmf"/>
    </term>
    <term tid="t_14" lemma="heb" type="open">
      <span>
        <target id="w_14"/>
      </span>
    </term>
    <term tid="t_15" lemma="er" type="open">
      <span>
        <target id="w_15"/>
      </span>
    </term>
    <term tid="t_16" lemma="een" type="open">
      <span>
        <target id="w_16"/>
      </span>
    </term>
    <term tid="t_17" lemma="voedselvergiftiging" type="open">
      <span>
        <target id="w_17"/>
      </span>
    </term>
    <term tid="t_18" lemma="opgelopen" type="open">
      <span>
        <target id="w_18"/>
      </span>
    </term>
    <term tid="t_19" lemma="doordat" type="open">
      <span>
        <target id="w_19"/>
      </span>
    </term>
    <term tid="t_20" lemma="ze" type="open">
      <span>
        <target id="w_20"/>
      </span>
    </term>
    <term tid="t_21" lemma="een" type="open">
      <span>
        <target id="w_21"/>
      </span>
    </term>
    <term tid="t_22" lemma="bbq" type="open">
      <span>
        <target id="w_22"/>
      </span>
    </term>
    <term tid="t_23" lemma="avond" type="open">
      <span>
        <target id="w_23"/>
      </span>
    </term>
    <term tid="t_24" lemma="belangrijker" type="open">
      <span>
        <target id="w_24"/>
      </span>
    </term>
    <term tid="t_25" lemma="vonden" type="open">
      <span>
        <target id="w_25"/>
      </span>
    </term>
    <term tid="t_26" lemma="dan" type="open">
      <span>
        <target id="w_26"/>
      </span>
    </term>
    <term tid="t_27" lemma="de" type="open">
      <span>
        <target id="w_27"/>
      </span>
    </term>
    <term tid="t_28" lemma="hotel" type="open">
      <span>
        <target id="w_28"/>
      </span>
    </term>
    <term tid="t_29" lemma="gasten" type="open">
      <span>
        <target id="w_29"/>
      </span>
    </term>
    <term tid="t_30" lemma="kip" type="open">
      <span>
        <target id="w_30"/>
      </span>
    </term>
    <term tid="t_31" lemma="was" type="open">
      <span>
        <target id="w_31"/>
      </span>
    </term>
    <term tid="t_32" lemma="te" type="open">
      <span>
        <target id="w_32"/>
      </span>
    </term>
    <term tid="t_33" lemma="snel" type="open">
      <span>
        <target id="w_33"/>
      </span>
    </term>
    <term tid="t_34" lemma="gegaard" type="open">
      <span>
        <target id="w_34"/>
      </span>
    </term>
    <term tid="t_35" lemma="en" type="open">
      <span>
        <target id="w_35"/>
      </span>
    </term>
    <term tid="t_36" lemma="niet" type="open">
      <span>
        <target id="w_36"/>
      </span>
      <sentiment sentiment_modifier="shifter" resource="VUA_olery_lexicon_nl_lmf"/>
    </term>
    <term tid="t_37" lemma="helemaal" type="open">
      <span>
        <target id="w_37"/>
      </span>
      <sentiment sentiment_modifier="intensifier" resource="VUA_olery_lexicon_nl_lmf"/>
    </term>
    <term tid="t_38" lemma="gaar" type="open">
      <span>
        <target id="w_38"/>
      </span>
    </term>
    <term tid="t_39" lemma="hebben" type="open">
      <span>
        <target id="w_39"/>
      </span>
    </term>
    <term tid="t_40" lemma="2" type="open">
      <span>
        <target id="w_40"/>
      </span>
    </term>
    <term tid="t_41" lemma="uur" type="open">
      <span>
        <target id="w_41"/>
      </span>
    </term>
    <term tid="t_42" lemma="gezeten" type="open">
      <span>
        <target id="w_42"/>
      </span>
    </term>
    <term tid="t_43" lemma="voor" type="open">
      <span>
        <target id="w_43"/>
      </span>
    </term>
    <term tid="t_44" lemma="we" type="open">
      <span>
        <target id="w_44"/>
      </span>
    </term>
    <term tid="t_45" lemma="eten" type="open">
      <span>
        <target id="w_45"/>
      </span>
    </term>
    <term tid="t_46" lemma="kregen" type="open">
      <span>
        <target id="w_46"/>
      </span>
    </term>
    <term tid="t_47" lemma="gelukkig" type="open" pos="G">
      <span>
        <target id="w_47"/>
      </span>
      <sentiment polarity="positive" resource="VUA_olery_lexicon_nl_lmf"/>
    </term>
    <term tid="t_48" lemma="hebben" type="open">
      <span>
        <target id="w_48"/>
      </span>
    </term>
    <term tid="t_49" lemma="de" type="open">
      <span>
        <target id="w_49"/>
      </span>
    </term>
    <term tid="t_50" lemma="kinderen" type="open">
      <span>
        <target id="w_50"/>
      </span>
    </term>
    <term tid="t_51" lemma="die" type="open">
      <span>
        <target id="w_51"/>
      </span>
    </term>
    <term tid="t_52" lemma="dag" type="open">
      <span>
        <target id="w_52"/>
      </span>
    </term>
    <term tid="t_53" lemma="brood" type="open">
      <span>
        <target id="w_53"/>
      </span>
    </term>
    <term tid="t_54" lemma="gegeten" type="open">
      <span>
        <target id="w_54"/>
      </span>
    </term>
    <term tid="t_55" lemma="zwembad" type="open">
      <span>
        <target id="w_55"/>
      </span>
    </term>
    <term tid="t_56" lemma="is" type="open">
      <span>
        <target id="w_56"/>
      </span>
    </term>
    <term tid="t_57" lemma="ook" type="open">
      <span>
        <target id="w_57"/>
      </span>
    </term>
    <term tid="t_58" lemma="in" type="open">
      <span>
        <target id="w_58"/>
      </span>
    </term>
    <term tid="t_59" lemma="zeer" type="open">
      <span>
        <target id="w_59"/>
      </span>
      <sentiment sentiment_modifier="intensifier" resource="VUA_olery_lexicon_nl_lmf"/>
    </term>
    <term tid="t_60" lemma="slechte" type="open">
      <span>
        <target id="w_60"/>
      </span>
    </term>
    <term tid="t_61" lemma="staat" type="open">
      <span>
        <target id="w_61"/>
      </span>
    </term>
    <term tid="t_62" lemma="nodig" type="open">
      <span>
        <target id="w_62"/>
      </span>
    </term>
    <term tid="t_63" lemma="aan" type="open">
      <span>
        <target id="w_63"/>
      </span>
    </term>
    <term tid="t_64" lemma="onderhoud" type="open">
      <span>
        <target id="w_64"/>
      </span>
    </term>
    <term tid="t_65" lemma="toe" type="open">
      <span>
        <target id="w_65"/>
      </span>
    </term>
    <term tid="t_66" lemma="hotel" type="open">
      <span>
        <target id="w_66"/>
      </span>
    </term>
    <term tid="t_67" lemma="&amp;quot" type="open">
      <span>
        <target id="w_67"/>
      </span>
    </term>
    <term tid="t_68" lemma="." type="open">
      <span>
        <target id="w_68"/>
      </span>
    </term>
    <term tid="t_69" lemma="huisjes" type="open">
      <span>
        <target id="w_69"/>
      </span>
    </term>
    <term tid="t_70" lemma="&amp;quot" type="open">
      <span>
        <target id="w_70"/>
      </span>
    </term>
    <term tid="t_71" lemma=";" type="open">
      <span>
        <target id="w_71"/>
      </span>
    </term>
    <term tid="t_72" lemma="zijn" type="open">
      <span>
        <target id="w_72"/>
      </span>
    </term>
    <term tid="t_73" lemma="leuk" type="open" pos="G">
      <span>
        <target id="w_73"/>
      </span>
      <sentiment polarity="positive" resource="VUA_olery_lexicon_nl_lmf"/>
    </term>
    <term tid="t_74" lemma="alleen" type="open">
      <span>
        <target id="w_74"/>
      </span>
    </term>
    <term tid="t_75" lemma="erg" type="open">
      <span>
        <target id="w_75"/>
      </span>
      <sentiment sentiment_modifier="intensifier" resource="VUA_olery_lexicon_nl_lmf"/>
    </term>
    <term tid="t_76" lemma="gehorig" type="open" pos="G">
      <span>
        <target id="w_76"/>
      </span>
      <sentiment polarity="negative" resource="VUA_olery_lexicon_nl_lmf"/>
    </term>
  </terms>
  <entities>
    <entity type="MISC" eid="e_1">
      <span>
        <target id="t_72"/>
      </span>
    </entity>
    <entity type="PER" eid="e_2">
      <span>
        <target id="t_44"/>
      </span>
    </entity>
    <entity type="PER" eid="e_3">
      <span>
        <target id="t_40"/>
      </span>
    </entity>
  </entities>
  <properties>
    <property type="swimming_pool" pid="p_1">
      <span>
        <target id="t_55"/>
      </span>
    </property>
    <property type="noise" pid="p_2">
      <span>
        <target id="t_76"/>
      </span>
    </property>
    <property type="restaurant" pid="p_3">
      <span>
        <target id="t_1"/>
      </span>
      <span>
        <target id="t_10"/>
      </span>
      <span>
        <target id="t_30"/>
      </span>
      <span>
        <target id="t_45"/>
      </span>
      <span>
        <target id="t_53"/>
      </span>
    </property>
  </properties>
  <opinions>
    <opinion oid="o_1">
      <opinion_target>
        <span>
          <target id="t_1"/>
        </span>
      </opinion_target>
      <opinion_expression polarity="negative" strength="-2">
        <span>
          <target id="t_3"/>
          <target id="t_2"/>
        </span>
      </opinion_expression>
    </opinion>
    <opinion oid="o_2">
      <opinion_holder>
        <span>
          <target id="t_44"/>
        </span>
      </opinion_holder>
      <opinion_target>
        <span>
          <target id="t_8"/>
        </span>
      </opinion_target>
      <opinion_expression polarity="positive" strength="1">
        <span>
          <target id="t_7"/>
        </span>
      </opinion_expression>
    </opinion>
    <opinion oid="o_3">
      <opinion_holder>
        <span>
          <target id="t_44"/>
        </span>
      </opinion_holder>
      <opinion_target>
        <span>
          <target id="t_10"/>
        </span>
      </opinion_target>
      <opinion_expression polarity="negative" strength="-2">
        <span>
          <target id="t_13"/>
          <target id="t_12"/>
        </span>
      </opinion_expression>
    </opinion>
    <opinion oid="o_4">
      <opinion_holder>
        <span>
          <target id="t_44"/>
        </span>
      </opinion_holder>
      <opinion_target>
        <span>
          <target id="t_50"/>
        </span>
      </opinion_target>
      <opinion_expression polarity="positive" strength="1">
        <span>
          <target id="t_47"/>
        </span>
      </opinion_expression>
    </opinion>
    <opinion oid="o_5">
      <opinion_target>
        <span>
          <target id="t_74"/>
        </span>
      </opinion_target>
      <opinion_expression polarity="positive" strength="1">
        <span>
          <target id="t_73"/>
        </span>
      </opinion_expression>
    </opinion>
  </opinions>
</KAF>
