<?xml version='1.0' encoding='UTF-8'?>
<KAF xml:lang="nl">
  <linguisticProcessors layer="text">
    <lp timestamp="2013-01-06T18:44:00CET" version="2.0" name="SentenceTokenizer"/>
  </linguisticProcessors>
  <linguisticProcessors layer="terms">
    <lp timestamp="2013-01-06T18:44:00CET" version="2.0" name="SentenceTokenizer"/>
    <lp timestamp="2013-01-06T18:44:00CET" version="1.0" name="SimplePolarityTagger"/>
  </linguisticProcessors>
  <linguisticProcessor layer="opinions">
    <lp timestamp="2013-01-06T18:44:00CET" version="1.0" name="SimpleOpinionDetector"/>
  </linguisticProcessor>
  <linguisticProcessor layer="properties">
    <lp timestamp="2013-01-06T18:44:00CET" version="1.0" name="SimplePropRecognizer_lookup"/>
  </linguisticProcessor>
  <linguisticProcessor layer="entities">
    <lp timestamp="2013-01-06T18:44:00CET" version="1.0" name="SimpleNER_lookup"/>
  </linguisticProcessor>
  <text>
    <wf wid="w_1" para="1" sent="1">Alles</wf>
    <wf wid="w_2" para="1" sent="1">is</wf>
    <wf wid="w_3" para="1" sent="1">oud</wf>
    <wf wid="w_4" para="1" sent="1">en</wf>
    <wf wid="w_5" para="1" sent="1">slecht</wf>
    <wf wid="w_6" para="1" sent="1">onderhouden</wf>
    <wf wid="w_7" para="1" sent="1">.</wf>
    <wf wid="w_8" para="1" sent="2">Afrader</wf>
    <wf wid="w_9" para="1" sent="2">.</wf>
    <wf wid="w_10" para="1" sent="3">Spinnewebben</wf>
    <wf wid="w_11" para="1" sent="3">,</wf>
    <wf wid="w_12" para="1" sent="3">geen</wf>
    <wf wid="w_13" para="1" sent="3">onderhoud</wf>
    <wf wid="w_14" para="1" sent="3">,</wf>
    <wf wid="w_15" para="1" sent="3">erg</wf>
    <wf wid="w_16" para="1" sent="3">gehorig</wf>
    <wf wid="w_17" para="1" sent="3">,</wf>
    <wf wid="w_18" para="1" sent="3">jaren</wf>
    <wf wid="w_19" para="1" sent="3">60</wf>
    <wf wid="w_20" para="1" sent="3">.</wf>
    <wf wid="w_21" para="1" sent="4">Geen</wf>
    <wf wid="w_22" para="1" sent="4">prijs</wf>
    <wf wid="w_23" para="1" sent="4">kwaliteit</wf>
    <wf wid="w_24" para="1" sent="4">verhouding</wf>
    <wf wid="w_25" para="1" sent="4">.</wf>
    <wf wid="w_26" para="1" sent="5">Asbestplaten</wf>
    <wf wid="w_27" para="1" sent="5">nog</wf>
    <wf wid="w_28" para="1" sent="5">aanwezig</wf>
  </text>
  <terms>
    <term tid="t_1" lemma="alles" type="open">
      <span>
        <target id="w_1"/>
      </span>
    </term>
    <term tid="t_2" lemma="is" type="open">
      <span>
        <target id="w_2"/>
      </span>
    </term>
    <term tid="t_3" lemma="oud" type="open">
      <span>
        <target id="w_3"/>
      </span>
    </term>
    <term tid="t_4" lemma="en" type="open">
      <span>
        <target id="w_4"/>
      </span>
    </term>
    <term tid="t_5" lemma="slecht" type="open" pos="G">
      <span>
        <target id="w_5"/>
      </span>
      <sentiment polarity="negative" resource="VUA_olery_lexicon_nl_lmf"/>
    </term>
    <term tid="t_6" lemma="onderhouden" type="open">
      <span>
        <target id="w_6"/>
      </span>
    </term>
    <term tid="t_7" lemma="." type="open">
      <span>
        <target id="w_7"/>
      </span>
    </term>
    <term tid="t_8" lemma="afrader" type="open" pos="N">
      <span>
        <target id="w_8"/>
      </span>
      <sentiment polarity="negative" resource="VUA_olery_lexicon_nl_lmf"/>
    </term>
    <term tid="t_9" lemma="." type="open">
      <span>
        <target id="w_9"/>
      </span>
    </term>
    <term tid="t_10" lemma="spinnewebben" type="open">
      <span>
        <target id="w_10"/>
      </span>
    </term>
    <term tid="t_11" lemma="," type="open">
      <span>
        <target id="w_11"/>
      </span>
    </term>
    <term tid="t_12" lemma="geen" type="open">
      <span>
        <target id="w_12"/>
      </span>
      <sentiment sentiment_modifier="shifter" resource="VUA_olery_lexicon_nl_lmf"/>
    </term>
    <term tid="t_13" lemma="onderhoud" type="open">
      <span>
        <target id="w_13"/>
      </span>
    </term>
    <term tid="t_14" lemma="," type="open">
      <span>
        <target id="w_14"/>
      </span>
    </term>
    <term tid="t_15" lemma="erg" type="open">
      <span>
        <target id="w_15"/>
      </span>
      <sentiment sentiment_modifier="intensifier" resource="VUA_olery_lexicon_nl_lmf"/>
    </term>
    <term tid="t_16" lemma="gehorig" type="open" pos="G">
      <span>
        <target id="w_16"/>
      </span>
      <sentiment polarity="negative" resource="VUA_olery_lexicon_nl_lmf"/>
    </term>
    <term tid="t_17" lemma="," type="open">
      <span>
        <target id="w_17"/>
      </span>
    </term>
    <term tid="t_18" lemma="jaren" type="open">
      <span>
        <target id="w_18"/>
      </span>
    </term>
    <term tid="t_19" lemma="60" type="open">
      <span>
        <target id="w_19"/>
      </span>
    </term>
    <term tid="t_20" lemma="." type="open">
      <span>
        <target id="w_20"/>
      </span>
    </term>
    <term tid="t_21" lemma="geen" type="open">
      <span>
        <target id="w_21"/>
      </span>
      <sentiment sentiment_modifier="shifter" resource="VUA_olery_lexicon_nl_lmf"/>
    </term>
    <term tid="t_22" lemma="prijs" type="open">
      <span>
        <target id="w_22"/>
      </span>
    </term>
    <term tid="t_23" lemma="kwaliteit" type="open">
      <span>
        <target id="w_23"/>
      </span>
    </term>
    <term tid="t_24" lemma="verhouding" type="open">
      <span>
        <target id="w_24"/>
      </span>
    </term>
    <term tid="t_25" lemma="." type="open">
      <span>
        <target id="w_25"/>
      </span>
    </term>
    <term tid="t_26" lemma="asbestplaten" type="open">
      <span>
        <target id="w_26"/>
      </span>
    </term>
    <term tid="t_27" lemma="nog" type="open">
      <span>
        <target id="w_27"/>
      </span>
    </term>
    <term tid="t_28" lemma="aanwezig" type="open">
      <span>
        <target id="w_28"/>
      </span>
    </term>
  </terms>
  <properties>
    <property type="value_for_money" pid="p_1">
      <span>
        <target id="t_22"/>
      </span>
    </property>
    <property type="noise" pid="p_2">
      <span>
        <target id="t_16"/>
      </span>
    </property>
  </properties>
  <opinions>
    <opinion oid="o_1">
      <opinion_target>
        <span>
          <target id="t_6"/>
        </span>
      </opinion_target>
      <opinion_expression polarity="negative" strength="-1">
        <span>
          <target id="t_5"/>
        </span>
      </opinion_expression>
    </opinion>
    <opinion oid="o_2">
      <opinion_target>
        <span>
          <target id="t_18"/>
        </span>
      </opinion_target>
      <opinion_expression polarity="negative" strength="-2">
        <span>
          <target id="t_16"/>
          <target id="t_15"/>
        </span>
      </opinion_expression>
    </opinion>
  </opinions>
</KAF>
