<?xml version='1.0' encoding='UTF-8'?>
<KAF xml:lang="nl">
  <linguisticProcessors layer="text">
    <lp timestamp="2013-01-06T18:33:49CET" version="2.0" name="SentenceTokenizer"/>
  </linguisticProcessors>
  <linguisticProcessors layer="terms">
    <lp timestamp="2013-01-06T18:33:49CET" version="2.0" name="SentenceTokenizer"/>
    <lp timestamp="2013-01-06T18:33:49CET" version="1.0" name="SimplePolarityTagger"/>
  </linguisticProcessors>
  <linguisticProcessor layer="opinions">
    <lp timestamp="2013-01-06T18:33:49CET" version="1.0" name="SimpleOpinionDetector"/>
  </linguisticProcessor>
  <linguisticProcessor layer="properties">
    <lp timestamp="2013-01-06T18:33:49CET" version="1.0" name="SimplePropRecognizer_lookup"/>
  </linguisticProcessor>
  <linguisticProcessor layer="entities">
    <lp timestamp="2013-01-06T18:33:49CET" version="1.0" name="SimpleNER_lookup"/>
  </linguisticProcessor>
  <text>
    <wf wid="w_1" para="1" sent="1">Om</wf>
    <wf wid="w_2" para="1" sent="1">niet</wf>
    <wf wid="w_3" para="1" sent="1">na</wf>
    <wf wid="w_4" para="1" sent="1">de</wf>
    <wf wid="w_5" para="1" sent="1">bruiloft</wf>
    <wf wid="w_6" para="1" sent="1">van</wf>
    <wf wid="w_7" para="1" sent="1">een</wf>
    <wf wid="w_8" para="1" sent="1">goede</wf>
    <wf wid="w_9" para="1" sent="1">vriend</wf>
    <wf wid="w_10" para="1" sent="1">naar</wf>
    <wf wid="w_11" para="1" sent="1">huis</wf>
    <wf wid="w_12" para="1" sent="1">te</wf>
    <wf wid="w_13" para="1" sent="1">hoeven</wf>
    <wf wid="w_14" para="1" sent="1">rijden</wf>
    <wf wid="w_15" para="1" sent="1">en</wf>
    <wf wid="w_16" para="1" sent="1">omdat</wf>
    <wf wid="w_17" para="1" sent="1">ik</wf>
    <wf wid="w_18" para="1" sent="1">de</wf>
    <wf wid="w_19" para="1" sent="1">dag</wf>
    <wf wid="w_20" para="1" sent="1">erna</wf>
    <wf wid="w_21" para="1" sent="1">nog</wf>
    <wf wid="w_22" para="1" sent="1">een</wf>
    <wf wid="w_23" para="1" sent="1">zakelijke</wf>
    <wf wid="w_24" para="1" sent="1">afspraak</wf>
    <wf wid="w_25" para="1" sent="1">had</wf>
    <wf wid="w_26" para="1" sent="1">in</wf>
    <wf wid="w_27" para="1" sent="1">Amsterdam</wf>
    <wf wid="w_28" para="1" sent="1">het</wf>
    <wf wid="w_29" para="1" sent="1">Swissotel</wf>
    <wf wid="w_30" para="1" sent="1">aan</wf>
    <wf wid="w_31" para="1" sent="1">het</wf>
    <wf wid="w_32" para="1" sent="1">Damrak</wf>
    <wf wid="w_33" para="1" sent="1">geboekt</wf>
    <wf wid="w_34" para="1" sent="1">.</wf>
    <wf wid="w_35" para="1" sent="2">Vandaag</wf>
    <wf wid="w_36" para="1" sent="2">check</wf>
    <wf wid="w_37" para="1" sent="2">uit</wf>
    <wf wid="w_38" para="1" sent="2">en</wf>
    <wf wid="w_39" para="1" sent="2">deze</wf>
    <wf wid="w_40" para="1" sent="2">recensie</wf>
    <wf wid="w_41" para="1" sent="2">schrijf</wf>
    <wf wid="w_42" para="1" sent="2">ik</wf>
    <wf wid="w_43" para="1" sent="2">vanachter</wf>
    <wf wid="w_44" para="1" sent="2">een</wf>
    <wf wid="w_45" para="1" sent="2">terminal</wf>
    <wf wid="w_46" para="1" sent="2">in</wf>
    <wf wid="w_47" para="1" sent="2">het</wf>
    <wf wid="w_48" para="1" sent="2">business</wf>
    <wf wid="w_49" para="1" sent="2">centre</wf>
    <wf wid="w_50" para="1" sent="2">van</wf>
    <wf wid="w_51" para="1" sent="2">het</wf>
    <wf wid="w_52" para="1" sent="2">hotel</wf>
    <wf wid="w_53" para="1" sent="2">.</wf>
    <wf wid="w_54" para="1" sent="3">Wifi</wf>
    <wf wid="w_55" para="1" sent="3">op</wf>
    <wf wid="w_56" para="1" sent="3">de</wf>
    <wf wid="w_57" para="1" sent="3">kamers</wf>
    <wf wid="w_58" para="1" sent="3">,</wf>
    <wf wid="w_59" para="1" sent="3">maar</wf>
    <wf wid="w_60" para="1" sent="3">helaas</wf>
    <wf wid="w_61" para="1" sent="3">niet</wf>
    <wf wid="w_62" para="1" sent="3">gratis</wf>
    <wf wid="w_63" para="1" sent="3">.</wf>
    <wf wid="w_64" para="1" sent="4">Dat</wf>
    <wf wid="w_65" para="1" sent="4">is</wf>
    <wf wid="w_66" para="1" sent="4">op</wf>
    <wf wid="w_67" para="1" sent="4">een</wf>
    <wf wid="w_68" para="1" sent="4">of</wf>
    <wf wid="w_69" para="1" sent="4">andere</wf>
    <wf wid="w_70" para="1" sent="4">manier</wf>
    <wf wid="w_71" para="1" sent="4">nog</wf>
    <wf wid="w_72" para="1" sent="4">niet</wf>
    <wf wid="w_73" para="1" sent="4">doorgedrongen</wf>
    <wf wid="w_74" para="1" sent="4">tot</wf>
    <wf wid="w_75" para="1" sent="4">de</wf>
    <wf wid="w_76" para="1" sent="4">Nederlandse</wf>
    <wf wid="w_77" para="1" sent="4">hotels</wf>
    <wf wid="w_78" para="1" sent="4">.</wf>
    <wf wid="w_79" para="1" sent="5">Dit</wf>
    <wf wid="w_80" para="1" sent="5">werkt</wf>
    <wf wid="w_81" para="1" sent="5">op</wf>
    <wf wid="w_82" para="1" sent="5">zich</wf>
    <wf wid="w_83" para="1" sent="5">ook</wf>
    <wf wid="w_84" para="1" sent="5">prima</wf>
    <wf wid="w_85" para="1" sent="5">.</wf>
    <wf wid="w_86" para="1" sent="6">Ik</wf>
    <wf wid="w_87" para="1" sent="6">ken</wf>
    <wf wid="w_88" para="1" sent="6">de</wf>
    <wf wid="w_89" para="1" sent="6">Swissotel</wf>
    <wf wid="w_90" para="1" sent="6">keten</wf>
    <wf wid="w_91" para="1" sent="6">van</wf>
    <wf wid="w_92" para="1" sent="6">businesstrips</wf>
    <wf wid="w_93" para="1" sent="6">naar</wf>
    <wf wid="w_94" para="1" sent="6">o</wf>
    <wf wid="w_95" para="1" sent="6">.</wf>
    <wf wid="w_96" para="1" sent="7">a</wf>
    <wf wid="w_97" para="1" sent="7">.</wf>
    <wf wid="w_98" para="1" sent="8">Singapore</wf>
    <wf wid="w_99" para="1" sent="8">en</wf>
    <wf wid="w_100" para="1" sent="8">Bangkok</wf>
    <wf wid="w_101" para="1" sent="8">.</wf>
    <wf wid="w_102" para="1" sent="9">Dit</wf>
    <wf wid="w_103" para="1" sent="9">hotel</wf>
    <wf wid="w_104" para="1" sent="9">is</wf>
    <wf wid="w_105" para="1" sent="9">qua</wf>
    <wf wid="w_106" para="1" sent="9">afmetingen</wf>
    <wf wid="w_107" para="1" sent="9">niet</wf>
    <wf wid="w_108" para="1" sent="9">te</wf>
    <wf wid="w_109" para="1" sent="9">vergelijken</wf>
    <wf wid="w_110" para="1" sent="9">met</wf>
    <wf wid="w_111" para="1" sent="9">zijn</wf>
    <wf wid="w_112" para="1" sent="9">grote</wf>
    <wf wid="w_113" para="1" sent="9">zussen</wf>
    <wf wid="w_114" para="1" sent="9">in</wf>
    <wf wid="w_115" para="1" sent="9">het</wf>
    <wf wid="w_116" para="1" sent="9">Verre</wf>
    <wf wid="w_117" para="1" sent="9">Oosten</wf>
    <wf wid="w_118" para="1" sent="9">.</wf>
    <wf wid="w_119" para="1" sent="10">Je</wf>
    <wf wid="w_120" para="1" sent="10">loopt</wf>
    <wf wid="w_121" para="1" sent="10">er</wf>
    <wf wid="w_122" para="1" sent="10">zo</wf>
    <wf wid="w_123" para="1" sent="10">voorbij</wf>
    <wf wid="w_124" para="1" sent="10">als</wf>
    <wf wid="w_125" para="1" sent="10">je</wf>
    <wf wid="w_126" para="1" sent="10">niet</wf>
    <wf wid="w_127" para="1" sent="10">zou</wf>
    <wf wid="w_128" para="1" sent="10">weten</wf>
    <wf wid="w_129" para="1" sent="10">dat</wf>
    <wf wid="w_130" para="1" sent="10">er</wf>
    <wf wid="w_131" para="1" sent="10">een</wf>
    <wf wid="w_132" para="1" sent="10">hotel</wf>
    <wf wid="w_133" para="1" sent="10">zat</wf>
    <wf wid="w_134" para="1" sent="10">.</wf>
    <wf wid="w_135" para="1" sent="11">De</wf>
    <wf wid="w_136" para="1" sent="11">service</wf>
    <wf wid="w_137" para="1" sent="11">is</wf>
    <wf wid="w_138" para="1" sent="11">van</wf>
    <wf wid="w_139" para="1" sent="11">hetzelfde</wf>
    <wf wid="w_140" para="1" sent="11">hoge</wf>
    <wf wid="w_141" para="1" sent="11">niveau</wf>
    <wf wid="w_142" para="1" sent="11">dat</wf>
    <wf wid="w_143" para="1" sent="11">je</wf>
    <wf wid="w_144" para="1" sent="11">in</wf>
    <wf wid="w_145" para="1" sent="11">praktisch</wf>
    <wf wid="w_146" para="1" sent="11">alle</wf>
    <wf wid="w_147" para="1" sent="11">Swissotel</wf>
    <wf wid="w_148" para="1" sent="11">tegenkomt</wf>
    <wf wid="w_149" para="1" sent="11">.</wf>
    <wf wid="w_150" para="1" sent="12">Adequate</wf>
    <wf wid="w_151" para="1" sent="12">en</wf>
    <wf wid="w_152" para="1" sent="12">vriendelijke</wf>
    <wf wid="w_153" para="1" sent="12">check</wf>
    <wf wid="w_154" para="1" sent="12">-</wf>
    <wf wid="w_155" para="1" sent="12">in</wf>
    <wf wid="w_156" para="1" sent="12">.</wf>
    <wf wid="w_157" para="1" sent="13">Ik</wf>
    <wf wid="w_158" para="1" sent="13">kreeg</wf>
    <wf wid="w_159" para="1" sent="13">zelfs</wf>
    <wf wid="w_160" para="1" sent="13">een</wf>
    <wf wid="w_161" para="1" sent="13">gestoomd</wf>
    <wf wid="w_162" para="1" sent="13">verfrissingsdoekje</wf>
    <wf wid="w_163" para="1" sent="13">bij</wf>
    <wf wid="w_164" para="1" sent="13">aankomst</wf>
    <wf wid="w_165" para="1" sent="13">.</wf>
    <wf wid="w_166" para="1" sent="14">Zoiets</wf>
    <wf wid="w_167" para="1" sent="14">verwacht</wf>
    <wf wid="w_168" para="1" sent="14">je</wf>
    <wf wid="w_169" para="1" sent="14">in</wf>
    <wf wid="w_170" para="1" sent="14">Bangkok</wf>
    <wf wid="w_171" para="1" sent="14">niet</wf>
    <wf wid="w_172" para="1" sent="14">in</wf>
    <wf wid="w_173" para="1" sent="14">Amsterdam</wf>
    <wf wid="w_174" para="1" sent="14">.</wf>
    <wf wid="w_175" para="1" sent="15">De</wf>
    <wf wid="w_176" para="1" sent="15">kamer</wf>
    <wf wid="w_177" para="1" sent="15">is</wf>
    <wf wid="w_178" para="1" sent="15">wel</wf>
    <wf wid="w_179" para="1" sent="15">een</wf>
    <wf wid="w_180" para="1" sent="15">stuk</wf>
    <wf wid="w_181" para="1" sent="15">kleiner</wf>
    <wf wid="w_182" para="1" sent="15">dan</wf>
    <wf wid="w_183" para="1" sent="15">ik</wf>
    <wf wid="w_184" para="1" sent="15">gewend</wf>
    <wf wid="w_185" para="1" sent="15">ben</wf>
    <wf wid="w_186" para="1" sent="15">van</wf>
    <wf wid="w_187" para="1" sent="15">Swissotels</wf>
    <wf wid="w_188" para="1" sent="15">in</wf>
    <wf wid="w_189" para="1" sent="15">het</wf>
    <wf wid="w_190" para="1" sent="15">buitenland</wf>
    <wf wid="w_191" para="1" sent="15">,</wf>
    <wf wid="w_192" para="1" sent="15">maar</wf>
    <wf wid="w_193" para="1" sent="15">dat</wf>
    <wf wid="w_194" para="1" sent="15">heeft</wf>
    <wf wid="w_195" para="1" sent="15">meer</wf>
    <wf wid="w_196" para="1" sent="15">met</wf>
    <wf wid="w_197" para="1" sent="15">Amsterdam</wf>
    <wf wid="w_198" para="1" sent="15">te</wf>
    <wf wid="w_199" para="1" sent="15">maken</wf>
    <wf wid="w_200" para="1" sent="15">dan</wf>
    <wf wid="w_201" para="1" sent="15">met</wf>
    <wf wid="w_202" para="1" sent="15">de</wf>
    <wf wid="w_203" para="1" sent="15">keten</wf>
    <wf wid="w_204" para="1" sent="15">,</wf>
    <wf wid="w_205" para="1" sent="15">denk</wf>
    <wf wid="w_206" para="1" sent="15">ik</wf>
    <wf wid="w_207" para="1" sent="15">.</wf>
    <wf wid="w_208" para="1" sent="16">Geen</wf>
    <wf wid="w_209" para="1" sent="16">spectaculair</wf>
    <wf wid="w_210" para="1" sent="16">uitzicht</wf>
    <wf wid="w_211" para="1" sent="16">.</wf>
    <wf wid="w_212" para="1" sent="17">ik</wf>
    <wf wid="w_213" para="1" sent="17">kijk</wf>
    <wf wid="w_214" para="1" sent="17">uit</wf>
    <wf wid="w_215" para="1" sent="17">op</wf>
    <wf wid="w_216" para="1" sent="17">een</wf>
    <wf wid="w_217" para="1" sent="17">soort</wf>
    <wf wid="w_218" para="1" sent="17">binnenplaats</wf>
    <wf wid="w_219" para="1" sent="17">met</wf>
    <wf wid="w_220" para="1" sent="17">wat</wf>
    <wf wid="w_221" para="1" sent="17">beplanting</wf>
    <wf wid="w_222" para="1" sent="17">.</wf>
    <wf wid="w_223" para="1" sent="18">Ik</wf>
    <wf wid="w_224" para="1" sent="18">had</wf>
    <wf wid="w_225" para="1" sent="18">gevraagd</wf>
    <wf wid="w_226" para="1" sent="18">om</wf>
    <wf wid="w_227" para="1" sent="18">een</wf>
    <wf wid="w_228" para="1" sent="18">stille</wf>
    <wf wid="w_229" para="1" sent="18">kamer</wf>
    <wf wid="w_230" para="1" sent="18">en</wf>
    <wf wid="w_231" para="1" sent="18">het</wf>
    <wf wid="w_232" para="1" sent="18">is</wf>
    <wf wid="w_233" para="1" sent="18">hier</wf>
    <wf wid="w_234" para="1" sent="18">ook</wf>
    <wf wid="w_235" para="1" sent="18">echt</wf>
    <wf wid="w_236" para="1" sent="18">heel</wf>
    <wf wid="w_237" para="1" sent="18">stil</wf>
    <wf wid="w_238" para="1" sent="18">.</wf>
    <wf wid="w_239" para="1" sent="19">Je</wf>
    <wf wid="w_240" para="1" sent="19">kan</wf>
    <wf wid="w_241" para="1" sent="19">ook</wf>
    <wf wid="w_242" para="1" sent="19">een</wf>
    <wf wid="w_243" para="1" sent="19">kamer</wf>
    <wf wid="w_244" para="1" sent="19">aan</wf>
    <wf wid="w_245" para="1" sent="19">de</wf>
    <wf wid="w_246" para="1" sent="19">voorkant</wf>
    <wf wid="w_247" para="1" sent="19">krijgen</wf>
    <wf wid="w_248" para="1" sent="19">met</wf>
    <wf wid="w_249" para="1" sent="19">uitzicht</wf>
    <wf wid="w_250" para="1" sent="19">op</wf>
    <wf wid="w_251" para="1" sent="19">de</wf>
    <wf wid="w_252" para="1" sent="19">Dam</wf>
    <wf wid="w_253" para="1" sent="19">,</wf>
    <wf wid="w_254" para="1" sent="19">maar</wf>
    <wf wid="w_255" para="1" sent="19">dan</wf>
    <wf wid="w_256" para="1" sent="19">word</wf>
    <wf wid="w_257" para="1" sent="19">je</wf>
    <wf wid="w_258" para="1" sent="19">waarschijnlijk</wf>
    <wf wid="w_259" para="1" sent="19">wel</wf>
    <wf wid="w_260" para="1" sent="19">door</wf>
    <wf wid="w_261" para="1" sent="19">het</wf>
    <wf wid="w_262" para="1" sent="19">getingel</wf>
    <wf wid="w_263" para="1" sent="19">van</wf>
    <wf wid="w_264" para="1" sent="19">de</wf>
    <wf wid="w_265" para="1" sent="19">eerste</wf>
    <wf wid="w_266" para="1" sent="19">tram</wf>
    <wf wid="w_267" para="1" sent="19">gewekt</wf>
    <wf wid="w_268" para="1" sent="19">.</wf>
    <wf wid="w_269" para="1" sent="20">Geweldig</wf>
    <wf wid="w_270" para="1" sent="20">bed</wf>
    <wf wid="w_271" para="1" sent="20">ook</wf>
    <wf wid="w_272" para="1" sent="20">.</wf>
    <wf wid="w_273" para="1" sent="21">Altijd</wf>
    <wf wid="w_274" para="1" sent="21">prettig</wf>
    <wf wid="w_275" para="1" sent="21">het</wf>
    <wf wid="w_276" para="1" sent="21">gevoel</wf>
    <wf wid="w_277" para="1" sent="21">te</wf>
    <wf wid="w_278" para="1" sent="21">hebben</wf>
    <wf wid="w_279" para="1" sent="21">in</wf>
    <wf wid="w_280" para="1" sent="21">een</wf>
    <wf wid="w_281" para="1" sent="21">beter</wf>
    <wf wid="w_282" para="1" sent="21">bed</wf>
    <wf wid="w_283" para="1" sent="21">te</wf>
    <wf wid="w_284" para="1" sent="21">liggen</wf>
    <wf wid="w_285" para="1" sent="21">dan</wf>
    <wf wid="w_286" para="1" sent="21">thuis</wf>
    <wf wid="w_287" para="1" sent="21">.</wf>
    <wf wid="w_288" para="1" sent="22">Als</wf>
    <wf wid="w_289" para="1" sent="22">je</wf>
    <wf wid="w_290" para="1" sent="22">de</wf>
    <wf wid="w_291" para="1" sent="22">Swissotels</wf>
    <wf wid="w_292" para="1" sent="22">in</wf>
    <wf wid="w_293" para="1" sent="22">Azie</wf>
    <wf wid="w_294" para="1" sent="22">gewend</wf>
    <wf wid="w_295" para="1" sent="22">bent</wf>
    <wf wid="w_296" para="1" sent="22">zal</wf>
    <wf wid="w_297" para="1" sent="22">het</wf>
    <wf wid="w_298" para="1" sent="22">even</wf>
    <wf wid="w_299" para="1" sent="22">slikken</wf>
    <wf wid="w_300" para="1" sent="22">zijn</wf>
    <wf wid="w_301" para="1" sent="22">bij</wf>
    <wf wid="w_302" para="1" sent="22">aankomst</wf>
    <wf wid="w_303" para="1" sent="22">in</wf>
    <wf wid="w_304" para="1" sent="22">Amsterdam</wf>
    <wf wid="w_305" para="1" sent="22">,</wf>
    <wf wid="w_306" para="1" sent="22">omdat</wf>
    <wf wid="w_307" para="1" sent="22">het</wf>
    <wf wid="w_308" para="1" sent="22">hotel</wf>
    <wf wid="w_309" para="1" sent="22">een</wf>
    <wf wid="w_310" para="1" sent="22">stuk</wf>
    <wf wid="w_311" para="1" sent="22">kleiner</wf>
    <wf wid="w_312" para="1" sent="22">is</wf>
    <wf wid="w_313" para="1" sent="22">en</wf>
    <wf wid="w_314" para="1" sent="22">wat</wf>
    <wf wid="w_315" para="1" sent="22">minder</wf>
    <wf wid="w_316" para="1" sent="22">luxe</wf>
    <wf wid="w_317" para="1" sent="22">uitraalt</wf>
    <wf wid="w_318" para="1" sent="22">.</wf>
    <wf wid="w_319" para="1" sent="23">Maar</wf>
    <wf wid="w_320" para="1" sent="23">bij</wf>
    <wf wid="w_321" para="1" sent="23">het</wf>
    <wf wid="w_322" para="1" sent="23">inchecken</wf>
    <wf wid="w_323" para="1" sent="23">krijg</wf>
    <wf wid="w_324" para="1" sent="23">je</wf>
    <wf wid="w_325" para="1" sent="23">al</wf>
    <wf wid="w_326" para="1" sent="23">gauw</wf>
    <wf wid="w_327" para="1" sent="23">door</wf>
    <wf wid="w_328" para="1" sent="23">dat</wf>
    <wf wid="w_329" para="1" sent="23">je</wf>
    <wf wid="w_330" para="1" sent="23">in</wf>
    <wf wid="w_331" para="1" sent="23">goede</wf>
    <wf wid="w_332" para="1" sent="23">handen</wf>
    <wf wid="w_333" para="1" sent="23">bent</wf>
    <wf wid="w_334" para="1" sent="23">.</wf>
    <wf wid="w_335" para="1" sent="24">Kamer</wf>
    <wf wid="w_336" para="1" sent="24">is</wf>
    <wf wid="w_337" para="1" sent="24">prima</wf>
    <wf wid="w_338" para="1" sent="24">,</wf>
    <wf wid="w_339" para="1" sent="24">bed</wf>
    <wf wid="w_340" para="1" sent="24">uitstekend</wf>
    <wf wid="w_341" para="1" sent="24">,</wf>
    <wf wid="w_342" para="1" sent="24">service</wf>
    <wf wid="w_343" para="1" sent="24">prima</wf>
    <wf wid="w_344" para="1" sent="24">,</wf>
    <wf wid="w_345" para="1" sent="24">prijs</wf>
    <wf wid="w_346" para="1" sent="24">iets</wf>
    <wf wid="w_347" para="1" sent="24">aan</wf>
    <wf wid="w_348" para="1" sent="24">de</wf>
    <wf wid="w_349" para="1" sent="24">hoge</wf>
    <wf wid="w_350" para="1" sent="24">kant</wf>
    <wf wid="w_351" para="1" sent="24">maar</wf>
    <wf wid="w_352" para="1" sent="24">prijskwaliteitverhouding</wf>
    <wf wid="w_353" para="1" sent="24">nog</wf>
    <wf wid="w_354" para="1" sent="24">steeds</wf>
    <wf wid="w_355" para="1" sent="24">okay</wf>
    <wf wid="w_356" para="1" sent="24">.</wf>
    <wf wid="w_357" para="1" sent="25">Ik</wf>
    <wf wid="w_358" para="1" sent="25">zou</wf>
    <wf wid="w_359" para="1" sent="25">bijna</wf>
    <wf wid="w_360" para="1" sent="25">vergeten</wf>
    <wf wid="w_361" para="1" sent="25">dat</wf>
    <wf wid="w_362" para="1" sent="25">er</wf>
    <wf wid="w_363" para="1" sent="25">ook</wf>
    <wf wid="w_364" para="1" sent="25">nog</wf>
    <wf wid="w_365" para="1" sent="25">een</wf>
    <wf wid="w_366" para="1" sent="25">redelijk</wf>
    <wf wid="w_367" para="1" sent="25">grote</wf>
    <wf wid="w_368" para="1" sent="25">gym</wf>
    <wf wid="w_369" para="1" sent="25">is</wf>
    <wf wid="w_370" para="1" sent="25">die</wf>
    <wf wid="w_371" para="1" sent="25">gratis</wf>
    <wf wid="w_372" para="1" sent="25">toegankelijk</wf>
    <wf wid="w_373" para="1" sent="25">is</wf>
    <wf wid="w_374" para="1" sent="25">voor</wf>
    <wf wid="w_375" para="1" sent="25">gasten</wf>
    <wf wid="w_376" para="1" sent="25">.</wf>
    <wf wid="w_377" para="1" sent="26">Geen</wf>
    <wf wid="w_378" para="1" sent="26">parkeergarage</wf>
    <wf wid="w_379" para="1" sent="26">aanwezig</wf>
    <wf wid="w_380" para="1" sent="26">.</wf>
    <wf wid="w_381" para="1" sent="27">Je</wf>
    <wf wid="w_382" para="1" sent="27">kan</wf>
    <wf wid="w_383" para="1" sent="27">je</wf>
    <wf wid="w_384" para="1" sent="27">auto</wf>
    <wf wid="w_385" para="1" sent="27">in</wf>
    <wf wid="w_386" para="1" sent="27">de</wf>
    <wf wid="w_387" para="1" sent="27">parkeergarage</wf>
    <wf wid="w_388" para="1" sent="27">van</wf>
    <wf wid="w_389" para="1" sent="27">de</wf>
    <wf wid="w_390" para="1" sent="27">Bijenkorf</wf>
    <wf wid="w_391" para="1" sent="27">parkeren</wf>
    <wf wid="w_392" para="1" sent="27">en</wf>
    <wf wid="w_393" para="1" sent="27">daar</wf>
    <wf wid="w_394" para="1" sent="27">betaal</wf>
    <wf wid="w_395" para="1" sent="27">je</wf>
    <wf wid="w_396" para="1" sent="27">fors</wf>
    <wf wid="w_397" para="1" sent="27">voor</wf>
    <wf wid="w_398" para="1" sent="27">.</wf>
    <wf wid="w_399" para="1" sent="28">Het</wf>
    <wf wid="w_400" para="1" sent="28">Centraal</wf>
    <wf wid="w_401" para="1" sent="28">Station</wf>
    <wf wid="w_402" para="1" sent="28">is</wf>
    <wf wid="w_403" para="1" sent="28">vlakbij</wf>
    <wf wid="w_404" para="1" sent="28">dus</wf>
    <wf wid="w_405" para="1" sent="28">je</wf>
    <wf wid="w_406" para="1" sent="28">kan</wf>
    <wf wid="w_407" para="1" sent="28">beter</wf>
    <wf wid="w_408" para="1" sent="28">met</wf>
    <wf wid="w_409" para="1" sent="28">de</wf>
    <wf wid="w_410" para="1" sent="28">trein</wf>
    <wf wid="w_411" para="1" sent="28">komen</wf>
    <wf wid="w_412" para="1" sent="28">.</wf>
    <wf wid="w_413" para="1" sent="29">Al</wf>
    <wf wid="w_414" para="1" sent="29">met</wf>
    <wf wid="w_415" para="1" sent="29">al</wf>
    <wf wid="w_416" para="1" sent="29">een</wf>
    <wf wid="w_417" para="1" sent="29">aanrader</wf>
    <wf wid="w_418" para="1" sent="29">.</wf>
  </text>
  <terms>
    <term tid="t_1" lemma="om" type="open">
      <span>
        <target id="w_1"/>
      </span>
    </term>
    <term tid="t_2" lemma="niet" type="open">
      <span>
        <target id="w_2"/>
      </span>
      <sentiment sentiment_modifier="shifter" resource="VUA_olery_lexicon_nl_lmf"/>
    </term>
    <term tid="t_3" lemma="na" type="open">
      <span>
        <target id="w_3"/>
      </span>
    </term>
    <term tid="t_4" lemma="de" type="open">
      <span>
        <target id="w_4"/>
      </span>
    </term>
    <term tid="t_5" lemma="bruiloft" type="open">
      <span>
        <target id="w_5"/>
      </span>
    </term>
    <term tid="t_6" lemma="van" type="open">
      <span>
        <target id="w_6"/>
      </span>
    </term>
    <term tid="t_7" lemma="een" type="open">
      <span>
        <target id="w_7"/>
      </span>
    </term>
    <term tid="t_8" lemma="goede" type="open" pos="G">
      <span>
        <target id="w_8"/>
      </span>
      <sentiment polarity="positive" resource="VUA_olery_lexicon_nl_lmf"/>
    </term>
    <term tid="t_9" lemma="vriend" type="open">
      <span>
        <target id="w_9"/>
      </span>
    </term>
    <term tid="t_10" lemma="naar" type="open" pos="G">
      <span>
        <target id="w_10"/>
      </span>
      <sentiment polarity="negative" resource="VUA_olery_lexicon_nl_lmf"/>
    </term>
    <term tid="t_11" lemma="huis" type="open">
      <span>
        <target id="w_11"/>
      </span>
    </term>
    <term tid="t_12" lemma="te" type="open">
      <span>
        <target id="w_12"/>
      </span>
    </term>
    <term tid="t_13" lemma="hoeven" type="open">
      <span>
        <target id="w_13"/>
      </span>
    </term>
    <term tid="t_14" lemma="rijden" type="open">
      <span>
        <target id="w_14"/>
      </span>
    </term>
    <term tid="t_15" lemma="en" type="open">
      <span>
        <target id="w_15"/>
      </span>
    </term>
    <term tid="t_16" lemma="omdat" type="open">
      <span>
        <target id="w_16"/>
      </span>
    </term>
    <term tid="t_17" lemma="ik" type="open">
      <span>
        <target id="w_17"/>
      </span>
    </term>
    <term tid="t_18" lemma="de" type="open">
      <span>
        <target id="w_18"/>
      </span>
    </term>
    <term tid="t_19" lemma="dag" type="open">
      <span>
        <target id="w_19"/>
      </span>
    </term>
    <term tid="t_20" lemma="erna" type="open">
      <span>
        <target id="w_20"/>
      </span>
    </term>
    <term tid="t_21" lemma="nog" type="open">
      <span>
        <target id="w_21"/>
      </span>
    </term>
    <term tid="t_22" lemma="een" type="open">
      <span>
        <target id="w_22"/>
      </span>
    </term>
    <term tid="t_23" lemma="zakelijke" type="open">
      <span>
        <target id="w_23"/>
      </span>
    </term>
    <term tid="t_24" lemma="afspraak" type="open">
      <span>
        <target id="w_24"/>
      </span>
    </term>
    <term tid="t_25" lemma="had" type="open">
      <span>
        <target id="w_25"/>
      </span>
    </term>
    <term tid="t_26" lemma="in" type="open">
      <span>
        <target id="w_26"/>
      </span>
    </term>
    <term tid="t_27" lemma="amsterdam" type="open">
      <span>
        <target id="w_27"/>
      </span>
    </term>
    <term tid="t_28" lemma="het" type="open">
      <span>
        <target id="w_28"/>
      </span>
    </term>
    <term tid="t_29" lemma="swissotel" type="open">
      <span>
        <target id="w_29"/>
      </span>
    </term>
    <term tid="t_30" lemma="aan" type="open">
      <span>
        <target id="w_30"/>
      </span>
    </term>
    <term tid="t_31" lemma="het" type="open">
      <span>
        <target id="w_31"/>
      </span>
    </term>
    <term tid="t_32" lemma="damrak" type="open">
      <span>
        <target id="w_32"/>
      </span>
    </term>
    <term tid="t_33" lemma="geboekt" type="open">
      <span>
        <target id="w_33"/>
      </span>
    </term>
    <term tid="t_34" lemma="." type="open">
      <span>
        <target id="w_34"/>
      </span>
    </term>
    <term tid="t_35" lemma="vandaag" type="open">
      <span>
        <target id="w_35"/>
      </span>
    </term>
    <term tid="t_36" lemma="check" type="open">
      <span>
        <target id="w_36"/>
      </span>
    </term>
    <term tid="t_37" lemma="uit" type="open">
      <span>
        <target id="w_37"/>
      </span>
    </term>
    <term tid="t_38" lemma="en" type="open">
      <span>
        <target id="w_38"/>
      </span>
    </term>
    <term tid="t_39" lemma="deze" type="open">
      <span>
        <target id="w_39"/>
      </span>
    </term>
    <term tid="t_40" lemma="recensie" type="open">
      <span>
        <target id="w_40"/>
      </span>
    </term>
    <term tid="t_41" lemma="schrijf" type="open">
      <span>
        <target id="w_41"/>
      </span>
    </term>
    <term tid="t_42" lemma="ik" type="open">
      <span>
        <target id="w_42"/>
      </span>
    </term>
    <term tid="t_43" lemma="vanachter" type="open">
      <span>
        <target id="w_43"/>
      </span>
    </term>
    <term tid="t_44" lemma="een" type="open">
      <span>
        <target id="w_44"/>
      </span>
    </term>
    <term tid="t_45" lemma="terminal" type="open">
      <span>
        <target id="w_45"/>
      </span>
    </term>
    <term tid="t_46" lemma="in" type="open">
      <span>
        <target id="w_46"/>
      </span>
    </term>
    <term tid="t_47" lemma="het" type="open">
      <span>
        <target id="w_47"/>
      </span>
    </term>
    <term tid="t_48" lemma="business" type="open">
      <span>
        <target id="w_48"/>
      </span>
    </term>
    <term tid="t_49" lemma="centre" type="open">
      <span>
        <target id="w_49"/>
      </span>
    </term>
    <term tid="t_50" lemma="van" type="open">
      <span>
        <target id="w_50"/>
      </span>
    </term>
    <term tid="t_51" lemma="het" type="open">
      <span>
        <target id="w_51"/>
      </span>
    </term>
    <term tid="t_52" lemma="hotel" type="open">
      <span>
        <target id="w_52"/>
      </span>
    </term>
    <term tid="t_53" lemma="." type="open">
      <span>
        <target id="w_53"/>
      </span>
    </term>
    <term tid="t_54" lemma="wifi" type="open">
      <span>
        <target id="w_54"/>
      </span>
    </term>
    <term tid="t_55" lemma="op" type="open">
      <span>
        <target id="w_55"/>
      </span>
    </term>
    <term tid="t_56" lemma="de" type="open">
      <span>
        <target id="w_56"/>
      </span>
    </term>
    <term tid="t_57" lemma="kamers" type="open">
      <span>
        <target id="w_57"/>
      </span>
    </term>
    <term tid="t_58" lemma="," type="open">
      <span>
        <target id="w_58"/>
      </span>
    </term>
    <term tid="t_59" lemma="maar" type="open">
      <span>
        <target id="w_59"/>
      </span>
    </term>
    <term tid="t_60" lemma="helaas" type="open" pos="A">
      <span>
        <target id="w_60"/>
      </span>
      <sentiment polarity="negative" resource="VUA_olery_lexicon_nl_lmf"/>
    </term>
    <term tid="t_61" lemma="niet" type="open">
      <span>
        <target id="w_61"/>
      </span>
      <sentiment sentiment_modifier="shifter" resource="VUA_olery_lexicon_nl_lmf"/>
    </term>
    <term tid="t_62" lemma="gratis" type="open" pos="G">
      <span>
        <target id="w_62"/>
      </span>
      <sentiment polarity="positive" resource="VUA_olery_lexicon_nl_lmf"/>
    </term>
    <term tid="t_63" lemma="." type="open">
      <span>
        <target id="w_63"/>
      </span>
    </term>
    <term tid="t_64" lemma="dat" type="open">
      <span>
        <target id="w_64"/>
      </span>
    </term>
    <term tid="t_65" lemma="is" type="open">
      <span>
        <target id="w_65"/>
      </span>
    </term>
    <term tid="t_66" lemma="op" type="open">
      <span>
        <target id="w_66"/>
      </span>
    </term>
    <term tid="t_67" lemma="een" type="open">
      <span>
        <target id="w_67"/>
      </span>
    </term>
    <term tid="t_68" lemma="of" type="open">
      <span>
        <target id="w_68"/>
      </span>
    </term>
    <term tid="t_69" lemma="andere" type="open">
      <span>
        <target id="w_69"/>
      </span>
    </term>
    <term tid="t_70" lemma="manier" type="open">
      <span>
        <target id="w_70"/>
      </span>
    </term>
    <term tid="t_71" lemma="nog" type="open">
      <span>
        <target id="w_71"/>
      </span>
    </term>
    <term tid="t_72" lemma="niet" type="open">
      <span>
        <target id="w_72"/>
      </span>
      <sentiment sentiment_modifier="shifter" resource="VUA_olery_lexicon_nl_lmf"/>
    </term>
    <term tid="t_73" lemma="doorgedrongen" type="open">
      <span>
        <target id="w_73"/>
      </span>
    </term>
    <term tid="t_74" lemma="tot" type="open">
      <span>
        <target id="w_74"/>
      </span>
    </term>
    <term tid="t_75" lemma="de" type="open">
      <span>
        <target id="w_75"/>
      </span>
    </term>
    <term tid="t_76" lemma="nederlandse" type="open">
      <span>
        <target id="w_76"/>
      </span>
    </term>
    <term tid="t_77" lemma="hotels" type="open">
      <span>
        <target id="w_77"/>
      </span>
    </term>
    <term tid="t_78" lemma="." type="open">
      <span>
        <target id="w_78"/>
      </span>
    </term>
    <term tid="t_79" lemma="dit" type="open">
      <span>
        <target id="w_79"/>
      </span>
    </term>
    <term tid="t_80" lemma="werkt" type="open">
      <span>
        <target id="w_80"/>
      </span>
    </term>
    <term tid="t_81" lemma="op" type="open">
      <span>
        <target id="w_81"/>
      </span>
    </term>
    <term tid="t_82" lemma="zich" type="open">
      <span>
        <target id="w_82"/>
      </span>
    </term>
    <term tid="t_83" lemma="ook" type="open">
      <span>
        <target id="w_83"/>
      </span>
    </term>
    <term tid="t_84" lemma="prima" type="open" pos="G">
      <span>
        <target id="w_84"/>
      </span>
      <sentiment polarity="positive" resource="VUA_olery_lexicon_nl_lmf"/>
    </term>
    <term tid="t_85" lemma="." type="open">
      <span>
        <target id="w_85"/>
      </span>
    </term>
    <term tid="t_86" lemma="ik" type="open">
      <span>
        <target id="w_86"/>
      </span>
    </term>
    <term tid="t_87" lemma="ken" type="open">
      <span>
        <target id="w_87"/>
      </span>
    </term>
    <term tid="t_88" lemma="de" type="open">
      <span>
        <target id="w_88"/>
      </span>
    </term>
    <term tid="t_89" lemma="swissotel" type="open">
      <span>
        <target id="w_89"/>
      </span>
    </term>
    <term tid="t_90" lemma="keten" type="open">
      <span>
        <target id="w_90"/>
      </span>
    </term>
    <term tid="t_91" lemma="van" type="open">
      <span>
        <target id="w_91"/>
      </span>
    </term>
    <term tid="t_92" lemma="businesstrips" type="open">
      <span>
        <target id="w_92"/>
      </span>
    </term>
    <term tid="t_93" lemma="naar" type="open" pos="G">
      <span>
        <target id="w_93"/>
      </span>
      <sentiment polarity="negative" resource="VUA_olery_lexicon_nl_lmf"/>
    </term>
    <term tid="t_94" lemma="o" type="open">
      <span>
        <target id="w_94"/>
      </span>
    </term>
    <term tid="t_95" lemma="." type="open">
      <span>
        <target id="w_95"/>
      </span>
    </term>
    <term tid="t_96" lemma="a" type="open">
      <span>
        <target id="w_96"/>
      </span>
    </term>
    <term tid="t_97" lemma="." type="open">
      <span>
        <target id="w_97"/>
      </span>
    </term>
    <term tid="t_98" lemma="singapore" type="open">
      <span>
        <target id="w_98"/>
      </span>
    </term>
    <term tid="t_99" lemma="en" type="open">
      <span>
        <target id="w_99"/>
      </span>
    </term>
    <term tid="t_100" lemma="bangkok" type="open">
      <span>
        <target id="w_100"/>
      </span>
    </term>
    <term tid="t_101" lemma="." type="open">
      <span>
        <target id="w_101"/>
      </span>
    </term>
    <term tid="t_102" lemma="dit" type="open">
      <span>
        <target id="w_102"/>
      </span>
    </term>
    <term tid="t_103" lemma="hotel" type="open">
      <span>
        <target id="w_103"/>
      </span>
    </term>
    <term tid="t_104" lemma="is" type="open">
      <span>
        <target id="w_104"/>
      </span>
    </term>
    <term tid="t_105" lemma="qua" type="open">
      <span>
        <target id="w_105"/>
      </span>
    </term>
    <term tid="t_106" lemma="afmetingen" type="open">
      <span>
        <target id="w_106"/>
      </span>
    </term>
    <term tid="t_107" lemma="niet" type="open">
      <span>
        <target id="w_107"/>
      </span>
      <sentiment sentiment_modifier="shifter" resource="VUA_olery_lexicon_nl_lmf"/>
    </term>
    <term tid="t_108" lemma="te" type="open">
      <span>
        <target id="w_108"/>
      </span>
    </term>
    <term tid="t_109" lemma="vergelijken" type="open">
      <span>
        <target id="w_109"/>
      </span>
    </term>
    <term tid="t_110" lemma="met" type="open">
      <span>
        <target id="w_110"/>
      </span>
    </term>
    <term tid="t_111" lemma="zijn" type="open">
      <span>
        <target id="w_111"/>
      </span>
    </term>
    <term tid="t_112" lemma="grote" type="open">
      <span>
        <target id="w_112"/>
      </span>
    </term>
    <term tid="t_113" lemma="zussen" type="open">
      <span>
        <target id="w_113"/>
      </span>
    </term>
    <term tid="t_114" lemma="in" type="open">
      <span>
        <target id="w_114"/>
      </span>
    </term>
    <term tid="t_115" lemma="het" type="open">
      <span>
        <target id="w_115"/>
      </span>
    </term>
    <term tid="t_116" lemma="verre" type="open">
      <span>
        <target id="w_116"/>
      </span>
    </term>
    <term tid="t_117" lemma="oosten" type="open">
      <span>
        <target id="w_117"/>
      </span>
    </term>
    <term tid="t_118" lemma="." type="open">
      <span>
        <target id="w_118"/>
      </span>
    </term>
    <term tid="t_119" lemma="je" type="open">
      <span>
        <target id="w_119"/>
      </span>
    </term>
    <term tid="t_120" lemma="loopt" type="open">
      <span>
        <target id="w_120"/>
      </span>
    </term>
    <term tid="t_121" lemma="er" type="open">
      <span>
        <target id="w_121"/>
      </span>
    </term>
    <term tid="t_122" lemma="zo" type="open">
      <span>
        <target id="w_122"/>
      </span>
    </term>
    <term tid="t_123" lemma="voorbij" type="open">
      <span>
        <target id="w_123"/>
      </span>
    </term>
    <term tid="t_124" lemma="als" type="open">
      <span>
        <target id="w_124"/>
      </span>
    </term>
    <term tid="t_125" lemma="je" type="open">
      <span>
        <target id="w_125"/>
      </span>
    </term>
    <term tid="t_126" lemma="niet" type="open">
      <span>
        <target id="w_126"/>
      </span>
      <sentiment sentiment_modifier="shifter" resource="VUA_olery_lexicon_nl_lmf"/>
    </term>
    <term tid="t_127" lemma="zou" type="open">
      <span>
        <target id="w_127"/>
      </span>
    </term>
    <term tid="t_128" lemma="weten" type="open">
      <span>
        <target id="w_128"/>
      </span>
    </term>
    <term tid="t_129" lemma="dat" type="open">
      <span>
        <target id="w_129"/>
      </span>
    </term>
    <term tid="t_130" lemma="er" type="open">
      <span>
        <target id="w_130"/>
      </span>
    </term>
    <term tid="t_131" lemma="een" type="open">
      <span>
        <target id="w_131"/>
      </span>
    </term>
    <term tid="t_132" lemma="hotel" type="open">
      <span>
        <target id="w_132"/>
      </span>
    </term>
    <term tid="t_133" lemma="zat" type="open" pos="G">
      <span>
        <target id="w_133"/>
      </span>
      <sentiment polarity="negative" resource="VUA_olery_lexicon_nl_lmf"/>
    </term>
    <term tid="t_134" lemma="." type="open">
      <span>
        <target id="w_134"/>
      </span>
    </term>
    <term tid="t_135" lemma="de" type="open">
      <span>
        <target id="w_135"/>
      </span>
    </term>
    <term tid="t_136" lemma="service" type="open">
      <span>
        <target id="w_136"/>
      </span>
    </term>
    <term tid="t_137" lemma="is" type="open">
      <span>
        <target id="w_137"/>
      </span>
    </term>
    <term tid="t_138" lemma="van" type="open">
      <span>
        <target id="w_138"/>
      </span>
    </term>
    <term tid="t_139" lemma="hetzelfde" type="open">
      <span>
        <target id="w_139"/>
      </span>
    </term>
    <term tid="t_140" lemma="hoge" type="open">
      <span>
        <target id="w_140"/>
      </span>
    </term>
    <term tid="t_141" lemma="niveau" type="open">
      <span>
        <target id="w_141"/>
      </span>
    </term>
    <term tid="t_142" lemma="dat" type="open">
      <span>
        <target id="w_142"/>
      </span>
    </term>
    <term tid="t_143" lemma="je" type="open">
      <span>
        <target id="w_143"/>
      </span>
    </term>
    <term tid="t_144" lemma="in" type="open">
      <span>
        <target id="w_144"/>
      </span>
    </term>
    <term tid="t_145" lemma="praktisch" type="open" pos="G">
      <span>
        <target id="w_145"/>
      </span>
      <sentiment polarity="positive" resource="VUA_olery_lexicon_nl_lmf"/>
    </term>
    <term tid="t_146" lemma="alle" type="open">
      <span>
        <target id="w_146"/>
      </span>
    </term>
    <term tid="t_147" lemma="swissotel" type="open">
      <span>
        <target id="w_147"/>
      </span>
    </term>
    <term tid="t_148" lemma="tegenkomt" type="open">
      <span>
        <target id="w_148"/>
      </span>
    </term>
    <term tid="t_149" lemma="." type="open">
      <span>
        <target id="w_149"/>
      </span>
    </term>
    <term tid="t_150" lemma="adequate" type="open">
      <span>
        <target id="w_150"/>
      </span>
    </term>
    <term tid="t_151" lemma="en" type="open">
      <span>
        <target id="w_151"/>
      </span>
    </term>
    <term tid="t_152" lemma="vriendelijke" type="open">
      <span>
        <target id="w_152"/>
      </span>
    </term>
    <term tid="t_153" lemma="check" type="open">
      <span>
        <target id="w_153"/>
      </span>
    </term>
    <term tid="t_154" lemma="-" type="open">
      <span>
        <target id="w_154"/>
      </span>
    </term>
    <term tid="t_155" lemma="in" type="open">
      <span>
        <target id="w_155"/>
      </span>
    </term>
    <term tid="t_156" lemma="." type="open">
      <span>
        <target id="w_156"/>
      </span>
    </term>
    <term tid="t_157" lemma="ik" type="open">
      <span>
        <target id="w_157"/>
      </span>
    </term>
    <term tid="t_158" lemma="kreeg" type="open">
      <span>
        <target id="w_158"/>
      </span>
    </term>
    <term tid="t_159" lemma="zelfs" type="open">
      <span>
        <target id="w_159"/>
      </span>
    </term>
    <term tid="t_160" lemma="een" type="open">
      <span>
        <target id="w_160"/>
      </span>
    </term>
    <term tid="t_161" lemma="gestoomd" type="open">
      <span>
        <target id="w_161"/>
      </span>
    </term>
    <term tid="t_162" lemma="verfrissingsdoekje" type="open">
      <span>
        <target id="w_162"/>
      </span>
    </term>
    <term tid="t_163" lemma="bij" type="open">
      <span>
        <target id="w_163"/>
      </span>
    </term>
    <term tid="t_164" lemma="aankomst" type="open">
      <span>
        <target id="w_164"/>
      </span>
    </term>
    <term tid="t_165" lemma="." type="open">
      <span>
        <target id="w_165"/>
      </span>
    </term>
    <term tid="t_166" lemma="zoiets" type="open">
      <span>
        <target id="w_166"/>
      </span>
    </term>
    <term tid="t_167" lemma="verwacht" type="open">
      <span>
        <target id="w_167"/>
      </span>
    </term>
    <term tid="t_168" lemma="je" type="open">
      <span>
        <target id="w_168"/>
      </span>
    </term>
    <term tid="t_169" lemma="in" type="open">
      <span>
        <target id="w_169"/>
      </span>
    </term>
    <term tid="t_170" lemma="bangkok" type="open">
      <span>
        <target id="w_170"/>
      </span>
    </term>
    <term tid="t_171" lemma="niet" type="open">
      <span>
        <target id="w_171"/>
      </span>
      <sentiment sentiment_modifier="shifter" resource="VUA_olery_lexicon_nl_lmf"/>
    </term>
    <term tid="t_172" lemma="in" type="open">
      <span>
        <target id="w_172"/>
      </span>
    </term>
    <term tid="t_173" lemma="amsterdam" type="open">
      <span>
        <target id="w_173"/>
      </span>
    </term>
    <term tid="t_174" lemma="." type="open">
      <span>
        <target id="w_174"/>
      </span>
    </term>
    <term tid="t_175" lemma="de" type="open">
      <span>
        <target id="w_175"/>
      </span>
    </term>
    <term tid="t_176" lemma="kamer" type="open">
      <span>
        <target id="w_176"/>
      </span>
    </term>
    <term tid="t_177" lemma="is" type="open">
      <span>
        <target id="w_177"/>
      </span>
    </term>
    <term tid="t_178" lemma="wel" type="open">
      <span>
        <target id="w_178"/>
      </span>
    </term>
    <term tid="t_179" lemma="een" type="open">
      <span>
        <target id="w_179"/>
      </span>
    </term>
    <term tid="t_180" lemma="stuk" type="open">
      <span>
        <target id="w_180"/>
      </span>
    </term>
    <term tid="t_181" lemma="kleiner" type="open">
      <span>
        <target id="w_181"/>
      </span>
    </term>
    <term tid="t_182" lemma="dan" type="open">
      <span>
        <target id="w_182"/>
      </span>
    </term>
    <term tid="t_183" lemma="ik" type="open">
      <span>
        <target id="w_183"/>
      </span>
    </term>
    <term tid="t_184" lemma="gewend" type="open">
      <span>
        <target id="w_184"/>
      </span>
    </term>
    <term tid="t_185" lemma="ben" type="open">
      <span>
        <target id="w_185"/>
      </span>
    </term>
    <term tid="t_186" lemma="van" type="open">
      <span>
        <target id="w_186"/>
      </span>
    </term>
    <term tid="t_187" lemma="swissotels" type="open">
      <span>
        <target id="w_187"/>
      </span>
    </term>
    <term tid="t_188" lemma="in" type="open">
      <span>
        <target id="w_188"/>
      </span>
    </term>
    <term tid="t_189" lemma="het" type="open">
      <span>
        <target id="w_189"/>
      </span>
    </term>
    <term tid="t_190" lemma="buitenland" type="open">
      <span>
        <target id="w_190"/>
      </span>
    </term>
    <term tid="t_191" lemma="," type="open">
      <span>
        <target id="w_191"/>
      </span>
    </term>
    <term tid="t_192" lemma="maar" type="open">
      <span>
        <target id="w_192"/>
      </span>
    </term>
    <term tid="t_193" lemma="dat" type="open">
      <span>
        <target id="w_193"/>
      </span>
    </term>
    <term tid="t_194" lemma="heeft" type="open">
      <span>
        <target id="w_194"/>
      </span>
    </term>
    <term tid="t_195" lemma="meer" type="open">
      <span>
        <target id="w_195"/>
      </span>
    </term>
    <term tid="t_196" lemma="met" type="open">
      <span>
        <target id="w_196"/>
      </span>
    </term>
    <term tid="t_197" lemma="amsterdam" type="open">
      <span>
        <target id="w_197"/>
      </span>
    </term>
    <term tid="t_198" lemma="te" type="open">
      <span>
        <target id="w_198"/>
      </span>
    </term>
    <term tid="t_199" lemma="maken" type="open">
      <span>
        <target id="w_199"/>
      </span>
    </term>
    <term tid="t_200" lemma="dan" type="open">
      <span>
        <target id="w_200"/>
      </span>
    </term>
    <term tid="t_201" lemma="met" type="open">
      <span>
        <target id="w_201"/>
      </span>
    </term>
    <term tid="t_202" lemma="de" type="open">
      <span>
        <target id="w_202"/>
      </span>
    </term>
    <term tid="t_203" lemma="keten" type="open">
      <span>
        <target id="w_203"/>
      </span>
    </term>
    <term tid="t_204" lemma="," type="open">
      <span>
        <target id="w_204"/>
      </span>
    </term>
    <term tid="t_205" lemma="denk" type="open">
      <span>
        <target id="w_205"/>
      </span>
    </term>
    <term tid="t_206" lemma="ik" type="open">
      <span>
        <target id="w_206"/>
      </span>
    </term>
    <term tid="t_207" lemma="." type="open">
      <span>
        <target id="w_207"/>
      </span>
    </term>
    <term tid="t_208" lemma="geen" type="open">
      <span>
        <target id="w_208"/>
      </span>
      <sentiment sentiment_modifier="shifter" resource="VUA_olery_lexicon_nl_lmf"/>
    </term>
    <term tid="t_209" lemma="spectaculair" type="open" pos="G">
      <span>
        <target id="w_209"/>
      </span>
      <sentiment polarity="positive" resource="VUA_olery_lexicon_nl_lmf"/>
    </term>
    <term tid="t_210" lemma="uitzicht" type="open">
      <span>
        <target id="w_210"/>
      </span>
    </term>
    <term tid="t_211" lemma="." type="open">
      <span>
        <target id="w_211"/>
      </span>
    </term>
    <term tid="t_212" lemma="ik" type="open">
      <span>
        <target id="w_212"/>
      </span>
    </term>
    <term tid="t_213" lemma="kijk" type="open">
      <span>
        <target id="w_213"/>
      </span>
    </term>
    <term tid="t_214" lemma="uit" type="open">
      <span>
        <target id="w_214"/>
      </span>
    </term>
    <term tid="t_215" lemma="op" type="open">
      <span>
        <target id="w_215"/>
      </span>
    </term>
    <term tid="t_216" lemma="een" type="open">
      <span>
        <target id="w_216"/>
      </span>
    </term>
    <term tid="t_217" lemma="soort" type="open">
      <span>
        <target id="w_217"/>
      </span>
    </term>
    <term tid="t_218" lemma="binnenplaats" type="open">
      <span>
        <target id="w_218"/>
      </span>
    </term>
    <term tid="t_219" lemma="met" type="open">
      <span>
        <target id="w_219"/>
      </span>
    </term>
    <term tid="t_220" lemma="wat" type="open">
      <span>
        <target id="w_220"/>
      </span>
    </term>
    <term tid="t_221" lemma="beplanting" type="open">
      <span>
        <target id="w_221"/>
      </span>
    </term>
    <term tid="t_222" lemma="." type="open">
      <span>
        <target id="w_222"/>
      </span>
    </term>
    <term tid="t_223" lemma="ik" type="open">
      <span>
        <target id="w_223"/>
      </span>
    </term>
    <term tid="t_224" lemma="had" type="open">
      <span>
        <target id="w_224"/>
      </span>
    </term>
    <term tid="t_225" lemma="gevraagd" type="open">
      <span>
        <target id="w_225"/>
      </span>
    </term>
    <term tid="t_226" lemma="om" type="open">
      <span>
        <target id="w_226"/>
      </span>
    </term>
    <term tid="t_227" lemma="een" type="open">
      <span>
        <target id="w_227"/>
      </span>
    </term>
    <term tid="t_228" lemma="stille" type="open">
      <span>
        <target id="w_228"/>
      </span>
    </term>
    <term tid="t_229" lemma="kamer" type="open">
      <span>
        <target id="w_229"/>
      </span>
    </term>
    <term tid="t_230" lemma="en" type="open">
      <span>
        <target id="w_230"/>
      </span>
    </term>
    <term tid="t_231" lemma="het" type="open">
      <span>
        <target id="w_231"/>
      </span>
    </term>
    <term tid="t_232" lemma="is" type="open">
      <span>
        <target id="w_232"/>
      </span>
    </term>
    <term tid="t_233" lemma="hier" type="open">
      <span>
        <target id="w_233"/>
      </span>
    </term>
    <term tid="t_234" lemma="ook" type="open">
      <span>
        <target id="w_234"/>
      </span>
    </term>
    <term tid="t_235" lemma="echt" type="open">
      <span>
        <target id="w_235"/>
      </span>
      <sentiment sentiment_modifier="intensifier" resource="VUA_olery_lexicon_nl_lmf"/>
    </term>
    <term tid="t_236" lemma="heel" type="open">
      <span>
        <target id="w_236"/>
      </span>
      <sentiment sentiment_modifier="intensifier" resource="VUA_olery_lexicon_nl_lmf"/>
    </term>
    <term tid="t_237" lemma="stil" type="open" pos="G">
      <span>
        <target id="w_237"/>
      </span>
      <sentiment polarity="positive" resource="VUA_olery_lexicon_nl_lmf"/>
    </term>
    <term tid="t_238" lemma="." type="open">
      <span>
        <target id="w_238"/>
      </span>
    </term>
    <term tid="t_239" lemma="je" type="open">
      <span>
        <target id="w_239"/>
      </span>
    </term>
    <term tid="t_240" lemma="kan" type="open">
      <span>
        <target id="w_240"/>
      </span>
    </term>
    <term tid="t_241" lemma="ook" type="open">
      <span>
        <target id="w_241"/>
      </span>
    </term>
    <term tid="t_242" lemma="een" type="open">
      <span>
        <target id="w_242"/>
      </span>
    </term>
    <term tid="t_243" lemma="kamer" type="open">
      <span>
        <target id="w_243"/>
      </span>
    </term>
    <term tid="t_244" lemma="aan" type="open">
      <span>
        <target id="w_244"/>
      </span>
    </term>
    <term tid="t_245" lemma="de" type="open">
      <span>
        <target id="w_245"/>
      </span>
    </term>
    <term tid="t_246" lemma="voorkant" type="open">
      <span>
        <target id="w_246"/>
      </span>
    </term>
    <term tid="t_247" lemma="krijgen" type="open">
      <span>
        <target id="w_247"/>
      </span>
    </term>
    <term tid="t_248" lemma="met" type="open">
      <span>
        <target id="w_248"/>
      </span>
    </term>
    <term tid="t_249" lemma="uitzicht" type="open">
      <span>
        <target id="w_249"/>
      </span>
    </term>
    <term tid="t_250" lemma="op" type="open">
      <span>
        <target id="w_250"/>
      </span>
    </term>
    <term tid="t_251" lemma="de" type="open">
      <span>
        <target id="w_251"/>
      </span>
    </term>
    <term tid="t_252" lemma="dam" type="open">
      <span>
        <target id="w_252"/>
      </span>
    </term>
    <term tid="t_253" lemma="," type="open">
      <span>
        <target id="w_253"/>
      </span>
    </term>
    <term tid="t_254" lemma="maar" type="open">
      <span>
        <target id="w_254"/>
      </span>
    </term>
    <term tid="t_255" lemma="dan" type="open">
      <span>
        <target id="w_255"/>
      </span>
    </term>
    <term tid="t_256" lemma="word" type="open">
      <span>
        <target id="w_256"/>
      </span>
    </term>
    <term tid="t_257" lemma="je" type="open">
      <span>
        <target id="w_257"/>
      </span>
    </term>
    <term tid="t_258" lemma="waarschijnlijk" type="open">
      <span>
        <target id="w_258"/>
      </span>
    </term>
    <term tid="t_259" lemma="wel" type="open">
      <span>
        <target id="w_259"/>
      </span>
    </term>
    <term tid="t_260" lemma="door" type="open">
      <span>
        <target id="w_260"/>
      </span>
    </term>
    <term tid="t_261" lemma="het" type="open">
      <span>
        <target id="w_261"/>
      </span>
    </term>
    <term tid="t_262" lemma="getingel" type="open">
      <span>
        <target id="w_262"/>
      </span>
    </term>
    <term tid="t_263" lemma="van" type="open">
      <span>
        <target id="w_263"/>
      </span>
    </term>
    <term tid="t_264" lemma="de" type="open">
      <span>
        <target id="w_264"/>
      </span>
    </term>
    <term tid="t_265" lemma="eerste" type="open">
      <span>
        <target id="w_265"/>
      </span>
    </term>
    <term tid="t_266" lemma="tram" type="open">
      <span>
        <target id="w_266"/>
      </span>
    </term>
    <term tid="t_267" lemma="gewekt" type="open">
      <span>
        <target id="w_267"/>
      </span>
    </term>
    <term tid="t_268" lemma="." type="open">
      <span>
        <target id="w_268"/>
      </span>
    </term>
    <term tid="t_269" lemma="geweldig" type="open" pos="N">
      <span>
        <target id="w_269"/>
      </span>
      <sentiment polarity="positive" resource="VUA_olery_lexicon_nl_lmf"/>
    </term>
    <term tid="t_270" lemma="bed" type="open">
      <span>
        <target id="w_270"/>
      </span>
    </term>
    <term tid="t_271" lemma="ook" type="open">
      <span>
        <target id="w_271"/>
      </span>
    </term>
    <term tid="t_272" lemma="." type="open">
      <span>
        <target id="w_272"/>
      </span>
    </term>
    <term tid="t_273" lemma="altijd" type="open">
      <span>
        <target id="w_273"/>
      </span>
      <sentiment sentiment_modifier="intensifier" resource="VUA_olery_lexicon_nl_lmf"/>
    </term>
    <term tid="t_274" lemma="prettig" type="open" pos="G">
      <span>
        <target id="w_274"/>
      </span>
      <sentiment polarity="positive" resource="VUA_olery_lexicon_nl_lmf"/>
    </term>
    <term tid="t_275" lemma="het" type="open">
      <span>
        <target id="w_275"/>
      </span>
    </term>
    <term tid="t_276" lemma="gevoel" type="open">
      <span>
        <target id="w_276"/>
      </span>
    </term>
    <term tid="t_277" lemma="te" type="open">
      <span>
        <target id="w_277"/>
      </span>
    </term>
    <term tid="t_278" lemma="hebben" type="open">
      <span>
        <target id="w_278"/>
      </span>
    </term>
    <term tid="t_279" lemma="in" type="open">
      <span>
        <target id="w_279"/>
      </span>
    </term>
    <term tid="t_280" lemma="een" type="open">
      <span>
        <target id="w_280"/>
      </span>
    </term>
    <term tid="t_281" lemma="beter" type="open">
      <span>
        <target id="w_281"/>
      </span>
    </term>
    <term tid="t_282" lemma="bed" type="open">
      <span>
        <target id="w_282"/>
      </span>
    </term>
    <term tid="t_283" lemma="te" type="open">
      <span>
        <target id="w_283"/>
      </span>
    </term>
    <term tid="t_284" lemma="liggen" type="open">
      <span>
        <target id="w_284"/>
      </span>
    </term>
    <term tid="t_285" lemma="dan" type="open">
      <span>
        <target id="w_285"/>
      </span>
    </term>
    <term tid="t_286" lemma="thuis" type="open">
      <span>
        <target id="w_286"/>
      </span>
    </term>
    <term tid="t_287" lemma="." type="open">
      <span>
        <target id="w_287"/>
      </span>
    </term>
    <term tid="t_288" lemma="als" type="open">
      <span>
        <target id="w_288"/>
      </span>
    </term>
    <term tid="t_289" lemma="je" type="open">
      <span>
        <target id="w_289"/>
      </span>
    </term>
    <term tid="t_290" lemma="de" type="open">
      <span>
        <target id="w_290"/>
      </span>
    </term>
    <term tid="t_291" lemma="swissotels" type="open">
      <span>
        <target id="w_291"/>
      </span>
    </term>
    <term tid="t_292" lemma="in" type="open">
      <span>
        <target id="w_292"/>
      </span>
    </term>
    <term tid="t_293" lemma="azie" type="open">
      <span>
        <target id="w_293"/>
      </span>
    </term>
    <term tid="t_294" lemma="gewend" type="open">
      <span>
        <target id="w_294"/>
      </span>
    </term>
    <term tid="t_295" lemma="bent" type="open">
      <span>
        <target id="w_295"/>
      </span>
    </term>
    <term tid="t_296" lemma="zal" type="open">
      <span>
        <target id="w_296"/>
      </span>
    </term>
    <term tid="t_297" lemma="het" type="open">
      <span>
        <target id="w_297"/>
      </span>
    </term>
    <term tid="t_298" lemma="even" type="open">
      <span>
        <target id="w_298"/>
      </span>
    </term>
    <term tid="t_299" lemma="slikken" type="open">
      <span>
        <target id="w_299"/>
      </span>
    </term>
    <term tid="t_300" lemma="zijn" type="open">
      <span>
        <target id="w_300"/>
      </span>
    </term>
    <term tid="t_301" lemma="bij" type="open">
      <span>
        <target id="w_301"/>
      </span>
    </term>
    <term tid="t_302" lemma="aankomst" type="open">
      <span>
        <target id="w_302"/>
      </span>
    </term>
    <term tid="t_303" lemma="in" type="open">
      <span>
        <target id="w_303"/>
      </span>
    </term>
    <term tid="t_304" lemma="amsterdam" type="open">
      <span>
        <target id="w_304"/>
      </span>
    </term>
    <term tid="t_305" lemma="," type="open">
      <span>
        <target id="w_305"/>
      </span>
    </term>
    <term tid="t_306" lemma="omdat" type="open">
      <span>
        <target id="w_306"/>
      </span>
    </term>
    <term tid="t_307" lemma="het" type="open">
      <span>
        <target id="w_307"/>
      </span>
    </term>
    <term tid="t_308" lemma="hotel" type="open">
      <span>
        <target id="w_308"/>
      </span>
    </term>
    <term tid="t_309" lemma="een" type="open">
      <span>
        <target id="w_309"/>
      </span>
    </term>
    <term tid="t_310" lemma="stuk" type="open">
      <span>
        <target id="w_310"/>
      </span>
    </term>
    <term tid="t_311" lemma="kleiner" type="open">
      <span>
        <target id="w_311"/>
      </span>
    </term>
    <term tid="t_312" lemma="is" type="open">
      <span>
        <target id="w_312"/>
      </span>
    </term>
    <term tid="t_313" lemma="en" type="open">
      <span>
        <target id="w_313"/>
      </span>
    </term>
    <term tid="t_314" lemma="wat" type="open">
      <span>
        <target id="w_314"/>
      </span>
    </term>
    <term tid="t_315" lemma="minder" type="open">
      <span>
        <target id="w_315"/>
      </span>
      <sentiment sentiment_modifier="shifter" resource="VUA_olery_lexicon_nl_lmf"/>
    </term>
    <term tid="t_316" lemma="luxe" type="open" pos="N">
      <span>
        <target id="w_316"/>
      </span>
      <sentiment polarity="positive" resource="VUA_olery_lexicon_nl_lmf"/>
    </term>
    <term tid="t_317" lemma="uitraalt" type="open">
      <span>
        <target id="w_317"/>
      </span>
    </term>
    <term tid="t_318" lemma="." type="open">
      <span>
        <target id="w_318"/>
      </span>
    </term>
    <term tid="t_319" lemma="maar" type="open">
      <span>
        <target id="w_319"/>
      </span>
    </term>
    <term tid="t_320" lemma="bij" type="open">
      <span>
        <target id="w_320"/>
      </span>
    </term>
    <term tid="t_321" lemma="het" type="open">
      <span>
        <target id="w_321"/>
      </span>
    </term>
    <term tid="t_322" lemma="inchecken" type="open">
      <span>
        <target id="w_322"/>
      </span>
    </term>
    <term tid="t_323" lemma="krijg" type="open">
      <span>
        <target id="w_323"/>
      </span>
    </term>
    <term tid="t_324" lemma="je" type="open">
      <span>
        <target id="w_324"/>
      </span>
    </term>
    <term tid="t_325" lemma="al" type="open">
      <span>
        <target id="w_325"/>
      </span>
    </term>
    <term tid="t_326" lemma="gauw" type="open">
      <span>
        <target id="w_326"/>
      </span>
    </term>
    <term tid="t_327" lemma="door" type="open">
      <span>
        <target id="w_327"/>
      </span>
    </term>
    <term tid="t_328" lemma="dat" type="open">
      <span>
        <target id="w_328"/>
      </span>
    </term>
    <term tid="t_329" lemma="je" type="open">
      <span>
        <target id="w_329"/>
      </span>
    </term>
    <term tid="t_330" lemma="in" type="open">
      <span>
        <target id="w_330"/>
      </span>
    </term>
    <term tid="t_331" lemma="goede" type="open" pos="G">
      <span>
        <target id="w_331"/>
      </span>
      <sentiment polarity="positive" resource="VUA_olery_lexicon_nl_lmf"/>
    </term>
    <term tid="t_332" lemma="handen" type="open">
      <span>
        <target id="w_332"/>
      </span>
    </term>
    <term tid="t_333" lemma="bent" type="open">
      <span>
        <target id="w_333"/>
      </span>
    </term>
    <term tid="t_334" lemma="." type="open">
      <span>
        <target id="w_334"/>
      </span>
    </term>
    <term tid="t_335" lemma="kamer" type="open">
      <span>
        <target id="w_335"/>
      </span>
    </term>
    <term tid="t_336" lemma="is" type="open">
      <span>
        <target id="w_336"/>
      </span>
    </term>
    <term tid="t_337" lemma="prima" type="open" pos="G">
      <span>
        <target id="w_337"/>
      </span>
      <sentiment polarity="positive" resource="VUA_olery_lexicon_nl_lmf"/>
    </term>
    <term tid="t_338" lemma="," type="open">
      <span>
        <target id="w_338"/>
      </span>
    </term>
    <term tid="t_339" lemma="bed" type="open">
      <span>
        <target id="w_339"/>
      </span>
    </term>
    <term tid="t_340" lemma="uitstekend" type="open" pos="G">
      <span>
        <target id="w_340"/>
      </span>
      <sentiment polarity="positive" resource="VUA_olery_lexicon_nl_lmf"/>
    </term>
    <term tid="t_341" lemma="," type="open">
      <span>
        <target id="w_341"/>
      </span>
    </term>
    <term tid="t_342" lemma="service" type="open">
      <span>
        <target id="w_342"/>
      </span>
    </term>
    <term tid="t_343" lemma="prima" type="open" pos="G">
      <span>
        <target id="w_343"/>
      </span>
      <sentiment polarity="positive" resource="VUA_olery_lexicon_nl_lmf"/>
    </term>
    <term tid="t_344" lemma="," type="open">
      <span>
        <target id="w_344"/>
      </span>
    </term>
    <term tid="t_345" lemma="prijs" type="open">
      <span>
        <target id="w_345"/>
      </span>
    </term>
    <term tid="t_346" lemma="iets" type="open">
      <span>
        <target id="w_346"/>
      </span>
    </term>
    <term tid="t_347" lemma="aan" type="open">
      <span>
        <target id="w_347"/>
      </span>
    </term>
    <term tid="t_348" lemma="de" type="open">
      <span>
        <target id="w_348"/>
      </span>
    </term>
    <term tid="t_349" lemma="hoge" type="open">
      <span>
        <target id="w_349"/>
      </span>
    </term>
    <term tid="t_350" lemma="kant" type="open">
      <span>
        <target id="w_350"/>
      </span>
    </term>
    <term tid="t_351" lemma="maar" type="open">
      <span>
        <target id="w_351"/>
      </span>
    </term>
    <term tid="t_352" lemma="prijskwaliteitverhouding" type="open">
      <span>
        <target id="w_352"/>
      </span>
    </term>
    <term tid="t_353" lemma="nog" type="open">
      <span>
        <target id="w_353"/>
      </span>
    </term>
    <term tid="t_354" lemma="steeds" type="open">
      <span>
        <target id="w_354"/>
      </span>
      <sentiment sentiment_modifier="intensifier" resource="VUA_olery_lexicon_nl_lmf"/>
    </term>
    <term tid="t_355" lemma="okay" type="open">
      <span>
        <target id="w_355"/>
      </span>
    </term>
    <term tid="t_356" lemma="." type="open">
      <span>
        <target id="w_356"/>
      </span>
    </term>
    <term tid="t_357" lemma="ik" type="open">
      <span>
        <target id="w_357"/>
      </span>
    </term>
    <term tid="t_358" lemma="zou" type="open">
      <span>
        <target id="w_358"/>
      </span>
    </term>
    <term tid="t_359" lemma="bijna" type="open">
      <span>
        <target id="w_359"/>
      </span>
    </term>
    <term tid="t_360" lemma="vergeten" type="open" pos="V">
      <span>
        <target id="w_360"/>
      </span>
      <sentiment polarity="negative" resource="VUA_olery_lexicon_nl_lmf"/>
    </term>
    <term tid="t_361" lemma="dat" type="open">
      <span>
        <target id="w_361"/>
      </span>
    </term>
    <term tid="t_362" lemma="er" type="open">
      <span>
        <target id="w_362"/>
      </span>
    </term>
    <term tid="t_363" lemma="ook" type="open">
      <span>
        <target id="w_363"/>
      </span>
    </term>
    <term tid="t_364" lemma="nog" type="open">
      <span>
        <target id="w_364"/>
      </span>
    </term>
    <term tid="t_365" lemma="een" type="open">
      <span>
        <target id="w_365"/>
      </span>
    </term>
    <term tid="t_366" lemma="redelijk" type="open">
      <span>
        <target id="w_366"/>
      </span>
    </term>
    <term tid="t_367" lemma="grote" type="open">
      <span>
        <target id="w_367"/>
      </span>
    </term>
    <term tid="t_368" lemma="gym" type="open">
      <span>
        <target id="w_368"/>
      </span>
    </term>
    <term tid="t_369" lemma="is" type="open">
      <span>
        <target id="w_369"/>
      </span>
    </term>
    <term tid="t_370" lemma="die" type="open">
      <span>
        <target id="w_370"/>
      </span>
    </term>
    <term tid="t_371" lemma="gratis" type="open" pos="G">
      <span>
        <target id="w_371"/>
      </span>
      <sentiment polarity="positive" resource="VUA_olery_lexicon_nl_lmf"/>
    </term>
    <term tid="t_372" lemma="toegankelijk" type="open" pos="G">
      <span>
        <target id="w_372"/>
      </span>
      <sentiment polarity="positive" resource="VUA_olery_lexicon_nl_lmf"/>
    </term>
    <term tid="t_373" lemma="is" type="open">
      <span>
        <target id="w_373"/>
      </span>
    </term>
    <term tid="t_374" lemma="voor" type="open">
      <span>
        <target id="w_374"/>
      </span>
    </term>
    <term tid="t_375" lemma="gasten" type="open">
      <span>
        <target id="w_375"/>
      </span>
    </term>
    <term tid="t_376" lemma="." type="open">
      <span>
        <target id="w_376"/>
      </span>
    </term>
    <term tid="t_377" lemma="geen" type="open">
      <span>
        <target id="w_377"/>
      </span>
      <sentiment sentiment_modifier="shifter" resource="VUA_olery_lexicon_nl_lmf"/>
    </term>
    <term tid="t_378" lemma="parkeergarage" type="open">
      <span>
        <target id="w_378"/>
      </span>
    </term>
    <term tid="t_379" lemma="aanwezig" type="open">
      <span>
        <target id="w_379"/>
      </span>
    </term>
    <term tid="t_380" lemma="." type="open">
      <span>
        <target id="w_380"/>
      </span>
    </term>
    <term tid="t_381" lemma="je" type="open">
      <span>
        <target id="w_381"/>
      </span>
    </term>
    <term tid="t_382" lemma="kan" type="open">
      <span>
        <target id="w_382"/>
      </span>
    </term>
    <term tid="t_383" lemma="je" type="open">
      <span>
        <target id="w_383"/>
      </span>
    </term>
    <term tid="t_384" lemma="auto" type="open">
      <span>
        <target id="w_384"/>
      </span>
    </term>
    <term tid="t_385" lemma="in" type="open">
      <span>
        <target id="w_385"/>
      </span>
    </term>
    <term tid="t_386" lemma="de" type="open">
      <span>
        <target id="w_386"/>
      </span>
    </term>
    <term tid="t_387" lemma="parkeergarage" type="open">
      <span>
        <target id="w_387"/>
      </span>
    </term>
    <term tid="t_388" lemma="van" type="open">
      <span>
        <target id="w_388"/>
      </span>
    </term>
    <term tid="t_389" lemma="de" type="open">
      <span>
        <target id="w_389"/>
      </span>
    </term>
    <term tid="t_390" lemma="bijenkorf" type="open">
      <span>
        <target id="w_390"/>
      </span>
    </term>
    <term tid="t_391" lemma="parkeren" type="open">
      <span>
        <target id="w_391"/>
      </span>
    </term>
    <term tid="t_392" lemma="en" type="open">
      <span>
        <target id="w_392"/>
      </span>
    </term>
    <term tid="t_393" lemma="daar" type="open">
      <span>
        <target id="w_393"/>
      </span>
    </term>
    <term tid="t_394" lemma="betaal" type="open">
      <span>
        <target id="w_394"/>
      </span>
    </term>
    <term tid="t_395" lemma="je" type="open">
      <span>
        <target id="w_395"/>
      </span>
    </term>
    <term tid="t_396" lemma="fors" type="open" pos="G">
      <span>
        <target id="w_396"/>
      </span>
      <sentiment polarity="negative" resource="VUA_olery_lexicon_nl_lmf"/>
    </term>
    <term tid="t_397" lemma="voor" type="open">
      <span>
        <target id="w_397"/>
      </span>
    </term>
    <term tid="t_398" lemma="." type="open">
      <span>
        <target id="w_398"/>
      </span>
    </term>
    <term tid="t_399" lemma="het" type="open">
      <span>
        <target id="w_399"/>
      </span>
    </term>
    <term tid="t_400" lemma="centraal" type="open" pos="G">
      <span>
        <target id="w_400"/>
      </span>
      <sentiment polarity="positive" resource="VUA_olery_lexicon_nl_lmf"/>
    </term>
    <term tid="t_401" lemma="station" type="open">
      <span>
        <target id="w_401"/>
      </span>
    </term>
    <term tid="t_402" lemma="is" type="open">
      <span>
        <target id="w_402"/>
      </span>
    </term>
    <term tid="t_403" lemma="vlakbij" type="open" pos="G">
      <span>
        <target id="w_403"/>
      </span>
      <sentiment polarity="positive" resource="VUA_olery_lexicon_nl_lmf"/>
    </term>
    <term tid="t_404" lemma="dus" type="open">
      <span>
        <target id="w_404"/>
      </span>
    </term>
    <term tid="t_405" lemma="je" type="open">
      <span>
        <target id="w_405"/>
      </span>
    </term>
    <term tid="t_406" lemma="kan" type="open">
      <span>
        <target id="w_406"/>
      </span>
    </term>
    <term tid="t_407" lemma="beter" type="open">
      <span>
        <target id="w_407"/>
      </span>
    </term>
    <term tid="t_408" lemma="met" type="open">
      <span>
        <target id="w_408"/>
      </span>
    </term>
    <term tid="t_409" lemma="de" type="open">
      <span>
        <target id="w_409"/>
      </span>
    </term>
    <term tid="t_410" lemma="trein" type="open">
      <span>
        <target id="w_410"/>
      </span>
    </term>
    <term tid="t_411" lemma="komen" type="open">
      <span>
        <target id="w_411"/>
      </span>
    </term>
    <term tid="t_412" lemma="." type="open">
      <span>
        <target id="w_412"/>
      </span>
    </term>
    <term tid="t_413" lemma="al" type="open">
      <span>
        <target id="w_413"/>
      </span>
    </term>
    <term tid="t_414" lemma="met" type="open">
      <span>
        <target id="w_414"/>
      </span>
    </term>
    <term tid="t_415" lemma="al" type="open">
      <span>
        <target id="w_415"/>
      </span>
    </term>
    <term tid="t_416" lemma="een" type="open">
      <span>
        <target id="w_416"/>
      </span>
    </term>
    <term tid="t_417" lemma="aanrader" type="open" pos="N">
      <span>
        <target id="w_417"/>
      </span>
      <sentiment polarity="positive" resource="VUA_olery_lexicon_nl_lmf"/>
    </term>
    <term tid="t_418" lemma="." type="open">
      <span>
        <target id="w_418"/>
      </span>
    </term>
  </terms>
  <entities>
    <entity type="MISC" eid="e_1">
      <span>
        <target id="t_76"/>
      </span>
    </entity>
    <entity type="LOC" eid="e_2">
      <span>
        <target id="t_98"/>
      </span>
    </entity>
    <entity type="PER" eid="e_3">
      <span>
        <target id="t_84"/>
      </span>
      <span>
        <target id="t_337"/>
      </span>
      <span>
        <target id="t_343"/>
      </span>
    </entity>
    <entity type="MISC" eid="e_4">
      <span>
        <target id="t_96"/>
      </span>
    </entity>
    <entity type="LOC" eid="e_5">
      <span>
        <target id="t_100"/>
      </span>
      <span>
        <target id="t_170"/>
      </span>
    </entity>
    <entity type="LOC" eid="e_6">
      <span>
        <target id="t_400"/>
      </span>
    </entity>
    <entity type="LOC" eid="e_7">
      <span>
        <target id="t_27"/>
      </span>
      <span>
        <target id="t_173"/>
      </span>
      <span>
        <target id="t_197"/>
      </span>
      <span>
        <target id="t_304"/>
      </span>
    </entity>
    <entity type="MISC" eid="e_8">
      <span>
        <target id="t_111"/>
      </span>
      <span>
        <target id="t_300"/>
      </span>
    </entity>
    <entity type="MISC" eid="e_9">
      <span>
        <target id="t_136"/>
      </span>
      <span>
        <target id="t_342"/>
      </span>
    </entity>
    <entity type="MISC" eid="e_10">
      <span>
        <target id="t_190"/>
      </span>
    </entity>
    <entity type="LOC" eid="e_11">
      <span>
        <target id="t_117"/>
      </span>
    </entity>
    <entity type="ORG" eid="e_12">
      <span>
        <target id="t_176"/>
      </span>
      <span>
        <target id="t_229"/>
      </span>
      <span>
        <target id="t_243"/>
      </span>
      <span>
        <target id="t_335"/>
      </span>
    </entity>
  </entities>
  <properties>
    <property type="value_for_money" pid="p_1">
      <span>
        <target id="t_62"/>
      </span>
      <span>
        <target id="t_345"/>
      </span>
      <span>
        <target id="t_371"/>
      </span>
      <span>
        <target id="t_396"/>
      </span>
    </property>
    <property type="noise" pid="p_2">
      <span>
        <target id="t_237"/>
      </span>
    </property>
    <property type="room" pid="p_3">
      <span>
        <target id="t_176"/>
      </span>
      <span>
        <target id="t_210"/>
      </span>
      <span>
        <target id="t_229"/>
      </span>
      <span>
        <target id="t_243"/>
      </span>
      <span>
        <target id="t_249"/>
      </span>
      <span>
        <target id="t_335"/>
      </span>
    </property>
    <property type="parking" pid="p_4">
      <span>
        <target id="t_378"/>
      </span>
      <span>
        <target id="t_387"/>
      </span>
      <span>
        <target id="t_391"/>
      </span>
    </property>
    <property type="sleeping_comfort" pid="p_5">
      <span>
        <target id="t_270"/>
      </span>
      <span>
        <target id="t_282"/>
      </span>
      <span>
        <target id="t_339"/>
      </span>
    </property>
    <property type="location" pid="p_6">
      <span>
        <target id="t_218"/>
      </span>
      <span>
        <target id="t_266"/>
      </span>
      <span>
        <target id="t_400"/>
      </span>
      <span>
        <target id="t_401"/>
      </span>
      <span>
        <target id="t_403"/>
      </span>
      <span>
        <target id="t_410"/>
      </span>
    </property>
    <property type="internet" pid="p_7">
      <span>
        <target id="t_54"/>
      </span>
    </property>
    <property type="staff" pid="p_8">
      <span>
        <target id="t_136"/>
      </span>
      <span>
        <target id="t_322"/>
      </span>
      <span>
        <target id="t_342"/>
      </span>
    </property>
  </properties>
  <opinions>
    <opinion oid="o_1">
      <opinion_holder>
        <span>
          <target id="t_17"/>
        </span>
      </opinion_holder>
      <opinion_target>
        <span>
          <target id="t_9"/>
        </span>
      </opinion_target>
      <opinion_expression polarity="positive" strength="1">
        <span>
          <target id="t_8"/>
        </span>
      </opinion_expression>
    </opinion>
    <opinion oid="o_2">
      <opinion_holder>
        <span>
          <target id="t_17"/>
        </span>
      </opinion_holder>
      <opinion_target>
        <span>
          <target id="t_11"/>
        </span>
      </opinion_target>
      <opinion_expression polarity="negative" strength="-1">
        <span>
          <target id="t_10"/>
        </span>
      </opinion_expression>
    </opinion>
    <opinion oid="o_3">
      <opinion_target>
        <span>
          <target id="t_57"/>
        </span>
      </opinion_target>
      <opinion_expression polarity="negative" strength="-1">
        <span>
          <target id="t_60"/>
        </span>
      </opinion_expression>
    </opinion>
    <opinion oid="o_4">
      <opinion_target>
        <span>
          <target id="t_80"/>
        </span>
      </opinion_target>
      <opinion_expression polarity="positive" strength="1">
        <span>
          <target id="t_84"/>
        </span>
      </opinion_expression>
    </opinion>
    <opinion oid="o_5">
      <opinion_holder>
        <span>
          <target id="t_86"/>
        </span>
      </opinion_holder>
      <opinion_target>
        <span>
          <target id="t_92"/>
        </span>
      </opinion_target>
      <opinion_expression polarity="negative" strength="-1">
        <span>
          <target id="t_93"/>
        </span>
      </opinion_expression>
    </opinion>
    <opinion oid="o_6">
      <opinion_target>
        <span>
          <target id="t_132"/>
        </span>
      </opinion_target>
      <opinion_expression polarity="negative" strength="-1">
        <span>
          <target id="t_133"/>
        </span>
      </opinion_expression>
    </opinion>
    <opinion oid="o_7">
      <opinion_target>
        <span>
          <target id="t_146"/>
        </span>
      </opinion_target>
      <opinion_expression polarity="positive" strength="1">
        <span>
          <target id="t_145"/>
        </span>
      </opinion_expression>
    </opinion>
    <opinion oid="o_8">
      <opinion_target>
        <span>
          <target id="t_210"/>
        </span>
      </opinion_target>
      <opinion_expression polarity="negative" strength="-1">
        <span>
          <target id="t_209"/>
          <target id="t_208"/>
        </span>
      </opinion_expression>
    </opinion>
    <opinion oid="o_9">
      <opinion_target>
        <span>
          <target id="t_270"/>
        </span>
      </opinion_target>
      <opinion_expression polarity="positive" strength="1">
        <span>
          <target id="t_269"/>
        </span>
      </opinion_expression>
    </opinion>
    <opinion oid="o_10">
      <opinion_target>
        <span>
          <target id="t_276"/>
        </span>
      </opinion_target>
      <opinion_expression polarity="positive" strength="2">
        <span>
          <target id="t_274"/>
          <target id="t_273"/>
        </span>
      </opinion_expression>
    </opinion>
    <opinion oid="o_11">
      <opinion_target>
        <span>
          <target id="t_317"/>
        </span>
      </opinion_target>
      <opinion_expression polarity="negative" strength="-1">
        <span>
          <target id="t_316"/>
          <target id="t_315"/>
        </span>
      </opinion_expression>
    </opinion>
    <opinion oid="o_12">
      <opinion_target>
        <span>
          <target id="t_332"/>
        </span>
      </opinion_target>
      <opinion_expression polarity="positive" strength="1">
        <span>
          <target id="t_331"/>
        </span>
      </opinion_expression>
    </opinion>
    <opinion oid="o_13">
      <opinion_target>
        <span>
          <target id="t_339"/>
        </span>
      </opinion_target>
      <opinion_expression polarity="positive" strength="1">
        <span>
          <target id="t_337"/>
        </span>
      </opinion_expression>
    </opinion>
    <opinion oid="o_14">
      <opinion_target>
        <span>
          <target id="t_342"/>
        </span>
      </opinion_target>
      <opinion_expression polarity="positive" strength="1">
        <span>
          <target id="t_340"/>
        </span>
      </opinion_expression>
    </opinion>
    <opinion oid="o_15">
      <opinion_target>
        <span>
          <target id="t_345"/>
        </span>
      </opinion_target>
      <opinion_expression polarity="positive" strength="1">
        <span>
          <target id="t_343"/>
        </span>
      </opinion_expression>
    </opinion>
    <opinion oid="o_16">
      <opinion_holder>
        <span>
          <target id="t_357"/>
        </span>
      </opinion_holder>
      <opinion_target>
        <span>
          <target id="t_359"/>
        </span>
      </opinion_target>
      <opinion_expression polarity="negative" strength="-1">
        <span>
          <target id="t_360"/>
        </span>
      </opinion_expression>
    </opinion>
    <opinion oid="o_17">
      <opinion_holder>
        <span>
          <target id="t_357"/>
        </span>
      </opinion_holder>
      <opinion_target>
        <span>
          <target id="t_375"/>
        </span>
      </opinion_target>
      <opinion_expression polarity="positive" strength="2">
        <span>
          <target id="t_371"/>
          <target id="t_372"/>
        </span>
      </opinion_expression>
    </opinion>
    <opinion oid="o_18">
      <opinion_target>
        <span>
          <target id="t_394"/>
        </span>
      </opinion_target>
      <opinion_expression polarity="negative" strength="-1">
        <span>
          <target id="t_396"/>
        </span>
      </opinion_expression>
    </opinion>
    <opinion oid="o_19">
      <opinion_target>
        <span>
          <target id="t_401"/>
        </span>
      </opinion_target>
      <opinion_expression polarity="positive" strength="1">
        <span>
          <target id="t_400"/>
        </span>
      </opinion_expression>
    </opinion>
  </opinions>
</KAF>
