<?xml version='1.0' encoding='UTF-8'?>
<KAF xml:lang="nl">
  <linguisticProcessors layer="text">
    <lp timestamp="2013-01-06T18:34:04CET" version="2.0" name="SentenceTokenizer"/>
  </linguisticProcessors>
  <linguisticProcessors layer="terms">
    <lp timestamp="2013-01-06T18:34:04CET" version="2.0" name="SentenceTokenizer"/>
    <lp timestamp="2013-01-06T18:34:04CET" version="1.0" name="SimplePolarityTagger"/>
  </linguisticProcessors>
  <linguisticProcessor layer="opinions">
    <lp timestamp="2013-01-06T18:34:04CET" version="1.0" name="SimpleOpinionDetector"/>
  </linguisticProcessor>
  <linguisticProcessor layer="properties">
    <lp timestamp="2013-01-06T18:34:04CET" version="1.0" name="SimplePropRecognizer_lookup"/>
  </linguisticProcessor>
  <linguisticProcessor layer="entities">
    <lp timestamp="2013-01-06T18:34:04CET" version="1.0" name="SimpleNER_lookup"/>
  </linguisticProcessor>
  <text>
    <wf wid="w_1" para="1" sent="1">Hotel</wf>
    <wf wid="w_2" para="1" sent="1">ziet</wf>
    <wf wid="w_3" para="1" sent="1">er</wf>
    <wf wid="w_4" para="1" sent="1">leuk</wf>
    <wf wid="w_5" para="1" sent="1">uit</wf>
    <wf wid="w_6" para="1" sent="1">vanbinnen</wf>
    <wf wid="w_7" para="1" sent="1">,</wf>
    <wf wid="w_8" para="1" sent="1">locatie</wf>
    <wf wid="w_9" para="1" sent="1">is</wf>
    <wf wid="w_10" para="1" sent="1">goed</wf>
    <wf wid="w_11" para="1" sent="1">!</wf>
    <wf wid="w_12" para="1" sent="2">Het</wf>
    <wf wid="w_13" para="1" sent="2">tweepersoonsbed</wf>
    <wf wid="w_14" para="1" sent="2">in</wf>
    <wf wid="w_15" para="1" sent="2">onze</wf>
    <wf wid="w_16" para="1" sent="2">hotelkamer</wf>
    <wf wid="w_17" para="1" sent="2">was</wf>
    <wf wid="w_18" para="1" sent="2">gammel</wf>
    <wf wid="w_19" para="1" sent="2">(</wf>
    <wf wid="w_20" para="1" sent="2">we</wf>
    <wf wid="w_21" para="1" sent="2">voelden</wf>
    <wf wid="w_22" para="1" sent="2">elke</wf>
    <wf wid="w_23" para="1" sent="2">beweging</wf>
    <wf wid="w_24" para="1" sent="2">van</wf>
    <wf wid="w_25" para="1" sent="2">elkaar</wf>
    <wf wid="w_26" para="1" sent="2">,</wf>
    <wf wid="w_27" para="1" sent="2">dus</wf>
    <wf wid="w_28" para="1" sent="2">konden</wf>
    <wf wid="w_29" para="1" sent="2">niet</wf>
    <wf wid="w_30" para="1" sent="2">zo</wf>
    <wf wid="w_31" para="1" sent="2">goed</wf>
    <wf wid="w_32" para="1" sent="2">slapen</wf>
    <wf wid="w_33" para="1" sent="2">)</wf>
    <wf wid="w_34" para="1" sent="2">.</wf>
    <wf wid="w_35" para="1" sent="3">Helaas</wf>
    <wf wid="w_36" para="1" sent="3">bleek</wf>
    <wf wid="w_37" para="1" sent="3">de</wf>
    <wf wid="w_38" para="1" sent="3">vantevoren</wf>
    <wf wid="w_39" para="1" sent="3">bestelde</wf>
    <wf wid="w_40" para="1" sent="3">champagne</wf>
    <wf wid="w_41" para="1" sent="3">prosecco</wf>
    <wf wid="w_42" para="1" sent="3">te</wf>
    <wf wid="w_43" para="1" sent="3">zijn</wf>
    <wf wid="w_44" para="1" sent="3">.</wf>
    <wf wid="w_45" para="1" sent="4">Ook</wf>
    <wf wid="w_46" para="1" sent="4">werd</wf>
    <wf wid="w_47" para="1" sent="4">de</wf>
    <wf wid="w_48" para="1" sent="4">'champagne</wf>
    <wf wid="w_49" para="1" sent="4">'</wf>
    <wf wid="w_50" para="1" sent="4">,</wf>
    <wf wid="w_51" para="1" sent="4">die</wf>
    <wf wid="w_52" para="1" sent="4">bedoeld</wf>
    <wf wid="w_53" para="1" sent="4">was</wf>
    <wf wid="w_54" para="1" sent="4">als</wf>
    <wf wid="w_55" para="1" sent="4">verrassing</wf>
    <wf wid="w_56" para="1" sent="4">op</wf>
    <wf wid="w_57" para="1" sent="4">het</wf>
    <wf wid="w_58" para="1" sent="4">verkeerde</wf>
    <wf wid="w_59" para="1" sent="4">moment</wf>
    <wf wid="w_60" para="1" sent="4">bezorgd</wf>
    <wf wid="w_61" para="1" sent="4">.</wf>
    <wf wid="w_62" para="1" sent="5">Dit</wf>
    <wf wid="w_63" para="1" sent="5">werd</wf>
    <wf wid="w_64" para="1" sent="5">wel</wf>
    <wf wid="w_65" para="1" sent="5">goed</wf>
    <wf wid="w_66" para="1" sent="5">gemaakt</wf>
    <wf wid="w_67" para="1" sent="5">de</wf>
    <wf wid="w_68" para="1" sent="5">volgende</wf>
    <wf wid="w_69" para="1" sent="5">ochtend</wf>
    <wf wid="w_70" para="1" sent="5">met</wf>
    <wf wid="w_71" para="1" sent="5">een</wf>
    <wf wid="w_72" para="1" sent="5">gratis</wf>
    <wf wid="w_73" para="1" sent="5">glaasje</wf>
    <wf wid="w_74" para="1" sent="5">prosecco</wf>
    <wf wid="w_75" para="1" sent="5">bij</wf>
    <wf wid="w_76" para="1" sent="5">het</wf>
    <wf wid="w_77" para="1" sent="5">ontbijt</wf>
    <wf wid="w_78" para="1" sent="5">-</wf>
    <wf wid="w_79" para="1" sent="5">op</wf>
    <wf wid="w_80" para="1" sent="5">-</wf>
    <wf wid="w_81" para="1" sent="5">bed</wf>
    <wf wid="w_82" para="1" sent="5">!</wf>
  </text>
  <terms>
    <term tid="t_1" lemma="hotel" type="open">
      <span>
        <target id="w_1"/>
      </span>
    </term>
    <term tid="t_2" lemma="ziet" type="open">
      <span>
        <target id="w_2"/>
      </span>
    </term>
    <term tid="t_3" lemma="er" type="open">
      <span>
        <target id="w_3"/>
      </span>
    </term>
    <term tid="t_4" lemma="leuk" type="open" pos="G">
      <span>
        <target id="w_4"/>
      </span>
      <sentiment polarity="positive" resource="VUA_olery_lexicon_nl_lmf"/>
    </term>
    <term tid="t_5" lemma="uit" type="open">
      <span>
        <target id="w_5"/>
      </span>
    </term>
    <term tid="t_6" lemma="vanbinnen" type="open">
      <span>
        <target id="w_6"/>
      </span>
    </term>
    <term tid="t_7" lemma="," type="open">
      <span>
        <target id="w_7"/>
      </span>
    </term>
    <term tid="t_8" lemma="locatie" type="open">
      <span>
        <target id="w_8"/>
      </span>
    </term>
    <term tid="t_9" lemma="is" type="open">
      <span>
        <target id="w_9"/>
      </span>
    </term>
    <term tid="t_10" lemma="goed" type="open" pos="G">
      <span>
        <target id="w_10"/>
      </span>
      <sentiment polarity="positive" resource="VUA_olery_lexicon_nl_lmf"/>
    </term>
    <term tid="t_11" lemma="!" type="open">
      <span>
        <target id="w_11"/>
      </span>
      <sentiment sentiment_modifier="intensifier" resource="VUA_olery_lexicon_nl_lmf"/>
    </term>
    <term tid="t_12" lemma="het" type="open">
      <span>
        <target id="w_12"/>
      </span>
    </term>
    <term tid="t_13" lemma="tweepersoonsbed" type="open">
      <span>
        <target id="w_13"/>
      </span>
    </term>
    <term tid="t_14" lemma="in" type="open">
      <span>
        <target id="w_14"/>
      </span>
    </term>
    <term tid="t_15" lemma="onze" type="open">
      <span>
        <target id="w_15"/>
      </span>
    </term>
    <term tid="t_16" lemma="hotelkamer" type="open">
      <span>
        <target id="w_16"/>
      </span>
    </term>
    <term tid="t_17" lemma="was" type="open">
      <span>
        <target id="w_17"/>
      </span>
    </term>
    <term tid="t_18" lemma="gammel" type="open" pos="G">
      <span>
        <target id="w_18"/>
      </span>
      <sentiment polarity="negative" resource="VUA_olery_lexicon_nl_lmf"/>
    </term>
    <term tid="t_19" lemma="(" type="open">
      <span>
        <target id="w_19"/>
      </span>
    </term>
    <term tid="t_20" lemma="we" type="open">
      <span>
        <target id="w_20"/>
      </span>
    </term>
    <term tid="t_21" lemma="voelden" type="open">
      <span>
        <target id="w_21"/>
      </span>
    </term>
    <term tid="t_22" lemma="elke" type="open">
      <span>
        <target id="w_22"/>
      </span>
    </term>
    <term tid="t_23" lemma="beweging" type="open">
      <span>
        <target id="w_23"/>
      </span>
    </term>
    <term tid="t_24" lemma="van" type="open">
      <span>
        <target id="w_24"/>
      </span>
    </term>
    <term tid="t_25" lemma="elkaar" type="open">
      <span>
        <target id="w_25"/>
      </span>
    </term>
    <term tid="t_26" lemma="," type="open">
      <span>
        <target id="w_26"/>
      </span>
    </term>
    <term tid="t_27" lemma="dus" type="open">
      <span>
        <target id="w_27"/>
      </span>
    </term>
    <term tid="t_28" lemma="konden" type="open">
      <span>
        <target id="w_28"/>
      </span>
    </term>
    <term tid="t_29" lemma="niet" type="open">
      <span>
        <target id="w_29"/>
      </span>
      <sentiment sentiment_modifier="shifter" resource="VUA_olery_lexicon_nl_lmf"/>
    </term>
    <term tid="t_30" lemma="zo" type="open">
      <span>
        <target id="w_30"/>
      </span>
    </term>
    <term tid="t_31" lemma="goed" type="open" pos="G">
      <span>
        <target id="w_31"/>
      </span>
      <sentiment polarity="positive" resource="VUA_olery_lexicon_nl_lmf"/>
    </term>
    <term tid="t_32" lemma="slapen" type="open">
      <span>
        <target id="w_32"/>
      </span>
    </term>
    <term tid="t_33" lemma=")" type="open">
      <span>
        <target id="w_33"/>
      </span>
    </term>
    <term tid="t_34" lemma="." type="open">
      <span>
        <target id="w_34"/>
      </span>
    </term>
    <term tid="t_35" lemma="helaas" type="open" pos="A">
      <span>
        <target id="w_35"/>
      </span>
      <sentiment polarity="negative" resource="VUA_olery_lexicon_nl_lmf"/>
    </term>
    <term tid="t_36" lemma="bleek" type="open">
      <span>
        <target id="w_36"/>
      </span>
    </term>
    <term tid="t_37" lemma="de" type="open">
      <span>
        <target id="w_37"/>
      </span>
    </term>
    <term tid="t_38" lemma="vantevoren" type="open">
      <span>
        <target id="w_38"/>
      </span>
    </term>
    <term tid="t_39" lemma="bestelde" type="open">
      <span>
        <target id="w_39"/>
      </span>
    </term>
    <term tid="t_40" lemma="champagne" type="open">
      <span>
        <target id="w_40"/>
      </span>
    </term>
    <term tid="t_41" lemma="prosecco" type="open">
      <span>
        <target id="w_41"/>
      </span>
    </term>
    <term tid="t_42" lemma="te" type="open">
      <span>
        <target id="w_42"/>
      </span>
    </term>
    <term tid="t_43" lemma="zijn" type="open">
      <span>
        <target id="w_43"/>
      </span>
    </term>
    <term tid="t_44" lemma="." type="open">
      <span>
        <target id="w_44"/>
      </span>
    </term>
    <term tid="t_45" lemma="ook" type="open">
      <span>
        <target id="w_45"/>
      </span>
    </term>
    <term tid="t_46" lemma="werd" type="open">
      <span>
        <target id="w_46"/>
      </span>
    </term>
    <term tid="t_47" lemma="de" type="open">
      <span>
        <target id="w_47"/>
      </span>
    </term>
    <term tid="t_48" lemma="'champagne" type="open">
      <span>
        <target id="w_48"/>
      </span>
    </term>
    <term tid="t_49" lemma="'" type="open">
      <span>
        <target id="w_49"/>
      </span>
    </term>
    <term tid="t_50" lemma="," type="open">
      <span>
        <target id="w_50"/>
      </span>
    </term>
    <term tid="t_51" lemma="die" type="open">
      <span>
        <target id="w_51"/>
      </span>
    </term>
    <term tid="t_52" lemma="bedoeld" type="open">
      <span>
        <target id="w_52"/>
      </span>
    </term>
    <term tid="t_53" lemma="was" type="open">
      <span>
        <target id="w_53"/>
      </span>
    </term>
    <term tid="t_54" lemma="als" type="open">
      <span>
        <target id="w_54"/>
      </span>
    </term>
    <term tid="t_55" lemma="verrassing" type="open">
      <span>
        <target id="w_55"/>
      </span>
    </term>
    <term tid="t_56" lemma="op" type="open">
      <span>
        <target id="w_56"/>
      </span>
    </term>
    <term tid="t_57" lemma="het" type="open">
      <span>
        <target id="w_57"/>
      </span>
    </term>
    <term tid="t_58" lemma="verkeerde" type="open">
      <span>
        <target id="w_58"/>
      </span>
    </term>
    <term tid="t_59" lemma="moment" type="open">
      <span>
        <target id="w_59"/>
      </span>
    </term>
    <term tid="t_60" lemma="bezorgd" type="open" pos="G">
      <span>
        <target id="w_60"/>
      </span>
      <sentiment polarity="negative" resource="VUA_olery_lexicon_nl_lmf"/>
    </term>
    <term tid="t_61" lemma="." type="open">
      <span>
        <target id="w_61"/>
      </span>
    </term>
    <term tid="t_62" lemma="dit" type="open">
      <span>
        <target id="w_62"/>
      </span>
    </term>
    <term tid="t_63" lemma="werd" type="open">
      <span>
        <target id="w_63"/>
      </span>
    </term>
    <term tid="t_64" lemma="wel" type="open">
      <span>
        <target id="w_64"/>
      </span>
    </term>
    <term tid="t_65" lemma="goed" type="open" pos="G">
      <span>
        <target id="w_65"/>
      </span>
      <sentiment polarity="positive" resource="VUA_olery_lexicon_nl_lmf"/>
    </term>
    <term tid="t_66" lemma="gemaakt" type="open">
      <span>
        <target id="w_66"/>
      </span>
    </term>
    <term tid="t_67" lemma="de" type="open">
      <span>
        <target id="w_67"/>
      </span>
    </term>
    <term tid="t_68" lemma="volgende" type="open">
      <span>
        <target id="w_68"/>
      </span>
    </term>
    <term tid="t_69" lemma="ochtend" type="open">
      <span>
        <target id="w_69"/>
      </span>
    </term>
    <term tid="t_70" lemma="met" type="open">
      <span>
        <target id="w_70"/>
      </span>
    </term>
    <term tid="t_71" lemma="een" type="open">
      <span>
        <target id="w_71"/>
      </span>
    </term>
    <term tid="t_72" lemma="gratis" type="open" pos="G">
      <span>
        <target id="w_72"/>
      </span>
      <sentiment polarity="positive" resource="VUA_olery_lexicon_nl_lmf"/>
    </term>
    <term tid="t_73" lemma="glaasje" type="open">
      <span>
        <target id="w_73"/>
      </span>
    </term>
    <term tid="t_74" lemma="prosecco" type="open">
      <span>
        <target id="w_74"/>
      </span>
    </term>
    <term tid="t_75" lemma="bij" type="open">
      <span>
        <target id="w_75"/>
      </span>
    </term>
    <term tid="t_76" lemma="het" type="open">
      <span>
        <target id="w_76"/>
      </span>
    </term>
    <term tid="t_77" lemma="ontbijt" type="open">
      <span>
        <target id="w_77"/>
      </span>
    </term>
    <term tid="t_78" lemma="-" type="open">
      <span>
        <target id="w_78"/>
      </span>
    </term>
    <term tid="t_79" lemma="op" type="open">
      <span>
        <target id="w_79"/>
      </span>
    </term>
    <term tid="t_80" lemma="-" type="open">
      <span>
        <target id="w_80"/>
      </span>
    </term>
    <term tid="t_81" lemma="bed" type="open">
      <span>
        <target id="w_81"/>
      </span>
    </term>
    <term tid="t_82" lemma="!" type="open">
      <span>
        <target id="w_82"/>
      </span>
      <sentiment sentiment_modifier="intensifier" resource="VUA_olery_lexicon_nl_lmf"/>
    </term>
  </terms>
  <entities>
    <entity type="MISC" eid="e_1">
      <span>
        <target id="t_43"/>
      </span>
    </entity>
    <entity type="ORG" eid="e_2">
      <span>
        <target id="t_23"/>
      </span>
    </entity>
    <entity type="PER" eid="e_3">
      <span>
        <target id="t_20"/>
      </span>
    </entity>
  </entities>
  <properties>
    <property type="value_for_money" pid="p_1">
      <span>
        <target id="t_72"/>
      </span>
    </property>
    <property type="restaurant" pid="p_2">
      <span>
        <target id="t_40"/>
      </span>
      <span>
        <target id="t_77"/>
      </span>
    </property>
    <property type="location" pid="p_3">
      <span>
        <target id="t_8"/>
      </span>
    </property>
    <property type="sleeping_comfort" pid="p_4">
      <span>
        <target id="t_13"/>
      </span>
      <span>
        <target id="t_32"/>
      </span>
      <span>
        <target id="t_81"/>
      </span>
    </property>
    <property type="room" pid="p_5">
      <span>
        <target id="t_16"/>
      </span>
    </property>
  </properties>
  <opinions>
    <opinion oid="o_1">
      <opinion_target>
        <span>
          <target id="t_6"/>
        </span>
      </opinion_target>
      <opinion_expression polarity="positive" strength="1">
        <span>
          <target id="t_4"/>
        </span>
      </opinion_expression>
    </opinion>
    <opinion oid="o_2">
      <opinion_target>
        <span>
          <target id="t_8"/>
        </span>
      </opinion_target>
      <opinion_expression polarity="positive" strength="1">
        <span>
          <target id="t_10"/>
        </span>
      </opinion_expression>
    </opinion>
    <opinion oid="o_3">
      <opinion_holder>
        <span>
          <target id="t_20"/>
        </span>
      </opinion_holder>
      <opinion_target>
        <span>
          <target id="t_21"/>
        </span>
      </opinion_target>
      <opinion_expression polarity="negative" strength="-1">
        <span>
          <target id="t_18"/>
        </span>
      </opinion_expression>
    </opinion>
    <opinion oid="o_4">
      <opinion_holder>
        <span>
          <target id="t_20"/>
        </span>
      </opinion_holder>
      <opinion_target>
        <span>
          <target id="t_32"/>
        </span>
      </opinion_target>
      <opinion_expression polarity="positive" strength="1">
        <span>
          <target id="t_31"/>
        </span>
      </opinion_expression>
    </opinion>
    <opinion oid="o_5">
      <opinion_target>
        <span>
          <target id="t_36"/>
        </span>
      </opinion_target>
      <opinion_expression polarity="negative" strength="-1">
        <span>
          <target id="t_35"/>
        </span>
      </opinion_expression>
    </opinion>
    <opinion oid="o_6">
      <opinion_target>
        <span>
          <target id="t_59"/>
        </span>
      </opinion_target>
      <opinion_expression polarity="negative" strength="-1">
        <span>
          <target id="t_60"/>
        </span>
      </opinion_expression>
    </opinion>
    <opinion oid="o_7">
      <opinion_target>
        <span>
          <target id="t_66"/>
        </span>
      </opinion_target>
      <opinion_expression polarity="positive" strength="1">
        <span>
          <target id="t_65"/>
        </span>
      </opinion_expression>
    </opinion>
    <opinion oid="o_8">
      <opinion_target>
        <span>
          <target id="t_73"/>
        </span>
      </opinion_target>
      <opinion_expression polarity="positive" strength="1">
        <span>
          <target id="t_72"/>
        </span>
      </opinion_expression>
    </opinion>
  </opinions>
</KAF>
