<?xml version='1.0' encoding='UTF-8'?>
<KAF xml:lang="nl">
  <linguisticProcessors layer="text">
    <lp timestamp="2013-01-06T18:42:13CET" version="2.0" name="SentenceTokenizer"/>
  </linguisticProcessors>
  <linguisticProcessors layer="terms">
    <lp timestamp="2013-01-06T18:42:13CET" version="2.0" name="SentenceTokenizer"/>
    <lp timestamp="2013-01-06T18:42:13CET" version="1.0" name="SimplePolarityTagger"/>
  </linguisticProcessors>
  <linguisticProcessor layer="opinions">
    <lp timestamp="2013-01-06T18:42:13CET" version="1.0" name="SimpleOpinionDetector"/>
  </linguisticProcessor>
  <linguisticProcessor layer="properties">
    <lp timestamp="2013-01-06T18:42:13CET" version="1.0" name="SimplePropRecognizer_lookup"/>
  </linguisticProcessor>
  <linguisticProcessor layer="entities">
    <lp timestamp="2013-01-06T18:42:13CET" version="1.0" name="SimpleNER_lookup"/>
  </linguisticProcessor>
  <text>
    <wf wid="w_1" para="1" sent="1">Smerige</wf>
    <wf wid="w_2" para="1" sent="1">,</wf>
    <wf wid="w_3" para="1" sent="1">muffe</wf>
    <wf wid="w_4" para="1" sent="1">kamer</wf>
    <wf wid="w_5" para="1" sent="1">op</wf>
    <wf wid="w_6" para="1" sent="1">een</wf>
    <wf wid="w_7" para="1" sent="1">goede</wf>
    <wf wid="w_8" para="1" sent="1">locatie</wf>
    <wf wid="w_9" para="1" sent="1">..</wf>
    <wf wid="w_10" para="1" sent="2">Wij</wf>
    <wf wid="w_11" para="1" sent="2">hadden</wf>
    <wf wid="w_12" para="1" sent="2">een</wf>
    <wf wid="w_13" para="1" sent="2">vieze</wf>
    <wf wid="w_14" para="1" sent="2">kamer</wf>
    <wf wid="w_15" para="1" sent="2">,</wf>
    <wf wid="w_16" para="1" sent="2">dekbedden</wf>
    <wf wid="w_17" para="1" sent="2">waren</wf>
    <wf wid="w_18" para="1" sent="2">vies</wf>
    <wf wid="w_19" para="1" sent="2">.</wf>
    <wf wid="w_20" para="1" sent="3">Badkamer</wf>
    <wf wid="w_21" para="1" sent="3">was</wf>
    <wf wid="w_22" para="1" sent="3">ernom</wf>
    <wf wid="w_23" para="1" sent="3">schimmelig</wf>
    <wf wid="w_24" para="1" sent="3">,</wf>
    <wf wid="w_25" para="1" sent="3">over</wf>
    <wf wid="w_26" para="1" sent="3">de</wf>
    <wf wid="w_27" para="1" sent="3">kamer</wf>
    <wf wid="w_28" para="1" sent="3">zelf</wf>
    <wf wid="w_29" para="1" sent="3">nog</wf>
    <wf wid="w_30" para="1" sent="3">niet</wf>
    <wf wid="w_31" para="1" sent="3">gesproken</wf>
    <wf wid="w_32" para="1" sent="3">.</wf>
    <wf wid="w_33" para="1" sent="4">Roosters</wf>
    <wf wid="w_34" para="1" sent="4">vol</wf>
    <wf wid="w_35" para="1" sent="4">stof</wf>
    <wf wid="w_36" para="1" sent="4">,</wf>
    <wf wid="w_37" para="1" sent="4">alles</wf>
    <wf wid="w_38" para="1" sent="4">rook</wf>
    <wf wid="w_39" para="1" sent="4">zuur</wf>
    <wf wid="w_40" para="1" sent="4">.</wf>
    <wf wid="w_41" para="1" sent="5">Douchegordijn</wf>
    <wf wid="w_42" para="1" sent="5">was</wf>
    <wf wid="w_43" para="1" sent="5">oranje</wf>
    <wf wid="w_44" para="1" sent="5">uitgeslagen</wf>
    <wf wid="w_45" para="1" sent="5">eveneens</wf>
    <wf wid="w_46" para="1" sent="5">al</wf>
    <wf wid="w_47" para="1" sent="5">het</wf>
    <wf wid="w_48" para="1" sent="5">toilet</wf>
    <wf wid="w_49" para="1" sent="5">.</wf>
    <wf wid="w_50" para="1" sent="6">Muffe</wf>
    <wf wid="w_51" para="1" sent="6">vochtige</wf>
    <wf wid="w_52" para="1" sent="6">lucht</wf>
    <wf wid="w_53" para="1" sent="6">in</wf>
    <wf wid="w_54" para="1" sent="6">de</wf>
    <wf wid="w_55" para="1" sent="6">kamer</wf>
    <wf wid="w_56" para="1" sent="6">.</wf>
    <wf wid="w_57" para="1" sent="7">Geen</wf>
    <wf wid="w_58" para="1" sent="7">prettig</wf>
    <wf wid="w_59" para="1" sent="7">verblijf</wf>
    <wf wid="w_60" para="1" sent="7">en</wf>
    <wf wid="w_61" para="1" sent="7">we</wf>
    <wf wid="w_62" para="1" sent="7">zijn</wf>
    <wf wid="w_63" para="1" sent="7">er</wf>
    <wf wid="w_64" para="1" sent="7">dan</wf>
    <wf wid="w_65" para="1" sent="7">ook</wf>
    <wf wid="w_66" para="1" sent="7">ziek</wf>
    <wf wid="w_67" para="1" sent="7">vertrokkken</wf>
    <wf wid="w_68" para="1" sent="7">.</wf>
    <wf wid="w_69" para="1" sent="8">Geen</wf>
    <wf wid="w_70" para="1" sent="8">roomservice</wf>
    <wf wid="w_71" para="1" sent="8">,</wf>
    <wf wid="w_72" para="1" sent="8">en</wf>
    <wf wid="w_73" para="1" sent="8">we</wf>
    <wf wid="w_74" para="1" sent="8">zaten</wf>
    <wf wid="w_75" para="1" sent="8">ook</wf>
    <wf wid="w_76" para="1" sent="8">nog</wf>
    <wf wid="w_77" para="1" sent="8">bij</wf>
    <wf wid="w_78" para="1" sent="8">een</wf>
    <wf wid="w_79" para="1" sent="8">bouwput</wf>
    <wf wid="w_80" para="1" sent="8">.</wf>
    <wf wid="w_81" para="1" sent="9">Amper</wf>
    <wf wid="w_82" para="1" sent="9">de</wf>
    <wf wid="w_83" para="1" sent="9">ogen</wf>
    <wf wid="w_84" para="1" sent="9">dichtgedaan</wf>
    <wf wid="w_85" para="1" sent="9">.</wf>
    <wf wid="w_86" para="1" sent="10">Ontbijt</wf>
    <wf wid="w_87" para="1" sent="10">was</wf>
    <wf wid="w_88" para="1" sent="10">wel</wf>
    <wf wid="w_89" para="1" sent="10">best</wf>
    <wf wid="w_90" para="1" sent="10">goed</wf>
    <wf wid="w_91" para="1" sent="10">.</wf>
    <wf wid="w_92" para="1" sent="11">Zwarte</wf>
    <wf wid="w_93" para="1" sent="11">koffie</wf>
    <wf wid="w_94" para="1" sent="11">was</wf>
    <wf wid="w_95" para="1" sent="11">erg</wf>
    <wf wid="w_96" para="1" sent="11">heftig</wf>
    <wf wid="w_97" para="1" sent="11">..</wf>
  </text>
  <terms>
    <term tid="t_1" lemma="smerige" type="open">
      <span>
        <target id="w_1"/>
      </span>
    </term>
    <term tid="t_2" lemma="," type="open">
      <span>
        <target id="w_2"/>
      </span>
    </term>
    <term tid="t_3" lemma="muffe" type="open">
      <span>
        <target id="w_3"/>
      </span>
    </term>
    <term tid="t_4" lemma="kamer" type="open">
      <span>
        <target id="w_4"/>
      </span>
    </term>
    <term tid="t_5" lemma="op" type="open">
      <span>
        <target id="w_5"/>
      </span>
    </term>
    <term tid="t_6" lemma="een" type="open">
      <span>
        <target id="w_6"/>
      </span>
    </term>
    <term tid="t_7" lemma="goede" type="open" pos="G">
      <span>
        <target id="w_7"/>
      </span>
      <sentiment polarity="positive" resource="VUA_olery_lexicon_nl_lmf"/>
    </term>
    <term tid="t_8" lemma="locatie" type="open">
      <span>
        <target id="w_8"/>
      </span>
    </term>
    <term tid="t_9" lemma=".." type="open">
      <span>
        <target id="w_9"/>
      </span>
    </term>
    <term tid="t_10" lemma="wij" type="open">
      <span>
        <target id="w_10"/>
      </span>
    </term>
    <term tid="t_11" lemma="hadden" type="open">
      <span>
        <target id="w_11"/>
      </span>
    </term>
    <term tid="t_12" lemma="een" type="open">
      <span>
        <target id="w_12"/>
      </span>
    </term>
    <term tid="t_13" lemma="vieze" type="open">
      <span>
        <target id="w_13"/>
      </span>
    </term>
    <term tid="t_14" lemma="kamer" type="open">
      <span>
        <target id="w_14"/>
      </span>
    </term>
    <term tid="t_15" lemma="," type="open">
      <span>
        <target id="w_15"/>
      </span>
    </term>
    <term tid="t_16" lemma="dekbedden" type="open">
      <span>
        <target id="w_16"/>
      </span>
    </term>
    <term tid="t_17" lemma="waren" type="open">
      <span>
        <target id="w_17"/>
      </span>
    </term>
    <term tid="t_18" lemma="vies" type="open" pos="G">
      <span>
        <target id="w_18"/>
      </span>
      <sentiment polarity="negative" resource="VUA_olery_lexicon_nl_lmf"/>
    </term>
    <term tid="t_19" lemma="." type="open">
      <span>
        <target id="w_19"/>
      </span>
    </term>
    <term tid="t_20" lemma="badkamer" type="open">
      <span>
        <target id="w_20"/>
      </span>
    </term>
    <term tid="t_21" lemma="was" type="open">
      <span>
        <target id="w_21"/>
      </span>
    </term>
    <term tid="t_22" lemma="ernom" type="open">
      <span>
        <target id="w_22"/>
      </span>
    </term>
    <term tid="t_23" lemma="schimmelig" type="open">
      <span>
        <target id="w_23"/>
      </span>
    </term>
    <term tid="t_24" lemma="," type="open">
      <span>
        <target id="w_24"/>
      </span>
    </term>
    <term tid="t_25" lemma="over" type="open">
      <span>
        <target id="w_25"/>
      </span>
    </term>
    <term tid="t_26" lemma="de" type="open">
      <span>
        <target id="w_26"/>
      </span>
    </term>
    <term tid="t_27" lemma="kamer" type="open">
      <span>
        <target id="w_27"/>
      </span>
    </term>
    <term tid="t_28" lemma="zelf" type="open">
      <span>
        <target id="w_28"/>
      </span>
    </term>
    <term tid="t_29" lemma="nog" type="open">
      <span>
        <target id="w_29"/>
      </span>
    </term>
    <term tid="t_30" lemma="niet" type="open">
      <span>
        <target id="w_30"/>
      </span>
      <sentiment sentiment_modifier="shifter" resource="VUA_olery_lexicon_nl_lmf"/>
    </term>
    <term tid="t_31" lemma="gesproken" type="open">
      <span>
        <target id="w_31"/>
      </span>
    </term>
    <term tid="t_32" lemma="." type="open">
      <span>
        <target id="w_32"/>
      </span>
    </term>
    <term tid="t_33" lemma="roosters" type="open">
      <span>
        <target id="w_33"/>
      </span>
    </term>
    <term tid="t_34" lemma="vol" type="open">
      <span>
        <target id="w_34"/>
      </span>
    </term>
    <term tid="t_35" lemma="stof" type="open" pos="N">
      <span>
        <target id="w_35"/>
      </span>
      <sentiment polarity="negative" resource="VUA_olery_lexicon_nl_lmf"/>
    </term>
    <term tid="t_36" lemma="," type="open">
      <span>
        <target id="w_36"/>
      </span>
    </term>
    <term tid="t_37" lemma="alles" type="open">
      <span>
        <target id="w_37"/>
      </span>
    </term>
    <term tid="t_38" lemma="rook" type="open" pos="N">
      <span>
        <target id="w_38"/>
      </span>
      <sentiment polarity="negative" resource="VUA_olery_lexicon_nl_lmf"/>
    </term>
    <term tid="t_39" lemma="zuur" type="open">
      <span>
        <target id="w_39"/>
      </span>
    </term>
    <term tid="t_40" lemma="." type="open">
      <span>
        <target id="w_40"/>
      </span>
    </term>
    <term tid="t_41" lemma="douchegordijn" type="open">
      <span>
        <target id="w_41"/>
      </span>
    </term>
    <term tid="t_42" lemma="was" type="open">
      <span>
        <target id="w_42"/>
      </span>
    </term>
    <term tid="t_43" lemma="oranje" type="open">
      <span>
        <target id="w_43"/>
      </span>
    </term>
    <term tid="t_44" lemma="uitgeslagen" type="open">
      <span>
        <target id="w_44"/>
      </span>
    </term>
    <term tid="t_45" lemma="eveneens" type="open">
      <span>
        <target id="w_45"/>
      </span>
    </term>
    <term tid="t_46" lemma="al" type="open">
      <span>
        <target id="w_46"/>
      </span>
    </term>
    <term tid="t_47" lemma="het" type="open">
      <span>
        <target id="w_47"/>
      </span>
    </term>
    <term tid="t_48" lemma="toilet" type="open">
      <span>
        <target id="w_48"/>
      </span>
    </term>
    <term tid="t_49" lemma="." type="open">
      <span>
        <target id="w_49"/>
      </span>
    </term>
    <term tid="t_50" lemma="muffe" type="open">
      <span>
        <target id="w_50"/>
      </span>
    </term>
    <term tid="t_51" lemma="vochtige" type="open">
      <span>
        <target id="w_51"/>
      </span>
    </term>
    <term tid="t_52" lemma="lucht" type="open">
      <span>
        <target id="w_52"/>
      </span>
    </term>
    <term tid="t_53" lemma="in" type="open">
      <span>
        <target id="w_53"/>
      </span>
    </term>
    <term tid="t_54" lemma="de" type="open">
      <span>
        <target id="w_54"/>
      </span>
    </term>
    <term tid="t_55" lemma="kamer" type="open">
      <span>
        <target id="w_55"/>
      </span>
    </term>
    <term tid="t_56" lemma="." type="open">
      <span>
        <target id="w_56"/>
      </span>
    </term>
    <term tid="t_57" lemma="geen" type="open">
      <span>
        <target id="w_57"/>
      </span>
      <sentiment sentiment_modifier="shifter" resource="VUA_olery_lexicon_nl_lmf"/>
    </term>
    <term tid="t_58" lemma="prettig" type="open" pos="G">
      <span>
        <target id="w_58"/>
      </span>
      <sentiment polarity="positive" resource="VUA_olery_lexicon_nl_lmf"/>
    </term>
    <term tid="t_59" lemma="verblijf" type="open">
      <span>
        <target id="w_59"/>
      </span>
    </term>
    <term tid="t_60" lemma="en" type="open">
      <span>
        <target id="w_60"/>
      </span>
    </term>
    <term tid="t_61" lemma="we" type="open">
      <span>
        <target id="w_61"/>
      </span>
    </term>
    <term tid="t_62" lemma="zijn" type="open">
      <span>
        <target id="w_62"/>
      </span>
    </term>
    <term tid="t_63" lemma="er" type="open">
      <span>
        <target id="w_63"/>
      </span>
    </term>
    <term tid="t_64" lemma="dan" type="open">
      <span>
        <target id="w_64"/>
      </span>
    </term>
    <term tid="t_65" lemma="ook" type="open">
      <span>
        <target id="w_65"/>
      </span>
    </term>
    <term tid="t_66" lemma="ziek" type="open" pos="G">
      <span>
        <target id="w_66"/>
      </span>
      <sentiment polarity="negative" resource="VUA_olery_lexicon_nl_lmf"/>
    </term>
    <term tid="t_67" lemma="vertrokkken" type="open">
      <span>
        <target id="w_67"/>
      </span>
    </term>
    <term tid="t_68" lemma="." type="open">
      <span>
        <target id="w_68"/>
      </span>
    </term>
    <term tid="t_69" lemma="geen" type="open">
      <span>
        <target id="w_69"/>
      </span>
      <sentiment sentiment_modifier="shifter" resource="VUA_olery_lexicon_nl_lmf"/>
    </term>
    <term tid="t_70" lemma="roomservice" type="open">
      <span>
        <target id="w_70"/>
      </span>
    </term>
    <term tid="t_71" lemma="," type="open">
      <span>
        <target id="w_71"/>
      </span>
    </term>
    <term tid="t_72" lemma="en" type="open">
      <span>
        <target id="w_72"/>
      </span>
    </term>
    <term tid="t_73" lemma="we" type="open">
      <span>
        <target id="w_73"/>
      </span>
    </term>
    <term tid="t_74" lemma="zaten" type="open">
      <span>
        <target id="w_74"/>
      </span>
    </term>
    <term tid="t_75" lemma="ook" type="open">
      <span>
        <target id="w_75"/>
      </span>
    </term>
    <term tid="t_76" lemma="nog" type="open">
      <span>
        <target id="w_76"/>
      </span>
    </term>
    <term tid="t_77" lemma="bij" type="open">
      <span>
        <target id="w_77"/>
      </span>
    </term>
    <term tid="t_78" lemma="een" type="open">
      <span>
        <target id="w_78"/>
      </span>
    </term>
    <term tid="t_79" lemma="bouwput" type="open" pos="N">
      <span>
        <target id="w_79"/>
      </span>
      <sentiment polarity="negative" resource="VUA_olery_lexicon_nl_lmf"/>
    </term>
    <term tid="t_80" lemma="." type="open">
      <span>
        <target id="w_80"/>
      </span>
    </term>
    <term tid="t_81" lemma="amper" type="open">
      <span>
        <target id="w_81"/>
      </span>
    </term>
    <term tid="t_82" lemma="de" type="open">
      <span>
        <target id="w_82"/>
      </span>
    </term>
    <term tid="t_83" lemma="ogen" type="open">
      <span>
        <target id="w_83"/>
      </span>
    </term>
    <term tid="t_84" lemma="dichtgedaan" type="open">
      <span>
        <target id="w_84"/>
      </span>
    </term>
    <term tid="t_85" lemma="." type="open">
      <span>
        <target id="w_85"/>
      </span>
    </term>
    <term tid="t_86" lemma="ontbijt" type="open">
      <span>
        <target id="w_86"/>
      </span>
    </term>
    <term tid="t_87" lemma="was" type="open">
      <span>
        <target id="w_87"/>
      </span>
    </term>
    <term tid="t_88" lemma="wel" type="open">
      <span>
        <target id="w_88"/>
      </span>
    </term>
    <term tid="t_89" lemma="best" type="open" pos="G">
      <span>
        <target id="w_89"/>
      </span>
      <sentiment polarity="positive" resource="VUA_olery_lexicon_nl_lmf"/>
    </term>
    <term tid="t_90" lemma="goed" type="open" pos="G">
      <span>
        <target id="w_90"/>
      </span>
      <sentiment polarity="positive" resource="VUA_olery_lexicon_nl_lmf"/>
    </term>
    <term tid="t_91" lemma="." type="open">
      <span>
        <target id="w_91"/>
      </span>
    </term>
    <term tid="t_92" lemma="zwarte" type="open">
      <span>
        <target id="w_92"/>
      </span>
    </term>
    <term tid="t_93" lemma="koffie" type="open">
      <span>
        <target id="w_93"/>
      </span>
    </term>
    <term tid="t_94" lemma="was" type="open">
      <span>
        <target id="w_94"/>
      </span>
    </term>
    <term tid="t_95" lemma="erg" type="open">
      <span>
        <target id="w_95"/>
      </span>
      <sentiment sentiment_modifier="intensifier" resource="VUA_olery_lexicon_nl_lmf"/>
    </term>
    <term tid="t_96" lemma="heftig" type="open">
      <span>
        <target id="w_96"/>
      </span>
    </term>
    <term tid="t_97" lemma=".." type="open">
      <span>
        <target id="w_97"/>
      </span>
    </term>
  </terms>
  <entities>
    <entity type="MISC" eid="e_1">
      <span>
        <target id="t_62"/>
      </span>
    </entity>
    <entity type="PER" eid="e_2">
      <span>
        <target id="t_61"/>
      </span>
      <span>
        <target id="t_73"/>
      </span>
    </entity>
    <entity type="ORG" eid="e_3">
      <span>
        <target id="t_4"/>
      </span>
      <span>
        <target id="t_14"/>
      </span>
      <span>
        <target id="t_27"/>
      </span>
      <span>
        <target id="t_55"/>
      </span>
    </entity>
    <entity type="PER" eid="e_4">
      <span>
        <target id="t_89"/>
      </span>
    </entity>
    <entity type="ORG" eid="e_5">
      <span>
        <target id="t_43"/>
      </span>
    </entity>
  </entities>
  <properties>
    <property type="bathroom" pid="p_1">
      <span>
        <target id="t_20"/>
      </span>
      <span>
        <target id="t_41"/>
      </span>
      <span>
        <target id="t_48"/>
      </span>
    </property>
    <property type="noise" pid="p_2">
      <span>
        <target id="t_79"/>
      </span>
    </property>
    <property type="room" pid="p_3">
      <span>
        <target id="t_4"/>
      </span>
      <span>
        <target id="t_14"/>
      </span>
      <span>
        <target id="t_27"/>
      </span>
      <span>
        <target id="t_55"/>
      </span>
    </property>
    <property type="restaurant" pid="p_4">
      <span>
        <target id="t_86"/>
      </span>
      <span>
        <target id="t_93"/>
      </span>
    </property>
    <property type="cleanliness" pid="p_5">
      <span>
        <target id="t_18"/>
      </span>
      <span>
        <target id="t_35"/>
      </span>
      <span>
        <target id="t_38"/>
      </span>
    </property>
    <property type="location" pid="p_6">
      <span>
        <target id="t_8"/>
      </span>
    </property>
    <property type="staff" pid="p_7">
      <span>
        <target id="t_70"/>
      </span>
    </property>
  </properties>
  <opinions>
    <opinion oid="o_1">
      <opinion_target>
        <span>
          <target id="t_8"/>
        </span>
      </opinion_target>
      <opinion_expression polarity="positive" strength="1">
        <span>
          <target id="t_7"/>
        </span>
      </opinion_expression>
    </opinion>
    <opinion oid="o_2">
      <opinion_target>
        <span>
          <target id="t_16"/>
        </span>
      </opinion_target>
      <opinion_expression polarity="negative" strength="-1">
        <span>
          <target id="t_18"/>
        </span>
      </opinion_expression>
    </opinion>
    <opinion oid="o_3">
      <opinion_target>
        <span>
          <target id="t_34"/>
        </span>
      </opinion_target>
      <opinion_expression polarity="negative" strength="-1">
        <span>
          <target id="t_35"/>
        </span>
      </opinion_expression>
    </opinion>
    <opinion oid="o_4">
      <opinion_target>
        <span>
          <target id="t_39"/>
        </span>
      </opinion_target>
      <opinion_expression polarity="negative" strength="-1">
        <span>
          <target id="t_38"/>
        </span>
      </opinion_expression>
    </opinion>
    <opinion oid="o_5">
      <opinion_holder>
        <span>
          <target id="t_61"/>
        </span>
      </opinion_holder>
      <opinion_target>
        <span>
          <target id="t_59"/>
        </span>
      </opinion_target>
      <opinion_expression polarity="negative" strength="-1">
        <span>
          <target id="t_58"/>
          <target id="t_57"/>
        </span>
      </opinion_expression>
    </opinion>
    <opinion oid="o_6">
      <opinion_holder>
        <span>
          <target id="t_61"/>
        </span>
      </opinion_holder>
      <opinion_target>
        <span>
          <target id="t_67"/>
        </span>
      </opinion_target>
      <opinion_expression polarity="negative" strength="-1">
        <span>
          <target id="t_66"/>
        </span>
      </opinion_expression>
    </opinion>
    <opinion oid="o_7">
      <opinion_target>
        <span>
          <target id="t_88"/>
        </span>
      </opinion_target>
      <opinion_expression polarity="positive" strength="2">
        <span>
          <target id="t_89"/>
          <target id="t_90"/>
        </span>
      </opinion_expression>
    </opinion>
  </opinions>
</KAF>
