<?xml version='1.0' encoding='UTF-8'?>
<KAF xml:lang="nl">
  <linguisticProcessors layer="text">
    <lp timestamp="2013-01-06T18:37:04CET" version="2.0" name="SentenceTokenizer"/>
  </linguisticProcessors>
  <linguisticProcessors layer="terms">
    <lp timestamp="2013-01-06T18:37:04CET" version="2.0" name="SentenceTokenizer"/>
    <lp timestamp="2013-01-06T18:37:04CET" version="1.0" name="SimplePolarityTagger"/>
  </linguisticProcessors>
  <linguisticProcessor layer="opinions">
    <lp timestamp="2013-01-06T18:37:04CET" version="1.0" name="SimpleOpinionDetector"/>
  </linguisticProcessor>
  <linguisticProcessor layer="properties">
    <lp timestamp="2013-01-06T18:37:04CET" version="1.0" name="SimplePropRecognizer_lookup"/>
  </linguisticProcessor>
  <linguisticProcessor layer="entities">
    <lp timestamp="2013-01-06T18:37:04CET" version="1.0" name="SimpleNER_lookup"/>
  </linguisticProcessor>
  <text>
    <wf wid="w_1" para="1" sent="1">Gelukkig</wf>
    <wf wid="w_2" para="1" sent="1">maar</wf>
    <wf wid="w_3" para="1" sent="1">1</wf>
    <wf wid="w_4" para="1" sent="1">nacht</wf>
    <wf wid="w_5" para="1" sent="1">!.</wf>
    <wf wid="w_6" para="1" sent="2">In</wf>
    <wf wid="w_7" para="1" sent="2">het</wf>
    <wf wid="w_8" para="1" sent="2">hotel</wf>
    <wf wid="w_9" para="1" sent="2">zelf</wf>
    <wf wid="w_10" para="1" sent="2">totaal</wf>
    <wf wid="w_11" para="1" sent="2">geen</wf>
    <wf wid="w_12" para="1" sent="2">luxe</wf>
    <wf wid="w_13" para="1" sent="2">te</wf>
    <wf wid="w_14" para="1" sent="2">vinden</wf>
    <wf wid="w_15" para="1" sent="2">.</wf>
    <wf wid="w_16" para="1" sent="3">Zeer</wf>
    <wf wid="w_17" para="1" sent="3">gehorig</wf>
    <wf wid="w_18" para="1" sent="3">.</wf>
    <wf wid="w_19" para="1" sent="4">Bed</wf>
    <wf wid="w_20" para="1" sent="4">was</wf>
    <wf wid="w_21" para="1" sent="4">doorgezakt</wf>
    <wf wid="w_22" para="1" sent="4">,</wf>
    <wf wid="w_23" para="1" sent="4">lag</wf>
    <wf wid="w_24" para="1" sent="4">een</wf>
    <wf wid="w_25" para="1" sent="4">plank</wf>
    <wf wid="w_26" para="1" sent="4">onder</wf>
    <wf wid="w_27" para="1" sent="4">de</wf>
    <wf wid="w_28" para="1" sent="4">matras</wf>
    <wf wid="w_29" para="1" sent="4">geschoven</wf>
    <wf wid="w_30" para="1" sent="4">.</wf>
    <wf wid="w_31" para="1" sent="5">Badkamer</wf>
    <wf wid="w_32" para="1" sent="5">vies</wf>
    <wf wid="w_33" para="1" sent="5">en</wf>
    <wf wid="w_34" para="1" sent="5">oud</wf>
    <wf wid="w_35" para="1" sent="5">,</wf>
    <wf wid="w_36" para="1" sent="5">gelukkig</wf>
    <wf wid="w_37" para="1" sent="5">hadden</wf>
    <wf wid="w_38" para="1" sent="5">we</wf>
    <wf wid="w_39" para="1" sent="5">maar</wf>
    <wf wid="w_40" para="1" sent="5">1</wf>
    <wf wid="w_41" para="1" sent="5">nacht</wf>
    <wf wid="w_42" para="1" sent="5">geboekt</wf>
    <wf wid="w_43" para="1" sent="5">,</wf>
    <wf wid="w_44" para="1" sent="5">zodat</wf>
    <wf wid="w_45" para="1" sent="5">we</wf>
    <wf wid="w_46" para="1" sent="5">thuis</wf>
    <wf wid="w_47" para="1" sent="5">weer</wf>
    <wf wid="w_48" para="1" sent="5">in</wf>
    <wf wid="w_49" para="1" sent="5">bad</wf>
    <wf wid="w_50" para="1" sent="5">konden</wf>
    <wf wid="w_51" para="1" sent="5">gaan</wf>
    <wf wid="w_52" para="1" sent="5">.Dit</wf>
    <wf wid="w_53" para="1" sent="5">was</wf>
    <wf wid="w_54" para="1" sent="5">het</wf>
    <wf wid="w_55" para="1" sent="5">geld</wf>
    <wf wid="w_56" para="1" sent="5">absoluut</wf>
    <wf wid="w_57" para="1" sent="5">niet</wf>
    <wf wid="w_58" para="1" sent="5">waard</wf>
    <wf wid="w_59" para="1" sent="5">.</wf>
  </text>
  <terms>
    <term tid="t_1" lemma="gelukkig" type="open" pos="G">
      <span>
        <target id="w_1"/>
      </span>
      <sentiment polarity="positive" resource="VUA_olery_lexicon_nl_lmf"/>
    </term>
    <term tid="t_2" lemma="maar" type="open">
      <span>
        <target id="w_2"/>
      </span>
    </term>
    <term tid="t_3" lemma="1" type="open">
      <span>
        <target id="w_3"/>
      </span>
    </term>
    <term tid="t_4" lemma="nacht" type="open">
      <span>
        <target id="w_4"/>
      </span>
    </term>
    <term tid="t_5" lemma="!." type="open">
      <span>
        <target id="w_5"/>
      </span>
    </term>
    <term tid="t_6" lemma="in" type="open">
      <span>
        <target id="w_6"/>
      </span>
    </term>
    <term tid="t_7" lemma="het" type="open">
      <span>
        <target id="w_7"/>
      </span>
    </term>
    <term tid="t_8" lemma="hotel" type="open">
      <span>
        <target id="w_8"/>
      </span>
    </term>
    <term tid="t_9" lemma="zelf" type="open">
      <span>
        <target id="w_9"/>
      </span>
    </term>
    <term tid="t_10" lemma="totaal" type="open">
      <span>
        <target id="w_10"/>
      </span>
      <sentiment sentiment_modifier="intensifier" resource="VUA_olery_lexicon_nl_lmf"/>
    </term>
    <term tid="t_11" lemma="geen" type="open">
      <span>
        <target id="w_11"/>
      </span>
      <sentiment sentiment_modifier="shifter" resource="VUA_olery_lexicon_nl_lmf"/>
    </term>
    <term tid="t_12" lemma="luxe" type="open" pos="N">
      <span>
        <target id="w_12"/>
      </span>
      <sentiment polarity="positive" resource="VUA_olery_lexicon_nl_lmf"/>
    </term>
    <term tid="t_13" lemma="te" type="open">
      <span>
        <target id="w_13"/>
      </span>
    </term>
    <term tid="t_14" lemma="vinden" type="open">
      <span>
        <target id="w_14"/>
      </span>
    </term>
    <term tid="t_15" lemma="." type="open">
      <span>
        <target id="w_15"/>
      </span>
    </term>
    <term tid="t_16" lemma="zeer" type="open">
      <span>
        <target id="w_16"/>
      </span>
      <sentiment sentiment_modifier="intensifier" resource="VUA_olery_lexicon_nl_lmf"/>
    </term>
    <term tid="t_17" lemma="gehorig" type="open" pos="G">
      <span>
        <target id="w_17"/>
      </span>
      <sentiment polarity="negative" resource="VUA_olery_lexicon_nl_lmf"/>
    </term>
    <term tid="t_18" lemma="." type="open">
      <span>
        <target id="w_18"/>
      </span>
    </term>
    <term tid="t_19" lemma="bed" type="open">
      <span>
        <target id="w_19"/>
      </span>
    </term>
    <term tid="t_20" lemma="was" type="open">
      <span>
        <target id="w_20"/>
      </span>
    </term>
    <term tid="t_21" lemma="doorgezakt" type="open">
      <span>
        <target id="w_21"/>
      </span>
    </term>
    <term tid="t_22" lemma="," type="open">
      <span>
        <target id="w_22"/>
      </span>
    </term>
    <term tid="t_23" lemma="lag" type="open">
      <span>
        <target id="w_23"/>
      </span>
    </term>
    <term tid="t_24" lemma="een" type="open">
      <span>
        <target id="w_24"/>
      </span>
    </term>
    <term tid="t_25" lemma="plank" type="open">
      <span>
        <target id="w_25"/>
      </span>
    </term>
    <term tid="t_26" lemma="onder" type="open">
      <span>
        <target id="w_26"/>
      </span>
    </term>
    <term tid="t_27" lemma="de" type="open">
      <span>
        <target id="w_27"/>
      </span>
    </term>
    <term tid="t_28" lemma="matras" type="open">
      <span>
        <target id="w_28"/>
      </span>
    </term>
    <term tid="t_29" lemma="geschoven" type="open">
      <span>
        <target id="w_29"/>
      </span>
    </term>
    <term tid="t_30" lemma="." type="open">
      <span>
        <target id="w_30"/>
      </span>
    </term>
    <term tid="t_31" lemma="badkamer" type="open">
      <span>
        <target id="w_31"/>
      </span>
    </term>
    <term tid="t_32" lemma="vies" type="open" pos="G">
      <span>
        <target id="w_32"/>
      </span>
      <sentiment polarity="negative" resource="VUA_olery_lexicon_nl_lmf"/>
    </term>
    <term tid="t_33" lemma="en" type="open">
      <span>
        <target id="w_33"/>
      </span>
    </term>
    <term tid="t_34" lemma="oud" type="open">
      <span>
        <target id="w_34"/>
      </span>
    </term>
    <term tid="t_35" lemma="," type="open">
      <span>
        <target id="w_35"/>
      </span>
    </term>
    <term tid="t_36" lemma="gelukkig" type="open" pos="G">
      <span>
        <target id="w_36"/>
      </span>
      <sentiment polarity="positive" resource="VUA_olery_lexicon_nl_lmf"/>
    </term>
    <term tid="t_37" lemma="hadden" type="open">
      <span>
        <target id="w_37"/>
      </span>
    </term>
    <term tid="t_38" lemma="we" type="open">
      <span>
        <target id="w_38"/>
      </span>
    </term>
    <term tid="t_39" lemma="maar" type="open">
      <span>
        <target id="w_39"/>
      </span>
    </term>
    <term tid="t_40" lemma="1" type="open">
      <span>
        <target id="w_40"/>
      </span>
    </term>
    <term tid="t_41" lemma="nacht" type="open">
      <span>
        <target id="w_41"/>
      </span>
    </term>
    <term tid="t_42" lemma="geboekt" type="open">
      <span>
        <target id="w_42"/>
      </span>
    </term>
    <term tid="t_43" lemma="," type="open">
      <span>
        <target id="w_43"/>
      </span>
    </term>
    <term tid="t_44" lemma="zodat" type="open">
      <span>
        <target id="w_44"/>
      </span>
    </term>
    <term tid="t_45" lemma="we" type="open">
      <span>
        <target id="w_45"/>
      </span>
    </term>
    <term tid="t_46" lemma="thuis" type="open">
      <span>
        <target id="w_46"/>
      </span>
    </term>
    <term tid="t_47" lemma="weer" type="open">
      <span>
        <target id="w_47"/>
      </span>
    </term>
    <term tid="t_48" lemma="in" type="open">
      <span>
        <target id="w_48"/>
      </span>
    </term>
    <term tid="t_49" lemma="bad" type="open">
      <span>
        <target id="w_49"/>
      </span>
    </term>
    <term tid="t_50" lemma="konden" type="open">
      <span>
        <target id="w_50"/>
      </span>
    </term>
    <term tid="t_51" lemma="gaan" type="open">
      <span>
        <target id="w_51"/>
      </span>
    </term>
    <term tid="t_52" lemma=".dit" type="open">
      <span>
        <target id="w_52"/>
      </span>
    </term>
    <term tid="t_53" lemma="was" type="open">
      <span>
        <target id="w_53"/>
      </span>
    </term>
    <term tid="t_54" lemma="het" type="open">
      <span>
        <target id="w_54"/>
      </span>
    </term>
    <term tid="t_55" lemma="geld" type="open">
      <span>
        <target id="w_55"/>
      </span>
    </term>
    <term tid="t_56" lemma="absoluut" type="open">
      <span>
        <target id="w_56"/>
      </span>
      <sentiment sentiment_modifier="intensifier" resource="VUA_olery_lexicon_nl_lmf"/>
    </term>
    <term tid="t_57" lemma="niet" type="open">
      <span>
        <target id="w_57"/>
      </span>
      <sentiment sentiment_modifier="shifter" resource="VUA_olery_lexicon_nl_lmf"/>
    </term>
    <term tid="t_58" lemma="waard" type="open">
      <span>
        <target id="w_58"/>
      </span>
    </term>
    <term tid="t_59" lemma="." type="open">
      <span>
        <target id="w_59"/>
      </span>
    </term>
  </terms>
  <entities>
    <entity type="PER" eid="e_1">
      <span>
        <target id="t_3"/>
      </span>
      <span>
        <target id="t_40"/>
      </span>
    </entity>
    <entity type="PER" eid="e_2">
      <span>
        <target id="t_38"/>
      </span>
      <span>
        <target id="t_45"/>
      </span>
    </entity>
  </entities>
  <properties>
    <property type="cleanliness" pid="p_1">
      <span>
        <target id="t_32"/>
      </span>
    </property>
    <property type="value_for_money" pid="p_2">
      <span>
        <target id="t_55"/>
      </span>
    </property>
    <property type="bathroom" pid="p_3">
      <span>
        <target id="t_31"/>
      </span>
      <span>
        <target id="t_49"/>
      </span>
    </property>
    <property type="noise" pid="p_4">
      <span>
        <target id="t_17"/>
      </span>
    </property>
    <property type="sleeping_comfort" pid="p_5">
      <span>
        <target id="t_19"/>
      </span>
      <span>
        <target id="t_28"/>
      </span>
    </property>
  </properties>
  <opinions>
    <opinion oid="o_1">
      <opinion_target>
        <span>
          <target id="t_4"/>
        </span>
      </opinion_target>
      <opinion_expression polarity="positive" strength="1">
        <span>
          <target id="t_1"/>
        </span>
      </opinion_expression>
    </opinion>
    <opinion oid="o_2">
      <opinion_target>
        <span>
          <target id="t_14"/>
        </span>
      </opinion_target>
      <opinion_expression polarity="negative" strength="-2">
        <span>
          <target id="t_12"/>
          <target id="t_11"/>
          <target id="t_10"/>
        </span>
      </opinion_expression>
    </opinion>
    <opinion oid="o_3">
      <opinion_holder>
        <span>
          <target id="t_38"/>
        </span>
      </opinion_holder>
      <opinion_target>
        <span>
          <target id="t_34"/>
        </span>
      </opinion_target>
      <opinion_expression polarity="negative" strength="-1">
        <span>
          <target id="t_32"/>
        </span>
      </opinion_expression>
    </opinion>
    <opinion oid="o_4">
      <opinion_holder>
        <span>
          <target id="t_38"/>
        </span>
      </opinion_holder>
      <opinion_target>
        <span>
          <target id="t_37"/>
        </span>
      </opinion_target>
      <opinion_expression polarity="positive" strength="1">
        <span>
          <target id="t_36"/>
        </span>
      </opinion_expression>
    </opinion>
  </opinions>
</KAF>
