<?xml version='1.0' encoding='UTF-8'?>
<KAF xml:lang="nl">
  <linguisticProcessors layer="text">
    <lp timestamp="2013-01-06T18:30:16CET" version="2.0" name="SentenceTokenizer"/>
  </linguisticProcessors>
  <linguisticProcessors layer="terms">
    <lp timestamp="2013-01-06T18:30:16CET" version="2.0" name="SentenceTokenizer"/>
    <lp timestamp="2013-01-06T18:30:16CET" version="1.0" name="SimplePolarityTagger"/>
  </linguisticProcessors>
  <linguisticProcessor layer="opinions">
    <lp timestamp="2013-01-06T18:30:16CET" version="1.0" name="SimpleOpinionDetector"/>
  </linguisticProcessor>
  <linguisticProcessor layer="properties">
    <lp timestamp="2013-01-06T18:30:16CET" version="1.0" name="SimplePropRecognizer_lookup"/>
  </linguisticProcessor>
  <linguisticProcessor layer="entities">
    <lp timestamp="2013-01-06T18:30:16CET" version="1.0" name="SimpleNER_lookup"/>
  </linguisticProcessor>
  <text>
    <wf wid="w_1" para="1" sent="1">De</wf>
    <wf wid="w_2" para="1" sent="1">ligging</wf>
    <wf wid="w_3" para="1" sent="1">,</wf>
    <wf wid="w_4" para="1" sent="1">het</wf>
    <wf wid="w_5" para="1" sent="1">personeel</wf>
    <wf wid="w_6" para="1" sent="1">,</wf>
    <wf wid="w_7" para="1" sent="1">het</wf>
    <wf wid="w_8" para="1" sent="1">hele</wf>
    <wf wid="w_9" para="1" sent="1">hotel</wf>
    <wf wid="w_10" para="1" sent="1">is</wf>
    <wf wid="w_11" para="1" sent="1">netjes</wf>
    <wf wid="w_12" para="1" sent="1">en</wf>
    <wf wid="w_13" para="1" sent="1">schoon</wf>
    <wf wid="w_14" para="1" sent="1">en</wf>
    <wf wid="w_15" para="1" sent="1">bied</wf>
    <wf wid="w_16" para="1" sent="1">rust</wf>
    <wf wid="w_17" para="1" sent="1">en</wf>
    <wf wid="w_18" para="1" sent="1">alle</wf>
    <wf wid="w_19" para="1" sent="1">faciliteiten</wf>
    <wf wid="w_20" para="1" sent="1">die</wf>
    <wf wid="w_21" para="1" sent="1">je</wf>
    <wf wid="w_22" para="1" sent="1">nodig</wf>
    <wf wid="w_23" para="1" sent="1">hebt</wf>
    <wf wid="w_24" para="1" sent="1">,</wf>
    <wf wid="w_25" para="1" sent="1">.</wf>
    <wf wid="w_26" para="1" sent="2">De</wf>
    <wf wid="w_27" para="1" sent="2">gang</wf>
    <wf wid="w_28" para="1" sent="2">boven</wf>
    <wf wid="w_29" para="1" sent="2">ziet</wf>
    <wf wid="w_30" para="1" sent="2">er</wf>
    <wf wid="w_31" para="1" sent="2">wat</wf>
    <wf wid="w_32" para="1" sent="2">troosteloos</wf>
    <wf wid="w_33" para="1" sent="2">uit</wf>
    <wf wid="w_34" para="1" sent="2">en</wf>
    <wf wid="w_35" para="1" sent="2">mag</wf>
    <wf wid="w_36" para="1" sent="2">best</wf>
    <wf wid="w_37" para="1" sent="2">een</wf>
    <wf wid="w_38" para="1" sent="2">beetje</wf>
    <wf wid="w_39" para="1" sent="2">opgeknapt</wf>
    <wf wid="w_40" para="1" sent="2">.</wf>
  </text>
  <terms>
    <term tid="t_1" lemma="de" type="open">
      <span>
        <target id="w_1"/>
      </span>
    </term>
    <term tid="t_2" lemma="ligging" type="open">
      <span>
        <target id="w_2"/>
      </span>
    </term>
    <term tid="t_3" lemma="," type="open">
      <span>
        <target id="w_3"/>
      </span>
    </term>
    <term tid="t_4" lemma="het" type="open">
      <span>
        <target id="w_4"/>
      </span>
    </term>
    <term tid="t_5" lemma="personeel" type="open">
      <span>
        <target id="w_5"/>
      </span>
    </term>
    <term tid="t_6" lemma="," type="open">
      <span>
        <target id="w_6"/>
      </span>
    </term>
    <term tid="t_7" lemma="het" type="open">
      <span>
        <target id="w_7"/>
      </span>
    </term>
    <term tid="t_8" lemma="hele" type="open">
      <span>
        <target id="w_8"/>
      </span>
    </term>
    <term tid="t_9" lemma="hotel" type="open">
      <span>
        <target id="w_9"/>
      </span>
    </term>
    <term tid="t_10" lemma="is" type="open">
      <span>
        <target id="w_10"/>
      </span>
    </term>
    <term tid="t_11" lemma="netjes" type="open" pos="G">
      <span>
        <target id="w_11"/>
      </span>
      <sentiment polarity="positive" resource="VUA_olery_lexicon_nl_lmf"/>
    </term>
    <term tid="t_12" lemma="en" type="open">
      <span>
        <target id="w_12"/>
      </span>
    </term>
    <term tid="t_13" lemma="schoon" type="open" pos="G">
      <span>
        <target id="w_13"/>
      </span>
      <sentiment polarity="positive" resource="VUA_olery_lexicon_nl_lmf"/>
    </term>
    <term tid="t_14" lemma="en" type="open">
      <span>
        <target id="w_14"/>
      </span>
    </term>
    <term tid="t_15" lemma="bied" type="open">
      <span>
        <target id="w_15"/>
      </span>
    </term>
    <term tid="t_16" lemma="rust" type="open" pos="N">
      <span>
        <target id="w_16"/>
      </span>
      <sentiment polarity="positive" resource="VUA_olery_lexicon_nl_lmf"/>
    </term>
    <term tid="t_17" lemma="en" type="open">
      <span>
        <target id="w_17"/>
      </span>
    </term>
    <term tid="t_18" lemma="alle" type="open">
      <span>
        <target id="w_18"/>
      </span>
    </term>
    <term tid="t_19" lemma="faciliteiten" type="open">
      <span>
        <target id="w_19"/>
      </span>
    </term>
    <term tid="t_20" lemma="die" type="open">
      <span>
        <target id="w_20"/>
      </span>
    </term>
    <term tid="t_21" lemma="je" type="open">
      <span>
        <target id="w_21"/>
      </span>
    </term>
    <term tid="t_22" lemma="nodig" type="open">
      <span>
        <target id="w_22"/>
      </span>
    </term>
    <term tid="t_23" lemma="hebt" type="open">
      <span>
        <target id="w_23"/>
      </span>
    </term>
    <term tid="t_24" lemma="," type="open">
      <span>
        <target id="w_24"/>
      </span>
    </term>
    <term tid="t_25" lemma="." type="open">
      <span>
        <target id="w_25"/>
      </span>
    </term>
    <term tid="t_26" lemma="de" type="open">
      <span>
        <target id="w_26"/>
      </span>
    </term>
    <term tid="t_27" lemma="gang" type="open">
      <span>
        <target id="w_27"/>
      </span>
    </term>
    <term tid="t_28" lemma="boven" type="open">
      <span>
        <target id="w_28"/>
      </span>
    </term>
    <term tid="t_29" lemma="ziet" type="open">
      <span>
        <target id="w_29"/>
      </span>
    </term>
    <term tid="t_30" lemma="er" type="open">
      <span>
        <target id="w_30"/>
      </span>
    </term>
    <term tid="t_31" lemma="wat" type="open">
      <span>
        <target id="w_31"/>
      </span>
    </term>
    <term tid="t_32" lemma="troosteloos" type="open">
      <span>
        <target id="w_32"/>
      </span>
    </term>
    <term tid="t_33" lemma="uit" type="open">
      <span>
        <target id="w_33"/>
      </span>
    </term>
    <term tid="t_34" lemma="en" type="open">
      <span>
        <target id="w_34"/>
      </span>
    </term>
    <term tid="t_35" lemma="mag" type="open">
      <span>
        <target id="w_35"/>
      </span>
    </term>
    <term tid="t_36" lemma="best" type="open" pos="G">
      <span>
        <target id="w_36"/>
      </span>
      <sentiment polarity="positive" resource="VUA_olery_lexicon_nl_lmf"/>
    </term>
    <term tid="t_37" lemma="een" type="open">
      <span>
        <target id="w_37"/>
      </span>
    </term>
    <term tid="t_38" lemma="beetje" type="open">
      <span>
        <target id="w_38"/>
      </span>
    </term>
    <term tid="t_39" lemma="opgeknapt" type="open">
      <span>
        <target id="w_39"/>
      </span>
    </term>
    <term tid="t_40" lemma="." type="open">
      <span>
        <target id="w_40"/>
      </span>
    </term>
  </terms>
  <entities>
    <entity type="PER" eid="e_1">
      <span>
        <target id="t_28"/>
      </span>
    </entity>
    <entity type="PER" eid="e_2">
      <span>
        <target id="t_36"/>
      </span>
    </entity>
  </entities>
  <properties>
    <property type="cleanliness" pid="p_1">
      <span>
        <target id="t_13"/>
      </span>
    </property>
    <property type="room" pid="p_2">
      <span>
        <target id="t_11"/>
      </span>
    </property>
    <property type="location" pid="p_3">
      <span>
        <target id="t_2"/>
      </span>
    </property>
    <property type="staff" pid="p_4">
      <span>
        <target id="t_5"/>
      </span>
    </property>
  </properties>
  <opinions>
    <opinion oid="o_1">
      <opinion_target>
        <span>
          <target id="t_15"/>
        </span>
      </opinion_target>
      <opinion_expression polarity="positive" strength="2">
        <span>
          <target id="t_11"/>
          <target id="t_13"/>
        </span>
      </opinion_expression>
    </opinion>
    <opinion oid="o_2">
      <opinion_target>
        <span>
          <target id="t_18"/>
        </span>
      </opinion_target>
      <opinion_expression polarity="positive" strength="1">
        <span>
          <target id="t_16"/>
        </span>
      </opinion_expression>
    </opinion>
    <opinion oid="o_3">
      <opinion_target>
        <span>
          <target id="t_38"/>
        </span>
      </opinion_target>
      <opinion_expression polarity="positive" strength="1">
        <span>
          <target id="t_36"/>
        </span>
      </opinion_expression>
    </opinion>
  </opinions>
</KAF>
