<?xml version='1.0' encoding='UTF-8'?>
<KAF xml:lang="nl">
  <linguisticProcessors layer="text">
    <lp timestamp="2013-01-06T18:42:20CET" version="2.0" name="SentenceTokenizer"/>
  </linguisticProcessors>
  <linguisticProcessors layer="terms">
    <lp timestamp="2013-01-06T18:42:20CET" version="2.0" name="SentenceTokenizer"/>
    <lp timestamp="2013-01-06T18:42:20CET" version="1.0" name="SimplePolarityTagger"/>
  </linguisticProcessors>
  <linguisticProcessor layer="opinions">
    <lp timestamp="2013-01-06T18:42:20CET" version="1.0" name="SimpleOpinionDetector"/>
  </linguisticProcessor>
  <linguisticProcessor layer="properties">
    <lp timestamp="2013-01-06T18:42:20CET" version="1.0" name="SimplePropRecognizer_lookup"/>
  </linguisticProcessor>
  <linguisticProcessor layer="entities">
    <lp timestamp="2013-01-06T18:42:20CET" version="1.0" name="SimpleNER_lookup"/>
  </linguisticProcessor>
  <text>
    <wf wid="w_1" para="1" sent="1">Meeuwenmagneet</wf>
    <wf wid="w_2" para="1" sent="1">.</wf>
    <wf wid="w_3" para="1" sent="2">Meeuwenmagneet</wf>
    <wf wid="w_4" para="1" sent="2">op</wf>
    <wf wid="w_5" para="1" sent="2">het</wf>
    <wf wid="w_6" para="1" sent="2">Binnenwegplein</wf>
    <wf wid="w_7" para="1" sent="2">.</wf>
    <wf wid="w_8" para="1" sent="3">Doorsnee</wf>
    <wf wid="w_9" para="1" sent="3">friet</wf>
    <wf wid="w_10" para="1" sent="3">,</wf>
    <wf wid="w_11" para="1" sent="3">doorsnee</wf>
    <wf wid="w_12" para="1" sent="3">bediening</wf>
    <wf wid="w_13" para="1" sent="3">.</wf>
  </text>
  <terms>
    <term tid="t_1" lemma="meeuwenmagneet" type="open">
      <span>
        <target id="w_1"/>
      </span>
    </term>
    <term tid="t_2" lemma="." type="open">
      <span>
        <target id="w_2"/>
      </span>
    </term>
    <term tid="t_3" lemma="meeuwenmagneet" type="open">
      <span>
        <target id="w_3"/>
      </span>
    </term>
    <term tid="t_4" lemma="op" type="open">
      <span>
        <target id="w_4"/>
      </span>
    </term>
    <term tid="t_5" lemma="het" type="open">
      <span>
        <target id="w_5"/>
      </span>
    </term>
    <term tid="t_6" lemma="binnenwegplein" type="open">
      <span>
        <target id="w_6"/>
      </span>
    </term>
    <term tid="t_7" lemma="." type="open">
      <span>
        <target id="w_7"/>
      </span>
    </term>
    <term tid="t_8" lemma="doorsnee" type="open">
      <span>
        <target id="w_8"/>
      </span>
    </term>
    <term tid="t_9" lemma="friet" type="open">
      <span>
        <target id="w_9"/>
      </span>
    </term>
    <term tid="t_10" lemma="," type="open">
      <span>
        <target id="w_10"/>
      </span>
    </term>
    <term tid="t_11" lemma="doorsnee" type="open">
      <span>
        <target id="w_11"/>
      </span>
    </term>
    <term tid="t_12" lemma="bediening" type="open">
      <span>
        <target id="w_12"/>
      </span>
    </term>
    <term tid="t_13" lemma="." type="open">
      <span>
        <target id="w_13"/>
      </span>
    </term>
  </terms>
  <properties>
    <property type="staff" pid="p_1">
      <span>
        <target id="t_12"/>
      </span>
    </property>
  </properties>
</KAF>
