<?xml version='1.0' encoding='UTF-8'?>
<KAF xml:lang="nl">
  <linguisticProcessors layer="text">
    <lp timestamp="2013-01-06T18:31:26CET" version="2.0" name="SentenceTokenizer"/>
  </linguisticProcessors>
  <linguisticProcessors layer="terms">
    <lp timestamp="2013-01-06T18:31:26CET" version="2.0" name="SentenceTokenizer"/>
    <lp timestamp="2013-01-06T18:31:26CET" version="1.0" name="SimplePolarityTagger"/>
  </linguisticProcessors>
  <linguisticProcessor layer="opinions">
    <lp timestamp="2013-01-06T18:31:26CET" version="1.0" name="SimpleOpinionDetector"/>
  </linguisticProcessor>
  <linguisticProcessor layer="properties">
    <lp timestamp="2013-01-06T18:31:26CET" version="1.0" name="SimplePropRecognizer_lookup"/>
  </linguisticProcessor>
  <linguisticProcessor layer="entities">
    <lp timestamp="2013-01-06T18:31:26CET" version="1.0" name="SimpleNER_lookup"/>
  </linguisticProcessor>
  <text>
    <wf wid="w_1" para="1" sent="1">Mooi</wf>
    <wf wid="w_2" para="1" sent="1">gelegen</wf>
    <wf wid="w_3" para="1" sent="1">hotel</wf>
    <wf wid="w_4" para="1" sent="1">aan</wf>
    <wf wid="w_5" para="1" sent="1">de</wf>
    <wf wid="w_6" para="1" sent="1">rand</wf>
    <wf wid="w_7" para="1" sent="1">van</wf>
    <wf wid="w_8" para="1" sent="1">Brugge</wf>
    <wf wid="w_9" para="1" sent="1">.</wf>
    <wf wid="w_10" para="1" sent="2">Met</wf>
    <wf wid="w_11" para="1" sent="2">de</wf>
    <wf wid="w_12" para="1" sent="2">auto</wf>
    <wf wid="w_13" para="1" sent="2">ben</wf>
    <wf wid="w_14" para="1" sent="2">je</wf>
    <wf wid="w_15" para="1" sent="2">in</wf>
    <wf wid="w_16" para="1" sent="2">enkele</wf>
    <wf wid="w_17" para="1" sent="2">minuten</wf>
    <wf wid="w_18" para="1" sent="2">in</wf>
    <wf wid="w_19" para="1" sent="2">de</wf>
    <wf wid="w_20" para="1" sent="2">stad</wf>
    <wf wid="w_21" para="1" sent="2">waar</wf>
    <wf wid="w_22" para="1" sent="2">je</wf>
    <wf wid="w_23" para="1" sent="2">voordelig</wf>
    <wf wid="w_24" para="1" sent="2">kan</wf>
    <wf wid="w_25" para="1" sent="2">parkeren</wf>
    <wf wid="w_26" para="1" sent="2">bij</wf>
    <wf wid="w_27" para="1" sent="2">het</wf>
    <wf wid="w_28" para="1" sent="2">station</wf>
    <wf wid="w_29" para="1" sent="2">(</wf>
    <wf wid="w_30" para="1" sent="2">2</wf>
    <wf wid="w_31" para="1" sent="2">,</wf>
    <wf wid="w_32" para="1" sent="2">50</wf>
    <wf wid="w_33" para="1" sent="2">per</wf>
    <wf wid="w_34" para="1" sent="2">dag</wf>
    <wf wid="w_35" para="1" sent="2">)</wf>
    <wf wid="w_36" para="1" sent="2">.</wf>
    <wf wid="w_37" para="1" sent="3">Hotel</wf>
    <wf wid="w_38" para="1" sent="3">&amp;</wf>
    <wf wid="w_39" para="1" sent="3">kamer</wf>
    <wf wid="w_40" para="1" sent="3">is</wf>
    <wf wid="w_41" para="1" sent="3">eenvoudig</wf>
    <wf wid="w_42" para="1" sent="3">ingericht</wf>
    <wf wid="w_43" para="1" sent="3">,</wf>
    <wf wid="w_44" para="1" sent="3">netjes</wf>
    <wf wid="w_45" para="1" sent="3">&amp;</wf>
    <wf wid="w_46" para="1" sent="3">schoon</wf>
    <wf wid="w_47" para="1" sent="3">.</wf>
    <wf wid="w_48" para="1" sent="4">Groot</wf>
    <wf wid="w_49" para="1" sent="4">pluspunt</wf>
    <wf wid="w_50" para="1" sent="4">:</wf>
    <wf wid="w_51" para="1" sent="4">koffie</wf>
    <wf wid="w_52" para="1" sent="4">&amp;</wf>
    <wf wid="w_53" para="1" sent="4">thee</wf>
    <wf wid="w_54" para="1" sent="4">met</wf>
    <wf wid="w_55" para="1" sent="4">waterkoker</wf>
    <wf wid="w_56" para="1" sent="4">op</wf>
    <wf wid="w_57" para="1" sent="4">de</wf>
    <wf wid="w_58" para="1" sent="4">kamer</wf>
    <wf wid="w_59" para="1" sent="4">en</wf>
    <wf wid="w_60" para="1" sent="4">wordt</wf>
    <wf wid="w_61" para="1" sent="4">elke</wf>
    <wf wid="w_62" para="1" sent="4">dag</wf>
    <wf wid="w_63" para="1" sent="4">aangevuld</wf>
    <wf wid="w_64" para="1" sent="4">!!</wf>
    <wf wid="w_65" para="1" sent="5">Lekkere</wf>
    <wf wid="w_66" para="1" sent="5">bedden</wf>
    <wf wid="w_67" para="1" sent="5">.</wf>
    <wf wid="w_68" para="1" sent="6">Stil</wf>
    <wf wid="w_69" para="1" sent="6">&amp;</wf>
    <wf wid="w_70" para="1" sent="6">rustig</wf>
    <wf wid="w_71" para="1" sent="6">.</wf>
    <wf wid="w_72" para="1" sent="7">Ontbijt</wf>
    <wf wid="w_73" para="1" sent="7">was</wf>
    <wf wid="w_74" para="1" sent="7">prima</wf>
    <wf wid="w_75" para="1" sent="7">,</wf>
    <wf wid="w_76" para="1" sent="7">voldoende</wf>
    <wf wid="w_77" para="1" sent="7">keus</wf>
    <wf wid="w_78" para="1" sent="7">.</wf>
    <wf wid="w_79" para="1" sent="8">Zeer</wf>
    <wf wid="w_80" para="1" sent="8">kindvriendelijk</wf>
    <wf wid="w_81" para="1" sent="8">met</wf>
    <wf wid="w_82" para="1" sent="8">zwembad</wf>
    <wf wid="w_83" para="1" sent="8">,</wf>
    <wf wid="w_84" para="1" sent="8">speeltuintje</wf>
    <wf wid="w_85" para="1" sent="8">en</wf>
    <wf wid="w_86" para="1" sent="8">toen</wf>
    <wf wid="w_87" para="1" sent="8">wij</wf>
    <wf wid="w_88" para="1" sent="8">er</wf>
    <wf wid="w_89" para="1" sent="8">waren</wf>
    <wf wid="w_90" para="1" sent="8">ook</wf>
    <wf wid="w_91" para="1" sent="8">een</wf>
    <wf wid="w_92" para="1" sent="8">luchtkussen</wf>
    <wf wid="w_93" para="1" sent="8">.</wf>
  </text>
  <terms>
    <term tid="t_1" lemma="mooi" type="open" pos="G">
      <span>
        <target id="w_1"/>
      </span>
      <sentiment polarity="positive" resource="VUA_olery_lexicon_nl_lmf"/>
    </term>
    <term tid="t_2" lemma="gelegen" type="open">
      <span>
        <target id="w_2"/>
      </span>
    </term>
    <term tid="t_3" lemma="hotel" type="open">
      <span>
        <target id="w_3"/>
      </span>
    </term>
    <term tid="t_4" lemma="aan" type="open">
      <span>
        <target id="w_4"/>
      </span>
    </term>
    <term tid="t_5" lemma="de" type="open">
      <span>
        <target id="w_5"/>
      </span>
    </term>
    <term tid="t_6" lemma="rand" type="open">
      <span>
        <target id="w_6"/>
      </span>
    </term>
    <term tid="t_7" lemma="van" type="open">
      <span>
        <target id="w_7"/>
      </span>
    </term>
    <term tid="t_8" lemma="brugge" type="open">
      <span>
        <target id="w_8"/>
      </span>
    </term>
    <term tid="t_9" lemma="." type="open">
      <span>
        <target id="w_9"/>
      </span>
    </term>
    <term tid="t_10" lemma="met" type="open">
      <span>
        <target id="w_10"/>
      </span>
    </term>
    <term tid="t_11" lemma="de" type="open">
      <span>
        <target id="w_11"/>
      </span>
    </term>
    <term tid="t_12" lemma="auto" type="open">
      <span>
        <target id="w_12"/>
      </span>
    </term>
    <term tid="t_13" lemma="ben" type="open">
      <span>
        <target id="w_13"/>
      </span>
    </term>
    <term tid="t_14" lemma="je" type="open">
      <span>
        <target id="w_14"/>
      </span>
    </term>
    <term tid="t_15" lemma="in" type="open">
      <span>
        <target id="w_15"/>
      </span>
    </term>
    <term tid="t_16" lemma="enkele" type="open">
      <span>
        <target id="w_16"/>
      </span>
    </term>
    <term tid="t_17" lemma="minuten" type="open">
      <span>
        <target id="w_17"/>
      </span>
    </term>
    <term tid="t_18" lemma="in" type="open">
      <span>
        <target id="w_18"/>
      </span>
    </term>
    <term tid="t_19" lemma="de" type="open">
      <span>
        <target id="w_19"/>
      </span>
    </term>
    <term tid="t_20" lemma="stad" type="open">
      <span>
        <target id="w_20"/>
      </span>
    </term>
    <term tid="t_21" lemma="waar" type="open">
      <span>
        <target id="w_21"/>
      </span>
    </term>
    <term tid="t_22" lemma="je" type="open">
      <span>
        <target id="w_22"/>
      </span>
    </term>
    <term tid="t_23" lemma="voordelig" type="open" pos="G">
      <span>
        <target id="w_23"/>
      </span>
      <sentiment polarity="positive" resource="VUA_olery_lexicon_nl_lmf"/>
    </term>
    <term tid="t_24" lemma="kan" type="open">
      <span>
        <target id="w_24"/>
      </span>
    </term>
    <term tid="t_25" lemma="parkeren" type="open">
      <span>
        <target id="w_25"/>
      </span>
    </term>
    <term tid="t_26" lemma="bij" type="open">
      <span>
        <target id="w_26"/>
      </span>
    </term>
    <term tid="t_27" lemma="het" type="open">
      <span>
        <target id="w_27"/>
      </span>
    </term>
    <term tid="t_28" lemma="station" type="open">
      <span>
        <target id="w_28"/>
      </span>
    </term>
    <term tid="t_29" lemma="(" type="open">
      <span>
        <target id="w_29"/>
      </span>
    </term>
    <term tid="t_30" lemma="2" type="open">
      <span>
        <target id="w_30"/>
      </span>
    </term>
    <term tid="t_31" lemma="," type="open">
      <span>
        <target id="w_31"/>
      </span>
    </term>
    <term tid="t_32" lemma="50" type="open">
      <span>
        <target id="w_32"/>
      </span>
    </term>
    <term tid="t_33" lemma="per" type="open">
      <span>
        <target id="w_33"/>
      </span>
    </term>
    <term tid="t_34" lemma="dag" type="open">
      <span>
        <target id="w_34"/>
      </span>
    </term>
    <term tid="t_35" lemma=")" type="open">
      <span>
        <target id="w_35"/>
      </span>
    </term>
    <term tid="t_36" lemma="." type="open">
      <span>
        <target id="w_36"/>
      </span>
    </term>
    <term tid="t_37" lemma="hotel" type="open">
      <span>
        <target id="w_37"/>
      </span>
    </term>
    <term tid="t_38" lemma="&amp;" type="open">
      <span>
        <target id="w_38"/>
      </span>
    </term>
    <term tid="t_39" lemma="kamer" type="open">
      <span>
        <target id="w_39"/>
      </span>
    </term>
    <term tid="t_40" lemma="is" type="open">
      <span>
        <target id="w_40"/>
      </span>
    </term>
    <term tid="t_41" lemma="eenvoudig" type="open" pos="G">
      <span>
        <target id="w_41"/>
      </span>
      <sentiment polarity="positive" resource="VUA_olery_lexicon_nl_lmf"/>
    </term>
    <term tid="t_42" lemma="ingericht" type="open">
      <span>
        <target id="w_42"/>
      </span>
    </term>
    <term tid="t_43" lemma="," type="open">
      <span>
        <target id="w_43"/>
      </span>
    </term>
    <term tid="t_44" lemma="netjes" type="open" pos="G">
      <span>
        <target id="w_44"/>
      </span>
      <sentiment polarity="positive" resource="VUA_olery_lexicon_nl_lmf"/>
    </term>
    <term tid="t_45" lemma="&amp;" type="open">
      <span>
        <target id="w_45"/>
      </span>
    </term>
    <term tid="t_46" lemma="schoon" type="open" pos="G">
      <span>
        <target id="w_46"/>
      </span>
      <sentiment polarity="positive" resource="VUA_olery_lexicon_nl_lmf"/>
    </term>
    <term tid="t_47" lemma="." type="open">
      <span>
        <target id="w_47"/>
      </span>
    </term>
    <term tid="t_48" lemma="groot" type="open">
      <span>
        <target id="w_48"/>
      </span>
    </term>
    <term tid="t_49" lemma="pluspunt" type="open" pos="N">
      <span>
        <target id="w_49"/>
      </span>
      <sentiment polarity="positive" resource="VUA_olery_lexicon_nl_lmf"/>
    </term>
    <term tid="t_50" lemma=":" type="open">
      <span>
        <target id="w_50"/>
      </span>
    </term>
    <term tid="t_51" lemma="koffie" type="open">
      <span>
        <target id="w_51"/>
      </span>
    </term>
    <term tid="t_52" lemma="&amp;" type="open">
      <span>
        <target id="w_52"/>
      </span>
    </term>
    <term tid="t_53" lemma="thee" type="open">
      <span>
        <target id="w_53"/>
      </span>
    </term>
    <term tid="t_54" lemma="met" type="open">
      <span>
        <target id="w_54"/>
      </span>
    </term>
    <term tid="t_55" lemma="waterkoker" type="open">
      <span>
        <target id="w_55"/>
      </span>
    </term>
    <term tid="t_56" lemma="op" type="open">
      <span>
        <target id="w_56"/>
      </span>
    </term>
    <term tid="t_57" lemma="de" type="open">
      <span>
        <target id="w_57"/>
      </span>
    </term>
    <term tid="t_58" lemma="kamer" type="open">
      <span>
        <target id="w_58"/>
      </span>
    </term>
    <term tid="t_59" lemma="en" type="open">
      <span>
        <target id="w_59"/>
      </span>
    </term>
    <term tid="t_60" lemma="wordt" type="open">
      <span>
        <target id="w_60"/>
      </span>
    </term>
    <term tid="t_61" lemma="elke" type="open">
      <span>
        <target id="w_61"/>
      </span>
    </term>
    <term tid="t_62" lemma="dag" type="open">
      <span>
        <target id="w_62"/>
      </span>
    </term>
    <term tid="t_63" lemma="aangevuld" type="open">
      <span>
        <target id="w_63"/>
      </span>
    </term>
    <term tid="t_64" lemma="!!" type="open">
      <span>
        <target id="w_64"/>
      </span>
    </term>
    <term tid="t_65" lemma="lekkere" type="open">
      <span>
        <target id="w_65"/>
      </span>
    </term>
    <term tid="t_66" lemma="bedden" type="open">
      <span>
        <target id="w_66"/>
      </span>
    </term>
    <term tid="t_67" lemma="." type="open">
      <span>
        <target id="w_67"/>
      </span>
    </term>
    <term tid="t_68" lemma="stil" type="open" pos="G">
      <span>
        <target id="w_68"/>
      </span>
      <sentiment polarity="positive" resource="VUA_olery_lexicon_nl_lmf"/>
    </term>
    <term tid="t_69" lemma="&amp;" type="open">
      <span>
        <target id="w_69"/>
      </span>
    </term>
    <term tid="t_70" lemma="rustig" type="open" pos="G">
      <span>
        <target id="w_70"/>
      </span>
      <sentiment polarity="positive" resource="VUA_olery_lexicon_nl_lmf"/>
    </term>
    <term tid="t_71" lemma="." type="open">
      <span>
        <target id="w_71"/>
      </span>
    </term>
    <term tid="t_72" lemma="ontbijt" type="open">
      <span>
        <target id="w_72"/>
      </span>
    </term>
    <term tid="t_73" lemma="was" type="open">
      <span>
        <target id="w_73"/>
      </span>
    </term>
    <term tid="t_74" lemma="prima" type="open" pos="G">
      <span>
        <target id="w_74"/>
      </span>
      <sentiment polarity="positive" resource="VUA_olery_lexicon_nl_lmf"/>
    </term>
    <term tid="t_75" lemma="," type="open">
      <span>
        <target id="w_75"/>
      </span>
    </term>
    <term tid="t_76" lemma="voldoende" type="open" pos="G">
      <span>
        <target id="w_76"/>
      </span>
      <sentiment polarity="positive" resource="VUA_olery_lexicon_nl_lmf"/>
    </term>
    <term tid="t_77" lemma="keus" type="open">
      <span>
        <target id="w_77"/>
      </span>
    </term>
    <term tid="t_78" lemma="." type="open">
      <span>
        <target id="w_78"/>
      </span>
    </term>
    <term tid="t_79" lemma="zeer" type="open">
      <span>
        <target id="w_79"/>
      </span>
      <sentiment sentiment_modifier="intensifier" resource="VUA_olery_lexicon_nl_lmf"/>
    </term>
    <term tid="t_80" lemma="kindvriendelijk" type="open" pos="G">
      <span>
        <target id="w_80"/>
      </span>
      <sentiment polarity="positive" resource="VUA_olery_lexicon_nl_lmf"/>
    </term>
    <term tid="t_81" lemma="met" type="open">
      <span>
        <target id="w_81"/>
      </span>
    </term>
    <term tid="t_82" lemma="zwembad" type="open">
      <span>
        <target id="w_82"/>
      </span>
    </term>
    <term tid="t_83" lemma="," type="open">
      <span>
        <target id="w_83"/>
      </span>
    </term>
    <term tid="t_84" lemma="speeltuintje" type="open">
      <span>
        <target id="w_84"/>
      </span>
    </term>
    <term tid="t_85" lemma="en" type="open">
      <span>
        <target id="w_85"/>
      </span>
    </term>
    <term tid="t_86" lemma="toen" type="open">
      <span>
        <target id="w_86"/>
      </span>
    </term>
    <term tid="t_87" lemma="wij" type="open">
      <span>
        <target id="w_87"/>
      </span>
    </term>
    <term tid="t_88" lemma="er" type="open">
      <span>
        <target id="w_88"/>
      </span>
    </term>
    <term tid="t_89" lemma="waren" type="open">
      <span>
        <target id="w_89"/>
      </span>
    </term>
    <term tid="t_90" lemma="ook" type="open">
      <span>
        <target id="w_90"/>
      </span>
    </term>
    <term tid="t_91" lemma="een" type="open">
      <span>
        <target id="w_91"/>
      </span>
    </term>
    <term tid="t_92" lemma="luchtkussen" type="open">
      <span>
        <target id="w_92"/>
      </span>
    </term>
    <term tid="t_93" lemma="." type="open">
      <span>
        <target id="w_93"/>
      </span>
    </term>
  </terms>
  <entities>
    <entity type="PER" eid="e_1">
      <span>
        <target id="t_74"/>
      </span>
    </entity>
    <entity type="LOC" eid="e_2">
      <span>
        <target id="t_8"/>
      </span>
    </entity>
    <entity type="PER" eid="e_3">
      <span>
        <target id="t_7"/>
        <target id="t_8"/>
      </span>
    </entity>
    <entity type="ORG" eid="e_4">
      <span>
        <target id="t_39"/>
      </span>
      <span>
        <target id="t_58"/>
      </span>
    </entity>
  </entities>
  <properties>
    <property type="noise" pid="p_1">
      <span>
        <target id="t_68"/>
      </span>
    </property>
    <property type="room" pid="p_2">
      <span>
        <target id="t_39"/>
      </span>
      <span>
        <target id="t_44"/>
      </span>
      <span>
        <target id="t_58"/>
      </span>
    </property>
    <property type="restaurant" pid="p_3">
      <span>
        <target id="t_51"/>
      </span>
      <span>
        <target id="t_53"/>
      </span>
      <span>
        <target id="t_72"/>
      </span>
    </property>
    <property type="cleanliness" pid="p_4">
      <span>
        <target id="t_46"/>
      </span>
    </property>
    <property type="facilities" pid="p_5">
      <span>
        <target id="t_55"/>
      </span>
    </property>
    <property type="swimming_pool" pid="p_6">
      <span>
        <target id="t_82"/>
      </span>
    </property>
    <property type="location" pid="p_7">
      <span>
        <target id="t_20"/>
      </span>
      <span>
        <target id="t_28"/>
      </span>
    </property>
    <property type="parking" pid="p_8">
      <span>
        <target id="t_25"/>
      </span>
    </property>
  </properties>
  <opinions>
    <opinion oid="o_1">
      <opinion_target>
        <span>
          <target id="t_2"/>
        </span>
      </opinion_target>
      <opinion_expression polarity="positive" strength="1">
        <span>
          <target id="t_1"/>
        </span>
      </opinion_expression>
    </opinion>
    <opinion oid="o_2">
      <opinion_target>
        <span>
          <target id="t_25"/>
        </span>
      </opinion_target>
      <opinion_expression polarity="positive" strength="1">
        <span>
          <target id="t_23"/>
        </span>
      </opinion_expression>
    </opinion>
    <opinion oid="o_3">
      <opinion_target>
        <span>
          <target id="t_42"/>
        </span>
      </opinion_target>
      <opinion_expression polarity="positive" strength="1">
        <span>
          <target id="t_41"/>
        </span>
      </opinion_expression>
    </opinion>
    <opinion oid="o_4">
      <opinion_target>
        <span>
          <target id="t_51"/>
        </span>
      </opinion_target>
      <opinion_expression polarity="positive" strength="1">
        <span>
          <target id="t_49"/>
        </span>
      </opinion_expression>
    </opinion>
    <opinion oid="o_5">
      <opinion_target>
        <span>
          <target id="t_77"/>
        </span>
      </opinion_target>
      <opinion_expression polarity="positive" strength="2">
        <span>
          <target id="t_74"/>
          <target id="t_76"/>
        </span>
      </opinion_expression>
    </opinion>
    <opinion oid="o_6">
      <opinion_target>
        <span>
          <target id="t_82"/>
        </span>
      </opinion_target>
      <opinion_expression polarity="positive" strength="2">
        <span>
          <target id="t_80"/>
          <target id="t_79"/>
        </span>
      </opinion_expression>
    </opinion>
  </opinions>
</KAF>
