<?xml version='1.0' encoding='UTF-8'?>
<KAF xml:lang="nl">
  <linguisticProcessors layer="text">
    <lp timestamp="2013-01-06T18:32:51CET" version="2.0" name="SentenceTokenizer"/>
  </linguisticProcessors>
  <linguisticProcessors layer="terms">
    <lp timestamp="2013-01-06T18:32:51CET" version="2.0" name="SentenceTokenizer"/>
    <lp timestamp="2013-01-06T18:32:51CET" version="1.0" name="SimplePolarityTagger"/>
  </linguisticProcessors>
  <linguisticProcessor layer="opinions">
    <lp timestamp="2013-01-06T18:32:51CET" version="1.0" name="SimpleOpinionDetector"/>
  </linguisticProcessor>
  <linguisticProcessor layer="properties">
    <lp timestamp="2013-01-06T18:32:51CET" version="1.0" name="SimplePropRecognizer_lookup"/>
  </linguisticProcessor>
  <linguisticProcessor layer="entities">
    <lp timestamp="2013-01-06T18:32:51CET" version="1.0" name="SimpleNER_lookup"/>
  </linguisticProcessor>
  <text>
    <wf wid="w_1" para="1" sent="1">Net</wf>
    <wf wid="w_2" para="1" sent="1">terug</wf>
    <wf wid="w_3" para="1" sent="1">van</wf>
    <wf wid="w_4" para="1" sent="1">4</wf>
    <wf wid="w_5" para="1" sent="1">dagen</wf>
    <wf wid="w_6" para="1" sent="1">Royal</wf>
    <wf wid="w_7" para="1" sent="1">National</wf>
    <wf wid="w_8" para="1" sent="1">,</wf>
    <wf wid="w_9" para="1" sent="1">groot</wf>
    <wf wid="w_10" para="1" sent="1">hotel</wf>
    <wf wid="w_11" para="1" sent="1">van</wf>
    <wf wid="w_12" para="1" sent="1">het</wf>
    <wf wid="w_13" para="1" sent="1">soort</wf>
    <wf wid="w_14" para="1" sent="1">waar</wf>
    <wf wid="w_15" para="1" sent="1">veel</wf>
    <wf wid="w_16" para="1" sent="1">scholen</wf>
    <wf wid="w_17" para="1" sent="1">naar</wf>
    <wf wid="w_18" para="1" sent="1">toe</wf>
    <wf wid="w_19" para="1" sent="1">gaan</wf>
    <wf wid="w_20" para="1" sent="1">met</wf>
    <wf wid="w_21" para="1" sent="1">studiereis</wf>
    <wf wid="w_22" para="1" sent="1">maar</wf>
    <wf wid="w_23" para="1" sent="1">kamers</wf>
    <wf wid="w_24" para="1" sent="1">waren</wf>
    <wf wid="w_25" para="1" sent="1">prima</wf>
    <wf wid="w_26" para="1" sent="1">.</wf>
    <wf wid="w_27" para="1" sent="2">Schoon</wf>
    <wf wid="w_28" para="1" sent="2">,</wf>
    <wf wid="w_29" para="1" sent="2">elke</wf>
    <wf wid="w_30" para="1" sent="2">dag</wf>
    <wf wid="w_31" para="1" sent="2">schone</wf>
    <wf wid="w_32" para="1" sent="2">handdoeken</wf>
    <wf wid="w_33" para="1" sent="2">,</wf>
    <wf wid="w_34" para="1" sent="2">prima</wf>
    <wf wid="w_35" para="1" sent="2">bedden</wf>
    <wf wid="w_36" para="1" sent="2">en</wf>
    <wf wid="w_37" para="1" sent="2">zelfs</wf>
    <wf wid="w_38" para="1" sent="2">een</wf>
    <wf wid="w_39" para="1" sent="2">ligbad</wf>
    <wf wid="w_40" para="1" sent="2">.</wf>
    <wf wid="w_41" para="1" sent="3">Eetzaal</wf>
    <wf wid="w_42" para="1" sent="3">is</wf>
    <wf wid="w_43" para="1" sent="3">erg</wf>
    <wf wid="w_44" para="1" sent="3">druk</wf>
    <wf wid="w_45" para="1" sent="3">maar</wf>
    <wf wid="w_46" para="1" sent="3">we</wf>
    <wf wid="w_47" para="1" sent="3">hebben</wf>
    <wf wid="w_48" para="1" sent="3">elke</wf>
    <wf wid="w_49" para="1" sent="3">ochtend</wf>
    <wf wid="w_50" para="1" sent="3">een</wf>
    <wf wid="w_51" para="1" sent="3">plekje</wf>
    <wf wid="w_52" para="1" sent="3">gevonden</wf>
    <wf wid="w_53" para="1" sent="3">.</wf>
    <wf wid="w_54" para="1" sent="4">Ontbijt</wf>
    <wf wid="w_55" para="1" sent="4">stelt</wf>
    <wf wid="w_56" para="1" sent="4">niet</wf>
    <wf wid="w_57" para="1" sent="4">zoveel</wf>
    <wf wid="w_58" para="1" sent="4">voor</wf>
    <wf wid="w_59" para="1" sent="4">,</wf>
    <wf wid="w_60" para="1" sent="4">toast</wf>
    <wf wid="w_61" para="1" sent="4">met</wf>
    <wf wid="w_62" para="1" sent="4">jam</wf>
    <wf wid="w_63" para="1" sent="4">,</wf>
    <wf wid="w_64" para="1" sent="4">cereals</wf>
    <wf wid="w_65" para="1" sent="4">en</wf>
    <wf wid="w_66" para="1" sent="4">muesli</wf>
    <wf wid="w_67" para="1" sent="4">met</wf>
    <wf wid="w_68" para="1" sent="4">melk</wf>
    <wf wid="w_69" para="1" sent="4">en</wf>
    <wf wid="w_70" para="1" sent="4">voor</wf>
    <wf wid="w_71" para="1" sent="4">een</wf>
    <wf wid="w_72" para="1" sent="4">engels</wf>
    <wf wid="w_73" para="1" sent="4">ontbijtje</wf>
    <wf wid="w_74" para="1" sent="4">moet</wf>
    <wf wid="w_75" para="1" sent="4">je</wf>
    <wf wid="w_76" para="1" sent="4">inderdaad</wf>
    <wf wid="w_77" para="1" sent="4">bij</wf>
    <wf wid="w_78" para="1" sent="4">betalen</wf>
    <wf wid="w_79" para="1" sent="4">maar</wf>
    <wf wid="w_80" para="1" sent="4">in</wf>
    <wf wid="w_81" para="1" sent="4">de</wf>
    <wf wid="w_82" para="1" sent="4">buurt</wf>
    <wf wid="w_83" para="1" sent="4">zijn</wf>
    <wf wid="w_84" para="1" sent="4">voldoende</wf>
    <wf wid="w_85" para="1" sent="4">smakelijke</wf>
    <wf wid="w_86" para="1" sent="4">alternatieven</wf>
    <wf wid="w_87" para="1" sent="4">.</wf>
    <wf wid="w_88" para="1" sent="5">Beste</wf>
    <wf wid="w_89" para="1" sent="5">van</wf>
    <wf wid="w_90" para="1" sent="5">dit</wf>
    <wf wid="w_91" para="1" sent="5">hotel</wf>
    <wf wid="w_92" para="1" sent="5">is</wf>
    <wf wid="w_93" para="1" sent="5">absoluut</wf>
    <wf wid="w_94" para="1" sent="5">de</wf>
    <wf wid="w_95" para="1" sent="5">ligging</wf>
    <wf wid="w_96" para="1" sent="5">,</wf>
    <wf wid="w_97" para="1" sent="5">Russel</wf>
    <wf wid="w_98" para="1" sent="5">Square</wf>
    <wf wid="w_99" para="1" sent="5">metrostation</wf>
    <wf wid="w_100" para="1" sent="5">ligt</wf>
    <wf wid="w_101" para="1" sent="5">aan</wf>
    <wf wid="w_102" para="1" sent="5">de</wf>
    <wf wid="w_103" para="1" sent="5">Piccadillyline</wf>
    <wf wid="w_104" para="1" sent="5">dus</wf>
    <wf wid="w_105" para="1" sent="5">rechtstreeks</wf>
    <wf wid="w_106" para="1" sent="5">vanaf</wf>
    <wf wid="w_107" para="1" sent="5">Heathrow</wf>
    <wf wid="w_108" para="1" sent="5">naar</wf>
    <wf wid="w_109" para="1" sent="5">dit</wf>
    <wf wid="w_110" para="1" sent="5">station</wf>
    <wf wid="w_111" para="1" sent="5">,</wf>
    <wf wid="w_112" para="1" sent="5">maar</wf>
    <wf wid="w_113" para="1" sent="5">ook</wf>
    <wf wid="w_114" para="1" sent="5">centrum</wf>
    <wf wid="w_115" para="1" sent="5">is</wf>
    <wf wid="w_116" para="1" sent="5">makkelijk</wf>
    <wf wid="w_117" para="1" sent="5">te</wf>
    <wf wid="w_118" para="1" sent="5">bereiken</wf>
    <wf wid="w_119" para="1" sent="5">.</wf>
    <wf wid="w_120" para="1" sent="6">Metrostation</wf>
    <wf wid="w_121" para="1" sent="6">ligt</wf>
    <wf wid="w_122" para="1" sent="6">echt</wf>
    <wf wid="w_123" para="1" sent="6">2</wf>
    <wf wid="w_124" para="1" sent="6">min</wf>
    <wf wid="w_125" para="1" sent="6">.</wf>
    <wf wid="w_126" para="1" sent="7">van</wf>
    <wf wid="w_127" para="1" sent="7">het</wf>
    <wf wid="w_128" para="1" sent="7">hotel</wf>
    <wf wid="w_129" para="1" sent="7">.</wf>
    <wf wid="w_130" para="1" sent="8">Maar</wf>
    <wf wid="w_131" para="1" sent="8">wij</wf>
    <wf wid="w_132" para="1" sent="8">zijn</wf>
    <wf wid="w_133" para="1" sent="8">een</wf>
    <wf wid="w_134" para="1" sent="8">aantal</wf>
    <wf wid="w_135" para="1" sent="8">keren</wf>
    <wf wid="w_136" para="1" sent="8">s</wf>
    <wf wid="w_137" para="1" sent="8">'avonds</wf>
    <wf wid="w_138" para="1" sent="8">vanaf</wf>
    <wf wid="w_139" para="1" sent="8">Leicester</wf>
    <wf wid="w_140" para="1" sent="8">Square</wf>
    <wf wid="w_141" para="1" sent="8">terug</wf>
    <wf wid="w_142" para="1" sent="8">gelopen</wf>
    <wf wid="w_143" para="1" sent="8">en</wf>
    <wf wid="w_144" para="1" sent="8">dat</wf>
    <wf wid="w_145" para="1" sent="8">is</wf>
    <wf wid="w_146" para="1" sent="8">ongeveer</wf>
    <wf wid="w_147" para="1" sent="8">20</wf>
    <wf wid="w_148" para="1" sent="8">minuten</wf>
    <wf wid="w_149" para="1" sent="8">dus</wf>
    <wf wid="w_150" para="1" sent="8">ook</wf>
    <wf wid="w_151" para="1" sent="8">prima</wf>
    <wf wid="w_152" para="1" sent="8">te</wf>
    <wf wid="w_153" para="1" sent="8">doen</wf>
    <wf wid="w_154" para="1" sent="8">.</wf>
    <wf wid="w_155" para="1" sent="9">Al</wf>
    <wf wid="w_156" para="1" sent="9">met</wf>
    <wf wid="w_157" para="1" sent="9">al</wf>
    <wf wid="w_158" para="1" sent="9">een</wf>
    <wf wid="w_159" para="1" sent="9">prima</wf>
    <wf wid="w_160" para="1" sent="9">uitvalsbasis</wf>
    <wf wid="w_161" para="1" sent="9">waar</wf>
    <wf wid="w_162" para="1" sent="9">je</wf>
    <wf wid="w_163" para="1" sent="9">tegen</wf>
    <wf wid="w_164" para="1" sent="9">een</wf>
    <wf wid="w_165" para="1" sent="9">vriendelijke</wf>
    <wf wid="w_166" para="1" sent="9">prijs</wf>
    <wf wid="w_167" para="1" sent="9">kan</wf>
    <wf wid="w_168" para="1" sent="9">verblijven</wf>
    <wf wid="w_169" para="1" sent="9">tijdens</wf>
    <wf wid="w_170" para="1" sent="9">je</wf>
    <wf wid="w_171" para="1" sent="9">verblijf</wf>
    <wf wid="w_172" para="1" sent="9">in</wf>
    <wf wid="w_173" para="1" sent="9">Londen</wf>
    <wf wid="w_174" para="1" sent="9">.</wf>
  </text>
  <terms>
    <term tid="t_1" lemma="net" type="open" pos="G">
      <span>
        <target id="w_1"/>
      </span>
      <sentiment polarity="positive" resource="VUA_olery_lexicon_nl_lmf"/>
    </term>
    <term tid="t_2" lemma="terug" type="open">
      <span>
        <target id="w_2"/>
      </span>
    </term>
    <term tid="t_3" lemma="van" type="open">
      <span>
        <target id="w_3"/>
      </span>
    </term>
    <term tid="t_4" lemma="4" type="open">
      <span>
        <target id="w_4"/>
      </span>
    </term>
    <term tid="t_5" lemma="dagen" type="open">
      <span>
        <target id="w_5"/>
      </span>
    </term>
    <term tid="t_6" lemma="royal" type="open">
      <span>
        <target id="w_6"/>
      </span>
    </term>
    <term tid="t_7" lemma="national" type="open">
      <span>
        <target id="w_7"/>
      </span>
    </term>
    <term tid="t_8" lemma="," type="open">
      <span>
        <target id="w_8"/>
      </span>
    </term>
    <term tid="t_9" lemma="groot" type="open">
      <span>
        <target id="w_9"/>
      </span>
    </term>
    <term tid="t_10" lemma="hotel" type="open">
      <span>
        <target id="w_10"/>
      </span>
    </term>
    <term tid="t_11" lemma="van" type="open">
      <span>
        <target id="w_11"/>
      </span>
    </term>
    <term tid="t_12" lemma="het" type="open">
      <span>
        <target id="w_12"/>
      </span>
    </term>
    <term tid="t_13" lemma="soort" type="open">
      <span>
        <target id="w_13"/>
      </span>
    </term>
    <term tid="t_14" lemma="waar" type="open">
      <span>
        <target id="w_14"/>
      </span>
    </term>
    <term tid="t_15" lemma="veel" type="open">
      <span>
        <target id="w_15"/>
      </span>
    </term>
    <term tid="t_16" lemma="scholen" type="open">
      <span>
        <target id="w_16"/>
      </span>
    </term>
    <term tid="t_17" lemma="naar" type="open" pos="G">
      <span>
        <target id="w_17"/>
      </span>
      <sentiment polarity="negative" resource="VUA_olery_lexicon_nl_lmf"/>
    </term>
    <term tid="t_18" lemma="toe" type="open">
      <span>
        <target id="w_18"/>
      </span>
    </term>
    <term tid="t_19" lemma="gaan" type="open">
      <span>
        <target id="w_19"/>
      </span>
    </term>
    <term tid="t_20" lemma="met" type="open">
      <span>
        <target id="w_20"/>
      </span>
    </term>
    <term tid="t_21" lemma="studiereis" type="open">
      <span>
        <target id="w_21"/>
      </span>
    </term>
    <term tid="t_22" lemma="maar" type="open">
      <span>
        <target id="w_22"/>
      </span>
    </term>
    <term tid="t_23" lemma="kamers" type="open">
      <span>
        <target id="w_23"/>
      </span>
    </term>
    <term tid="t_24" lemma="waren" type="open">
      <span>
        <target id="w_24"/>
      </span>
    </term>
    <term tid="t_25" lemma="prima" type="open" pos="G">
      <span>
        <target id="w_25"/>
      </span>
      <sentiment polarity="positive" resource="VUA_olery_lexicon_nl_lmf"/>
    </term>
    <term tid="t_26" lemma="." type="open">
      <span>
        <target id="w_26"/>
      </span>
    </term>
    <term tid="t_27" lemma="schoon" type="open" pos="G">
      <span>
        <target id="w_27"/>
      </span>
      <sentiment polarity="positive" resource="VUA_olery_lexicon_nl_lmf"/>
    </term>
    <term tid="t_28" lemma="," type="open">
      <span>
        <target id="w_28"/>
      </span>
    </term>
    <term tid="t_29" lemma="elke" type="open">
      <span>
        <target id="w_29"/>
      </span>
    </term>
    <term tid="t_30" lemma="dag" type="open">
      <span>
        <target id="w_30"/>
      </span>
    </term>
    <term tid="t_31" lemma="schone" type="open">
      <span>
        <target id="w_31"/>
      </span>
    </term>
    <term tid="t_32" lemma="handdoeken" type="open">
      <span>
        <target id="w_32"/>
      </span>
    </term>
    <term tid="t_33" lemma="," type="open">
      <span>
        <target id="w_33"/>
      </span>
    </term>
    <term tid="t_34" lemma="prima" type="open" pos="G">
      <span>
        <target id="w_34"/>
      </span>
      <sentiment polarity="positive" resource="VUA_olery_lexicon_nl_lmf"/>
    </term>
    <term tid="t_35" lemma="bedden" type="open">
      <span>
        <target id="w_35"/>
      </span>
    </term>
    <term tid="t_36" lemma="en" type="open">
      <span>
        <target id="w_36"/>
      </span>
    </term>
    <term tid="t_37" lemma="zelfs" type="open">
      <span>
        <target id="w_37"/>
      </span>
    </term>
    <term tid="t_38" lemma="een" type="open">
      <span>
        <target id="w_38"/>
      </span>
    </term>
    <term tid="t_39" lemma="ligbad" type="open">
      <span>
        <target id="w_39"/>
      </span>
    </term>
    <term tid="t_40" lemma="." type="open">
      <span>
        <target id="w_40"/>
      </span>
    </term>
    <term tid="t_41" lemma="eetzaal" type="open">
      <span>
        <target id="w_41"/>
      </span>
    </term>
    <term tid="t_42" lemma="is" type="open">
      <span>
        <target id="w_42"/>
      </span>
    </term>
    <term tid="t_43" lemma="erg" type="open">
      <span>
        <target id="w_43"/>
      </span>
      <sentiment sentiment_modifier="intensifier" resource="VUA_olery_lexicon_nl_lmf"/>
    </term>
    <term tid="t_44" lemma="druk" type="open">
      <span>
        <target id="w_44"/>
      </span>
    </term>
    <term tid="t_45" lemma="maar" type="open">
      <span>
        <target id="w_45"/>
      </span>
    </term>
    <term tid="t_46" lemma="we" type="open">
      <span>
        <target id="w_46"/>
      </span>
    </term>
    <term tid="t_47" lemma="hebben" type="open">
      <span>
        <target id="w_47"/>
      </span>
    </term>
    <term tid="t_48" lemma="elke" type="open">
      <span>
        <target id="w_48"/>
      </span>
    </term>
    <term tid="t_49" lemma="ochtend" type="open">
      <span>
        <target id="w_49"/>
      </span>
    </term>
    <term tid="t_50" lemma="een" type="open">
      <span>
        <target id="w_50"/>
      </span>
    </term>
    <term tid="t_51" lemma="plekje" type="open">
      <span>
        <target id="w_51"/>
      </span>
    </term>
    <term tid="t_52" lemma="gevonden" type="open">
      <span>
        <target id="w_52"/>
      </span>
    </term>
    <term tid="t_53" lemma="." type="open">
      <span>
        <target id="w_53"/>
      </span>
    </term>
    <term tid="t_54" lemma="ontbijt" type="open">
      <span>
        <target id="w_54"/>
      </span>
    </term>
    <term tid="t_55" lemma="stelt" type="open">
      <span>
        <target id="w_55"/>
      </span>
    </term>
    <term tid="t_56" lemma="niet" type="open">
      <span>
        <target id="w_56"/>
      </span>
      <sentiment sentiment_modifier="shifter" resource="VUA_olery_lexicon_nl_lmf"/>
    </term>
    <term tid="t_57" lemma="zoveel" type="open">
      <span>
        <target id="w_57"/>
      </span>
    </term>
    <term tid="t_58" lemma="voor" type="open">
      <span>
        <target id="w_58"/>
      </span>
    </term>
    <term tid="t_59" lemma="," type="open">
      <span>
        <target id="w_59"/>
      </span>
    </term>
    <term tid="t_60" lemma="toast" type="open">
      <span>
        <target id="w_60"/>
      </span>
    </term>
    <term tid="t_61" lemma="met" type="open">
      <span>
        <target id="w_61"/>
      </span>
    </term>
    <term tid="t_62" lemma="jam" type="open">
      <span>
        <target id="w_62"/>
      </span>
    </term>
    <term tid="t_63" lemma="," type="open">
      <span>
        <target id="w_63"/>
      </span>
    </term>
    <term tid="t_64" lemma="cereals" type="open">
      <span>
        <target id="w_64"/>
      </span>
    </term>
    <term tid="t_65" lemma="en" type="open">
      <span>
        <target id="w_65"/>
      </span>
    </term>
    <term tid="t_66" lemma="muesli" type="open">
      <span>
        <target id="w_66"/>
      </span>
    </term>
    <term tid="t_67" lemma="met" type="open">
      <span>
        <target id="w_67"/>
      </span>
    </term>
    <term tid="t_68" lemma="melk" type="open">
      <span>
        <target id="w_68"/>
      </span>
    </term>
    <term tid="t_69" lemma="en" type="open">
      <span>
        <target id="w_69"/>
      </span>
    </term>
    <term tid="t_70" lemma="voor" type="open">
      <span>
        <target id="w_70"/>
      </span>
    </term>
    <term tid="t_71" lemma="een" type="open">
      <span>
        <target id="w_71"/>
      </span>
    </term>
    <term tid="t_72" lemma="engels" type="open">
      <span>
        <target id="w_72"/>
      </span>
    </term>
    <term tid="t_73" lemma="ontbijtje" type="open">
      <span>
        <target id="w_73"/>
      </span>
    </term>
    <term tid="t_74" lemma="moet" type="open">
      <span>
        <target id="w_74"/>
      </span>
    </term>
    <term tid="t_75" lemma="je" type="open">
      <span>
        <target id="w_75"/>
      </span>
    </term>
    <term tid="t_76" lemma="inderdaad" type="open">
      <span>
        <target id="w_76"/>
      </span>
    </term>
    <term tid="t_77" lemma="bij" type="open">
      <span>
        <target id="w_77"/>
      </span>
    </term>
    <term tid="t_78" lemma="betalen" type="open">
      <span>
        <target id="w_78"/>
      </span>
    </term>
    <term tid="t_79" lemma="maar" type="open">
      <span>
        <target id="w_79"/>
      </span>
    </term>
    <term tid="t_80" lemma="in" type="open">
      <span>
        <target id="w_80"/>
      </span>
    </term>
    <term tid="t_81" lemma="de" type="open">
      <span>
        <target id="w_81"/>
      </span>
    </term>
    <term tid="t_82" lemma="buurt" type="open">
      <span>
        <target id="w_82"/>
      </span>
    </term>
    <term tid="t_83" lemma="zijn" type="open">
      <span>
        <target id="w_83"/>
      </span>
    </term>
    <term tid="t_84" lemma="voldoende" type="open" pos="G">
      <span>
        <target id="w_84"/>
      </span>
      <sentiment polarity="positive" resource="VUA_olery_lexicon_nl_lmf"/>
    </term>
    <term tid="t_85" lemma="smakelijke" type="open">
      <span>
        <target id="w_85"/>
      </span>
    </term>
    <term tid="t_86" lemma="alternatieven" type="open">
      <span>
        <target id="w_86"/>
      </span>
    </term>
    <term tid="t_87" lemma="." type="open">
      <span>
        <target id="w_87"/>
      </span>
    </term>
    <term tid="t_88" lemma="beste" type="open">
      <span>
        <target id="w_88"/>
      </span>
    </term>
    <term tid="t_89" lemma="van" type="open">
      <span>
        <target id="w_89"/>
      </span>
    </term>
    <term tid="t_90" lemma="dit" type="open">
      <span>
        <target id="w_90"/>
      </span>
    </term>
    <term tid="t_91" lemma="hotel" type="open">
      <span>
        <target id="w_91"/>
      </span>
    </term>
    <term tid="t_92" lemma="is" type="open">
      <span>
        <target id="w_92"/>
      </span>
    </term>
    <term tid="t_93" lemma="absoluut" type="open">
      <span>
        <target id="w_93"/>
      </span>
      <sentiment sentiment_modifier="intensifier" resource="VUA_olery_lexicon_nl_lmf"/>
    </term>
    <term tid="t_94" lemma="de" type="open">
      <span>
        <target id="w_94"/>
      </span>
    </term>
    <term tid="t_95" lemma="ligging" type="open">
      <span>
        <target id="w_95"/>
      </span>
    </term>
    <term tid="t_96" lemma="," type="open">
      <span>
        <target id="w_96"/>
      </span>
    </term>
    <term tid="t_97" lemma="russel" type="open">
      <span>
        <target id="w_97"/>
      </span>
    </term>
    <term tid="t_98" lemma="square" type="open">
      <span>
        <target id="w_98"/>
      </span>
    </term>
    <term tid="t_99" lemma="metrostation" type="open">
      <span>
        <target id="w_99"/>
      </span>
    </term>
    <term tid="t_100" lemma="ligt" type="open">
      <span>
        <target id="w_100"/>
      </span>
    </term>
    <term tid="t_101" lemma="aan" type="open">
      <span>
        <target id="w_101"/>
      </span>
    </term>
    <term tid="t_102" lemma="de" type="open">
      <span>
        <target id="w_102"/>
      </span>
    </term>
    <term tid="t_103" lemma="piccadillyline" type="open">
      <span>
        <target id="w_103"/>
      </span>
    </term>
    <term tid="t_104" lemma="dus" type="open">
      <span>
        <target id="w_104"/>
      </span>
    </term>
    <term tid="t_105" lemma="rechtstreeks" type="open">
      <span>
        <target id="w_105"/>
      </span>
    </term>
    <term tid="t_106" lemma="vanaf" type="open">
      <span>
        <target id="w_106"/>
      </span>
    </term>
    <term tid="t_107" lemma="heathrow" type="open">
      <span>
        <target id="w_107"/>
      </span>
    </term>
    <term tid="t_108" lemma="naar" type="open" pos="G">
      <span>
        <target id="w_108"/>
      </span>
      <sentiment polarity="negative" resource="VUA_olery_lexicon_nl_lmf"/>
    </term>
    <term tid="t_109" lemma="dit" type="open">
      <span>
        <target id="w_109"/>
      </span>
    </term>
    <term tid="t_110" lemma="station" type="open">
      <span>
        <target id="w_110"/>
      </span>
    </term>
    <term tid="t_111" lemma="," type="open">
      <span>
        <target id="w_111"/>
      </span>
    </term>
    <term tid="t_112" lemma="maar" type="open">
      <span>
        <target id="w_112"/>
      </span>
    </term>
    <term tid="t_113" lemma="ook" type="open">
      <span>
        <target id="w_113"/>
      </span>
    </term>
    <term tid="t_114" lemma="centrum" type="open">
      <span>
        <target id="w_114"/>
      </span>
    </term>
    <term tid="t_115" lemma="is" type="open">
      <span>
        <target id="w_115"/>
      </span>
    </term>
    <term tid="t_116" lemma="makkelijk" type="open" pos="G">
      <span>
        <target id="w_116"/>
      </span>
      <sentiment polarity="positive" resource="VUA_olery_lexicon_nl_lmf"/>
    </term>
    <term tid="t_117" lemma="te" type="open">
      <span>
        <target id="w_117"/>
      </span>
    </term>
    <term tid="t_118" lemma="bereiken" type="open" pos="V">
      <span>
        <target id="w_118"/>
      </span>
      <sentiment polarity="positive" resource="VUA_olery_lexicon_nl_lmf"/>
    </term>
    <term tid="t_119" lemma="." type="open">
      <span>
        <target id="w_119"/>
      </span>
    </term>
    <term tid="t_120" lemma="metrostation" type="open">
      <span>
        <target id="w_120"/>
      </span>
    </term>
    <term tid="t_121" lemma="ligt" type="open">
      <span>
        <target id="w_121"/>
      </span>
    </term>
    <term tid="t_122" lemma="echt" type="open">
      <span>
        <target id="w_122"/>
      </span>
      <sentiment sentiment_modifier="intensifier" resource="VUA_olery_lexicon_nl_lmf"/>
    </term>
    <term tid="t_123" lemma="2" type="open">
      <span>
        <target id="w_123"/>
      </span>
    </term>
    <term tid="t_124" lemma="min" type="open" pos="G">
      <span>
        <target id="w_124"/>
      </span>
      <sentiment polarity="negative" resource="VUA_olery_lexicon_nl_lmf"/>
    </term>
    <term tid="t_125" lemma="." type="open">
      <span>
        <target id="w_125"/>
      </span>
    </term>
    <term tid="t_126" lemma="van" type="open">
      <span>
        <target id="w_126"/>
      </span>
    </term>
    <term tid="t_127" lemma="het" type="open">
      <span>
        <target id="w_127"/>
      </span>
    </term>
    <term tid="t_128" lemma="hotel" type="open">
      <span>
        <target id="w_128"/>
      </span>
    </term>
    <term tid="t_129" lemma="." type="open">
      <span>
        <target id="w_129"/>
      </span>
    </term>
    <term tid="t_130" lemma="maar" type="open">
      <span>
        <target id="w_130"/>
      </span>
    </term>
    <term tid="t_131" lemma="wij" type="open">
      <span>
        <target id="w_131"/>
      </span>
    </term>
    <term tid="t_132" lemma="zijn" type="open">
      <span>
        <target id="w_132"/>
      </span>
    </term>
    <term tid="t_133" lemma="een" type="open">
      <span>
        <target id="w_133"/>
      </span>
    </term>
    <term tid="t_134" lemma="aantal" type="open">
      <span>
        <target id="w_134"/>
      </span>
    </term>
    <term tid="t_135" lemma="keren" type="open">
      <span>
        <target id="w_135"/>
      </span>
    </term>
    <term tid="t_136" lemma="s" type="open">
      <span>
        <target id="w_136"/>
      </span>
    </term>
    <term tid="t_137" lemma="'avonds" type="open">
      <span>
        <target id="w_137"/>
      </span>
    </term>
    <term tid="t_138" lemma="vanaf" type="open">
      <span>
        <target id="w_138"/>
      </span>
    </term>
    <term tid="t_139" lemma="leicester" type="open">
      <span>
        <target id="w_139"/>
      </span>
    </term>
    <term tid="t_140" lemma="square" type="open">
      <span>
        <target id="w_140"/>
      </span>
    </term>
    <term tid="t_141" lemma="terug" type="open">
      <span>
        <target id="w_141"/>
      </span>
    </term>
    <term tid="t_142" lemma="gelopen" type="open">
      <span>
        <target id="w_142"/>
      </span>
    </term>
    <term tid="t_143" lemma="en" type="open">
      <span>
        <target id="w_143"/>
      </span>
    </term>
    <term tid="t_144" lemma="dat" type="open">
      <span>
        <target id="w_144"/>
      </span>
    </term>
    <term tid="t_145" lemma="is" type="open">
      <span>
        <target id="w_145"/>
      </span>
    </term>
    <term tid="t_146" lemma="ongeveer" type="open">
      <span>
        <target id="w_146"/>
      </span>
    </term>
    <term tid="t_147" lemma="20" type="open">
      <span>
        <target id="w_147"/>
      </span>
    </term>
    <term tid="t_148" lemma="minuten" type="open">
      <span>
        <target id="w_148"/>
      </span>
    </term>
    <term tid="t_149" lemma="dus" type="open">
      <span>
        <target id="w_149"/>
      </span>
    </term>
    <term tid="t_150" lemma="ook" type="open">
      <span>
        <target id="w_150"/>
      </span>
    </term>
    <term tid="t_151" lemma="prima" type="open" pos="G">
      <span>
        <target id="w_151"/>
      </span>
      <sentiment polarity="positive" resource="VUA_olery_lexicon_nl_lmf"/>
    </term>
    <term tid="t_152" lemma="te" type="open">
      <span>
        <target id="w_152"/>
      </span>
    </term>
    <term tid="t_153" lemma="doen" type="open">
      <span>
        <target id="w_153"/>
      </span>
    </term>
    <term tid="t_154" lemma="." type="open">
      <span>
        <target id="w_154"/>
      </span>
    </term>
    <term tid="t_155" lemma="al" type="open">
      <span>
        <target id="w_155"/>
      </span>
    </term>
    <term tid="t_156" lemma="met" type="open">
      <span>
        <target id="w_156"/>
      </span>
    </term>
    <term tid="t_157" lemma="al" type="open">
      <span>
        <target id="w_157"/>
      </span>
    </term>
    <term tid="t_158" lemma="een" type="open">
      <span>
        <target id="w_158"/>
      </span>
    </term>
    <term tid="t_159" lemma="prima" type="open" pos="G">
      <span>
        <target id="w_159"/>
      </span>
      <sentiment polarity="positive" resource="VUA_olery_lexicon_nl_lmf"/>
    </term>
    <term tid="t_160" lemma="uitvalsbasis" type="open">
      <span>
        <target id="w_160"/>
      </span>
    </term>
    <term tid="t_161" lemma="waar" type="open">
      <span>
        <target id="w_161"/>
      </span>
    </term>
    <term tid="t_162" lemma="je" type="open">
      <span>
        <target id="w_162"/>
      </span>
    </term>
    <term tid="t_163" lemma="tegen" type="open">
      <span>
        <target id="w_163"/>
      </span>
    </term>
    <term tid="t_164" lemma="een" type="open">
      <span>
        <target id="w_164"/>
      </span>
    </term>
    <term tid="t_165" lemma="vriendelijke" type="open">
      <span>
        <target id="w_165"/>
      </span>
    </term>
    <term tid="t_166" lemma="prijs" type="open">
      <span>
        <target id="w_166"/>
      </span>
    </term>
    <term tid="t_167" lemma="kan" type="open">
      <span>
        <target id="w_167"/>
      </span>
    </term>
    <term tid="t_168" lemma="verblijven" type="open">
      <span>
        <target id="w_168"/>
      </span>
    </term>
    <term tid="t_169" lemma="tijdens" type="open">
      <span>
        <target id="w_169"/>
      </span>
    </term>
    <term tid="t_170" lemma="je" type="open">
      <span>
        <target id="w_170"/>
      </span>
    </term>
    <term tid="t_171" lemma="verblijf" type="open">
      <span>
        <target id="w_171"/>
      </span>
    </term>
    <term tid="t_172" lemma="in" type="open">
      <span>
        <target id="w_172"/>
      </span>
    </term>
    <term tid="t_173" lemma="londen" type="open">
      <span>
        <target id="w_173"/>
      </span>
    </term>
    <term tid="t_174" lemma="." type="open">
      <span>
        <target id="w_174"/>
      </span>
    </term>
  </terms>
  <entities>
    <entity type="PER" eid="e_1">
      <span>
        <target id="t_124"/>
      </span>
    </entity>
    <entity type="PER" eid="e_2">
      <span>
        <target id="t_25"/>
      </span>
      <span>
        <target id="t_34"/>
      </span>
      <span>
        <target id="t_151"/>
      </span>
      <span>
        <target id="t_159"/>
      </span>
    </entity>
    <entity type="PER" eid="e_3">
      <span>
        <target id="t_123"/>
      </span>
    </entity>
    <entity type="MISC" eid="e_4">
      <span>
        <target id="t_83"/>
      </span>
      <span>
        <target id="t_132"/>
      </span>
    </entity>
    <entity type="PER" eid="e_5">
      <span>
        <target id="t_46"/>
      </span>
    </entity>
    <entity type="LOC" eid="e_6">
      <span>
        <target id="t_173"/>
      </span>
    </entity>
    <entity type="MISC" eid="e_7">
      <span>
        <target id="t_72"/>
      </span>
    </entity>
  </entities>
  <properties>
    <property type="value_for_money" pid="p_1">
      <span>
        <target id="t_78"/>
      </span>
      <span>
        <target id="t_166"/>
      </span>
    </property>
    <property type="bathroom" pid="p_2">
      <span>
        <target id="t_39"/>
      </span>
    </property>
    <property type="restaurant" pid="p_3">
      <span>
        <target id="t_41"/>
      </span>
      <span>
        <target id="t_54"/>
      </span>
    </property>
    <property type="cleanliness" pid="p_4">
      <span>
        <target id="t_1"/>
      </span>
      <span>
        <target id="t_27"/>
      </span>
      <span>
        <target id="t_31"/>
      </span>
    </property>
    <property type="facilities" pid="p_5">
      <span>
        <target id="t_6"/>
      </span>
    </property>
    <property type="location" pid="p_6">
      <span>
        <target id="t_82"/>
      </span>
      <span>
        <target id="t_95"/>
      </span>
      <span>
        <target id="t_99"/>
      </span>
      <span>
        <target id="t_110"/>
      </span>
      <span>
        <target id="t_114"/>
      </span>
      <span>
        <target id="t_120"/>
      </span>
      <span>
        <target id="t_160"/>
      </span>
    </property>
    <property type="breakfast" pid="p_7">
      <span>
        <target id="t_60"/>
      </span>
      <span>
        <target id="t_62"/>
      </span>
      <span>
        <target id="t_66"/>
      </span>
      <span>
        <target id="t_68"/>
      </span>
    </property>
  </properties>
  <opinions>
    <opinion oid="o_1">
      <opinion_target>
        <span>
          <target id="t_2"/>
        </span>
      </opinion_target>
      <opinion_expression polarity="positive" strength="1">
        <span>
          <target id="t_1"/>
        </span>
      </opinion_expression>
    </opinion>
    <opinion oid="o_2">
      <opinion_target>
        <span>
          <target id="t_18"/>
        </span>
      </opinion_target>
      <opinion_expression polarity="negative" strength="-1">
        <span>
          <target id="t_17"/>
        </span>
      </opinion_expression>
    </opinion>
    <opinion oid="o_3">
      <opinion_target>
        <span>
          <target id="t_23"/>
        </span>
      </opinion_target>
      <opinion_expression polarity="positive" strength="1">
        <span>
          <target id="t_25"/>
        </span>
      </opinion_expression>
    </opinion>
    <opinion oid="o_4">
      <opinion_target>
        <span>
          <target id="t_29"/>
        </span>
      </opinion_target>
      <opinion_expression polarity="positive" strength="1">
        <span>
          <target id="t_27"/>
        </span>
      </opinion_expression>
    </opinion>
    <opinion oid="o_5">
      <opinion_target>
        <span>
          <target id="t_35"/>
        </span>
      </opinion_target>
      <opinion_expression polarity="positive" strength="1">
        <span>
          <target id="t_34"/>
        </span>
      </opinion_expression>
    </opinion>
    <opinion oid="o_6">
      <opinion_target>
        <span>
          <target id="t_85"/>
        </span>
      </opinion_target>
      <opinion_expression polarity="positive" strength="1">
        <span>
          <target id="t_84"/>
        </span>
      </opinion_expression>
    </opinion>
    <opinion oid="o_7">
      <opinion_target>
        <span>
          <target id="t_110"/>
        </span>
      </opinion_target>
      <opinion_expression polarity="negative" strength="-1">
        <span>
          <target id="t_108"/>
        </span>
      </opinion_expression>
    </opinion>
    <opinion oid="o_8">
      <opinion_target>
        <span>
          <target id="t_114"/>
        </span>
      </opinion_target>
      <opinion_expression polarity="positive" strength="1">
        <span>
          <target id="t_116"/>
        </span>
      </opinion_expression>
    </opinion>
    <opinion oid="o_9">
      <opinion_target>
        <span>
          <target id="t_122"/>
        </span>
      </opinion_target>
      <opinion_expression polarity="negative" strength="-1">
        <span>
          <target id="t_124"/>
        </span>
      </opinion_expression>
    </opinion>
    <opinion oid="o_10">
      <opinion_target>
        <span>
          <target id="t_148"/>
        </span>
      </opinion_target>
      <opinion_expression polarity="positive" strength="1">
        <span>
          <target id="t_151"/>
        </span>
      </opinion_expression>
    </opinion>
    <opinion oid="o_11">
      <opinion_target>
        <span>
          <target id="t_160"/>
        </span>
      </opinion_target>
      <opinion_expression polarity="positive" strength="1">
        <span>
          <target id="t_159"/>
        </span>
      </opinion_expression>
    </opinion>
  </opinions>
</KAF>
