<?xml version='1.0' encoding='UTF-8'?>
<KAF xml:lang="nl">
  <linguisticProcessors layer="text">
    <lp timestamp="2013-01-06T18:42:22CET" version="2.0" name="SentenceTokenizer"/>
  </linguisticProcessors>
  <linguisticProcessors layer="terms">
    <lp timestamp="2013-01-06T18:42:22CET" version="2.0" name="SentenceTokenizer"/>
    <lp timestamp="2013-01-06T18:42:22CET" version="1.0" name="SimplePolarityTagger"/>
  </linguisticProcessors>
  <linguisticProcessor layer="opinions">
    <lp timestamp="2013-01-06T18:42:22CET" version="1.0" name="SimpleOpinionDetector"/>
  </linguisticProcessor>
  <linguisticProcessor layer="properties">
    <lp timestamp="2013-01-06T18:42:22CET" version="1.0" name="SimplePropRecognizer_lookup"/>
  </linguisticProcessor>
  <linguisticProcessor layer="entities">
    <lp timestamp="2013-01-06T18:42:22CET" version="1.0" name="SimpleNER_lookup"/>
  </linguisticProcessor>
  <text>
    <wf wid="w_1" para="1" sent="1">Waardeloze</wf>
    <wf wid="w_2" para="1" sent="1">bediening</wf>
    <wf wid="w_3" para="1" sent="1">en</wf>
    <wf wid="w_4" para="1" sent="1">eten</wf>
    <wf wid="w_5" para="1" sent="1">.</wf>
    <wf wid="w_6" para="1" sent="2">Al</wf>
    <wf wid="w_7" para="1" sent="2">eens</wf>
    <wf wid="w_8" para="1" sent="2">eerder</wf>
    <wf wid="w_9" para="1" sent="2">wezen</wf>
    <wf wid="w_10" para="1" sent="2">eten</wf>
    <wf wid="w_11" para="1" sent="2">in</wf>
    <wf wid="w_12" para="1" sent="2">HNY</wf>
    <wf wid="w_13" para="1" sent="2">en</wf>
    <wf wid="w_14" para="1" sent="2">dat</wf>
    <wf wid="w_15" para="1" sent="2">was</wf>
    <wf wid="w_16" para="1" sent="2">goed</wf>
    <wf wid="w_17" para="1" sent="2">en</wf>
    <wf wid="w_18" para="1" sent="2">dus</wf>
    <wf wid="w_19" para="1" sent="2">gingen</wf>
    <wf wid="w_20" para="1" sent="2">we</wf>
    <wf wid="w_21" para="1" sent="2">vol</wf>
    <wf wid="w_22" para="1" sent="2">goede</wf>
    <wf wid="w_23" para="1" sent="2">moed</wf>
    <wf wid="w_24" para="1" sent="2">weer</wf>
    <wf wid="w_25" para="1" sent="2">terug</wf>
    <wf wid="w_26" para="1" sent="2">..</wf>
    <wf wid="w_27" para="1" sent="3">moesten</wf>
    <wf wid="w_28" para="1" sent="3">een</wf>
    <wf wid="w_29" para="1" sent="3">half</wf>
    <wf wid="w_30" para="1" sent="3">uur</wf>
    <wf wid="w_31" para="1" sent="3">wachten</wf>
    <wf wid="w_32" para="1" sent="3">op</wf>
    <wf wid="w_33" para="1" sent="3">ons</wf>
    <wf wid="w_34" para="1" sent="3">drankje</wf>
    <wf wid="w_35" para="1" sent="3">(dat</wf>
    <wf wid="w_36" para="1" sent="3">kost</wf>
    <wf wid="w_37" para="1" sent="3">geld</wf>
    <wf wid="w_38" para="1" sent="3">moet</wf>
    <wf wid="w_39" para="1" sent="3">je</wf>
    <wf wid="w_40" para="1" sent="3">maar</wf>
    <wf wid="w_41" para="1" sent="3">denken</wf>
    <wf wid="w_42" para="1" sent="3">)</wf>
    <wf wid="w_43" para="1" sent="3">en</wf>
    <wf wid="w_44" para="1" sent="3">het</wf>
    <wf wid="w_45" para="1" sent="3">eten</wf>
    <wf wid="w_46" para="1" sent="3">was</wf>
    <wf wid="w_47" para="1" sent="3">werkelijk</wf>
    <wf wid="w_48" para="1" sent="3">slecht</wf>
    <wf wid="w_49" para="1" sent="3">,</wf>
    <wf wid="w_50" para="1" sent="3">niet</wf>
    <wf wid="w_51" para="1" sent="3">gaar</wf>
    <wf wid="w_52" para="1" sent="3">,</wf>
    <wf wid="w_53" para="1" sent="3">opgewarmd</wf>
    <wf wid="w_54" para="1" sent="3">en</wf>
    <wf wid="w_55" para="1" sent="3">daardoor</wf>
    <wf wid="w_56" para="1" sent="3">alle</wf>
    <wf wid="w_57" para="1" sent="3">kwaliteit</wf>
    <wf wid="w_58" para="1" sent="3">verloren</wf>
    <wf wid="w_59" para="1" sent="3">en</wf>
    <wf wid="w_60" para="1" sent="3">wat</wf>
    <wf wid="w_61" para="1" sent="3">dat</wf>
    <wf wid="w_62" para="1" sent="3">betreft</wf>
    <wf wid="w_63" para="1" sent="3">te</wf>
    <wf wid="w_64" para="1" sent="3">duur</wf>
    <wf wid="w_65" para="1" sent="3">..</wf>
    <wf wid="w_66" para="1" sent="4">zonde</wf>
    <wf wid="w_67" para="1" sent="4">,</wf>
    <wf wid="w_68" para="1" sent="4">zijn</wf>
    <wf wid="w_69" para="1" sent="4">nu</wf>
    <wf wid="w_70" para="1" sent="4">bang</wf>
    <wf wid="w_71" para="1" sent="4">om</wf>
    <wf wid="w_72" para="1" sent="4">met</wf>
    <wf wid="w_73" para="1" sent="4">vrienden</wf>
    <wf wid="w_74" para="1" sent="4">terug</wf>
    <wf wid="w_75" para="1" sent="4">te</wf>
    <wf wid="w_76" para="1" sent="4">gaan</wf>
  </text>
  <terms>
    <term tid="t_1" lemma="waardeloze" type="open">
      <span>
        <target id="w_1"/>
      </span>
    </term>
    <term tid="t_2" lemma="bediening" type="open">
      <span>
        <target id="w_2"/>
      </span>
    </term>
    <term tid="t_3" lemma="en" type="open">
      <span>
        <target id="w_3"/>
      </span>
    </term>
    <term tid="t_4" lemma="eten" type="open">
      <span>
        <target id="w_4"/>
      </span>
    </term>
    <term tid="t_5" lemma="." type="open">
      <span>
        <target id="w_5"/>
      </span>
    </term>
    <term tid="t_6" lemma="al" type="open">
      <span>
        <target id="w_6"/>
      </span>
    </term>
    <term tid="t_7" lemma="eens" type="open">
      <span>
        <target id="w_7"/>
      </span>
    </term>
    <term tid="t_8" lemma="eerder" type="open">
      <span>
        <target id="w_8"/>
      </span>
    </term>
    <term tid="t_9" lemma="wezen" type="open">
      <span>
        <target id="w_9"/>
      </span>
    </term>
    <term tid="t_10" lemma="eten" type="open">
      <span>
        <target id="w_10"/>
      </span>
    </term>
    <term tid="t_11" lemma="in" type="open">
      <span>
        <target id="w_11"/>
      </span>
    </term>
    <term tid="t_12" lemma="hny" type="open">
      <span>
        <target id="w_12"/>
      </span>
    </term>
    <term tid="t_13" lemma="en" type="open">
      <span>
        <target id="w_13"/>
      </span>
    </term>
    <term tid="t_14" lemma="dat" type="open">
      <span>
        <target id="w_14"/>
      </span>
    </term>
    <term tid="t_15" lemma="was" type="open">
      <span>
        <target id="w_15"/>
      </span>
    </term>
    <term tid="t_16" lemma="goed" type="open" pos="G">
      <span>
        <target id="w_16"/>
      </span>
      <sentiment polarity="positive" resource="VUA_olery_lexicon_nl_lmf"/>
    </term>
    <term tid="t_17" lemma="en" type="open">
      <span>
        <target id="w_17"/>
      </span>
    </term>
    <term tid="t_18" lemma="dus" type="open">
      <span>
        <target id="w_18"/>
      </span>
    </term>
    <term tid="t_19" lemma="gingen" type="open">
      <span>
        <target id="w_19"/>
      </span>
    </term>
    <term tid="t_20" lemma="we" type="open">
      <span>
        <target id="w_20"/>
      </span>
    </term>
    <term tid="t_21" lemma="vol" type="open">
      <span>
        <target id="w_21"/>
      </span>
    </term>
    <term tid="t_22" lemma="goede" type="open" pos="G">
      <span>
        <target id="w_22"/>
      </span>
      <sentiment polarity="positive" resource="VUA_olery_lexicon_nl_lmf"/>
    </term>
    <term tid="t_23" lemma="moed" type="open">
      <span>
        <target id="w_23"/>
      </span>
    </term>
    <term tid="t_24" lemma="weer" type="open">
      <span>
        <target id="w_24"/>
      </span>
    </term>
    <term tid="t_25" lemma="terug" type="open">
      <span>
        <target id="w_25"/>
      </span>
    </term>
    <term tid="t_26" lemma=".." type="open">
      <span>
        <target id="w_26"/>
      </span>
    </term>
    <term tid="t_27" lemma="moesten" type="open">
      <span>
        <target id="w_27"/>
      </span>
    </term>
    <term tid="t_28" lemma="een" type="open">
      <span>
        <target id="w_28"/>
      </span>
    </term>
    <term tid="t_29" lemma="half" type="open">
      <span>
        <target id="w_29"/>
      </span>
    </term>
    <term tid="t_30" lemma="uur" type="open">
      <span>
        <target id="w_30"/>
      </span>
    </term>
    <term tid="t_31" lemma="wachten" type="open">
      <span>
        <target id="w_31"/>
      </span>
    </term>
    <term tid="t_32" lemma="op" type="open">
      <span>
        <target id="w_32"/>
      </span>
    </term>
    <term tid="t_33" lemma="ons" type="open">
      <span>
        <target id="w_33"/>
      </span>
    </term>
    <term tid="t_34" lemma="drankje" type="open">
      <span>
        <target id="w_34"/>
      </span>
    </term>
    <term tid="t_35" lemma="(dat" type="open">
      <span>
        <target id="w_35"/>
      </span>
    </term>
    <term tid="t_36" lemma="kost" type="open">
      <span>
        <target id="w_36"/>
      </span>
    </term>
    <term tid="t_37" lemma="geld" type="open">
      <span>
        <target id="w_37"/>
      </span>
    </term>
    <term tid="t_38" lemma="moet" type="open">
      <span>
        <target id="w_38"/>
      </span>
    </term>
    <term tid="t_39" lemma="je" type="open">
      <span>
        <target id="w_39"/>
      </span>
    </term>
    <term tid="t_40" lemma="maar" type="open">
      <span>
        <target id="w_40"/>
      </span>
    </term>
    <term tid="t_41" lemma="denken" type="open">
      <span>
        <target id="w_41"/>
      </span>
    </term>
    <term tid="t_42" lemma=")" type="open">
      <span>
        <target id="w_42"/>
      </span>
    </term>
    <term tid="t_43" lemma="en" type="open">
      <span>
        <target id="w_43"/>
      </span>
    </term>
    <term tid="t_44" lemma="het" type="open">
      <span>
        <target id="w_44"/>
      </span>
    </term>
    <term tid="t_45" lemma="eten" type="open">
      <span>
        <target id="w_45"/>
      </span>
    </term>
    <term tid="t_46" lemma="was" type="open">
      <span>
        <target id="w_46"/>
      </span>
    </term>
    <term tid="t_47" lemma="werkelijk" type="open">
      <span>
        <target id="w_47"/>
      </span>
    </term>
    <term tid="t_48" lemma="slecht" type="open" pos="G">
      <span>
        <target id="w_48"/>
      </span>
      <sentiment polarity="negative" resource="VUA_olery_lexicon_nl_lmf"/>
    </term>
    <term tid="t_49" lemma="," type="open">
      <span>
        <target id="w_49"/>
      </span>
    </term>
    <term tid="t_50" lemma="niet" type="open">
      <span>
        <target id="w_50"/>
      </span>
      <sentiment sentiment_modifier="shifter" resource="VUA_olery_lexicon_nl_lmf"/>
    </term>
    <term tid="t_51" lemma="gaar" type="open">
      <span>
        <target id="w_51"/>
      </span>
    </term>
    <term tid="t_52" lemma="," type="open">
      <span>
        <target id="w_52"/>
      </span>
    </term>
    <term tid="t_53" lemma="opgewarmd" type="open">
      <span>
        <target id="w_53"/>
      </span>
    </term>
    <term tid="t_54" lemma="en" type="open">
      <span>
        <target id="w_54"/>
      </span>
    </term>
    <term tid="t_55" lemma="daardoor" type="open">
      <span>
        <target id="w_55"/>
      </span>
    </term>
    <term tid="t_56" lemma="alle" type="open">
      <span>
        <target id="w_56"/>
      </span>
    </term>
    <term tid="t_57" lemma="kwaliteit" type="open">
      <span>
        <target id="w_57"/>
      </span>
    </term>
    <term tid="t_58" lemma="verloren" type="open">
      <span>
        <target id="w_58"/>
      </span>
    </term>
    <term tid="t_59" lemma="en" type="open">
      <span>
        <target id="w_59"/>
      </span>
    </term>
    <term tid="t_60" lemma="wat" type="open">
      <span>
        <target id="w_60"/>
      </span>
    </term>
    <term tid="t_61" lemma="dat" type="open">
      <span>
        <target id="w_61"/>
      </span>
    </term>
    <term tid="t_62" lemma="betreft" type="open">
      <span>
        <target id="w_62"/>
      </span>
    </term>
    <term tid="t_63" lemma="te" type="open">
      <span>
        <target id="w_63"/>
      </span>
    </term>
    <term tid="t_64" lemma="duur" type="open" pos="G">
      <span>
        <target id="w_64"/>
      </span>
      <sentiment polarity="negative" resource="VUA_olery_lexicon_nl_lmf"/>
    </term>
    <term tid="t_65" lemma=".." type="open">
      <span>
        <target id="w_65"/>
      </span>
    </term>
    <term tid="t_66" lemma="zonde" type="open" pos="N">
      <span>
        <target id="w_66"/>
      </span>
      <sentiment polarity="negative" resource="VUA_olery_lexicon_nl_lmf"/>
    </term>
    <term tid="t_67" lemma="," type="open">
      <span>
        <target id="w_67"/>
      </span>
    </term>
    <term tid="t_68" lemma="zijn" type="open">
      <span>
        <target id="w_68"/>
      </span>
    </term>
    <term tid="t_69" lemma="nu" type="open">
      <span>
        <target id="w_69"/>
      </span>
    </term>
    <term tid="t_70" lemma="bang" type="open">
      <span>
        <target id="w_70"/>
      </span>
    </term>
    <term tid="t_71" lemma="om" type="open">
      <span>
        <target id="w_71"/>
      </span>
    </term>
    <term tid="t_72" lemma="met" type="open">
      <span>
        <target id="w_72"/>
      </span>
    </term>
    <term tid="t_73" lemma="vrienden" type="open">
      <span>
        <target id="w_73"/>
      </span>
    </term>
    <term tid="t_74" lemma="terug" type="open">
      <span>
        <target id="w_74"/>
      </span>
    </term>
    <term tid="t_75" lemma="te" type="open">
      <span>
        <target id="w_75"/>
      </span>
    </term>
    <term tid="t_76" lemma="gaan" type="open">
      <span>
        <target id="w_76"/>
      </span>
    </term>
  </terms>
  <entities>
    <entity type="MISC" eid="e_1">
      <span>
        <target id="t_68"/>
      </span>
    </entity>
    <entity type="PER" eid="e_2">
      <span>
        <target id="t_20"/>
      </span>
    </entity>
  </entities>
  <properties>
    <property type="value_for_money" pid="p_1">
      <span>
        <target id="t_36"/>
      </span>
      <span>
        <target id="t_37"/>
      </span>
      <span>
        <target id="t_64"/>
      </span>
    </property>
    <property type="restaurant" pid="p_2">
      <span>
        <target id="t_4"/>
      </span>
      <span>
        <target id="t_10"/>
      </span>
      <span>
        <target id="t_34"/>
      </span>
      <span>
        <target id="t_45"/>
      </span>
    </property>
    <property type="staff" pid="p_3">
      <span>
        <target id="t_2"/>
      </span>
    </property>
  </properties>
  <opinions>
    <opinion oid="o_1">
      <opinion_holder>
        <span>
          <target id="t_20"/>
        </span>
      </opinion_holder>
      <opinion_target>
        <span>
          <target id="t_19"/>
        </span>
      </opinion_target>
      <opinion_expression polarity="positive" strength="1">
        <span>
          <target id="t_16"/>
        </span>
      </opinion_expression>
    </opinion>
    <opinion oid="o_2">
      <opinion_holder>
        <span>
          <target id="t_20"/>
        </span>
      </opinion_holder>
      <opinion_target>
        <span>
          <target id="t_23"/>
        </span>
      </opinion_target>
      <opinion_expression polarity="positive" strength="1">
        <span>
          <target id="t_22"/>
        </span>
      </opinion_expression>
    </opinion>
    <opinion oid="o_3">
      <opinion_target>
        <span>
          <target id="t_51"/>
        </span>
      </opinion_target>
      <opinion_expression polarity="negative" strength="-1">
        <span>
          <target id="t_48"/>
        </span>
      </opinion_expression>
    </opinion>
    <opinion oid="o_4">
      <opinion_target>
        <span>
          <target id="t_62"/>
        </span>
      </opinion_target>
      <opinion_expression polarity="negative" strength="-1">
        <span>
          <target id="t_64"/>
        </span>
      </opinion_expression>
    </opinion>
  </opinions>
</KAF>
