<?xml version='1.0' encoding='UTF-8'?>
<KAF xml:lang="nl">
  <linguisticProcessors layer="text">
    <lp timestamp="2013-01-06T18:44:31CET" version="2.0" name="SentenceTokenizer"/>
  </linguisticProcessors>
  <linguisticProcessors layer="terms">
    <lp timestamp="2013-01-06T18:44:31CET" version="2.0" name="SentenceTokenizer"/>
    <lp timestamp="2013-01-06T18:44:31CET" version="1.0" name="SimplePolarityTagger"/>
  </linguisticProcessors>
  <linguisticProcessor layer="opinions">
    <lp timestamp="2013-01-06T18:44:31CET" version="1.0" name="SimpleOpinionDetector"/>
  </linguisticProcessor>
  <linguisticProcessor layer="properties">
    <lp timestamp="2013-01-06T18:44:31CET" version="1.0" name="SimplePropRecognizer_lookup"/>
  </linguisticProcessor>
  <linguisticProcessor layer="entities">
    <lp timestamp="2013-01-06T18:44:31CET" version="1.0" name="SimpleNER_lookup"/>
  </linguisticProcessor>
  <text>
    <wf wid="w_1" para="1" sent="1">slecht</wf>
    <wf wid="w_2" para="1" sent="1">en</wf>
    <wf wid="w_3" para="1" sent="1">vuil</wf>
    <wf wid="w_4" para="1" sent="1">hotel</wf>
    <wf wid="w_5" para="1" sent="1">.</wf>
    <wf wid="w_6" para="1" sent="2">Om</wf>
    <wf wid="w_7" para="1" sent="2">7h00</wf>
    <wf wid="w_8" para="1" sent="2">smorgens</wf>
    <wf wid="w_9" para="1" sent="2">veel</wf>
    <wf wid="w_10" para="1" sent="2">lawaai</wf>
    <wf wid="w_11" para="1" sent="2">,</wf>
    <wf wid="w_12" para="1" sent="2">ligstoelen</wf>
    <wf wid="w_13" para="1" sent="2">aan</wf>
    <wf wid="w_14" para="1" sent="2">het</wf>
    <wf wid="w_15" para="1" sent="2">strand</wf>
    <wf wid="w_16" para="1" sent="2">zijn</wf>
    <wf wid="w_17" para="1" sent="2">zelden</wf>
    <wf wid="w_18" para="1" sent="2">vrij</wf>
    <wf wid="w_19" para="1" sent="2">,</wf>
    <wf wid="w_20" para="1" sent="2">men</wf>
    <wf wid="w_21" para="1" sent="2">moet</wf>
    <wf wid="w_22" para="1" sent="2">vroeg</wf>
    <wf wid="w_23" para="1" sent="2">opstaan</wf>
    <wf wid="w_24" para="1" sent="2">om</wf>
    <wf wid="w_25" para="1" sent="2">2</wf>
    <wf wid="w_26" para="1" sent="2">ligstoelen</wf>
    <wf wid="w_27" para="1" sent="2">vrij</wf>
    <wf wid="w_28" para="1" sent="2">te</wf>
    <wf wid="w_29" para="1" sent="2">houden</wf>
    <wf wid="w_30" para="1" sent="2">.</wf>
    <wf wid="w_31" para="1" sent="3">De</wf>
    <wf wid="w_32" para="1" sent="3">kamer</wf>
    <wf wid="w_33" para="1" sent="3">word</wf>
    <wf wid="w_34" para="1" sent="3">niet</wf>
    <wf wid="w_35" para="1" sent="3">gestoftzuigd</wf>
    <wf wid="w_36" para="1" sent="3">en</wf>
    <wf wid="w_37" para="1" sent="3">ook</wf>
    <wf wid="w_38" para="1" sent="3">niet</wf>
    <wf wid="w_39" para="1" sent="3">met</wf>
    <wf wid="w_40" para="1" sent="3">water</wf>
    <wf wid="w_41" para="1" sent="3">gepoest</wf>
    <wf wid="w_42" para="1" sent="3">.</wf>
    <wf wid="w_43" para="1" sent="4">het</wf>
    <wf wid="w_44" para="1" sent="4">hotel</wf>
    <wf wid="w_45" para="1" sent="4">te</wf>
    <wf wid="w_46" para="1" sent="4">dicht</wf>
    <wf wid="w_47" para="1" sent="4">bepland</wf>
    <wf wid="w_48" para="1" sent="4">met</wf>
    <wf wid="w_49" para="1" sent="4">bomen</wf>
    <wf wid="w_50" para="1" sent="4">en</wf>
    <wf wid="w_51" para="1" sent="4">planten</wf>
    <wf wid="w_52" para="1" sent="4">,</wf>
    <wf wid="w_53" para="1" sent="4">takken</wf>
    <wf wid="w_54" para="1" sent="4">groeien</wf>
    <wf wid="w_55" para="1" sent="4">over</wf>
    <wf wid="w_56" para="1" sent="4">het</wf>
    <wf wid="w_57" para="1" sent="4">terras</wf>
    <wf wid="w_58" para="1" sent="4">.</wf>
    <wf wid="w_59" para="1" sent="5">Ik</wf>
    <wf wid="w_60" para="1" sent="5">raad</wf>
    <wf wid="w_61" para="1" sent="5">dit</wf>
    <wf wid="w_62" para="1" sent="5">hoel</wf>
    <wf wid="w_63" para="1" sent="5">niet</wf>
    <wf wid="w_64" para="1" sent="5">aan</wf>
    <wf wid="w_65" para="1" sent="5">.</wf>
    <wf wid="w_66" para="1" sent="6">Bali</wf>
    <wf wid="w_67" para="1" sent="6">raad</wf>
    <wf wid="w_68" para="1" sent="6">ik</wf>
    <wf wid="w_69" para="1" sent="6">wel</wf>
    <wf wid="w_70" para="1" sent="6">aan</wf>
    <wf wid="w_71" para="1" sent="6">,</wf>
    <wf wid="w_72" para="1" sent="6">het</wf>
    <wf wid="w_73" para="1" sent="6">is</wf>
    <wf wid="w_74" para="1" sent="6">een</wf>
    <wf wid="w_75" para="1" sent="6">prachtland</wf>
    <wf wid="w_76" para="1" sent="6">.</wf>
  </text>
  <terms>
    <term tid="t_1" lemma="slecht" type="open" pos="G">
      <span>
        <target id="w_1"/>
      </span>
      <sentiment polarity="negative" resource="VUA_olery_lexicon_nl_lmf"/>
    </term>
    <term tid="t_2" lemma="en" type="open">
      <span>
        <target id="w_2"/>
      </span>
    </term>
    <term tid="t_3" lemma="vuil" type="open" pos="G">
      <span>
        <target id="w_3"/>
      </span>
      <sentiment polarity="negative" resource="VUA_olery_lexicon_nl_lmf"/>
    </term>
    <term tid="t_4" lemma="hotel" type="open">
      <span>
        <target id="w_4"/>
      </span>
    </term>
    <term tid="t_5" lemma="." type="open">
      <span>
        <target id="w_5"/>
      </span>
    </term>
    <term tid="t_6" lemma="om" type="open">
      <span>
        <target id="w_6"/>
      </span>
    </term>
    <term tid="t_7" lemma="7h00" type="open">
      <span>
        <target id="w_7"/>
      </span>
    </term>
    <term tid="t_8" lemma="smorgens" type="open">
      <span>
        <target id="w_8"/>
      </span>
    </term>
    <term tid="t_9" lemma="veel" type="open">
      <span>
        <target id="w_9"/>
      </span>
    </term>
    <term tid="t_10" lemma="lawaai" type="open" pos="N">
      <span>
        <target id="w_10"/>
      </span>
      <sentiment polarity="negative" resource="VUA_olery_lexicon_nl_lmf"/>
    </term>
    <term tid="t_11" lemma="," type="open">
      <span>
        <target id="w_11"/>
      </span>
    </term>
    <term tid="t_12" lemma="ligstoelen" type="open">
      <span>
        <target id="w_12"/>
      </span>
    </term>
    <term tid="t_13" lemma="aan" type="open">
      <span>
        <target id="w_13"/>
      </span>
    </term>
    <term tid="t_14" lemma="het" type="open">
      <span>
        <target id="w_14"/>
      </span>
    </term>
    <term tid="t_15" lemma="strand" type="open">
      <span>
        <target id="w_15"/>
      </span>
    </term>
    <term tid="t_16" lemma="zijn" type="open">
      <span>
        <target id="w_16"/>
      </span>
    </term>
    <term tid="t_17" lemma="zelden" type="open">
      <span>
        <target id="w_17"/>
      </span>
    </term>
    <term tid="t_18" lemma="vrij" type="open">
      <span>
        <target id="w_18"/>
      </span>
    </term>
    <term tid="t_19" lemma="," type="open">
      <span>
        <target id="w_19"/>
      </span>
    </term>
    <term tid="t_20" lemma="men" type="open">
      <span>
        <target id="w_20"/>
      </span>
    </term>
    <term tid="t_21" lemma="moet" type="open">
      <span>
        <target id="w_21"/>
      </span>
    </term>
    <term tid="t_22" lemma="vroeg" type="open">
      <span>
        <target id="w_22"/>
      </span>
    </term>
    <term tid="t_23" lemma="opstaan" type="open">
      <span>
        <target id="w_23"/>
      </span>
    </term>
    <term tid="t_24" lemma="om" type="open">
      <span>
        <target id="w_24"/>
      </span>
    </term>
    <term tid="t_25" lemma="2" type="open">
      <span>
        <target id="w_25"/>
      </span>
    </term>
    <term tid="t_26" lemma="ligstoelen" type="open">
      <span>
        <target id="w_26"/>
      </span>
    </term>
    <term tid="t_27" lemma="vrij" type="open">
      <span>
        <target id="w_27"/>
      </span>
    </term>
    <term tid="t_28" lemma="te" type="open">
      <span>
        <target id="w_28"/>
      </span>
    </term>
    <term tid="t_29" lemma="houden" type="open">
      <span>
        <target id="w_29"/>
      </span>
    </term>
    <term tid="t_30" lemma="." type="open">
      <span>
        <target id="w_30"/>
      </span>
    </term>
    <term tid="t_31" lemma="de" type="open">
      <span>
        <target id="w_31"/>
      </span>
    </term>
    <term tid="t_32" lemma="kamer" type="open">
      <span>
        <target id="w_32"/>
      </span>
    </term>
    <term tid="t_33" lemma="word" type="open">
      <span>
        <target id="w_33"/>
      </span>
    </term>
    <term tid="t_34" lemma="niet" type="open">
      <span>
        <target id="w_34"/>
      </span>
      <sentiment sentiment_modifier="shifter" resource="VUA_olery_lexicon_nl_lmf"/>
    </term>
    <term tid="t_35" lemma="gestoftzuigd" type="open">
      <span>
        <target id="w_35"/>
      </span>
    </term>
    <term tid="t_36" lemma="en" type="open">
      <span>
        <target id="w_36"/>
      </span>
    </term>
    <term tid="t_37" lemma="ook" type="open">
      <span>
        <target id="w_37"/>
      </span>
    </term>
    <term tid="t_38" lemma="niet" type="open">
      <span>
        <target id="w_38"/>
      </span>
      <sentiment sentiment_modifier="shifter" resource="VUA_olery_lexicon_nl_lmf"/>
    </term>
    <term tid="t_39" lemma="met" type="open">
      <span>
        <target id="w_39"/>
      </span>
    </term>
    <term tid="t_40" lemma="water" type="open">
      <span>
        <target id="w_40"/>
      </span>
    </term>
    <term tid="t_41" lemma="gepoest" type="open">
      <span>
        <target id="w_41"/>
      </span>
    </term>
    <term tid="t_42" lemma="." type="open">
      <span>
        <target id="w_42"/>
      </span>
    </term>
    <term tid="t_43" lemma="het" type="open">
      <span>
        <target id="w_43"/>
      </span>
    </term>
    <term tid="t_44" lemma="hotel" type="open">
      <span>
        <target id="w_44"/>
      </span>
    </term>
    <term tid="t_45" lemma="te" type="open">
      <span>
        <target id="w_45"/>
      </span>
    </term>
    <term tid="t_46" lemma="dicht" type="open">
      <span>
        <target id="w_46"/>
      </span>
    </term>
    <term tid="t_47" lemma="bepland" type="open">
      <span>
        <target id="w_47"/>
      </span>
    </term>
    <term tid="t_48" lemma="met" type="open">
      <span>
        <target id="w_48"/>
      </span>
    </term>
    <term tid="t_49" lemma="bomen" type="open">
      <span>
        <target id="w_49"/>
      </span>
    </term>
    <term tid="t_50" lemma="en" type="open">
      <span>
        <target id="w_50"/>
      </span>
    </term>
    <term tid="t_51" lemma="planten" type="open">
      <span>
        <target id="w_51"/>
      </span>
    </term>
    <term tid="t_52" lemma="," type="open">
      <span>
        <target id="w_52"/>
      </span>
    </term>
    <term tid="t_53" lemma="takken" type="open">
      <span>
        <target id="w_53"/>
      </span>
    </term>
    <term tid="t_54" lemma="groeien" type="open">
      <span>
        <target id="w_54"/>
      </span>
    </term>
    <term tid="t_55" lemma="over" type="open">
      <span>
        <target id="w_55"/>
      </span>
    </term>
    <term tid="t_56" lemma="het" type="open">
      <span>
        <target id="w_56"/>
      </span>
    </term>
    <term tid="t_57" lemma="terras" type="open">
      <span>
        <target id="w_57"/>
      </span>
    </term>
    <term tid="t_58" lemma="." type="open">
      <span>
        <target id="w_58"/>
      </span>
    </term>
    <term tid="t_59" lemma="ik" type="open">
      <span>
        <target id="w_59"/>
      </span>
    </term>
    <term tid="t_60" lemma="raad" type="open">
      <span>
        <target id="w_60"/>
      </span>
    </term>
    <term tid="t_61" lemma="dit" type="open">
      <span>
        <target id="w_61"/>
      </span>
    </term>
    <term tid="t_62" lemma="hoel" type="open">
      <span>
        <target id="w_62"/>
      </span>
    </term>
    <term tid="t_63" lemma="niet" type="open">
      <span>
        <target id="w_63"/>
      </span>
      <sentiment sentiment_modifier="shifter" resource="VUA_olery_lexicon_nl_lmf"/>
    </term>
    <term tid="t_64" lemma="aan" type="open">
      <span>
        <target id="w_64"/>
      </span>
    </term>
    <term tid="t_65" lemma="." type="open">
      <span>
        <target id="w_65"/>
      </span>
    </term>
    <term tid="t_66" lemma="bali" type="open">
      <span>
        <target id="w_66"/>
      </span>
    </term>
    <term tid="t_67" lemma="raad" type="open">
      <span>
        <target id="w_67"/>
      </span>
    </term>
    <term tid="t_68" lemma="ik" type="open">
      <span>
        <target id="w_68"/>
      </span>
    </term>
    <term tid="t_69" lemma="wel" type="open">
      <span>
        <target id="w_69"/>
      </span>
    </term>
    <term tid="t_70" lemma="aan" type="open">
      <span>
        <target id="w_70"/>
      </span>
    </term>
    <term tid="t_71" lemma="," type="open">
      <span>
        <target id="w_71"/>
      </span>
    </term>
    <term tid="t_72" lemma="het" type="open">
      <span>
        <target id="w_72"/>
      </span>
    </term>
    <term tid="t_73" lemma="is" type="open">
      <span>
        <target id="w_73"/>
      </span>
    </term>
    <term tid="t_74" lemma="een" type="open">
      <span>
        <target id="w_74"/>
      </span>
    </term>
    <term tid="t_75" lemma="prachtland" type="open">
      <span>
        <target id="w_75"/>
      </span>
    </term>
    <term tid="t_76" lemma="." type="open">
      <span>
        <target id="w_76"/>
      </span>
    </term>
  </terms>
  <entities>
    <entity type="MISC" eid="e_1">
      <span>
        <target id="t_16"/>
      </span>
    </entity>
    <entity type="ORG" eid="e_2">
      <span>
        <target id="t_32"/>
      </span>
    </entity>
    <entity type="PER" eid="e_3">
      <span>
        <target id="t_25"/>
      </span>
    </entity>
  </entities>
  <properties>
    <property type="bathroom" pid="p_1">
      <span>
        <target id="t_40"/>
      </span>
    </property>
    <property type="noise" pid="p_2">
      <span>
        <target id="t_10"/>
      </span>
    </property>
    <property type="room" pid="p_3">
      <span>
        <target id="t_32"/>
      </span>
    </property>
    <property type="cleanliness" pid="p_4">
      <span>
        <target id="t_3"/>
      </span>
    </property>
    <property type="sleeping_comfort" pid="p_5">
      <span>
        <target id="t_23"/>
      </span>
    </property>
    <property type="facilities" pid="p_6">
      <span>
        <target id="t_15"/>
      </span>
      <span>
        <target id="t_57"/>
      </span>
    </property>
  </properties>
  <opinions>
    <opinion oid="o_1">
      <opinion_target>
        <span>
          <target id="t_4"/>
        </span>
      </opinion_target>
      <opinion_expression polarity="negative" strength="-2">
        <span>
          <target id="t_1"/>
          <target id="t_3"/>
        </span>
      </opinion_expression>
    </opinion>
    <opinion oid="o_2">
      <opinion_target>
        <span>
          <target id="t_12"/>
        </span>
      </opinion_target>
      <opinion_expression polarity="negative" strength="-1">
        <span>
          <target id="t_10"/>
        </span>
      </opinion_expression>
    </opinion>
  </opinions>
</KAF>
