<?xml version='1.0' encoding='UTF-8'?>
<KAF xml:lang="nl">
  <linguisticProcessors layer="text">
    <lp timestamp="2013-01-06T18:44:53CET" version="2.0" name="SentenceTokenizer"/>
  </linguisticProcessors>
  <linguisticProcessors layer="terms">
    <lp timestamp="2013-01-06T18:44:53CET" version="2.0" name="SentenceTokenizer"/>
    <lp timestamp="2013-01-06T18:44:53CET" version="1.0" name="SimplePolarityTagger"/>
  </linguisticProcessors>
  <linguisticProcessor layer="opinions">
    <lp timestamp="2013-01-06T18:44:53CET" version="1.0" name="SimpleOpinionDetector"/>
  </linguisticProcessor>
  <linguisticProcessor layer="properties">
    <lp timestamp="2013-01-06T18:44:53CET" version="1.0" name="SimplePropRecognizer_lookup"/>
  </linguisticProcessor>
  <linguisticProcessor layer="entities">
    <lp timestamp="2013-01-06T18:44:53CET" version="1.0" name="SimpleNER_lookup"/>
  </linguisticProcessor>
  <text>
    <wf wid="w_1" para="1" sent="1">Friese</wf>
    <wf wid="w_2" para="1" sent="1">onvriendelijkheid</wf>
    <wf wid="w_3" para="1" sent="1">?.</wf>
    <wf wid="w_4" para="1" sent="2">jammer</wf>
    <wf wid="w_5" para="1" sent="2">van</wf>
    <wf wid="w_6" para="1" sent="2">dit</wf>
    <wf wid="w_7" para="1" sent="2">hotel</wf>
    <wf wid="w_8" para="1" sent="2">is</wf>
    <wf wid="w_9" para="1" sent="2">dat</wf>
    <wf wid="w_10" para="1" sent="2">het</wf>
    <wf wid="w_11" para="1" sent="2">personeel</wf>
    <wf wid="w_12" para="1" sent="2">niet</wf>
    <wf wid="w_13" para="1" sent="2">echt</wf>
    <wf wid="w_14" para="1" sent="2">vriendelijk</wf>
    <wf wid="w_15" para="1" sent="2">is</wf>
    <wf wid="w_16" para="1" sent="2">..</wf>
    <wf wid="w_17" para="1" sent="3">Het</wf>
    <wf wid="w_18" para="1" sent="3">hotel</wf>
    <wf wid="w_19" para="1" sent="3">zelf</wf>
    <wf wid="w_20" para="1" sent="3">ziet</wf>
    <wf wid="w_21" para="1" sent="3">er</wf>
    <wf wid="w_22" para="1" sent="3">goed</wf>
    <wf wid="w_23" para="1" sent="3">uit</wf>
    <wf wid="w_24" para="1" sent="3">(de</wf>
    <wf wid="w_25" para="1" sent="3">nieuwe</wf>
    <wf wid="w_26" para="1" sent="3">kamers</wf>
    <wf wid="w_27" para="1" sent="3">)</wf>
    <wf wid="w_28" para="1" sent="3">het</wf>
    <wf wid="w_29" para="1" sent="3">ontbijt</wf>
    <wf wid="w_30" para="1" sent="3">is</wf>
    <wf wid="w_31" para="1" sent="3">ok</wf>
    <wf wid="w_32" para="1" sent="3">en</wf>
    <wf wid="w_33" para="1" sent="3">de</wf>
    <wf wid="w_34" para="1" sent="3">avondkaart</wf>
    <wf wid="w_35" para="1" sent="3">is</wf>
    <wf wid="w_36" para="1" sent="3">ook</wf>
    <wf wid="w_37" para="1" sent="3">niet</wf>
    <wf wid="w_38" para="1" sent="3">echt</wf>
    <wf wid="w_39" para="1" sent="3">verkeerd</wf>
    <wf wid="w_40" para="1" sent="3">.</wf>
    <wf wid="w_41" para="1" sent="4">Ik</wf>
    <wf wid="w_42" para="1" sent="4">ben</wf>
    <wf wid="w_43" para="1" sent="4">hier</wf>
    <wf wid="w_44" para="1" sent="4">meerdere</wf>
    <wf wid="w_45" para="1" sent="4">keren</wf>
    <wf wid="w_46" para="1" sent="4">geweest</wf>
    <wf wid="w_47" para="1" sent="4">en</wf>
    <wf wid="w_48" para="1" sent="4">men</wf>
    <wf wid="w_49" para="1" sent="4">beseft</wf>
    <wf wid="w_50" para="1" sent="4">blijkbaar</wf>
    <wf wid="w_51" para="1" sent="4">niet</wf>
    <wf wid="w_52" para="1" sent="4">dat</wf>
    <wf wid="w_53" para="1" sent="4">ze</wf>
    <wf wid="w_54" para="1" sent="4">blij</wf>
    <wf wid="w_55" para="1" sent="4">moeten</wf>
    <wf wid="w_56" para="1" sent="4">zijn</wf>
    <wf wid="w_57" para="1" sent="4">dat</wf>
    <wf wid="w_58" para="1" sent="4">je</wf>
    <wf wid="w_59" para="1" sent="4">wilt</wf>
    <wf wid="w_60" para="1" sent="4">komen</wf>
    <wf wid="w_61" para="1" sent="4">en</wf>
    <wf wid="w_62" para="1" sent="4">geld</wf>
    <wf wid="w_63" para="1" sent="4">uitgeeft</wf>
    <wf wid="w_64" para="1" sent="4">.</wf>
    <wf wid="w_65" para="1" sent="5">je</wf>
    <wf wid="w_66" para="1" sent="5">voelt</wf>
    <wf wid="w_67" para="1" sent="5">je</wf>
    <wf wid="w_68" para="1" sent="5">hier</wf>
    <wf wid="w_69" para="1" sent="5">geen</wf>
    <wf wid="w_70" para="1" sent="5">gast</wf>
    <wf wid="w_71" para="1" sent="5">.</wf>
  </text>
  <terms>
    <term tid="t_1" lemma="friese" type="open">
      <span>
        <target id="w_1"/>
      </span>
    </term>
    <term tid="t_2" lemma="onvriendelijkheid" type="open">
      <span>
        <target id="w_2"/>
      </span>
    </term>
    <term tid="t_3" lemma="?." type="open">
      <span>
        <target id="w_3"/>
      </span>
    </term>
    <term tid="t_4" lemma="jammer" type="open" pos="G">
      <span>
        <target id="w_4"/>
      </span>
      <sentiment polarity="negative" resource="VUA_olery_lexicon_nl_lmf"/>
    </term>
    <term tid="t_5" lemma="van" type="open">
      <span>
        <target id="w_5"/>
      </span>
    </term>
    <term tid="t_6" lemma="dit" type="open">
      <span>
        <target id="w_6"/>
      </span>
    </term>
    <term tid="t_7" lemma="hotel" type="open">
      <span>
        <target id="w_7"/>
      </span>
    </term>
    <term tid="t_8" lemma="is" type="open">
      <span>
        <target id="w_8"/>
      </span>
    </term>
    <term tid="t_9" lemma="dat" type="open">
      <span>
        <target id="w_9"/>
      </span>
    </term>
    <term tid="t_10" lemma="het" type="open">
      <span>
        <target id="w_10"/>
      </span>
    </term>
    <term tid="t_11" lemma="personeel" type="open">
      <span>
        <target id="w_11"/>
      </span>
    </term>
    <term tid="t_12" lemma="niet" type="open">
      <span>
        <target id="w_12"/>
      </span>
      <sentiment sentiment_modifier="shifter" resource="VUA_olery_lexicon_nl_lmf"/>
    </term>
    <term tid="t_13" lemma="echt" type="open">
      <span>
        <target id="w_13"/>
      </span>
      <sentiment sentiment_modifier="intensifier" resource="VUA_olery_lexicon_nl_lmf"/>
    </term>
    <term tid="t_14" lemma="vriendelijk" type="open" pos="G">
      <span>
        <target id="w_14"/>
      </span>
      <sentiment polarity="positive" resource="VUA_olery_lexicon_nl_lmf"/>
    </term>
    <term tid="t_15" lemma="is" type="open">
      <span>
        <target id="w_15"/>
      </span>
    </term>
    <term tid="t_16" lemma=".." type="open">
      <span>
        <target id="w_16"/>
      </span>
    </term>
    <term tid="t_17" lemma="het" type="open">
      <span>
        <target id="w_17"/>
      </span>
    </term>
    <term tid="t_18" lemma="hotel" type="open">
      <span>
        <target id="w_18"/>
      </span>
    </term>
    <term tid="t_19" lemma="zelf" type="open">
      <span>
        <target id="w_19"/>
      </span>
    </term>
    <term tid="t_20" lemma="ziet" type="open">
      <span>
        <target id="w_20"/>
      </span>
    </term>
    <term tid="t_21" lemma="er" type="open">
      <span>
        <target id="w_21"/>
      </span>
    </term>
    <term tid="t_22" lemma="goed" type="open" pos="G">
      <span>
        <target id="w_22"/>
      </span>
      <sentiment polarity="positive" resource="VUA_olery_lexicon_nl_lmf"/>
    </term>
    <term tid="t_23" lemma="uit" type="open">
      <span>
        <target id="w_23"/>
      </span>
    </term>
    <term tid="t_24" lemma="(de" type="open">
      <span>
        <target id="w_24"/>
      </span>
    </term>
    <term tid="t_25" lemma="nieuwe" type="open">
      <span>
        <target id="w_25"/>
      </span>
    </term>
    <term tid="t_26" lemma="kamers" type="open">
      <span>
        <target id="w_26"/>
      </span>
    </term>
    <term tid="t_27" lemma=")" type="open">
      <span>
        <target id="w_27"/>
      </span>
    </term>
    <term tid="t_28" lemma="het" type="open">
      <span>
        <target id="w_28"/>
      </span>
    </term>
    <term tid="t_29" lemma="ontbijt" type="open">
      <span>
        <target id="w_29"/>
      </span>
    </term>
    <term tid="t_30" lemma="is" type="open">
      <span>
        <target id="w_30"/>
      </span>
    </term>
    <term tid="t_31" lemma="ok" type="open" pos="A">
      <span>
        <target id="w_31"/>
      </span>
      <sentiment polarity="positive" resource="VUA_olery_lexicon_nl_lmf"/>
    </term>
    <term tid="t_32" lemma="en" type="open">
      <span>
        <target id="w_32"/>
      </span>
    </term>
    <term tid="t_33" lemma="de" type="open">
      <span>
        <target id="w_33"/>
      </span>
    </term>
    <term tid="t_34" lemma="avondkaart" type="open">
      <span>
        <target id="w_34"/>
      </span>
    </term>
    <term tid="t_35" lemma="is" type="open">
      <span>
        <target id="w_35"/>
      </span>
    </term>
    <term tid="t_36" lemma="ook" type="open">
      <span>
        <target id="w_36"/>
      </span>
    </term>
    <term tid="t_37" lemma="niet" type="open">
      <span>
        <target id="w_37"/>
      </span>
      <sentiment sentiment_modifier="shifter" resource="VUA_olery_lexicon_nl_lmf"/>
    </term>
    <term tid="t_38" lemma="echt" type="open">
      <span>
        <target id="w_38"/>
      </span>
      <sentiment sentiment_modifier="intensifier" resource="VUA_olery_lexicon_nl_lmf"/>
    </term>
    <term tid="t_39" lemma="verkeerd" type="open" pos="G">
      <span>
        <target id="w_39"/>
      </span>
      <sentiment polarity="negative" resource="VUA_olery_lexicon_nl_lmf"/>
    </term>
    <term tid="t_40" lemma="." type="open">
      <span>
        <target id="w_40"/>
      </span>
    </term>
    <term tid="t_41" lemma="ik" type="open">
      <span>
        <target id="w_41"/>
      </span>
    </term>
    <term tid="t_42" lemma="ben" type="open">
      <span>
        <target id="w_42"/>
      </span>
    </term>
    <term tid="t_43" lemma="hier" type="open">
      <span>
        <target id="w_43"/>
      </span>
    </term>
    <term tid="t_44" lemma="meerdere" type="open">
      <span>
        <target id="w_44"/>
      </span>
    </term>
    <term tid="t_45" lemma="keren" type="open">
      <span>
        <target id="w_45"/>
      </span>
    </term>
    <term tid="t_46" lemma="geweest" type="open">
      <span>
        <target id="w_46"/>
      </span>
    </term>
    <term tid="t_47" lemma="en" type="open">
      <span>
        <target id="w_47"/>
      </span>
    </term>
    <term tid="t_48" lemma="men" type="open">
      <span>
        <target id="w_48"/>
      </span>
    </term>
    <term tid="t_49" lemma="beseft" type="open">
      <span>
        <target id="w_49"/>
      </span>
    </term>
    <term tid="t_50" lemma="blijkbaar" type="open">
      <span>
        <target id="w_50"/>
      </span>
    </term>
    <term tid="t_51" lemma="niet" type="open">
      <span>
        <target id="w_51"/>
      </span>
      <sentiment sentiment_modifier="shifter" resource="VUA_olery_lexicon_nl_lmf"/>
    </term>
    <term tid="t_52" lemma="dat" type="open">
      <span>
        <target id="w_52"/>
      </span>
    </term>
    <term tid="t_53" lemma="ze" type="open">
      <span>
        <target id="w_53"/>
      </span>
    </term>
    <term tid="t_54" lemma="blij" type="open" pos="G">
      <span>
        <target id="w_54"/>
      </span>
      <sentiment polarity="positive" resource="VUA_olery_lexicon_nl_lmf"/>
    </term>
    <term tid="t_55" lemma="moeten" type="open">
      <span>
        <target id="w_55"/>
      </span>
    </term>
    <term tid="t_56" lemma="zijn" type="open">
      <span>
        <target id="w_56"/>
      </span>
    </term>
    <term tid="t_57" lemma="dat" type="open">
      <span>
        <target id="w_57"/>
      </span>
    </term>
    <term tid="t_58" lemma="je" type="open">
      <span>
        <target id="w_58"/>
      </span>
    </term>
    <term tid="t_59" lemma="wilt" type="open">
      <span>
        <target id="w_59"/>
      </span>
    </term>
    <term tid="t_60" lemma="komen" type="open">
      <span>
        <target id="w_60"/>
      </span>
    </term>
    <term tid="t_61" lemma="en" type="open">
      <span>
        <target id="w_61"/>
      </span>
    </term>
    <term tid="t_62" lemma="geld" type="open">
      <span>
        <target id="w_62"/>
      </span>
    </term>
    <term tid="t_63" lemma="uitgeeft" type="open">
      <span>
        <target id="w_63"/>
      </span>
    </term>
    <term tid="t_64" lemma="." type="open">
      <span>
        <target id="w_64"/>
      </span>
    </term>
    <term tid="t_65" lemma="je" type="open">
      <span>
        <target id="w_65"/>
      </span>
    </term>
    <term tid="t_66" lemma="voelt" type="open">
      <span>
        <target id="w_66"/>
      </span>
    </term>
    <term tid="t_67" lemma="je" type="open">
      <span>
        <target id="w_67"/>
      </span>
    </term>
    <term tid="t_68" lemma="hier" type="open">
      <span>
        <target id="w_68"/>
      </span>
    </term>
    <term tid="t_69" lemma="geen" type="open">
      <span>
        <target id="w_69"/>
      </span>
      <sentiment sentiment_modifier="shifter" resource="VUA_olery_lexicon_nl_lmf"/>
    </term>
    <term tid="t_70" lemma="gast" type="open">
      <span>
        <target id="w_70"/>
      </span>
    </term>
    <term tid="t_71" lemma="." type="open">
      <span>
        <target id="w_71"/>
      </span>
    </term>
  </terms>
  <entities>
    <entity type="MISC" eid="e_1">
      <span>
        <target id="t_56"/>
      </span>
    </entity>
  </entities>
  <properties>
    <property type="value_for_money" pid="p_1">
      <span>
        <target id="t_62"/>
      </span>
    </property>
    <property type="restaurant" pid="p_2">
      <span>
        <target id="t_29"/>
      </span>
    </property>
    <property type="staff" pid="p_3">
      <span>
        <target id="t_11"/>
      </span>
      <span>
        <target id="t_14"/>
      </span>
      <span>
        <target id="t_70"/>
      </span>
    </property>
  </properties>
  <opinions>
    <opinion oid="o_1">
      <opinion_target>
        <span>
          <target id="t_7"/>
        </span>
      </opinion_target>
      <opinion_expression polarity="negative" strength="-1">
        <span>
          <target id="t_4"/>
        </span>
      </opinion_expression>
    </opinion>
    <opinion oid="o_2">
      <opinion_target>
        <span>
          <target id="t_11"/>
        </span>
      </opinion_target>
      <opinion_expression polarity="negative" strength="-2">
        <span>
          <target id="t_14"/>
          <target id="t_13"/>
          <target id="t_12"/>
        </span>
      </opinion_expression>
    </opinion>
    <opinion oid="o_3">
      <opinion_target>
        <span>
          <target id="t_24"/>
        </span>
      </opinion_target>
      <opinion_expression polarity="positive" strength="1">
        <span>
          <target id="t_22"/>
        </span>
      </opinion_expression>
    </opinion>
    <opinion oid="o_4">
      <opinion_target>
        <span>
          <target id="t_34"/>
        </span>
      </opinion_target>
      <opinion_expression polarity="positive" strength="1">
        <span>
          <target id="t_31"/>
        </span>
      </opinion_expression>
    </opinion>
    <opinion oid="o_5">
      <opinion_holder>
        <span>
          <target id="t_41"/>
        </span>
      </opinion_holder>
      <opinion_target>
        <span>
          <target id="t_55"/>
        </span>
      </opinion_target>
      <opinion_expression polarity="positive" strength="1">
        <span>
          <target id="t_54"/>
        </span>
      </opinion_expression>
    </opinion>
  </opinions>
</KAF>
