<?xml version='1.0' encoding='UTF-8'?>
<KAF xml:lang="nl">
  <linguisticProcessors layer="text">
    <lp timestamp="2013-01-06T18:33:39CET" version="2.0" name="SentenceTokenizer"/>
  </linguisticProcessors>
  <linguisticProcessors layer="terms">
    <lp timestamp="2013-01-06T18:33:39CET" version="2.0" name="SentenceTokenizer"/>
    <lp timestamp="2013-01-06T18:33:39CET" version="1.0" name="SimplePolarityTagger"/>
  </linguisticProcessors>
  <linguisticProcessor layer="opinions">
    <lp timestamp="2013-01-06T18:33:39CET" version="1.0" name="SimpleOpinionDetector"/>
  </linguisticProcessor>
  <linguisticProcessor layer="properties">
    <lp timestamp="2013-01-06T18:33:39CET" version="1.0" name="SimplePropRecognizer_lookup"/>
  </linguisticProcessor>
  <linguisticProcessor layer="entities">
    <lp timestamp="2013-01-06T18:33:39CET" version="1.0" name="SimpleNER_lookup"/>
  </linguisticProcessor>
  <text>
    <wf wid="w_1" para="1" sent="1">Dit</wf>
    <wf wid="w_2" para="1" sent="1">is</wf>
    <wf wid="w_3" para="1" sent="1">een</wf>
    <wf wid="w_4" para="1" sent="1">Hotel</wf>
    <wf wid="w_5" para="1" sent="1">dat</wf>
    <wf wid="w_6" para="1" sent="1">verdiend</wf>
    <wf wid="w_7" para="1" sent="1">meer</wf>
    <wf wid="w_8" para="1" sent="1">dan</wf>
    <wf wid="w_9" para="1" sent="1">5</wf>
    <wf wid="w_10" para="1" sent="1">sterren</wf>
    <wf wid="w_11" para="1" sent="1">.</wf>
    <wf wid="w_12" para="1" sent="2">Kamers</wf>
    <wf wid="w_13" para="1" sent="2">zijn</wf>
    <wf wid="w_14" para="1" sent="2">perfect</wf>
    <wf wid="w_15" para="1" sent="2">voor</wf>
    <wf wid="w_16" para="1" sent="2">zien</wf>
    <wf wid="w_17" para="1" sent="2">van</wf>
    <wf wid="w_18" para="1" sent="2">alle</wf>
    <wf wid="w_19" para="1" sent="2">gemakken</wf>
    <wf wid="w_20" para="1" sent="2">die</wf>
    <wf wid="w_21" para="1" sent="2">je</wf>
    <wf wid="w_22" para="1" sent="2">kan</wf>
    <wf wid="w_23" para="1" sent="2">bedenken</wf>
    <wf wid="w_24" para="1" sent="2">.</wf>
    <wf wid="w_25" para="1" sent="3">We</wf>
    <wf wid="w_26" para="1" sent="3">hebben</wf>
    <wf wid="w_27" para="1" sent="3">gegeten</wf>
    <wf wid="w_28" para="1" sent="3">in</wf>
    <wf wid="w_29" para="1" sent="3">het</wf>
    <wf wid="w_30" para="1" sent="3">tapenyaki</wf>
    <wf wid="w_31" para="1" sent="3">restaurant</wf>
    <wf wid="w_32" para="1" sent="3">dat</wf>
    <wf wid="w_33" para="1" sent="3">geeft</wf>
    <wf wid="w_34" para="1" sent="3">aan</wf>
    <wf wid="w_35" para="1" sent="3">dat</wf>
    <wf wid="w_36" para="1" sent="3">kwaliteit</wf>
    <wf wid="w_37" para="1" sent="3">nog</wf>
    <wf wid="w_38" para="1" sent="3">steeds</wf>
    <wf wid="w_39" para="1" sent="3">bestaat</wf>
    <wf wid="w_40" para="1" sent="3">.</wf>
    <wf wid="w_41" para="1" sent="4">personeel</wf>
    <wf wid="w_42" para="1" sent="4">zeer</wf>
    <wf wid="w_43" para="1" sent="4">vriendelijk</wf>
    <wf wid="w_44" para="1" sent="4">eten</wf>
    <wf wid="w_45" para="1" sent="4">is</wf>
    <wf wid="w_46" para="1" sent="4">hoogstaande</wf>
    <wf wid="w_47" para="1" sent="4">kwaliteit</wf>
    <wf wid="w_48" para="1" sent="4">.</wf>
    <wf wid="w_49" para="1" sent="5">Dus</wf>
    <wf wid="w_50" para="1" sent="5">in</wf>
    <wf wid="w_51" para="1" sent="5">1</wf>
    <wf wid="w_52" para="1" sent="5">woord</wf>
    <wf wid="w_53" para="1" sent="5">is</wf>
    <wf wid="w_54" para="1" sent="5">dit</wf>
    <wf wid="w_55" para="1" sent="5">zeker</wf>
    <wf wid="w_56" para="1" sent="5">een</wf>
    <wf wid="w_57" para="1" sent="5">aanrader</wf>
    <wf wid="w_58" para="1" sent="5">.</wf>
    <wf wid="w_59" para="1" sent="6">Rob</wf>
    <wf wid="w_60" para="1" sent="6">Scheffer</wf>
  </text>
  <terms>
    <term tid="t_1" lemma="dit" type="open">
      <span>
        <target id="w_1"/>
      </span>
    </term>
    <term tid="t_2" lemma="is" type="open">
      <span>
        <target id="w_2"/>
      </span>
    </term>
    <term tid="t_3" lemma="een" type="open">
      <span>
        <target id="w_3"/>
      </span>
    </term>
    <term tid="t_4" lemma="hotel" type="open">
      <span>
        <target id="w_4"/>
      </span>
    </term>
    <term tid="t_5" lemma="dat" type="open">
      <span>
        <target id="w_5"/>
      </span>
    </term>
    <term tid="t_6" lemma="verdiend" type="open">
      <span>
        <target id="w_6"/>
      </span>
    </term>
    <term tid="t_7" lemma="meer" type="open">
      <span>
        <target id="w_7"/>
      </span>
    </term>
    <term tid="t_8" lemma="dan" type="open">
      <span>
        <target id="w_8"/>
      </span>
    </term>
    <term tid="t_9" lemma="5" type="open">
      <span>
        <target id="w_9"/>
      </span>
    </term>
    <term tid="t_10" lemma="sterren" type="open">
      <span>
        <target id="w_10"/>
      </span>
    </term>
    <term tid="t_11" lemma="." type="open">
      <span>
        <target id="w_11"/>
      </span>
    </term>
    <term tid="t_12" lemma="kamers" type="open">
      <span>
        <target id="w_12"/>
      </span>
    </term>
    <term tid="t_13" lemma="zijn" type="open">
      <span>
        <target id="w_13"/>
      </span>
    </term>
    <term tid="t_14" lemma="perfect" type="open" pos="G">
      <span>
        <target id="w_14"/>
      </span>
      <sentiment polarity="positive" resource="VUA_olery_lexicon_nl_lmf"/>
    </term>
    <term tid="t_15" lemma="voor" type="open">
      <span>
        <target id="w_15"/>
      </span>
    </term>
    <term tid="t_16" lemma="zien" type="open">
      <span>
        <target id="w_16"/>
      </span>
    </term>
    <term tid="t_17" lemma="van" type="open">
      <span>
        <target id="w_17"/>
      </span>
    </term>
    <term tid="t_18" lemma="alle" type="open">
      <span>
        <target id="w_18"/>
      </span>
    </term>
    <term tid="t_19" lemma="gemakken" type="open">
      <span>
        <target id="w_19"/>
      </span>
    </term>
    <term tid="t_20" lemma="die" type="open">
      <span>
        <target id="w_20"/>
      </span>
    </term>
    <term tid="t_21" lemma="je" type="open">
      <span>
        <target id="w_21"/>
      </span>
    </term>
    <term tid="t_22" lemma="kan" type="open">
      <span>
        <target id="w_22"/>
      </span>
    </term>
    <term tid="t_23" lemma="bedenken" type="open">
      <span>
        <target id="w_23"/>
      </span>
    </term>
    <term tid="t_24" lemma="." type="open">
      <span>
        <target id="w_24"/>
      </span>
    </term>
    <term tid="t_25" lemma="we" type="open">
      <span>
        <target id="w_25"/>
      </span>
    </term>
    <term tid="t_26" lemma="hebben" type="open">
      <span>
        <target id="w_26"/>
      </span>
    </term>
    <term tid="t_27" lemma="gegeten" type="open">
      <span>
        <target id="w_27"/>
      </span>
    </term>
    <term tid="t_28" lemma="in" type="open">
      <span>
        <target id="w_28"/>
      </span>
    </term>
    <term tid="t_29" lemma="het" type="open">
      <span>
        <target id="w_29"/>
      </span>
    </term>
    <term tid="t_30" lemma="tapenyaki" type="open">
      <span>
        <target id="w_30"/>
      </span>
    </term>
    <term tid="t_31" lemma="restaurant" type="open">
      <span>
        <target id="w_31"/>
      </span>
    </term>
    <term tid="t_32" lemma="dat" type="open">
      <span>
        <target id="w_32"/>
      </span>
    </term>
    <term tid="t_33" lemma="geeft" type="open">
      <span>
        <target id="w_33"/>
      </span>
    </term>
    <term tid="t_34" lemma="aan" type="open">
      <span>
        <target id="w_34"/>
      </span>
    </term>
    <term tid="t_35" lemma="dat" type="open">
      <span>
        <target id="w_35"/>
      </span>
    </term>
    <term tid="t_36" lemma="kwaliteit" type="open">
      <span>
        <target id="w_36"/>
      </span>
    </term>
    <term tid="t_37" lemma="nog" type="open">
      <span>
        <target id="w_37"/>
      </span>
    </term>
    <term tid="t_38" lemma="steeds" type="open">
      <span>
        <target id="w_38"/>
      </span>
      <sentiment sentiment_modifier="intensifier" resource="VUA_olery_lexicon_nl_lmf"/>
    </term>
    <term tid="t_39" lemma="bestaat" type="open">
      <span>
        <target id="w_39"/>
      </span>
    </term>
    <term tid="t_40" lemma="." type="open">
      <span>
        <target id="w_40"/>
      </span>
    </term>
    <term tid="t_41" lemma="personeel" type="open">
      <span>
        <target id="w_41"/>
      </span>
    </term>
    <term tid="t_42" lemma="zeer" type="open">
      <span>
        <target id="w_42"/>
      </span>
      <sentiment sentiment_modifier="intensifier" resource="VUA_olery_lexicon_nl_lmf"/>
    </term>
    <term tid="t_43" lemma="vriendelijk" type="open" pos="G">
      <span>
        <target id="w_43"/>
      </span>
      <sentiment polarity="positive" resource="VUA_olery_lexicon_nl_lmf"/>
    </term>
    <term tid="t_44" lemma="eten" type="open">
      <span>
        <target id="w_44"/>
      </span>
    </term>
    <term tid="t_45" lemma="is" type="open">
      <span>
        <target id="w_45"/>
      </span>
    </term>
    <term tid="t_46" lemma="hoogstaande" type="open">
      <span>
        <target id="w_46"/>
      </span>
    </term>
    <term tid="t_47" lemma="kwaliteit" type="open">
      <span>
        <target id="w_47"/>
      </span>
    </term>
    <term tid="t_48" lemma="." type="open">
      <span>
        <target id="w_48"/>
      </span>
    </term>
    <term tid="t_49" lemma="dus" type="open">
      <span>
        <target id="w_49"/>
      </span>
    </term>
    <term tid="t_50" lemma="in" type="open">
      <span>
        <target id="w_50"/>
      </span>
    </term>
    <term tid="t_51" lemma="1" type="open">
      <span>
        <target id="w_51"/>
      </span>
    </term>
    <term tid="t_52" lemma="woord" type="open">
      <span>
        <target id="w_52"/>
      </span>
    </term>
    <term tid="t_53" lemma="is" type="open">
      <span>
        <target id="w_53"/>
      </span>
    </term>
    <term tid="t_54" lemma="dit" type="open">
      <span>
        <target id="w_54"/>
      </span>
    </term>
    <term tid="t_55" lemma="zeker" type="open">
      <span>
        <target id="w_55"/>
      </span>
    </term>
    <term tid="t_56" lemma="een" type="open">
      <span>
        <target id="w_56"/>
      </span>
    </term>
    <term tid="t_57" lemma="aanrader" type="open" pos="N">
      <span>
        <target id="w_57"/>
      </span>
      <sentiment polarity="positive" resource="VUA_olery_lexicon_nl_lmf"/>
    </term>
    <term tid="t_58" lemma="." type="open">
      <span>
        <target id="w_58"/>
      </span>
    </term>
    <term tid="t_59" lemma="rob" type="open">
      <span>
        <target id="w_59"/>
      </span>
    </term>
    <term tid="t_60" lemma="scheffer" type="open">
      <span>
        <target id="w_60"/>
      </span>
    </term>
  </terms>
  <entities>
    <entity type="MISC" eid="e_1">
      <span>
        <target id="t_13"/>
      </span>
    </entity>
    <entity type="PER" eid="e_2">
      <span>
        <target id="t_51"/>
      </span>
    </entity>
    <entity type="PER" eid="e_3">
      <span>
        <target id="t_25"/>
      </span>
    </entity>
    <entity type="PER" eid="e_4">
      <span>
        <target id="t_59"/>
      </span>
    </entity>
  </entities>
  <properties>
    <property type="staff" pid="p_1">
      <span>
        <target id="t_41"/>
      </span>
      <span>
        <target id="t_43"/>
      </span>
    </property>
    <property type="restaurant" pid="p_2">
      <span>
        <target id="t_31"/>
      </span>
      <span>
        <target id="t_44"/>
      </span>
    </property>
  </properties>
  <opinions>
    <opinion oid="o_1">
      <opinion_target>
        <span>
          <target id="t_16"/>
        </span>
      </opinion_target>
      <opinion_expression polarity="positive" strength="1">
        <span>
          <target id="t_14"/>
        </span>
      </opinion_expression>
    </opinion>
    <opinion oid="o_2">
      <opinion_target>
        <span>
          <target id="t_44"/>
        </span>
      </opinion_target>
      <opinion_expression polarity="positive" strength="2">
        <span>
          <target id="t_43"/>
          <target id="t_42"/>
        </span>
      </opinion_expression>
    </opinion>
    <opinion oid="o_3">
      <opinion_target>
        <span>
          <target id="t_55"/>
        </span>
      </opinion_target>
      <opinion_expression polarity="positive" strength="1">
        <span>
          <target id="t_57"/>
        </span>
      </opinion_expression>
    </opinion>
  </opinions>
</KAF>
