<?xml version='1.0' encoding='UTF-8'?>
<KAF xml:lang="nl">
  <linguisticProcessors layer="text">
    <lp timestamp="2013-01-06T18:31:29CET" version="2.0" name="SentenceTokenizer"/>
  </linguisticProcessors>
  <linguisticProcessors layer="terms">
    <lp timestamp="2013-01-06T18:31:29CET" version="2.0" name="SentenceTokenizer"/>
    <lp timestamp="2013-01-06T18:31:29CET" version="1.0" name="SimplePolarityTagger"/>
  </linguisticProcessors>
  <linguisticProcessor layer="opinions">
    <lp timestamp="2013-01-06T18:31:29CET" version="1.0" name="SimpleOpinionDetector"/>
  </linguisticProcessor>
  <linguisticProcessor layer="properties">
    <lp timestamp="2013-01-06T18:31:29CET" version="1.0" name="SimplePropRecognizer_lookup"/>
  </linguisticProcessor>
  <linguisticProcessor layer="entities">
    <lp timestamp="2013-01-06T18:31:29CET" version="1.0" name="SimpleNER_lookup"/>
  </linguisticProcessor>
  <text>
    <wf wid="w_1" para="1" sent="1">Hotel</wf>
    <wf wid="w_2" para="1" sent="1">ziet</wf>
    <wf wid="w_3" para="1" sent="1">er</wf>
    <wf wid="w_4" para="1" sent="1">prima</wf>
    <wf wid="w_5" para="1" sent="1">uit</wf>
    <wf wid="w_6" para="1" sent="1">,</wf>
    <wf wid="w_7" para="1" sent="1">nieuwe</wf>
    <wf wid="w_8" para="1" sent="1">vleugel</wf>
    <wf wid="w_9" para="1" sent="1">is</wf>
    <wf wid="w_10" para="1" sent="1">prachtig</wf>
    <wf wid="w_11" para="1" sent="1">.</wf>
    <wf wid="w_12" para="1" sent="2">We</wf>
    <wf wid="w_13" para="1" sent="2">missen</wf>
    <wf wid="w_14" para="1" sent="2">bij</wf>
    <wf wid="w_15" para="1" sent="2">de</wf>
    <wf wid="w_16" para="1" sent="2">ingang</wf>
    <wf wid="w_17" para="1" sent="2">in</wf>
    <wf wid="w_18" para="1" sent="2">de</wf>
    <wf wid="w_19" para="1" sent="2">kamer</wf>
    <wf wid="w_20" para="1" sent="2">een</wf>
    <wf wid="w_21" para="1" sent="2">kapstok</wf>
    <wf wid="w_22" para="1" sent="2">om</wf>
    <wf wid="w_23" para="1" sent="2">de</wf>
    <wf wid="w_24" para="1" sent="2">jassen</wf>
    <wf wid="w_25" para="1" sent="2">aan</wf>
    <wf wid="w_26" para="1" sent="2">te</wf>
    <wf wid="w_27" para="1" sent="2">hangen</wf>
    <wf wid="w_28" para="1" sent="2">.</wf>
    <wf wid="w_29" para="1" sent="3">Jammer</wf>
    <wf wid="w_30" para="1" sent="3">:</wf>
    <wf wid="w_31" para="1" sent="3">nieuwe</wf>
    <wf wid="w_32" para="1" sent="3">kamers</wf>
    <wf wid="w_33" para="1" sent="3">,</wf>
    <wf wid="w_34" para="1" sent="3">maar</wf>
    <wf wid="w_35" para="1" sent="3">helaas</wf>
    <wf wid="w_36" para="1" sent="3">bij</wf>
    <wf wid="w_37" para="1" sent="3">de</wf>
    <wf wid="w_38" para="1" sent="3">afvoer</wf>
    <wf wid="w_39" para="1" sent="3">van</wf>
    <wf wid="w_40" para="1" sent="3">de</wf>
    <wf wid="w_41" para="1" sent="3">wastafel</wf>
    <wf wid="w_42" para="1" sent="3">zitten</wf>
    <wf wid="w_43" para="1" sent="3">nu</wf>
    <wf wid="w_44" para="1" sent="3">al</wf>
    <wf wid="w_45" para="1" sent="3">bruine</wf>
    <wf wid="w_46" para="1" sent="3">randjes</wf>
    <wf wid="w_47" para="1" sent="3">.</wf>
    <wf wid="w_48" para="1" sent="4">Advies</wf>
    <wf wid="w_49" para="1" sent="4">:</wf>
    <wf wid="w_50" para="1" sent="4">tandenborstel</wf>
    <wf wid="w_51" para="1" sent="4">bij</wf>
    <wf wid="w_52" para="1" sent="4">het</wf>
    <wf wid="w_53" para="1" sent="4">schoonmaakmateriaal</wf>
    <wf wid="w_54" para="1" sent="4">.</wf>
  </text>
  <terms>
    <term tid="t_1" lemma="hotel" type="open">
      <span>
        <target id="w_1"/>
      </span>
    </term>
    <term tid="t_2" lemma="ziet" type="open">
      <span>
        <target id="w_2"/>
      </span>
    </term>
    <term tid="t_3" lemma="er" type="open">
      <span>
        <target id="w_3"/>
      </span>
    </term>
    <term tid="t_4" lemma="prima" type="open" pos="G">
      <span>
        <target id="w_4"/>
      </span>
      <sentiment polarity="positive" resource="VUA_olery_lexicon_nl_lmf"/>
    </term>
    <term tid="t_5" lemma="uit" type="open">
      <span>
        <target id="w_5"/>
      </span>
    </term>
    <term tid="t_6" lemma="," type="open">
      <span>
        <target id="w_6"/>
      </span>
    </term>
    <term tid="t_7" lemma="nieuwe" type="open">
      <span>
        <target id="w_7"/>
      </span>
    </term>
    <term tid="t_8" lemma="vleugel" type="open">
      <span>
        <target id="w_8"/>
      </span>
    </term>
    <term tid="t_9" lemma="is" type="open">
      <span>
        <target id="w_9"/>
      </span>
    </term>
    <term tid="t_10" lemma="prachtig" type="open" pos="G">
      <span>
        <target id="w_10"/>
      </span>
      <sentiment polarity="positive" resource="VUA_olery_lexicon_nl_lmf"/>
    </term>
    <term tid="t_11" lemma="." type="open">
      <span>
        <target id="w_11"/>
      </span>
    </term>
    <term tid="t_12" lemma="we" type="open">
      <span>
        <target id="w_12"/>
      </span>
    </term>
    <term tid="t_13" lemma="missen" type="open" pos="V">
      <span>
        <target id="w_13"/>
      </span>
      <sentiment polarity="negative" resource="VUA_olery_lexicon_nl_lmf"/>
    </term>
    <term tid="t_14" lemma="bij" type="open">
      <span>
        <target id="w_14"/>
      </span>
    </term>
    <term tid="t_15" lemma="de" type="open">
      <span>
        <target id="w_15"/>
      </span>
    </term>
    <term tid="t_16" lemma="ingang" type="open">
      <span>
        <target id="w_16"/>
      </span>
    </term>
    <term tid="t_17" lemma="in" type="open">
      <span>
        <target id="w_17"/>
      </span>
    </term>
    <term tid="t_18" lemma="de" type="open">
      <span>
        <target id="w_18"/>
      </span>
    </term>
    <term tid="t_19" lemma="kamer" type="open">
      <span>
        <target id="w_19"/>
      </span>
    </term>
    <term tid="t_20" lemma="een" type="open">
      <span>
        <target id="w_20"/>
      </span>
    </term>
    <term tid="t_21" lemma="kapstok" type="open">
      <span>
        <target id="w_21"/>
      </span>
    </term>
    <term tid="t_22" lemma="om" type="open">
      <span>
        <target id="w_22"/>
      </span>
    </term>
    <term tid="t_23" lemma="de" type="open">
      <span>
        <target id="w_23"/>
      </span>
    </term>
    <term tid="t_24" lemma="jassen" type="open">
      <span>
        <target id="w_24"/>
      </span>
    </term>
    <term tid="t_25" lemma="aan" type="open">
      <span>
        <target id="w_25"/>
      </span>
    </term>
    <term tid="t_26" lemma="te" type="open">
      <span>
        <target id="w_26"/>
      </span>
    </term>
    <term tid="t_27" lemma="hangen" type="open">
      <span>
        <target id="w_27"/>
      </span>
    </term>
    <term tid="t_28" lemma="." type="open">
      <span>
        <target id="w_28"/>
      </span>
    </term>
    <term tid="t_29" lemma="jammer" type="open" pos="G">
      <span>
        <target id="w_29"/>
      </span>
      <sentiment polarity="negative" resource="VUA_olery_lexicon_nl_lmf"/>
    </term>
    <term tid="t_30" lemma=":" type="open">
      <span>
        <target id="w_30"/>
      </span>
    </term>
    <term tid="t_31" lemma="nieuwe" type="open">
      <span>
        <target id="w_31"/>
      </span>
    </term>
    <term tid="t_32" lemma="kamers" type="open">
      <span>
        <target id="w_32"/>
      </span>
    </term>
    <term tid="t_33" lemma="," type="open">
      <span>
        <target id="w_33"/>
      </span>
    </term>
    <term tid="t_34" lemma="maar" type="open">
      <span>
        <target id="w_34"/>
      </span>
    </term>
    <term tid="t_35" lemma="helaas" type="open" pos="A">
      <span>
        <target id="w_35"/>
      </span>
      <sentiment polarity="negative" resource="VUA_olery_lexicon_nl_lmf"/>
    </term>
    <term tid="t_36" lemma="bij" type="open">
      <span>
        <target id="w_36"/>
      </span>
    </term>
    <term tid="t_37" lemma="de" type="open">
      <span>
        <target id="w_37"/>
      </span>
    </term>
    <term tid="t_38" lemma="afvoer" type="open">
      <span>
        <target id="w_38"/>
      </span>
    </term>
    <term tid="t_39" lemma="van" type="open">
      <span>
        <target id="w_39"/>
      </span>
    </term>
    <term tid="t_40" lemma="de" type="open">
      <span>
        <target id="w_40"/>
      </span>
    </term>
    <term tid="t_41" lemma="wastafel" type="open">
      <span>
        <target id="w_41"/>
      </span>
    </term>
    <term tid="t_42" lemma="zitten" type="open">
      <span>
        <target id="w_42"/>
      </span>
    </term>
    <term tid="t_43" lemma="nu" type="open">
      <span>
        <target id="w_43"/>
      </span>
    </term>
    <term tid="t_44" lemma="al" type="open">
      <span>
        <target id="w_44"/>
      </span>
    </term>
    <term tid="t_45" lemma="bruine" type="open">
      <span>
        <target id="w_45"/>
      </span>
    </term>
    <term tid="t_46" lemma="randjes" type="open">
      <span>
        <target id="w_46"/>
      </span>
    </term>
    <term tid="t_47" lemma="." type="open">
      <span>
        <target id="w_47"/>
      </span>
    </term>
    <term tid="t_48" lemma="advies" type="open">
      <span>
        <target id="w_48"/>
      </span>
    </term>
    <term tid="t_49" lemma=":" type="open">
      <span>
        <target id="w_49"/>
      </span>
    </term>
    <term tid="t_50" lemma="tandenborstel" type="open">
      <span>
        <target id="w_50"/>
      </span>
    </term>
    <term tid="t_51" lemma="bij" type="open">
      <span>
        <target id="w_51"/>
      </span>
    </term>
    <term tid="t_52" lemma="het" type="open">
      <span>
        <target id="w_52"/>
      </span>
    </term>
    <term tid="t_53" lemma="schoonmaakmateriaal" type="open">
      <span>
        <target id="w_53"/>
      </span>
    </term>
    <term tid="t_54" lemma="." type="open">
      <span>
        <target id="w_54"/>
      </span>
    </term>
  </terms>
  <entities>
    <entity type="PER" eid="e_1">
      <span>
        <target id="t_12"/>
      </span>
    </entity>
    <entity type="PER" eid="e_2">
      <span>
        <target id="t_4"/>
      </span>
    </entity>
    <entity type="ORG" eid="e_3">
      <span>
        <target id="t_19"/>
      </span>
    </entity>
  </entities>
  <properties>
    <property type="bathroom" pid="p_1">
      <span>
        <target id="t_41"/>
      </span>
    </property>
    <property type="room" pid="p_2">
      <span>
        <target id="t_19"/>
      </span>
      <span>
        <target id="t_38"/>
      </span>
    </property>
  </properties>
  <opinions>
    <opinion oid="o_1">
      <opinion_target>
        <span>
          <target id="t_7"/>
        </span>
      </opinion_target>
      <opinion_expression polarity="positive" strength="1">
        <span>
          <target id="t_4"/>
        </span>
      </opinion_expression>
    </opinion>
    <opinion oid="o_2">
      <opinion_target>
        <span>
          <target id="t_8"/>
        </span>
      </opinion_target>
      <opinion_expression polarity="positive" strength="1">
        <span>
          <target id="t_10"/>
        </span>
      </opinion_expression>
    </opinion>
    <opinion oid="o_3">
      <opinion_holder>
        <span>
          <target id="t_12"/>
        </span>
      </opinion_holder>
      <opinion_target>
        <span>
          <target id="t_16"/>
        </span>
      </opinion_target>
      <opinion_expression polarity="negative" strength="-1">
        <span>
          <target id="t_13"/>
        </span>
      </opinion_expression>
    </opinion>
    <opinion oid="o_4">
      <opinion_target>
        <span>
          <target id="t_31"/>
        </span>
      </opinion_target>
      <opinion_expression polarity="negative" strength="-1">
        <span>
          <target id="t_29"/>
        </span>
      </opinion_expression>
    </opinion>
    <opinion oid="o_5">
      <opinion_target>
        <span>
          <target id="t_38"/>
        </span>
      </opinion_target>
      <opinion_expression polarity="negative" strength="-1">
        <span>
          <target id="t_35"/>
        </span>
      </opinion_expression>
    </opinion>
  </opinions>
</KAF>
