<?xml version='1.0' encoding='UTF-8'?>
<KAF xml:lang="nl">
  <linguisticProcessors layer="text">
    <lp timestamp="2013-01-06T18:33:56CET" version="2.0" name="SentenceTokenizer"/>
  </linguisticProcessors>
  <linguisticProcessors layer="terms">
    <lp timestamp="2013-01-06T18:33:56CET" version="2.0" name="SentenceTokenizer"/>
    <lp timestamp="2013-01-06T18:33:56CET" version="1.0" name="SimplePolarityTagger"/>
  </linguisticProcessors>
  <linguisticProcessor layer="opinions">
    <lp timestamp="2013-01-06T18:33:56CET" version="1.0" name="SimpleOpinionDetector"/>
  </linguisticProcessor>
  <linguisticProcessor layer="properties">
    <lp timestamp="2013-01-06T18:33:56CET" version="1.0" name="SimplePropRecognizer_lookup"/>
  </linguisticProcessor>
  <linguisticProcessor layer="entities">
    <lp timestamp="2013-01-06T18:33:56CET" version="1.0" name="SimpleNER_lookup"/>
  </linguisticProcessor>
  <text>
    <wf wid="w_1" para="1" sent="1">Wij</wf>
    <wf wid="w_2" para="1" sent="1">verblijven</wf>
    <wf wid="w_3" para="1" sent="1">hier</wf>
    <wf wid="w_4" para="1" sent="1">altijd</wf>
    <wf wid="w_5" para="1" sent="1">als</wf>
    <wf wid="w_6" para="1" sent="1">wij</wf>
    <wf wid="w_7" para="1" sent="1">op</wf>
    <wf wid="w_8" para="1" sent="1">vakantie</wf>
    <wf wid="w_9" para="1" sent="1">gaan</wf>
    <wf wid="w_10" para="1" sent="1">.</wf>
    <wf wid="w_11" para="1" sent="2">En</wf>
    <wf wid="w_12" para="1" sent="2">het</wf>
    <wf wid="w_13" para="1" sent="2">is</wf>
    <wf wid="w_14" para="1" sent="2">nog</wf>
    <wf wid="w_15" para="1" sent="2">nooit</wf>
    <wf wid="w_16" para="1" sent="2">tegengevallen</wf>
    <wf wid="w_17" para="1" sent="2">.</wf>
    <wf wid="w_18" para="1" sent="3">Ik</wf>
    <wf wid="w_19" para="1" sent="3">zie</wf>
    <wf wid="w_20" para="1" sent="3">dit</wf>
    <wf wid="w_21" para="1" sent="3">dan</wf>
    <wf wid="w_22" para="1" sent="3">ook</wf>
    <wf wid="w_23" para="1" sent="3">altijd</wf>
    <wf wid="w_24" para="1" sent="3">als</wf>
    <wf wid="w_25" para="1" sent="3">de</wf>
    <wf wid="w_26" para="1" sent="3">eerste</wf>
    <wf wid="w_27" para="1" sent="3">dag</wf>
    <wf wid="w_28" para="1" sent="3">van</wf>
    <wf wid="w_29" para="1" sent="3">mijn</wf>
    <wf wid="w_30" para="1" sent="3">vakantie</wf>
    <wf wid="w_31" para="1" sent="3">.</wf>
    <wf wid="w_32" para="1" sent="4">Het</wf>
    <wf wid="w_33" para="1" sent="4">begint</wf>
    <wf wid="w_34" para="1" sent="4">al</wf>
    <wf wid="w_35" para="1" sent="4">aan</wf>
    <wf wid="w_36" para="1" sent="4">de</wf>
    <wf wid="w_37" para="1" sent="4">receptie</wf>
    <wf wid="w_38" para="1" sent="4">.</wf>
    <wf wid="w_39" para="1" sent="5">Supervriendelijk</wf>
    <wf wid="w_40" para="1" sent="5">,</wf>
    <wf wid="w_41" para="1" sent="5">behulpzaam</wf>
    <wf wid="w_42" para="1" sent="5">.</wf>
    <wf wid="w_43" para="1" sent="6">En</wf>
    <wf wid="w_44" para="1" sent="6">dan</wf>
    <wf wid="w_45" para="1" sent="6">op</wf>
    <wf wid="w_46" para="1" sent="6">naar</wf>
    <wf wid="w_47" para="1" sent="6">de</wf>
    <wf wid="w_48" para="1" sent="6">kamer</wf>
    <wf wid="w_49" para="1" sent="6">.</wf>
    <wf wid="w_50" para="1" sent="7">En</wf>
    <wf wid="w_51" para="1" sent="7">ook</wf>
    <wf wid="w_52" para="1" sent="7">die</wf>
    <wf wid="w_53" para="1" sent="7">is</wf>
    <wf wid="w_54" para="1" sent="7">helemaal</wf>
    <wf wid="w_55" para="1" sent="7">gweldig</wf>
    <wf wid="w_56" para="1" sent="7">.</wf>
    <wf wid="w_57" para="1" sent="8">Lekkere</wf>
    <wf wid="w_58" para="1" sent="8">bedden</wf>
    <wf wid="w_59" para="1" sent="8">,</wf>
    <wf wid="w_60" para="1" sent="8">fijne</wf>
    <wf wid="w_61" para="1" sent="8">badkamer</wf>
    <wf wid="w_62" para="1" sent="8">.</wf>
    <wf wid="w_63" para="1" sent="9">Het</wf>
    <wf wid="w_64" para="1" sent="9">restaurant</wf>
    <wf wid="w_65" para="1" sent="9">heeft</wf>
    <wf wid="w_66" para="1" sent="9">heerlijke</wf>
    <wf wid="w_67" para="1" sent="9">gerechten</wf>
    <wf wid="w_68" para="1" sent="9">op</wf>
    <wf wid="w_69" para="1" sent="9">de</wf>
    <wf wid="w_70" para="1" sent="9">kaart</wf>
    <wf wid="w_71" para="1" sent="9">staan</wf>
    <wf wid="w_72" para="1" sent="9">,</wf>
    <wf wid="w_73" para="1" sent="9">en</wf>
    <wf wid="w_74" para="1" sent="9">het</wf>
    <wf wid="w_75" para="1" sent="9">ontbijt</wf>
    <wf wid="w_76" para="1" sent="9">is</wf>
    <wf wid="w_77" para="1" sent="9">heel</wf>
    <wf wid="w_78" para="1" sent="9">goed</wf>
    <wf wid="w_79" para="1" sent="9">verzorgd</wf>
    <wf wid="w_80" para="1" sent="9">.</wf>
    <wf wid="w_81" para="1" sent="10">De</wf>
    <wf wid="w_82" para="1" sent="10">clublounge</wf>
    <wf wid="w_83" para="1" sent="10">maakt</wf>
    <wf wid="w_84" para="1" sent="10">ook</wf>
    <wf wid="w_85" para="1" sent="10">een</wf>
    <wf wid="w_86" para="1" sent="10">hele</wf>
    <wf wid="w_87" para="1" sent="10">goede</wf>
    <wf wid="w_88" para="1" sent="10">indruk</wf>
    <wf wid="w_89" para="1" sent="10">.</wf>
    <wf wid="w_90" para="1" sent="11">Alleen</wf>
    <wf wid="w_91" para="1" sent="11">is</wf>
    <wf wid="w_92" para="1" sent="11">de</wf>
    <wf wid="w_93" para="1" sent="11">eerste</wf>
    <wf wid="w_94" para="1" sent="11">keer</wf>
    <wf wid="w_95" para="1" sent="11">niet</wf>
    <wf wid="w_96" para="1" sent="11">verteld</wf>
    <wf wid="w_97" para="1" sent="11">dat</wf>
    <wf wid="w_98" para="1" sent="11">we</wf>
    <wf wid="w_99" para="1" sent="11">daar</wf>
    <wf wid="w_100" para="1" sent="11">heen</wf>
    <wf wid="w_101" para="1" sent="11">mochten</wf>
    <wf wid="w_102" para="1" sent="11">en</wf>
    <wf wid="w_103" para="1" sent="11">wat</wf>
    <wf wid="w_104" para="1" sent="11">er</wf>
    <wf wid="w_105" para="1" sent="11">precies</wf>
    <wf wid="w_106" para="1" sent="11">was</wf>
    <wf wid="w_107" para="1" sent="11">.</wf>
    <wf wid="w_108" para="1" sent="12">Maar</wf>
    <wf wid="w_109" para="1" sent="12">verder</wf>
    <wf wid="w_110" para="1" sent="12">helemaal</wf>
    <wf wid="w_111" para="1" sent="12">top</wf>
    <wf wid="w_112" para="1" sent="12">.</wf>
    <wf wid="w_113" para="1" sent="13">Nee</wf>
    <wf wid="w_114" para="1" sent="13">geen</wf>
    <wf wid="w_115" para="1" sent="13">slechte</wf>
    <wf wid="w_116" para="1" sent="13">beoordeling</wf>
    <wf wid="w_117" para="1" sent="13">namens</wf>
    <wf wid="w_118" para="1" sent="13">mijn</wf>
    <wf wid="w_119" para="1" sent="13">kant</wf>
    <wf wid="w_120" para="1" sent="13">.</wf>
    <wf wid="w_121" para="1" sent="14">Sheraton</wf>
    <wf wid="w_122" para="1" sent="14">Schiphol</wf>
    <wf wid="w_123" para="1" sent="14">,</wf>
    <wf wid="w_124" para="1" sent="14">bedankt</wf>
    <wf wid="w_125" para="1" sent="14">voor</wf>
    <wf wid="w_126" para="1" sent="14">elke</wf>
    <wf wid="w_127" para="1" sent="14">keer</wf>
    <wf wid="w_128" para="1" sent="14">dat</wf>
    <wf wid="w_129" para="1" sent="14">jullie</wf>
    <wf wid="w_130" para="1" sent="14">mijn</wf>
    <wf wid="w_131" para="1" sent="14">vakantie</wf>
    <wf wid="w_132" para="1" sent="14">onvergetelijk</wf>
    <wf wid="w_133" para="1" sent="14">maken</wf>
    <wf wid="w_134" para="1" sent="14">en</wf>
    <wf wid="w_135" para="1" sent="14">ik</wf>
    <wf wid="w_136" para="1" sent="14">met</wf>
    <wf wid="w_137" para="1" sent="14">een</wf>
    <wf wid="w_138" para="1" sent="14">goed</wf>
    <wf wid="w_139" para="1" sent="14">n</wf>
    <wf wid="w_140" para="1" sent="14">uitgerust</wf>
    <wf wid="w_141" para="1" sent="14">aan</wf>
    <wf wid="w_142" para="1" sent="14">mijn</wf>
    <wf wid="w_143" para="1" sent="14">reis</wf>
    <wf wid="w_144" para="1" sent="14">kan</wf>
    <wf wid="w_145" para="1" sent="14">beginnen</wf>
    <wf wid="w_146" para="1" sent="14">.</wf>
  </text>
  <terms>
    <term tid="t_1" lemma="wij" type="open">
      <span>
        <target id="w_1"/>
      </span>
    </term>
    <term tid="t_2" lemma="verblijven" type="open">
      <span>
        <target id="w_2"/>
      </span>
    </term>
    <term tid="t_3" lemma="hier" type="open">
      <span>
        <target id="w_3"/>
      </span>
    </term>
    <term tid="t_4" lemma="altijd" type="open">
      <span>
        <target id="w_4"/>
      </span>
      <sentiment sentiment_modifier="intensifier" resource="VUA_olery_lexicon_nl_lmf"/>
    </term>
    <term tid="t_5" lemma="als" type="open">
      <span>
        <target id="w_5"/>
      </span>
    </term>
    <term tid="t_6" lemma="wij" type="open">
      <span>
        <target id="w_6"/>
      </span>
    </term>
    <term tid="t_7" lemma="op" type="open">
      <span>
        <target id="w_7"/>
      </span>
    </term>
    <term tid="t_8" lemma="vakantie" type="open">
      <span>
        <target id="w_8"/>
      </span>
    </term>
    <term tid="t_9" lemma="gaan" type="open">
      <span>
        <target id="w_9"/>
      </span>
    </term>
    <term tid="t_10" lemma="." type="open">
      <span>
        <target id="w_10"/>
      </span>
    </term>
    <term tid="t_11" lemma="en" type="open">
      <span>
        <target id="w_11"/>
      </span>
    </term>
    <term tid="t_12" lemma="het" type="open">
      <span>
        <target id="w_12"/>
      </span>
    </term>
    <term tid="t_13" lemma="is" type="open">
      <span>
        <target id="w_13"/>
      </span>
    </term>
    <term tid="t_14" lemma="nog" type="open">
      <span>
        <target id="w_14"/>
      </span>
    </term>
    <term tid="t_15" lemma="nooit" type="open">
      <span>
        <target id="w_15"/>
      </span>
      <sentiment sentiment_modifier="shifter" resource="VUA_olery_lexicon_nl_lmf"/>
    </term>
    <term tid="t_16" lemma="tegengevallen" type="open">
      <span>
        <target id="w_16"/>
      </span>
    </term>
    <term tid="t_17" lemma="." type="open">
      <span>
        <target id="w_17"/>
      </span>
    </term>
    <term tid="t_18" lemma="ik" type="open">
      <span>
        <target id="w_18"/>
      </span>
    </term>
    <term tid="t_19" lemma="zie" type="open">
      <span>
        <target id="w_19"/>
      </span>
    </term>
    <term tid="t_20" lemma="dit" type="open">
      <span>
        <target id="w_20"/>
      </span>
    </term>
    <term tid="t_21" lemma="dan" type="open">
      <span>
        <target id="w_21"/>
      </span>
    </term>
    <term tid="t_22" lemma="ook" type="open">
      <span>
        <target id="w_22"/>
      </span>
    </term>
    <term tid="t_23" lemma="altijd" type="open">
      <span>
        <target id="w_23"/>
      </span>
      <sentiment sentiment_modifier="intensifier" resource="VUA_olery_lexicon_nl_lmf"/>
    </term>
    <term tid="t_24" lemma="als" type="open">
      <span>
        <target id="w_24"/>
      </span>
    </term>
    <term tid="t_25" lemma="de" type="open">
      <span>
        <target id="w_25"/>
      </span>
    </term>
    <term tid="t_26" lemma="eerste" type="open">
      <span>
        <target id="w_26"/>
      </span>
    </term>
    <term tid="t_27" lemma="dag" type="open">
      <span>
        <target id="w_27"/>
      </span>
    </term>
    <term tid="t_28" lemma="van" type="open">
      <span>
        <target id="w_28"/>
      </span>
    </term>
    <term tid="t_29" lemma="mijn" type="open">
      <span>
        <target id="w_29"/>
      </span>
    </term>
    <term tid="t_30" lemma="vakantie" type="open">
      <span>
        <target id="w_30"/>
      </span>
    </term>
    <term tid="t_31" lemma="." type="open">
      <span>
        <target id="w_31"/>
      </span>
    </term>
    <term tid="t_32" lemma="het" type="open">
      <span>
        <target id="w_32"/>
      </span>
    </term>
    <term tid="t_33" lemma="begint" type="open">
      <span>
        <target id="w_33"/>
      </span>
    </term>
    <term tid="t_34" lemma="al" type="open">
      <span>
        <target id="w_34"/>
      </span>
    </term>
    <term tid="t_35" lemma="aan" type="open">
      <span>
        <target id="w_35"/>
      </span>
    </term>
    <term tid="t_36" lemma="de" type="open">
      <span>
        <target id="w_36"/>
      </span>
    </term>
    <term tid="t_37" lemma="receptie" type="open">
      <span>
        <target id="w_37"/>
      </span>
    </term>
    <term tid="t_38" lemma="." type="open">
      <span>
        <target id="w_38"/>
      </span>
    </term>
    <term tid="t_39" lemma="supervriendelijk" type="open" pos="G">
      <span>
        <target id="w_39"/>
      </span>
      <sentiment polarity="positive" resource="VUA_olery_lexicon_nl_lmf"/>
    </term>
    <term tid="t_40" lemma="," type="open">
      <span>
        <target id="w_40"/>
      </span>
    </term>
    <term tid="t_41" lemma="behulpzaam" type="open" pos="G">
      <span>
        <target id="w_41"/>
      </span>
      <sentiment polarity="positive" resource="VUA_olery_lexicon_nl_lmf"/>
    </term>
    <term tid="t_42" lemma="." type="open">
      <span>
        <target id="w_42"/>
      </span>
    </term>
    <term tid="t_43" lemma="en" type="open">
      <span>
        <target id="w_43"/>
      </span>
    </term>
    <term tid="t_44" lemma="dan" type="open">
      <span>
        <target id="w_44"/>
      </span>
    </term>
    <term tid="t_45" lemma="op" type="open">
      <span>
        <target id="w_45"/>
      </span>
    </term>
    <term tid="t_46" lemma="naar" type="open" pos="G">
      <span>
        <target id="w_46"/>
      </span>
      <sentiment polarity="negative" resource="VUA_olery_lexicon_nl_lmf"/>
    </term>
    <term tid="t_47" lemma="de" type="open">
      <span>
        <target id="w_47"/>
      </span>
    </term>
    <term tid="t_48" lemma="kamer" type="open">
      <span>
        <target id="w_48"/>
      </span>
    </term>
    <term tid="t_49" lemma="." type="open">
      <span>
        <target id="w_49"/>
      </span>
    </term>
    <term tid="t_50" lemma="en" type="open">
      <span>
        <target id="w_50"/>
      </span>
    </term>
    <term tid="t_51" lemma="ook" type="open">
      <span>
        <target id="w_51"/>
      </span>
    </term>
    <term tid="t_52" lemma="die" type="open">
      <span>
        <target id="w_52"/>
      </span>
    </term>
    <term tid="t_53" lemma="is" type="open">
      <span>
        <target id="w_53"/>
      </span>
    </term>
    <term tid="t_54" lemma="helemaal" type="open">
      <span>
        <target id="w_54"/>
      </span>
      <sentiment sentiment_modifier="intensifier" resource="VUA_olery_lexicon_nl_lmf"/>
    </term>
    <term tid="t_55" lemma="gweldig" type="open">
      <span>
        <target id="w_55"/>
      </span>
    </term>
    <term tid="t_56" lemma="." type="open">
      <span>
        <target id="w_56"/>
      </span>
    </term>
    <term tid="t_57" lemma="lekkere" type="open">
      <span>
        <target id="w_57"/>
      </span>
    </term>
    <term tid="t_58" lemma="bedden" type="open">
      <span>
        <target id="w_58"/>
      </span>
    </term>
    <term tid="t_59" lemma="," type="open">
      <span>
        <target id="w_59"/>
      </span>
    </term>
    <term tid="t_60" lemma="fijne" type="open">
      <span>
        <target id="w_60"/>
      </span>
    </term>
    <term tid="t_61" lemma="badkamer" type="open">
      <span>
        <target id="w_61"/>
      </span>
    </term>
    <term tid="t_62" lemma="." type="open">
      <span>
        <target id="w_62"/>
      </span>
    </term>
    <term tid="t_63" lemma="het" type="open">
      <span>
        <target id="w_63"/>
      </span>
    </term>
    <term tid="t_64" lemma="restaurant" type="open">
      <span>
        <target id="w_64"/>
      </span>
    </term>
    <term tid="t_65" lemma="heeft" type="open">
      <span>
        <target id="w_65"/>
      </span>
    </term>
    <term tid="t_66" lemma="heerlijke" type="open">
      <span>
        <target id="w_66"/>
      </span>
    </term>
    <term tid="t_67" lemma="gerechten" type="open">
      <span>
        <target id="w_67"/>
      </span>
    </term>
    <term tid="t_68" lemma="op" type="open">
      <span>
        <target id="w_68"/>
      </span>
    </term>
    <term tid="t_69" lemma="de" type="open">
      <span>
        <target id="w_69"/>
      </span>
    </term>
    <term tid="t_70" lemma="kaart" type="open">
      <span>
        <target id="w_70"/>
      </span>
    </term>
    <term tid="t_71" lemma="staan" type="open">
      <span>
        <target id="w_71"/>
      </span>
    </term>
    <term tid="t_72" lemma="," type="open">
      <span>
        <target id="w_72"/>
      </span>
    </term>
    <term tid="t_73" lemma="en" type="open">
      <span>
        <target id="w_73"/>
      </span>
    </term>
    <term tid="t_74" lemma="het" type="open">
      <span>
        <target id="w_74"/>
      </span>
    </term>
    <term tid="t_75" lemma="ontbijt" type="open">
      <span>
        <target id="w_75"/>
      </span>
    </term>
    <term tid="t_76" lemma="is" type="open">
      <span>
        <target id="w_76"/>
      </span>
    </term>
    <term tid="t_77" lemma="heel" type="open">
      <span>
        <target id="w_77"/>
      </span>
      <sentiment sentiment_modifier="intensifier" resource="VUA_olery_lexicon_nl_lmf"/>
    </term>
    <term tid="t_78" lemma="goed" type="open" pos="G">
      <span>
        <target id="w_78"/>
      </span>
      <sentiment polarity="positive" resource="VUA_olery_lexicon_nl_lmf"/>
    </term>
    <term tid="t_79" lemma="verzorgd" type="open" pos="G">
      <span>
        <target id="w_79"/>
      </span>
      <sentiment polarity="positive" resource="VUA_olery_lexicon_nl_lmf"/>
    </term>
    <term tid="t_80" lemma="." type="open">
      <span>
        <target id="w_80"/>
      </span>
    </term>
    <term tid="t_81" lemma="de" type="open">
      <span>
        <target id="w_81"/>
      </span>
    </term>
    <term tid="t_82" lemma="clublounge" type="open">
      <span>
        <target id="w_82"/>
      </span>
    </term>
    <term tid="t_83" lemma="maakt" type="open">
      <span>
        <target id="w_83"/>
      </span>
    </term>
    <term tid="t_84" lemma="ook" type="open">
      <span>
        <target id="w_84"/>
      </span>
    </term>
    <term tid="t_85" lemma="een" type="open">
      <span>
        <target id="w_85"/>
      </span>
    </term>
    <term tid="t_86" lemma="hele" type="open">
      <span>
        <target id="w_86"/>
      </span>
    </term>
    <term tid="t_87" lemma="goede" type="open" pos="G">
      <span>
        <target id="w_87"/>
      </span>
      <sentiment polarity="positive" resource="VUA_olery_lexicon_nl_lmf"/>
    </term>
    <term tid="t_88" lemma="indruk" type="open">
      <span>
        <target id="w_88"/>
      </span>
    </term>
    <term tid="t_89" lemma="." type="open">
      <span>
        <target id="w_89"/>
      </span>
    </term>
    <term tid="t_90" lemma="alleen" type="open">
      <span>
        <target id="w_90"/>
      </span>
    </term>
    <term tid="t_91" lemma="is" type="open">
      <span>
        <target id="w_91"/>
      </span>
    </term>
    <term tid="t_92" lemma="de" type="open">
      <span>
        <target id="w_92"/>
      </span>
    </term>
    <term tid="t_93" lemma="eerste" type="open">
      <span>
        <target id="w_93"/>
      </span>
    </term>
    <term tid="t_94" lemma="keer" type="open">
      <span>
        <target id="w_94"/>
      </span>
    </term>
    <term tid="t_95" lemma="niet" type="open">
      <span>
        <target id="w_95"/>
      </span>
      <sentiment sentiment_modifier="shifter" resource="VUA_olery_lexicon_nl_lmf"/>
    </term>
    <term tid="t_96" lemma="verteld" type="open">
      <span>
        <target id="w_96"/>
      </span>
    </term>
    <term tid="t_97" lemma="dat" type="open">
      <span>
        <target id="w_97"/>
      </span>
    </term>
    <term tid="t_98" lemma="we" type="open">
      <span>
        <target id="w_98"/>
      </span>
    </term>
    <term tid="t_99" lemma="daar" type="open">
      <span>
        <target id="w_99"/>
      </span>
    </term>
    <term tid="t_100" lemma="heen" type="open">
      <span>
        <target id="w_100"/>
      </span>
    </term>
    <term tid="t_101" lemma="mochten" type="open">
      <span>
        <target id="w_101"/>
      </span>
    </term>
    <term tid="t_102" lemma="en" type="open">
      <span>
        <target id="w_102"/>
      </span>
    </term>
    <term tid="t_103" lemma="wat" type="open">
      <span>
        <target id="w_103"/>
      </span>
    </term>
    <term tid="t_104" lemma="er" type="open">
      <span>
        <target id="w_104"/>
      </span>
    </term>
    <term tid="t_105" lemma="precies" type="open">
      <span>
        <target id="w_105"/>
      </span>
    </term>
    <term tid="t_106" lemma="was" type="open">
      <span>
        <target id="w_106"/>
      </span>
    </term>
    <term tid="t_107" lemma="." type="open">
      <span>
        <target id="w_107"/>
      </span>
    </term>
    <term tid="t_108" lemma="maar" type="open">
      <span>
        <target id="w_108"/>
      </span>
    </term>
    <term tid="t_109" lemma="verder" type="open">
      <span>
        <target id="w_109"/>
      </span>
    </term>
    <term tid="t_110" lemma="helemaal" type="open">
      <span>
        <target id="w_110"/>
      </span>
      <sentiment sentiment_modifier="intensifier" resource="VUA_olery_lexicon_nl_lmf"/>
    </term>
    <term tid="t_111" lemma="top" type="open" pos="N">
      <span>
        <target id="w_111"/>
      </span>
      <sentiment polarity="positive" resource="VUA_olery_lexicon_nl_lmf"/>
    </term>
    <term tid="t_112" lemma="." type="open">
      <span>
        <target id="w_112"/>
      </span>
    </term>
    <term tid="t_113" lemma="nee" type="open">
      <span>
        <target id="w_113"/>
      </span>
    </term>
    <term tid="t_114" lemma="geen" type="open">
      <span>
        <target id="w_114"/>
      </span>
      <sentiment sentiment_modifier="shifter" resource="VUA_olery_lexicon_nl_lmf"/>
    </term>
    <term tid="t_115" lemma="slechte" type="open">
      <span>
        <target id="w_115"/>
      </span>
    </term>
    <term tid="t_116" lemma="beoordeling" type="open">
      <span>
        <target id="w_116"/>
      </span>
    </term>
    <term tid="t_117" lemma="namens" type="open">
      <span>
        <target id="w_117"/>
      </span>
    </term>
    <term tid="t_118" lemma="mijn" type="open">
      <span>
        <target id="w_118"/>
      </span>
    </term>
    <term tid="t_119" lemma="kant" type="open">
      <span>
        <target id="w_119"/>
      </span>
    </term>
    <term tid="t_120" lemma="." type="open">
      <span>
        <target id="w_120"/>
      </span>
    </term>
    <term tid="t_121" lemma="sheraton" type="open">
      <span>
        <target id="w_121"/>
      </span>
    </term>
    <term tid="t_122" lemma="schiphol" type="open">
      <span>
        <target id="w_122"/>
      </span>
    </term>
    <term tid="t_123" lemma="," type="open">
      <span>
        <target id="w_123"/>
      </span>
    </term>
    <term tid="t_124" lemma="bedankt" type="open">
      <span>
        <target id="w_124"/>
      </span>
    </term>
    <term tid="t_125" lemma="voor" type="open">
      <span>
        <target id="w_125"/>
      </span>
    </term>
    <term tid="t_126" lemma="elke" type="open">
      <span>
        <target id="w_126"/>
      </span>
    </term>
    <term tid="t_127" lemma="keer" type="open">
      <span>
        <target id="w_127"/>
      </span>
    </term>
    <term tid="t_128" lemma="dat" type="open">
      <span>
        <target id="w_128"/>
      </span>
    </term>
    <term tid="t_129" lemma="jullie" type="open">
      <span>
        <target id="w_129"/>
      </span>
    </term>
    <term tid="t_130" lemma="mijn" type="open">
      <span>
        <target id="w_130"/>
      </span>
    </term>
    <term tid="t_131" lemma="vakantie" type="open">
      <span>
        <target id="w_131"/>
      </span>
    </term>
    <term tid="t_132" lemma="onvergetelijk" type="open" pos="G">
      <span>
        <target id="w_132"/>
      </span>
      <sentiment polarity="positive" resource="VUA_olery_lexicon_nl_lmf"/>
    </term>
    <term tid="t_133" lemma="maken" type="open">
      <span>
        <target id="w_133"/>
      </span>
    </term>
    <term tid="t_134" lemma="en" type="open">
      <span>
        <target id="w_134"/>
      </span>
    </term>
    <term tid="t_135" lemma="ik" type="open">
      <span>
        <target id="w_135"/>
      </span>
    </term>
    <term tid="t_136" lemma="met" type="open">
      <span>
        <target id="w_136"/>
      </span>
    </term>
    <term tid="t_137" lemma="een" type="open">
      <span>
        <target id="w_137"/>
      </span>
    </term>
    <term tid="t_138" lemma="goed" type="open" pos="G">
      <span>
        <target id="w_138"/>
      </span>
      <sentiment polarity="positive" resource="VUA_olery_lexicon_nl_lmf"/>
    </term>
    <term tid="t_139" lemma="n" type="open">
      <span>
        <target id="w_139"/>
      </span>
    </term>
    <term tid="t_140" lemma="uitgerust" type="open">
      <span>
        <target id="w_140"/>
      </span>
    </term>
    <term tid="t_141" lemma="aan" type="open">
      <span>
        <target id="w_141"/>
      </span>
    </term>
    <term tid="t_142" lemma="mijn" type="open">
      <span>
        <target id="w_142"/>
      </span>
    </term>
    <term tid="t_143" lemma="reis" type="open">
      <span>
        <target id="w_143"/>
      </span>
    </term>
    <term tid="t_144" lemma="kan" type="open">
      <span>
        <target id="w_144"/>
      </span>
    </term>
    <term tid="t_145" lemma="beginnen" type="open">
      <span>
        <target id="w_145"/>
      </span>
    </term>
    <term tid="t_146" lemma="." type="open">
      <span>
        <target id="w_146"/>
      </span>
    </term>
  </terms>
  <entities>
    <entity type="PER" eid="e_1">
      <span>
        <target id="t_98"/>
      </span>
    </entity>
    <entity type="ORG" eid="e_2">
      <span>
        <target id="t_48"/>
      </span>
    </entity>
  </entities>
  <properties>
    <property type="location" pid="p_1">
      <span>
        <target id="t_122"/>
      </span>
    </property>
    <property type="bathroom" pid="p_2">
      <span>
        <target id="t_61"/>
      </span>
    </property>
    <property type="restaurant" pid="p_3">
      <span>
        <target id="t_64"/>
      </span>
      <span>
        <target id="t_75"/>
      </span>
    </property>
    <property type="room" pid="p_4">
      <span>
        <target id="t_48"/>
      </span>
    </property>
    <property type="staff" pid="p_5">
      <span>
        <target id="t_37"/>
      </span>
      <span>
        <target id="t_39"/>
      </span>
      <span>
        <target id="t_41"/>
      </span>
    </property>
  </properties>
  <opinions>
    <opinion oid="o_1">
      <opinion_target>
        <span>
          <target id="t_48"/>
        </span>
      </opinion_target>
      <opinion_expression polarity="negative" strength="-1">
        <span>
          <target id="t_46"/>
        </span>
      </opinion_expression>
    </opinion>
    <opinion oid="o_2">
      <opinion_target>
        <span>
          <target id="t_75"/>
        </span>
      </opinion_target>
      <opinion_expression polarity="positive" strength="3">
        <span>
          <target id="t_78"/>
          <target id="t_77"/>
          <target id="t_79"/>
        </span>
      </opinion_expression>
    </opinion>
    <opinion oid="o_3">
      <opinion_target>
        <span>
          <target id="t_88"/>
        </span>
      </opinion_target>
      <opinion_expression polarity="positive" strength="1">
        <span>
          <target id="t_87"/>
        </span>
      </opinion_expression>
    </opinion>
    <opinion oid="o_4">
      <opinion_target>
        <span>
          <target id="t_109"/>
        </span>
      </opinion_target>
      <opinion_expression polarity="positive" strength="2">
        <span>
          <target id="t_111"/>
          <target id="t_110"/>
        </span>
      </opinion_expression>
    </opinion>
    <opinion oid="o_5">
      <opinion_holder>
        <span>
          <target id="t_135"/>
        </span>
      </opinion_holder>
      <opinion_target>
        <span>
          <target id="t_133"/>
        </span>
      </opinion_target>
      <opinion_expression polarity="positive" strength="1">
        <span>
          <target id="t_132"/>
        </span>
      </opinion_expression>
    </opinion>
    <opinion oid="o_6">
      <opinion_holder>
        <span>
          <target id="t_135"/>
        </span>
      </opinion_holder>
      <opinion_target>
        <span>
          <target id="t_140"/>
        </span>
      </opinion_target>
      <opinion_expression polarity="positive" strength="1">
        <span>
          <target id="t_138"/>
        </span>
      </opinion_expression>
    </opinion>
  </opinions>
</KAF>
