<?xml version='1.0' encoding='UTF-8'?>
<KAF xml:lang="nl">
  <linguisticProcessors layer="text">
    <lp timestamp="2013-01-06T18:29:17CET" version="2.0" name="SentenceTokenizer"/>
  </linguisticProcessors>
  <linguisticProcessors layer="terms">
    <lp timestamp="2013-01-06T18:29:17CET" version="2.0" name="SentenceTokenizer"/>
    <lp timestamp="2013-01-06T18:29:17CET" version="1.0" name="SimplePolarityTagger"/>
  </linguisticProcessors>
  <linguisticProcessor layer="opinions">
    <lp timestamp="2013-01-06T18:29:17CET" version="1.0" name="SimpleOpinionDetector"/>
  </linguisticProcessor>
  <linguisticProcessor layer="properties">
    <lp timestamp="2013-01-06T18:29:17CET" version="1.0" name="SimplePropRecognizer_lookup"/>
  </linguisticProcessor>
  <linguisticProcessor layer="entities">
    <lp timestamp="2013-01-06T18:29:17CET" version="1.0" name="SimpleNER_lookup"/>
  </linguisticProcessor>
  <text>
    <wf wid="w_1" para="1" sent="1">De</wf>
    <wf wid="w_2" para="1" sent="1">kamer</wf>
    <wf wid="w_3" para="1" sent="1">was</wf>
    <wf wid="w_4" para="1" sent="1">piekfijn</wf>
    <wf wid="w_5" para="1" sent="1">in</wf>
    <wf wid="w_6" para="1" sent="1">orde</wf>
    <wf wid="w_7" para="1" sent="1">evenals</wf>
    <wf wid="w_8" para="1" sent="1">de</wf>
    <wf wid="w_9" para="1" sent="1">badkamer</wf>
    <wf wid="w_10" para="1" sent="1">.</wf>
    <wf wid="w_11" para="1" sent="2">Er</wf>
    <wf wid="w_12" para="1" sent="2">wordt</wf>
    <wf wid="w_13" para="1" sent="2">ook</wf>
    <wf wid="w_14" para="1" sent="2">rekening</wf>
    <wf wid="w_15" para="1" sent="2">gehouden</wf>
    <wf wid="w_16" para="1" sent="2">met</wf>
    <wf wid="w_17" para="1" sent="2">het</wf>
    <wf wid="w_18" para="1" sent="2">milieu</wf>
    <wf wid="w_19" para="1" sent="2">,</wf>
    <wf wid="w_20" para="1" sent="2">wat</wf>
    <wf wid="w_21" para="1" sent="2">altijd</wf>
    <wf wid="w_22" para="1" sent="2">positief</wf>
    <wf wid="w_23" para="1" sent="2">is</wf>
    <wf wid="w_24" para="1" sent="2">.</wf>
    <wf wid="w_25" para="1" sent="3">Zo</wf>
    <wf wid="w_26" para="1" sent="3">werden</wf>
    <wf wid="w_27" para="1" sent="3">handdoeken</wf>
    <wf wid="w_28" para="1" sent="3">en</wf>
    <wf wid="w_29" para="1" sent="3">lakens</wf>
    <wf wid="w_30" para="1" sent="3">enkel</wf>
    <wf wid="w_31" para="1" sent="3">ververst</wf>
    <wf wid="w_32" para="1" sent="3">op</wf>
    <wf wid="w_33" para="1" sent="3">aanvraag</wf>
    <wf wid="w_34" para="1" sent="3">door</wf>
    <wf wid="w_35" para="1" sent="3">het</wf>
    <wf wid="w_36" para="1" sent="3">bijpassende</wf>
    <wf wid="w_37" para="1" sent="3">kaartje</wf>
    <wf wid="w_38" para="1" sent="3">achter</wf>
    <wf wid="w_39" para="1" sent="3">te</wf>
    <wf wid="w_40" para="1" sent="3">laten</wf>
    <wf wid="w_41" para="1" sent="3">op</wf>
    <wf wid="w_42" para="1" sent="3">de</wf>
    <wf wid="w_43" para="1" sent="3">juiste</wf>
    <wf wid="w_44" para="1" sent="3">plek</wf>
    <wf wid="w_45" para="1" sent="3">.</wf>
  </text>
  <terms>
    <term tid="t_1" lemma="de" type="open">
      <span>
        <target id="w_1"/>
      </span>
    </term>
    <term tid="t_2" lemma="kamer" type="open">
      <span>
        <target id="w_2"/>
      </span>
    </term>
    <term tid="t_3" lemma="was" type="open">
      <span>
        <target id="w_3"/>
      </span>
    </term>
    <term tid="t_4" lemma="piekfijn" type="open" pos="G">
      <span>
        <target id="w_4"/>
      </span>
      <sentiment polarity="positive" resource="VUA_olery_lexicon_nl_lmf"/>
    </term>
    <term tid="t_5" lemma="in" type="open">
      <span>
        <target id="w_5"/>
      </span>
    </term>
    <term tid="t_6" lemma="orde" type="open">
      <span>
        <target id="w_6"/>
      </span>
    </term>
    <term tid="t_7" lemma="evenals" type="open">
      <span>
        <target id="w_7"/>
      </span>
    </term>
    <term tid="t_8" lemma="de" type="open">
      <span>
        <target id="w_8"/>
      </span>
    </term>
    <term tid="t_9" lemma="badkamer" type="open">
      <span>
        <target id="w_9"/>
      </span>
    </term>
    <term tid="t_10" lemma="." type="open">
      <span>
        <target id="w_10"/>
      </span>
    </term>
    <term tid="t_11" lemma="er" type="open">
      <span>
        <target id="w_11"/>
      </span>
    </term>
    <term tid="t_12" lemma="wordt" type="open">
      <span>
        <target id="w_12"/>
      </span>
    </term>
    <term tid="t_13" lemma="ook" type="open">
      <span>
        <target id="w_13"/>
      </span>
    </term>
    <term tid="t_14" lemma="rekening" type="open">
      <span>
        <target id="w_14"/>
      </span>
    </term>
    <term tid="t_15" lemma="gehouden" type="open">
      <span>
        <target id="w_15"/>
      </span>
    </term>
    <term tid="t_16" lemma="met" type="open">
      <span>
        <target id="w_16"/>
      </span>
    </term>
    <term tid="t_17" lemma="het" type="open">
      <span>
        <target id="w_17"/>
      </span>
    </term>
    <term tid="t_18" lemma="milieu" type="open">
      <span>
        <target id="w_18"/>
      </span>
    </term>
    <term tid="t_19" lemma="," type="open">
      <span>
        <target id="w_19"/>
      </span>
    </term>
    <term tid="t_20" lemma="wat" type="open">
      <span>
        <target id="w_20"/>
      </span>
    </term>
    <term tid="t_21" lemma="altijd" type="open">
      <span>
        <target id="w_21"/>
      </span>
      <sentiment sentiment_modifier="intensifier" resource="VUA_olery_lexicon_nl_lmf"/>
    </term>
    <term tid="t_22" lemma="positief" type="open" pos="G">
      <span>
        <target id="w_22"/>
      </span>
      <sentiment polarity="positive" resource="VUA_olery_lexicon_nl_lmf"/>
    </term>
    <term tid="t_23" lemma="is" type="open">
      <span>
        <target id="w_23"/>
      </span>
    </term>
    <term tid="t_24" lemma="." type="open">
      <span>
        <target id="w_24"/>
      </span>
    </term>
    <term tid="t_25" lemma="zo" type="open">
      <span>
        <target id="w_25"/>
      </span>
    </term>
    <term tid="t_26" lemma="werden" type="open">
      <span>
        <target id="w_26"/>
      </span>
    </term>
    <term tid="t_27" lemma="handdoeken" type="open">
      <span>
        <target id="w_27"/>
      </span>
    </term>
    <term tid="t_28" lemma="en" type="open">
      <span>
        <target id="w_28"/>
      </span>
    </term>
    <term tid="t_29" lemma="lakens" type="open">
      <span>
        <target id="w_29"/>
      </span>
    </term>
    <term tid="t_30" lemma="enkel" type="open">
      <span>
        <target id="w_30"/>
      </span>
    </term>
    <term tid="t_31" lemma="ververst" type="open">
      <span>
        <target id="w_31"/>
      </span>
    </term>
    <term tid="t_32" lemma="op" type="open">
      <span>
        <target id="w_32"/>
      </span>
    </term>
    <term tid="t_33" lemma="aanvraag" type="open">
      <span>
        <target id="w_33"/>
      </span>
    </term>
    <term tid="t_34" lemma="door" type="open">
      <span>
        <target id="w_34"/>
      </span>
    </term>
    <term tid="t_35" lemma="het" type="open">
      <span>
        <target id="w_35"/>
      </span>
    </term>
    <term tid="t_36" lemma="bijpassende" type="open">
      <span>
        <target id="w_36"/>
      </span>
    </term>
    <term tid="t_37" lemma="kaartje" type="open">
      <span>
        <target id="w_37"/>
      </span>
    </term>
    <term tid="t_38" lemma="achter" type="open">
      <span>
        <target id="w_38"/>
      </span>
    </term>
    <term tid="t_39" lemma="te" type="open">
      <span>
        <target id="w_39"/>
      </span>
    </term>
    <term tid="t_40" lemma="laten" type="open">
      <span>
        <target id="w_40"/>
      </span>
    </term>
    <term tid="t_41" lemma="op" type="open">
      <span>
        <target id="w_41"/>
      </span>
    </term>
    <term tid="t_42" lemma="de" type="open">
      <span>
        <target id="w_42"/>
      </span>
    </term>
    <term tid="t_43" lemma="juiste" type="open">
      <span>
        <target id="w_43"/>
      </span>
    </term>
    <term tid="t_44" lemma="plek" type="open">
      <span>
        <target id="w_44"/>
      </span>
    </term>
    <term tid="t_45" lemma="." type="open">
      <span>
        <target id="w_45"/>
      </span>
    </term>
  </terms>
  <entities>
    <entity type="ORG" eid="e_1">
      <span>
        <target id="t_2"/>
      </span>
    </entity>
  </entities>
  <properties>
    <property type="value_for_money" pid="p_1">
      <span>
        <target id="t_14"/>
      </span>
    </property>
    <property type="bathroom" pid="p_2">
      <span>
        <target id="t_9"/>
      </span>
    </property>
    <property type="room" pid="p_3">
      <span>
        <target id="t_2"/>
      </span>
    </property>
    <property type="staff" pid="p_4">
      <span>
        <target id="t_33"/>
      </span>
    </property>
  </properties>
  <opinions>
    <opinion oid="o_1">
      <opinion_target>
        <span>
          <target id="t_6"/>
        </span>
      </opinion_target>
      <opinion_expression polarity="positive" strength="1">
        <span>
          <target id="t_4"/>
        </span>
      </opinion_expression>
    </opinion>
    <opinion oid="o_2">
      <opinion_target>
        <span>
          <target id="t_18"/>
        </span>
      </opinion_target>
      <opinion_expression polarity="positive" strength="2">
        <span>
          <target id="t_22"/>
          <target id="t_21"/>
        </span>
      </opinion_expression>
    </opinion>
  </opinions>
</KAF>
