<?xml version='1.0' encoding='UTF-8'?>
<KAF xml:lang="nl">
  <linguisticProcessors layer="text">
    <lp timestamp="2013-01-06T18:44:24CET" version="2.0" name="SentenceTokenizer"/>
  </linguisticProcessors>
  <linguisticProcessors layer="terms">
    <lp timestamp="2013-01-06T18:44:24CET" version="2.0" name="SentenceTokenizer"/>
    <lp timestamp="2013-01-06T18:44:24CET" version="1.0" name="SimplePolarityTagger"/>
  </linguisticProcessors>
  <linguisticProcessor layer="opinions">
    <lp timestamp="2013-01-06T18:44:24CET" version="1.0" name="SimpleOpinionDetector"/>
  </linguisticProcessor>
  <linguisticProcessor layer="properties">
    <lp timestamp="2013-01-06T18:44:24CET" version="1.0" name="SimplePropRecognizer_lookup"/>
  </linguisticProcessor>
  <linguisticProcessor layer="entities">
    <lp timestamp="2013-01-06T18:44:24CET" version="1.0" name="SimpleNER_lookup"/>
  </linguisticProcessor>
  <text>
    <wf wid="w_1" para="1" sent="1">Geen</wf>
    <wf wid="w_2" para="1" sent="1">5</wf>
    <wf wid="w_3" para="1" sent="1">*</wf>
    <wf wid="w_4" para="1" sent="1">waard</wf>
    <wf wid="w_5" para="1" sent="1">(</wf>
    <wf wid="w_6" para="1" sent="1">16</wf>
    <wf wid="w_7" para="1" sent="1">-3</wf>
    <wf wid="w_8" para="1" sent="1">-</wf>
    <wf wid="w_9" para="1" sent="1">23</wf>
    <wf wid="w_10" para="1" sent="1">-3</wf>
    <wf wid="w_11" para="1" sent="1">)</wf>
    <wf wid="w_12" para="1" sent="1">.</wf>
    <wf wid="w_13" para="1" sent="2">Zijn</wf>
    <wf wid="w_14" para="1" sent="2">in</wf>
    <wf wid="w_15" para="1" sent="2">mamlouk</wf>
    <wf wid="w_16" para="1" sent="2">geweest</wf>
    <wf wid="w_17" para="1" sent="2">op</wf>
    <wf wid="w_18" para="1" sent="2">16</wf>
    <wf wid="w_19" para="1" sent="2">maart</wf>
    <wf wid="w_20" para="1" sent="2">en</wf>
    <wf wid="w_21" para="1" sent="2">vreselijk</wf>
    <wf wid="w_22" para="1" sent="2">teleurgesteld</wf>
    <wf wid="w_23" para="1" sent="2">,</wf>
    <wf wid="w_24" para="1" sent="2">zwembad</wf>
    <wf wid="w_25" para="1" sent="2">zo</wf>
    <wf wid="w_26" para="1" sent="2">goed</wf>
    <wf wid="w_27" para="1" sent="2">als</wf>
    <wf wid="w_28" para="1" sent="2">helemaal</wf>
    <wf wid="w_29" para="1" sent="2">opgebroken</wf>
    <wf wid="w_30" para="1" sent="2">voor</wf>
    <wf wid="w_31" para="1" sent="2">werken</wf>
    <wf wid="w_32" para="1" sent="2">,</wf>
    <wf wid="w_33" para="1" sent="2">alles</wf>
    <wf wid="w_34" para="1" sent="2">wit</wf>
    <wf wid="w_35" para="1" sent="2">tot</wf>
    <wf wid="w_36" para="1" sent="2">in</wf>
    <wf wid="w_37" para="1" sent="2">kamers</wf>
    <wf wid="w_38" para="1" sent="2">toe</wf>
    <wf wid="w_39" para="1" sent="2">,</wf>
    <wf wid="w_40" para="1" sent="2">kamers</wf>
    <wf wid="w_41" para="1" sent="2">werden</wf>
    <wf wid="w_42" para="1" sent="2">bijna</wf>
    <wf wid="w_43" para="1" sent="2">niet</wf>
    <wf wid="w_44" para="1" sent="2">gepoetst</wf>
    <wf wid="w_45" para="1" sent="2">,</wf>
    <wf wid="w_46" para="1" sent="2">eten</wf>
    <wf wid="w_47" para="1" sent="2">was</wf>
    <wf wid="w_48" para="1" sent="2">vreselijk</wf>
    <wf wid="w_49" para="1" sent="2">,</wf>
    <wf wid="w_50" para="1" sent="2">altijd</wf>
    <wf wid="w_51" para="1" sent="2">hetzelfde</wf>
    <wf wid="w_52" para="1" sent="2">en</wf>
    <wf wid="w_53" para="1" sent="2">helemaal</wf>
    <wf wid="w_54" para="1" sent="2">in</wf>
    <wf wid="w_55" para="1" sent="2">functie</wf>
    <wf wid="w_56" para="1" sent="2">voor</wf>
    <wf wid="w_57" para="1" sent="2">de</wf>
    <wf wid="w_58" para="1" sent="2">russen</wf>
    <wf wid="w_59" para="1" sent="2">(het</wf>
    <wf wid="w_60" para="1" sent="2">zat</wf>
    <wf wid="w_61" para="1" sent="2">er</wf>
    <wf wid="w_62" para="1" sent="2">vol</wf>
    <wf wid="w_63" para="1" sent="2">van</wf>
    <wf wid="w_64" para="1" sent="2">)</wf>
    <wf wid="w_65" para="1" sent="2">,</wf>
    <wf wid="w_66" para="1" sent="2">waren</wf>
    <wf wid="w_67" para="1" sent="2">de</wf>
    <wf wid="w_68" para="1" sent="2">enige</wf>
    <wf wid="w_69" para="1" sent="2">belgen</wf>
    <wf wid="w_70" para="1" sent="2">,</wf>
    <wf wid="w_71" para="1" sent="2">personeel</wf>
    <wf wid="w_72" para="1" sent="2">sprak</wf>
    <wf wid="w_73" para="1" sent="2">dus</wf>
    <wf wid="w_74" para="1" sent="2">ook</wf>
    <wf wid="w_75" para="1" sent="2">perfect</wf>
    <wf wid="w_76" para="1" sent="2">russisch</wf>
    <wf wid="w_77" para="1" sent="2">.</wf>
    <wf wid="w_78" para="1" sent="3">veel</wf>
    <wf wid="w_79" para="1" sent="3">geld</wf>
    <wf wid="w_80" para="1" sent="3">voor</wf>
    <wf wid="w_81" para="1" sent="3">wat</wf>
    <wf wid="w_82" para="1" sent="3">het</wf>
    <wf wid="w_83" para="1" sent="3">waard</wf>
    <wf wid="w_84" para="1" sent="3">is</wf>
    <wf wid="w_85" para="1" sent="3">,</wf>
    <wf wid="w_86" para="1" sent="3">nooit</wf>
    <wf wid="w_87" para="1" sent="3">meer</wf>
    <wf wid="w_88" para="1" sent="3">!!</wf>
  </text>
  <terms>
    <term tid="t_1" lemma="geen" type="open">
      <span>
        <target id="w_1"/>
      </span>
      <sentiment sentiment_modifier="shifter" resource="VUA_olery_lexicon_nl_lmf"/>
    </term>
    <term tid="t_2" lemma="5" type="open">
      <span>
        <target id="w_2"/>
      </span>
    </term>
    <term tid="t_3" lemma="*" type="open">
      <span>
        <target id="w_3"/>
      </span>
    </term>
    <term tid="t_4" lemma="waard" type="open">
      <span>
        <target id="w_4"/>
      </span>
    </term>
    <term tid="t_5" lemma="(" type="open">
      <span>
        <target id="w_5"/>
      </span>
    </term>
    <term tid="t_6" lemma="16" type="open">
      <span>
        <target id="w_6"/>
      </span>
    </term>
    <term tid="t_7" lemma="-3" type="open">
      <span>
        <target id="w_7"/>
      </span>
    </term>
    <term tid="t_8" lemma="-" type="open">
      <span>
        <target id="w_8"/>
      </span>
    </term>
    <term tid="t_9" lemma="23" type="open">
      <span>
        <target id="w_9"/>
      </span>
    </term>
    <term tid="t_10" lemma="-3" type="open">
      <span>
        <target id="w_10"/>
      </span>
    </term>
    <term tid="t_11" lemma=")" type="open">
      <span>
        <target id="w_11"/>
      </span>
    </term>
    <term tid="t_12" lemma="." type="open">
      <span>
        <target id="w_12"/>
      </span>
    </term>
    <term tid="t_13" lemma="zijn" type="open">
      <span>
        <target id="w_13"/>
      </span>
    </term>
    <term tid="t_14" lemma="in" type="open">
      <span>
        <target id="w_14"/>
      </span>
    </term>
    <term tid="t_15" lemma="mamlouk" type="open">
      <span>
        <target id="w_15"/>
      </span>
    </term>
    <term tid="t_16" lemma="geweest" type="open">
      <span>
        <target id="w_16"/>
      </span>
    </term>
    <term tid="t_17" lemma="op" type="open">
      <span>
        <target id="w_17"/>
      </span>
    </term>
    <term tid="t_18" lemma="16" type="open">
      <span>
        <target id="w_18"/>
      </span>
    </term>
    <term tid="t_19" lemma="maart" type="open">
      <span>
        <target id="w_19"/>
      </span>
    </term>
    <term tid="t_20" lemma="en" type="open">
      <span>
        <target id="w_20"/>
      </span>
    </term>
    <term tid="t_21" lemma="vreselijk" type="open" pos="G">
      <span>
        <target id="w_21"/>
      </span>
      <sentiment polarity="negative" resource="VUA_olery_lexicon_nl_lmf"/>
    </term>
    <term tid="t_22" lemma="teleurgesteld" type="open">
      <span>
        <target id="w_22"/>
      </span>
    </term>
    <term tid="t_23" lemma="," type="open">
      <span>
        <target id="w_23"/>
      </span>
    </term>
    <term tid="t_24" lemma="zwembad" type="open">
      <span>
        <target id="w_24"/>
      </span>
    </term>
    <term tid="t_25" lemma="zo" type="open">
      <span>
        <target id="w_25"/>
      </span>
    </term>
    <term tid="t_26" lemma="goed" type="open" pos="G">
      <span>
        <target id="w_26"/>
      </span>
      <sentiment polarity="positive" resource="VUA_olery_lexicon_nl_lmf"/>
    </term>
    <term tid="t_27" lemma="als" type="open">
      <span>
        <target id="w_27"/>
      </span>
    </term>
    <term tid="t_28" lemma="helemaal" type="open">
      <span>
        <target id="w_28"/>
      </span>
      <sentiment sentiment_modifier="intensifier" resource="VUA_olery_lexicon_nl_lmf"/>
    </term>
    <term tid="t_29" lemma="opgebroken" type="open">
      <span>
        <target id="w_29"/>
      </span>
    </term>
    <term tid="t_30" lemma="voor" type="open">
      <span>
        <target id="w_30"/>
      </span>
    </term>
    <term tid="t_31" lemma="werken" type="open">
      <span>
        <target id="w_31"/>
      </span>
    </term>
    <term tid="t_32" lemma="," type="open">
      <span>
        <target id="w_32"/>
      </span>
    </term>
    <term tid="t_33" lemma="alles" type="open">
      <span>
        <target id="w_33"/>
      </span>
    </term>
    <term tid="t_34" lemma="wit" type="open">
      <span>
        <target id="w_34"/>
      </span>
    </term>
    <term tid="t_35" lemma="tot" type="open">
      <span>
        <target id="w_35"/>
      </span>
    </term>
    <term tid="t_36" lemma="in" type="open">
      <span>
        <target id="w_36"/>
      </span>
    </term>
    <term tid="t_37" lemma="kamers" type="open">
      <span>
        <target id="w_37"/>
      </span>
    </term>
    <term tid="t_38" lemma="toe" type="open">
      <span>
        <target id="w_38"/>
      </span>
    </term>
    <term tid="t_39" lemma="," type="open">
      <span>
        <target id="w_39"/>
      </span>
    </term>
    <term tid="t_40" lemma="kamers" type="open">
      <span>
        <target id="w_40"/>
      </span>
    </term>
    <term tid="t_41" lemma="werden" type="open">
      <span>
        <target id="w_41"/>
      </span>
    </term>
    <term tid="t_42" lemma="bijna" type="open">
      <span>
        <target id="w_42"/>
      </span>
    </term>
    <term tid="t_43" lemma="niet" type="open">
      <span>
        <target id="w_43"/>
      </span>
      <sentiment sentiment_modifier="shifter" resource="VUA_olery_lexicon_nl_lmf"/>
    </term>
    <term tid="t_44" lemma="gepoetst" type="open">
      <span>
        <target id="w_44"/>
      </span>
    </term>
    <term tid="t_45" lemma="," type="open">
      <span>
        <target id="w_45"/>
      </span>
    </term>
    <term tid="t_46" lemma="eten" type="open">
      <span>
        <target id="w_46"/>
      </span>
    </term>
    <term tid="t_47" lemma="was" type="open">
      <span>
        <target id="w_47"/>
      </span>
    </term>
    <term tid="t_48" lemma="vreselijk" type="open" pos="G">
      <span>
        <target id="w_48"/>
      </span>
      <sentiment polarity="negative" resource="VUA_olery_lexicon_nl_lmf"/>
    </term>
    <term tid="t_49" lemma="," type="open">
      <span>
        <target id="w_49"/>
      </span>
    </term>
    <term tid="t_50" lemma="altijd" type="open">
      <span>
        <target id="w_50"/>
      </span>
      <sentiment sentiment_modifier="intensifier" resource="VUA_olery_lexicon_nl_lmf"/>
    </term>
    <term tid="t_51" lemma="hetzelfde" type="open">
      <span>
        <target id="w_51"/>
      </span>
    </term>
    <term tid="t_52" lemma="en" type="open">
      <span>
        <target id="w_52"/>
      </span>
    </term>
    <term tid="t_53" lemma="helemaal" type="open">
      <span>
        <target id="w_53"/>
      </span>
      <sentiment sentiment_modifier="intensifier" resource="VUA_olery_lexicon_nl_lmf"/>
    </term>
    <term tid="t_54" lemma="in" type="open">
      <span>
        <target id="w_54"/>
      </span>
    </term>
    <term tid="t_55" lemma="functie" type="open">
      <span>
        <target id="w_55"/>
      </span>
    </term>
    <term tid="t_56" lemma="voor" type="open">
      <span>
        <target id="w_56"/>
      </span>
    </term>
    <term tid="t_57" lemma="de" type="open">
      <span>
        <target id="w_57"/>
      </span>
    </term>
    <term tid="t_58" lemma="russen" type="open">
      <span>
        <target id="w_58"/>
      </span>
    </term>
    <term tid="t_59" lemma="(het" type="open">
      <span>
        <target id="w_59"/>
      </span>
    </term>
    <term tid="t_60" lemma="zat" type="open" pos="G">
      <span>
        <target id="w_60"/>
      </span>
      <sentiment polarity="negative" resource="VUA_olery_lexicon_nl_lmf"/>
    </term>
    <term tid="t_61" lemma="er" type="open">
      <span>
        <target id="w_61"/>
      </span>
    </term>
    <term tid="t_62" lemma="vol" type="open">
      <span>
        <target id="w_62"/>
      </span>
    </term>
    <term tid="t_63" lemma="van" type="open">
      <span>
        <target id="w_63"/>
      </span>
    </term>
    <term tid="t_64" lemma=")" type="open">
      <span>
        <target id="w_64"/>
      </span>
    </term>
    <term tid="t_65" lemma="," type="open">
      <span>
        <target id="w_65"/>
      </span>
    </term>
    <term tid="t_66" lemma="waren" type="open">
      <span>
        <target id="w_66"/>
      </span>
    </term>
    <term tid="t_67" lemma="de" type="open">
      <span>
        <target id="w_67"/>
      </span>
    </term>
    <term tid="t_68" lemma="enige" type="open">
      <span>
        <target id="w_68"/>
      </span>
    </term>
    <term tid="t_69" lemma="belgen" type="open">
      <span>
        <target id="w_69"/>
      </span>
    </term>
    <term tid="t_70" lemma="," type="open">
      <span>
        <target id="w_70"/>
      </span>
    </term>
    <term tid="t_71" lemma="personeel" type="open">
      <span>
        <target id="w_71"/>
      </span>
    </term>
    <term tid="t_72" lemma="sprak" type="open">
      <span>
        <target id="w_72"/>
      </span>
    </term>
    <term tid="t_73" lemma="dus" type="open">
      <span>
        <target id="w_73"/>
      </span>
    </term>
    <term tid="t_74" lemma="ook" type="open">
      <span>
        <target id="w_74"/>
      </span>
    </term>
    <term tid="t_75" lemma="perfect" type="open" pos="G">
      <span>
        <target id="w_75"/>
      </span>
      <sentiment polarity="positive" resource="VUA_olery_lexicon_nl_lmf"/>
    </term>
    <term tid="t_76" lemma="russisch" type="open">
      <span>
        <target id="w_76"/>
      </span>
    </term>
    <term tid="t_77" lemma="." type="open">
      <span>
        <target id="w_77"/>
      </span>
    </term>
    <term tid="t_78" lemma="veel" type="open">
      <span>
        <target id="w_78"/>
      </span>
    </term>
    <term tid="t_79" lemma="geld" type="open">
      <span>
        <target id="w_79"/>
      </span>
    </term>
    <term tid="t_80" lemma="voor" type="open">
      <span>
        <target id="w_80"/>
      </span>
    </term>
    <term tid="t_81" lemma="wat" type="open">
      <span>
        <target id="w_81"/>
      </span>
    </term>
    <term tid="t_82" lemma="het" type="open">
      <span>
        <target id="w_82"/>
      </span>
    </term>
    <term tid="t_83" lemma="waard" type="open">
      <span>
        <target id="w_83"/>
      </span>
    </term>
    <term tid="t_84" lemma="is" type="open">
      <span>
        <target id="w_84"/>
      </span>
    </term>
    <term tid="t_85" lemma="," type="open">
      <span>
        <target id="w_85"/>
      </span>
    </term>
    <term tid="t_86" lemma="nooit" type="open">
      <span>
        <target id="w_86"/>
      </span>
      <sentiment sentiment_modifier="shifter" resource="VUA_olery_lexicon_nl_lmf"/>
    </term>
    <term tid="t_87" lemma="meer" type="open">
      <span>
        <target id="w_87"/>
      </span>
    </term>
    <term tid="t_88" lemma="!!" type="open">
      <span>
        <target id="w_88"/>
      </span>
    </term>
  </terms>
  <entities>
    <entity type="MISC" eid="e_1">
      <span>
        <target id="t_13"/>
      </span>
    </entity>
    <entity type="MISC" eid="e_2">
      <span>
        <target id="t_58"/>
      </span>
    </entity>
    <entity type="MISC" eid="e_3">
      <span>
        <target id="t_76"/>
      </span>
    </entity>
    <entity type="MISC" eid="e_4">
      <span>
        <target id="t_69"/>
      </span>
    </entity>
  </entities>
  <properties>
    <property type="swimming_pool" pid="p_1">
      <span>
        <target id="t_24"/>
      </span>
    </property>
    <property type="value_for_money" pid="p_2">
      <span>
        <target id="t_79"/>
      </span>
    </property>
    <property type="staff" pid="p_3">
      <span>
        <target id="t_71"/>
      </span>
    </property>
    <property type="restaurant" pid="p_4">
      <span>
        <target id="t_46"/>
      </span>
    </property>
  </properties>
  <opinions>
    <opinion oid="o_1">
      <opinion_target>
        <span>
          <target id="t_22"/>
        </span>
      </opinion_target>
      <opinion_expression polarity="negative" strength="-1">
        <span>
          <target id="t_21"/>
        </span>
      </opinion_expression>
    </opinion>
    <opinion oid="o_2">
      <opinion_target>
        <span>
          <target id="t_28"/>
        </span>
      </opinion_target>
      <opinion_expression polarity="positive" strength="1">
        <span>
          <target id="t_26"/>
        </span>
      </opinion_expression>
    </opinion>
    <opinion oid="o_3">
      <opinion_target>
        <span>
          <target id="t_51"/>
        </span>
      </opinion_target>
      <opinion_expression polarity="negative" strength="-1">
        <span>
          <target id="t_48"/>
        </span>
      </opinion_expression>
    </opinion>
    <opinion oid="o_4">
      <opinion_target>
        <span>
          <target id="t_62"/>
        </span>
      </opinion_target>
      <opinion_expression polarity="negative" strength="-1">
        <span>
          <target id="t_60"/>
        </span>
      </opinion_expression>
    </opinion>
    <opinion oid="o_5">
      <opinion_target>
        <span>
          <target id="t_76"/>
        </span>
      </opinion_target>
      <opinion_expression polarity="positive" strength="1">
        <span>
          <target id="t_75"/>
        </span>
      </opinion_expression>
    </opinion>
  </opinions>
</KAF>
