<?xml version='1.0' encoding='UTF-8'?>
<KAF xml:lang="nl">
  <linguisticProcessors layer="text">
    <lp timestamp="2013-01-06T18:45:25CET" version="2.0" name="SentenceTokenizer"/>
  </linguisticProcessors>
  <linguisticProcessors layer="terms">
    <lp timestamp="2013-01-06T18:45:25CET" version="2.0" name="SentenceTokenizer"/>
    <lp timestamp="2013-01-06T18:45:25CET" version="1.0" name="SimplePolarityTagger"/>
  </linguisticProcessors>
  <linguisticProcessor layer="opinions">
    <lp timestamp="2013-01-06T18:45:25CET" version="1.0" name="SimpleOpinionDetector"/>
  </linguisticProcessor>
  <linguisticProcessor layer="properties">
    <lp timestamp="2013-01-06T18:45:25CET" version="1.0" name="SimplePropRecognizer_lookup"/>
  </linguisticProcessor>
  <linguisticProcessor layer="entities">
    <lp timestamp="2013-01-06T18:45:25CET" version="1.0" name="SimpleNER_lookup"/>
  </linguisticProcessor>
  <text>
    <wf wid="w_1" para="1" sent="1">slechts</wf>
    <wf wid="w_2" para="1" sent="1">goede</wf>
    <wf wid="w_3" para="1" sent="1">prijs</wf>
    <wf wid="w_4" para="1" sent="1">kwaliteit</wf>
    <wf wid="w_5" para="1" sent="1">bij</wf>
    <wf wid="w_6" para="1" sent="1">korting</wf>
    <wf wid="w_7" para="1" sent="1">of</wf>
    <wf wid="w_8" para="1" sent="1">promo</wf>
    <wf wid="w_9" para="1" sent="1">.</wf>
    <wf wid="w_10" para="1" sent="2">goed</wf>
    <wf wid="w_11" para="1" sent="2">:</wf>
    <wf wid="w_12" para="1" sent="2">vriendelijkheid</wf>
    <wf wid="w_13" para="1" sent="2">directie</wf>
    <wf wid="w_14" para="1" sent="2">en</wf>
    <wf wid="w_15" para="1" sent="2">personeel</wf>
    <wf wid="w_16" para="1" sent="2">minder</wf>
    <wf wid="w_17" para="1" sent="2">:</wf>
    <wf wid="w_18" para="1" sent="2">geen</wf>
    <wf wid="w_19" para="1" sent="2">keuze</wf>
    <wf wid="w_20" para="1" sent="2">in</wf>
    <wf wid="w_21" para="1" sent="2">voor</wf>
    <wf wid="w_22" para="1" sent="2">-</wf>
    <wf wid="w_23" para="1" sent="2">,</wf>
    <wf wid="w_24" para="1" sent="2">hoofd</wf>
    <wf wid="w_25" para="1" sent="2">-</wf>
    <wf wid="w_26" para="1" sent="2">of</wf>
    <wf wid="w_27" para="1" sent="2">nagerecht</wf>
    <wf wid="w_28" para="1" sent="2">.</wf>
    <wf wid="w_29" para="1" sent="3">Op</wf>
    <wf wid="w_30" para="1" sent="3">3</wf>
    <wf wid="w_31" para="1" sent="3">avondmalen</wf>
    <wf wid="w_32" para="1" sent="3">tweemaal</wf>
    <wf wid="w_33" para="1" sent="3">hetzelfde</wf>
    <wf wid="w_34" para="1" sent="3">hoofdgerecht</wf>
    <wf wid="w_35" para="1" sent="3">(varkenshaasje</wf>
    <wf wid="w_36" para="1" sent="3">)</wf>
    <wf wid="w_37" para="1" sent="3">,</wf>
    <wf wid="w_38" para="1" sent="3">dat</wf>
    <wf wid="w_39" para="1" sent="3">niet</wf>
    <wf wid="w_40" para="1" sent="3">voldoende</wf>
    <wf wid="w_41" para="1" sent="3">gebakken</wf>
    <wf wid="w_42" para="1" sent="3">was</wf>
    <wf wid="w_43" para="1" sent="3">.</wf>
    <wf wid="w_44" para="1" sent="4">Steeds</wf>
    <wf wid="w_45" para="1" sent="4">hetzelfde</wf>
    <wf wid="w_46" para="1" sent="4">garnituur</wf>
    <wf wid="w_47" para="1" sent="4">bij</wf>
    <wf wid="w_48" para="1" sent="4">het</wf>
    <wf wid="w_49" para="1" sent="4">hoofdgerecht</wf>
    <wf wid="w_50" para="1" sent="4">.</wf>
    <wf wid="w_51" para="1" sent="5">verouderde</wf>
    <wf wid="w_52" para="1" sent="5">kamer</wf>
    <wf wid="w_53" para="1" sent="5">met</wf>
    <wf wid="w_54" para="1" sent="5">onhygiÃ«nisch</wf>
    <wf wid="w_55" para="1" sent="5">vasttapijt</wf>
    <wf wid="w_56" para="1" sent="5">(honden</wf>
    <wf wid="w_57" para="1" sent="5">toegelaten</wf>
    <wf wid="w_58" para="1" sent="5">)</wf>
    <wf wid="w_59" para="1" sent="5">,</wf>
    <wf wid="w_60" para="1" sent="5">raam</wf>
    <wf wid="w_61" para="1" sent="5">dat</wf>
    <wf wid="w_62" para="1" sent="5">slechts</wf>
    <wf wid="w_63" para="1" sent="5">kan</wf>
    <wf wid="w_64" para="1" sent="5">opengezet</wf>
    <wf wid="w_65" para="1" sent="5">worden</wf>
    <wf wid="w_66" para="1" sent="5">door</wf>
    <wf wid="w_67" para="1" sent="5">middel</wf>
    <wf wid="w_68" para="1" sent="5">van</wf>
    <wf wid="w_69" para="1" sent="5">houtel</wf>
    <wf wid="w_70" para="1" sent="5">blokje</wf>
    <wf wid="w_71" para="1" sent="5">,</wf>
    <wf wid="w_72" para="1" sent="5">GEEN</wf>
    <wf wid="w_73" para="1" sent="5">WIFI</wf>
    <wf wid="w_74" para="1" sent="5">OP</wf>
    <wf wid="w_75" para="1" sent="5">KAMER</wf>
    <wf wid="w_76" para="1" sent="5">ZOALS</wf>
    <wf wid="w_77" para="1" sent="5">BELOOFD</wf>
    <wf wid="w_78" para="1" sent="5">.</wf>
  </text>
  <terms>
    <term tid="t_1" lemma="slechts" type="open">
      <span>
        <target id="w_1"/>
      </span>
    </term>
    <term tid="t_2" lemma="goede" type="open" pos="G">
      <span>
        <target id="w_2"/>
      </span>
      <sentiment polarity="positive" resource="VUA_olery_lexicon_nl_lmf"/>
    </term>
    <term tid="t_3" lemma="prijs" type="open">
      <span>
        <target id="w_3"/>
      </span>
    </term>
    <term tid="t_4" lemma="kwaliteit" type="open">
      <span>
        <target id="w_4"/>
      </span>
    </term>
    <term tid="t_5" lemma="bij" type="open">
      <span>
        <target id="w_5"/>
      </span>
    </term>
    <term tid="t_6" lemma="korting" type="open">
      <span>
        <target id="w_6"/>
      </span>
    </term>
    <term tid="t_7" lemma="of" type="open">
      <span>
        <target id="w_7"/>
      </span>
    </term>
    <term tid="t_8" lemma="promo" type="open">
      <span>
        <target id="w_8"/>
      </span>
    </term>
    <term tid="t_9" lemma="." type="open">
      <span>
        <target id="w_9"/>
      </span>
    </term>
    <term tid="t_10" lemma="goed" type="open" pos="G">
      <span>
        <target id="w_10"/>
      </span>
      <sentiment polarity="positive" resource="VUA_olery_lexicon_nl_lmf"/>
    </term>
    <term tid="t_11" lemma=":" type="open">
      <span>
        <target id="w_11"/>
      </span>
    </term>
    <term tid="t_12" lemma="vriendelijkheid" type="open" pos="N">
      <span>
        <target id="w_12"/>
      </span>
      <sentiment polarity="positive" resource="VUA_olery_lexicon_nl_lmf"/>
    </term>
    <term tid="t_13" lemma="directie" type="open">
      <span>
        <target id="w_13"/>
      </span>
    </term>
    <term tid="t_14" lemma="en" type="open">
      <span>
        <target id="w_14"/>
      </span>
    </term>
    <term tid="t_15" lemma="personeel" type="open">
      <span>
        <target id="w_15"/>
      </span>
    </term>
    <term tid="t_16" lemma="minder" type="open">
      <span>
        <target id="w_16"/>
      </span>
      <sentiment sentiment_modifier="shifter" resource="VUA_olery_lexicon_nl_lmf"/>
    </term>
    <term tid="t_17" lemma=":" type="open">
      <span>
        <target id="w_17"/>
      </span>
    </term>
    <term tid="t_18" lemma="geen" type="open">
      <span>
        <target id="w_18"/>
      </span>
      <sentiment sentiment_modifier="shifter" resource="VUA_olery_lexicon_nl_lmf"/>
    </term>
    <term tid="t_19" lemma="keuze" type="open">
      <span>
        <target id="w_19"/>
      </span>
    </term>
    <term tid="t_20" lemma="in" type="open">
      <span>
        <target id="w_20"/>
      </span>
    </term>
    <term tid="t_21" lemma="voor" type="open">
      <span>
        <target id="w_21"/>
      </span>
    </term>
    <term tid="t_22" lemma="-" type="open">
      <span>
        <target id="w_22"/>
      </span>
    </term>
    <term tid="t_23" lemma="," type="open">
      <span>
        <target id="w_23"/>
      </span>
    </term>
    <term tid="t_24" lemma="hoofd" type="open">
      <span>
        <target id="w_24"/>
      </span>
    </term>
    <term tid="t_25" lemma="-" type="open">
      <span>
        <target id="w_25"/>
      </span>
    </term>
    <term tid="t_26" lemma="of" type="open">
      <span>
        <target id="w_26"/>
      </span>
    </term>
    <term tid="t_27" lemma="nagerecht" type="open">
      <span>
        <target id="w_27"/>
      </span>
    </term>
    <term tid="t_28" lemma="." type="open">
      <span>
        <target id="w_28"/>
      </span>
    </term>
    <term tid="t_29" lemma="op" type="open">
      <span>
        <target id="w_29"/>
      </span>
    </term>
    <term tid="t_30" lemma="3" type="open">
      <span>
        <target id="w_30"/>
      </span>
    </term>
    <term tid="t_31" lemma="avondmalen" type="open">
      <span>
        <target id="w_31"/>
      </span>
    </term>
    <term tid="t_32" lemma="tweemaal" type="open">
      <span>
        <target id="w_32"/>
      </span>
    </term>
    <term tid="t_33" lemma="hetzelfde" type="open">
      <span>
        <target id="w_33"/>
      </span>
    </term>
    <term tid="t_34" lemma="hoofdgerecht" type="open">
      <span>
        <target id="w_34"/>
      </span>
    </term>
    <term tid="t_35" lemma="(varkenshaasje" type="open">
      <span>
        <target id="w_35"/>
      </span>
    </term>
    <term tid="t_36" lemma=")" type="open">
      <span>
        <target id="w_36"/>
      </span>
    </term>
    <term tid="t_37" lemma="," type="open">
      <span>
        <target id="w_37"/>
      </span>
    </term>
    <term tid="t_38" lemma="dat" type="open">
      <span>
        <target id="w_38"/>
      </span>
    </term>
    <term tid="t_39" lemma="niet" type="open">
      <span>
        <target id="w_39"/>
      </span>
      <sentiment sentiment_modifier="shifter" resource="VUA_olery_lexicon_nl_lmf"/>
    </term>
    <term tid="t_40" lemma="voldoende" type="open" pos="G">
      <span>
        <target id="w_40"/>
      </span>
      <sentiment polarity="positive" resource="VUA_olery_lexicon_nl_lmf"/>
    </term>
    <term tid="t_41" lemma="gebakken" type="open">
      <span>
        <target id="w_41"/>
      </span>
    </term>
    <term tid="t_42" lemma="was" type="open">
      <span>
        <target id="w_42"/>
      </span>
    </term>
    <term tid="t_43" lemma="." type="open">
      <span>
        <target id="w_43"/>
      </span>
    </term>
    <term tid="t_44" lemma="steeds" type="open">
      <span>
        <target id="w_44"/>
      </span>
      <sentiment sentiment_modifier="intensifier" resource="VUA_olery_lexicon_nl_lmf"/>
    </term>
    <term tid="t_45" lemma="hetzelfde" type="open">
      <span>
        <target id="w_45"/>
      </span>
    </term>
    <term tid="t_46" lemma="garnituur" type="open">
      <span>
        <target id="w_46"/>
      </span>
    </term>
    <term tid="t_47" lemma="bij" type="open">
      <span>
        <target id="w_47"/>
      </span>
    </term>
    <term tid="t_48" lemma="het" type="open">
      <span>
        <target id="w_48"/>
      </span>
    </term>
    <term tid="t_49" lemma="hoofdgerecht" type="open">
      <span>
        <target id="w_49"/>
      </span>
    </term>
    <term tid="t_50" lemma="." type="open">
      <span>
        <target id="w_50"/>
      </span>
    </term>
    <term tid="t_51" lemma="verouderde" type="open">
      <span>
        <target id="w_51"/>
      </span>
    </term>
    <term tid="t_52" lemma="kamer" type="open">
      <span>
        <target id="w_52"/>
      </span>
    </term>
    <term tid="t_53" lemma="met" type="open">
      <span>
        <target id="w_53"/>
      </span>
    </term>
    <term tid="t_54" lemma="onhygiÃ«nisch" type="open">
      <span>
        <target id="w_54"/>
      </span>
    </term>
    <term tid="t_55" lemma="vasttapijt" type="open">
      <span>
        <target id="w_55"/>
      </span>
    </term>
    <term tid="t_56" lemma="(honden" type="open">
      <span>
        <target id="w_56"/>
      </span>
    </term>
    <term tid="t_57" lemma="toegelaten" type="open">
      <span>
        <target id="w_57"/>
      </span>
    </term>
    <term tid="t_58" lemma=")" type="open">
      <span>
        <target id="w_58"/>
      </span>
    </term>
    <term tid="t_59" lemma="," type="open">
      <span>
        <target id="w_59"/>
      </span>
    </term>
    <term tid="t_60" lemma="raam" type="open">
      <span>
        <target id="w_60"/>
      </span>
    </term>
    <term tid="t_61" lemma="dat" type="open">
      <span>
        <target id="w_61"/>
      </span>
    </term>
    <term tid="t_62" lemma="slechts" type="open">
      <span>
        <target id="w_62"/>
      </span>
    </term>
    <term tid="t_63" lemma="kan" type="open">
      <span>
        <target id="w_63"/>
      </span>
    </term>
    <term tid="t_64" lemma="opengezet" type="open">
      <span>
        <target id="w_64"/>
      </span>
    </term>
    <term tid="t_65" lemma="worden" type="open">
      <span>
        <target id="w_65"/>
      </span>
    </term>
    <term tid="t_66" lemma="door" type="open">
      <span>
        <target id="w_66"/>
      </span>
    </term>
    <term tid="t_67" lemma="middel" type="open">
      <span>
        <target id="w_67"/>
      </span>
    </term>
    <term tid="t_68" lemma="van" type="open">
      <span>
        <target id="w_68"/>
      </span>
    </term>
    <term tid="t_69" lemma="houtel" type="open">
      <span>
        <target id="w_69"/>
      </span>
    </term>
    <term tid="t_70" lemma="blokje" type="open">
      <span>
        <target id="w_70"/>
      </span>
    </term>
    <term tid="t_71" lemma="," type="open">
      <span>
        <target id="w_71"/>
      </span>
    </term>
    <term tid="t_72" lemma="geen" type="open">
      <span>
        <target id="w_72"/>
      </span>
      <sentiment sentiment_modifier="shifter" resource="VUA_olery_lexicon_nl_lmf"/>
    </term>
    <term tid="t_73" lemma="wifi" type="open">
      <span>
        <target id="w_73"/>
      </span>
    </term>
    <term tid="t_74" lemma="op" type="open">
      <span>
        <target id="w_74"/>
      </span>
    </term>
    <term tid="t_75" lemma="kamer" type="open">
      <span>
        <target id="w_75"/>
      </span>
    </term>
    <term tid="t_76" lemma="zoals" type="open">
      <span>
        <target id="w_76"/>
      </span>
    </term>
    <term tid="t_77" lemma="beloofd" type="open">
      <span>
        <target id="w_77"/>
      </span>
    </term>
    <term tid="t_78" lemma="." type="open">
      <span>
        <target id="w_78"/>
      </span>
    </term>
  </terms>
  <entities>
    <entity type="ORG" eid="e_1">
      <span>
        <target id="t_52"/>
      </span>
      <span>
        <target id="t_75"/>
      </span>
    </entity>
  </entities>
  <properties>
    <property type="value_for_money" pid="p_1">
      <span>
        <target id="t_3"/>
      </span>
      <span>
        <target id="t_6"/>
      </span>
    </property>
    <property type="restaurant" pid="p_2">
      <span>
        <target id="t_27"/>
      </span>
      <span>
        <target id="t_34"/>
      </span>
      <span>
        <target id="t_49"/>
      </span>
    </property>
    <property type="internet" pid="p_3">
      <span>
        <target id="t_73"/>
      </span>
    </property>
    <property type="room" pid="p_4">
      <span>
        <target id="t_52"/>
      </span>
      <span>
        <target id="t_75"/>
      </span>
    </property>
    <property type="staff" pid="p_5">
      <span>
        <target id="t_12"/>
      </span>
      <span>
        <target id="t_13"/>
      </span>
      <span>
        <target id="t_15"/>
      </span>
    </property>
  </properties>
  <opinions>
    <opinion oid="o_1">
      <opinion_target>
        <span>
          <target id="t_3"/>
        </span>
      </opinion_target>
      <opinion_expression polarity="positive" strength="1">
        <span>
          <target id="t_2"/>
        </span>
      </opinion_expression>
    </opinion>
    <opinion oid="o_2">
      <opinion_target>
        <span>
          <target id="t_13"/>
        </span>
      </opinion_target>
      <opinion_expression polarity="positive" strength="1">
        <span>
          <target id="t_10"/>
        </span>
      </opinion_expression>
    </opinion>
    <opinion oid="o_3">
      <opinion_target>
        <span>
          <target id="t_15"/>
        </span>
      </opinion_target>
      <opinion_expression polarity="positive" strength="1">
        <span>
          <target id="t_12"/>
        </span>
      </opinion_expression>
    </opinion>
    <opinion oid="o_4">
      <opinion_target>
        <span>
          <target id="t_41"/>
        </span>
      </opinion_target>
      <opinion_expression polarity="negative" strength="-1">
        <span>
          <target id="t_40"/>
          <target id="t_39"/>
        </span>
      </opinion_expression>
    </opinion>
  </opinions>
</KAF>
