<?xml version='1.0' encoding='UTF-8'?>
<KAF xml:lang="nl">
  <linguisticProcessors layer="text">
    <lp timestamp="2013-01-06T18:27:46CET" version="2.0" name="SentenceTokenizer"/>
  </linguisticProcessors>
  <linguisticProcessors layer="terms">
    <lp timestamp="2013-01-06T18:27:46CET" version="2.0" name="SentenceTokenizer"/>
    <lp timestamp="2013-01-06T18:27:47CET" version="1.0" name="SimplePolarityTagger"/>
  </linguisticProcessors>
  <linguisticProcessor layer="opinions">
    <lp timestamp="2013-01-06T18:27:47CET" version="1.0" name="SimpleOpinionDetector"/>
  </linguisticProcessor>
  <linguisticProcessor layer="properties">
    <lp timestamp="2013-01-06T18:27:47CET" version="1.0" name="SimplePropRecognizer_lookup"/>
  </linguisticProcessor>
  <linguisticProcessor layer="entities">
    <lp timestamp="2013-01-06T18:27:47CET" version="1.0" name="SimpleNER_lookup"/>
  </linguisticProcessor>
  <text>
    <wf wid="w_1" para="1" sent="1">Een</wf>
    <wf wid="w_2" para="1" sent="1">prettig</wf>
    <wf wid="w_3" para="1" sent="1">hotel</wf>
    <wf wid="w_4" para="1" sent="1">om</wf>
    <wf wid="w_5" para="1" sent="1">te</wf>
    <wf wid="w_6" para="1" sent="1">verblijven</wf>
    <wf wid="w_7" para="1" sent="1">.</wf>
    <wf wid="w_8" para="1" sent="2">Modern</wf>
    <wf wid="w_9" para="1" sent="2">en</wf>
    <wf wid="w_10" para="1" sent="2">heerlijke</wf>
    <wf wid="w_11" para="1" sent="2">kamer</wf>
    <wf wid="w_12" para="1" sent="2">!</wf>
    <wf wid="w_13" para="1" sent="3">Bed</wf>
    <wf wid="w_14" para="1" sent="3">is</wf>
    <wf wid="w_15" para="1" sent="3">wat</wf>
    <wf wid="w_16" para="1" sent="3">aan</wf>
    <wf wid="w_17" para="1" sent="3">de</wf>
    <wf wid="w_18" para="1" sent="3">harde</wf>
    <wf wid="w_19" para="1" sent="3">kant</wf>
    <wf wid="w_20" para="1" sent="3">.</wf>
    <wf wid="w_21" para="1" sent="4">Gastvrijheid</wf>
    <wf wid="w_22" para="1" sent="4">staat</wf>
    <wf wid="w_23" para="1" sent="4">hoog</wf>
    <wf wid="w_24" para="1" sent="4">in</wf>
    <wf wid="w_25" para="1" sent="4">het</wf>
    <wf wid="w_26" para="1" sent="4">vaandel</wf>
    <wf wid="w_27" para="1" sent="4">,</wf>
    <wf wid="w_28" para="1" sent="4">dat</wf>
    <wf wid="w_29" para="1" sent="4">merk</wf>
    <wf wid="w_30" para="1" sent="4">je</wf>
    <wf wid="w_31" para="1" sent="4">met</wf>
    <wf wid="w_32" para="1" sent="4">alles</wf>
    <wf wid="w_33" para="1" sent="4">.</wf>
    <wf wid="w_34" para="1" sent="5">Kindvriendelijk</wf>
    <wf wid="w_35" para="1" sent="5">en</wf>
    <wf wid="w_36" para="1" sent="5">een</wf>
    <wf wid="w_37" para="1" sent="5">prima</wf>
    <wf wid="w_38" para="1" sent="5">ontbijt</wf>
    <wf wid="w_39" para="1" sent="5">.</wf>
    <wf wid="w_40" para="1" sent="6">Dicht</wf>
    <wf wid="w_41" para="1" sent="6">bij</wf>
    <wf wid="w_42" para="1" sent="6">het</wf>
    <wf wid="w_43" para="1" sent="6">treinstation</wf>
    <wf wid="w_44" para="1" sent="6">en</wf>
    <wf wid="w_45" para="1" sent="6">ongeveer</wf>
    <wf wid="w_46" para="1" sent="6">10</wf>
    <wf wid="w_47" para="1" sent="6">min</wf>
    <wf wid="w_48" para="1" sent="6">.</wf>
    <wf wid="w_49" para="1" sent="7">lopen</wf>
    <wf wid="w_50" para="1" sent="7">van</wf>
    <wf wid="w_51" para="1" sent="7">het</wf>
    <wf wid="w_52" para="1" sent="7">centrum</wf>
    <wf wid="w_53" para="1" sent="7">van</wf>
    <wf wid="w_54" para="1" sent="7">Maastricht</wf>
    <wf wid="w_55" para="1" sent="7">.</wf>
    <wf wid="w_56" para="1" sent="8">Ik</wf>
    <wf wid="w_57" para="1" sent="8">kom</wf>
    <wf wid="w_58" para="1" sent="8">hier</wf>
    <wf wid="w_59" para="1" sent="8">zeker</wf>
    <wf wid="w_60" para="1" sent="8">terug</wf>
    <wf wid="w_61" para="1" sent="8">en</wf>
    <wf wid="w_62" para="1" sent="8">raad</wf>
    <wf wid="w_63" para="1" sent="8">het</wf>
    <wf wid="w_64" para="1" sent="8">zeker</wf>
    <wf wid="w_65" para="1" sent="8">aan</wf>
    <wf wid="w_66" para="1" sent="8">bij</wf>
    <wf wid="w_67" para="1" sent="8">kennissen</wf>
    <wf wid="w_68" para="1" sent="8">en</wf>
    <wf wid="w_69" para="1" sent="8">vrienden</wf>
    <wf wid="w_70" para="1" sent="8">.</wf>
  </text>
  <terms>
    <term tid="t_1" lemma="een" type="open">
      <span>
        <target id="w_1"/>
      </span>
    </term>
    <term tid="t_2" lemma="prettig" type="open" pos="G">
      <span>
        <target id="w_2"/>
      </span>
      <sentiment polarity="positive" resource="VUA_olery_lexicon_nl_lmf"/>
    </term>
    <term tid="t_3" lemma="hotel" type="open">
      <span>
        <target id="w_3"/>
      </span>
    </term>
    <term tid="t_4" lemma="om" type="open">
      <span>
        <target id="w_4"/>
      </span>
    </term>
    <term tid="t_5" lemma="te" type="open">
      <span>
        <target id="w_5"/>
      </span>
    </term>
    <term tid="t_6" lemma="verblijven" type="open">
      <span>
        <target id="w_6"/>
      </span>
    </term>
    <term tid="t_7" lemma="." type="open">
      <span>
        <target id="w_7"/>
      </span>
    </term>
    <term tid="t_8" lemma="modern" type="open" pos="G">
      <span>
        <target id="w_8"/>
      </span>
      <sentiment polarity="positive" resource="VUA_olery_lexicon_nl_lmf"/>
    </term>
    <term tid="t_9" lemma="en" type="open">
      <span>
        <target id="w_9"/>
      </span>
    </term>
    <term tid="t_10" lemma="heerlijke" type="open">
      <span>
        <target id="w_10"/>
      </span>
    </term>
    <term tid="t_11" lemma="kamer" type="open">
      <span>
        <target id="w_11"/>
      </span>
    </term>
    <term tid="t_12" lemma="!" type="open">
      <span>
        <target id="w_12"/>
      </span>
      <sentiment sentiment_modifier="intensifier" resource="VUA_olery_lexicon_nl_lmf"/>
    </term>
    <term tid="t_13" lemma="bed" type="open">
      <span>
        <target id="w_13"/>
      </span>
    </term>
    <term tid="t_14" lemma="is" type="open">
      <span>
        <target id="w_14"/>
      </span>
    </term>
    <term tid="t_15" lemma="wat" type="open">
      <span>
        <target id="w_15"/>
      </span>
    </term>
    <term tid="t_16" lemma="aan" type="open">
      <span>
        <target id="w_16"/>
      </span>
    </term>
    <term tid="t_17" lemma="de" type="open">
      <span>
        <target id="w_17"/>
      </span>
    </term>
    <term tid="t_18" lemma="harde" type="open">
      <span>
        <target id="w_18"/>
      </span>
    </term>
    <term tid="t_19" lemma="kant" type="open">
      <span>
        <target id="w_19"/>
      </span>
    </term>
    <term tid="t_20" lemma="." type="open">
      <span>
        <target id="w_20"/>
      </span>
    </term>
    <term tid="t_21" lemma="gastvrijheid" type="open" pos="N">
      <span>
        <target id="w_21"/>
      </span>
      <sentiment polarity="positive" resource="VUA_olery_lexicon_nl_lmf"/>
    </term>
    <term tid="t_22" lemma="staat" type="open">
      <span>
        <target id="w_22"/>
      </span>
    </term>
    <term tid="t_23" lemma="hoog" type="open" pos="G">
      <span>
        <target id="w_23"/>
      </span>
      <sentiment polarity="negative" resource="VUA_olery_lexicon_nl_lmf"/>
    </term>
    <term tid="t_24" lemma="in" type="open">
      <span>
        <target id="w_24"/>
      </span>
    </term>
    <term tid="t_25" lemma="het" type="open">
      <span>
        <target id="w_25"/>
      </span>
    </term>
    <term tid="t_26" lemma="vaandel" type="open">
      <span>
        <target id="w_26"/>
      </span>
    </term>
    <term tid="t_27" lemma="," type="open">
      <span>
        <target id="w_27"/>
      </span>
    </term>
    <term tid="t_28" lemma="dat" type="open">
      <span>
        <target id="w_28"/>
      </span>
    </term>
    <term tid="t_29" lemma="merk" type="open">
      <span>
        <target id="w_29"/>
      </span>
    </term>
    <term tid="t_30" lemma="je" type="open">
      <span>
        <target id="w_30"/>
      </span>
    </term>
    <term tid="t_31" lemma="met" type="open">
      <span>
        <target id="w_31"/>
      </span>
    </term>
    <term tid="t_32" lemma="alles" type="open">
      <span>
        <target id="w_32"/>
      </span>
    </term>
    <term tid="t_33" lemma="." type="open">
      <span>
        <target id="w_33"/>
      </span>
    </term>
    <term tid="t_34" lemma="kindvriendelijk" type="open" pos="G">
      <span>
        <target id="w_34"/>
      </span>
      <sentiment polarity="positive" resource="VUA_olery_lexicon_nl_lmf"/>
    </term>
    <term tid="t_35" lemma="en" type="open">
      <span>
        <target id="w_35"/>
      </span>
    </term>
    <term tid="t_36" lemma="een" type="open">
      <span>
        <target id="w_36"/>
      </span>
    </term>
    <term tid="t_37" lemma="prima" type="open" pos="G">
      <span>
        <target id="w_37"/>
      </span>
      <sentiment polarity="positive" resource="VUA_olery_lexicon_nl_lmf"/>
    </term>
    <term tid="t_38" lemma="ontbijt" type="open">
      <span>
        <target id="w_38"/>
      </span>
    </term>
    <term tid="t_39" lemma="." type="open">
      <span>
        <target id="w_39"/>
      </span>
    </term>
    <term tid="t_40" lemma="dicht" type="open">
      <span>
        <target id="w_40"/>
      </span>
    </term>
    <term tid="t_41" lemma="bij" type="open">
      <span>
        <target id="w_41"/>
      </span>
    </term>
    <term tid="t_42" lemma="het" type="open">
      <span>
        <target id="w_42"/>
      </span>
    </term>
    <term tid="t_43" lemma="treinstation" type="open">
      <span>
        <target id="w_43"/>
      </span>
    </term>
    <term tid="t_44" lemma="en" type="open">
      <span>
        <target id="w_44"/>
      </span>
    </term>
    <term tid="t_45" lemma="ongeveer" type="open">
      <span>
        <target id="w_45"/>
      </span>
    </term>
    <term tid="t_46" lemma="10" type="open">
      <span>
        <target id="w_46"/>
      </span>
    </term>
    <term tid="t_47" lemma="min" type="open" pos="G">
      <span>
        <target id="w_47"/>
      </span>
      <sentiment polarity="negative" resource="VUA_olery_lexicon_nl_lmf"/>
    </term>
    <term tid="t_48" lemma="." type="open">
      <span>
        <target id="w_48"/>
      </span>
    </term>
    <term tid="t_49" lemma="lopen" type="open">
      <span>
        <target id="w_49"/>
      </span>
    </term>
    <term tid="t_50" lemma="van" type="open">
      <span>
        <target id="w_50"/>
      </span>
    </term>
    <term tid="t_51" lemma="het" type="open">
      <span>
        <target id="w_51"/>
      </span>
    </term>
    <term tid="t_52" lemma="centrum" type="open">
      <span>
        <target id="w_52"/>
      </span>
    </term>
    <term tid="t_53" lemma="van" type="open">
      <span>
        <target id="w_53"/>
      </span>
    </term>
    <term tid="t_54" lemma="maastricht" type="open">
      <span>
        <target id="w_54"/>
      </span>
    </term>
    <term tid="t_55" lemma="." type="open">
      <span>
        <target id="w_55"/>
      </span>
    </term>
    <term tid="t_56" lemma="ik" type="open">
      <span>
        <target id="w_56"/>
      </span>
    </term>
    <term tid="t_57" lemma="kom" type="open">
      <span>
        <target id="w_57"/>
      </span>
    </term>
    <term tid="t_58" lemma="hier" type="open">
      <span>
        <target id="w_58"/>
      </span>
    </term>
    <term tid="t_59" lemma="zeker" type="open">
      <span>
        <target id="w_59"/>
      </span>
    </term>
    <term tid="t_60" lemma="terug" type="open">
      <span>
        <target id="w_60"/>
      </span>
    </term>
    <term tid="t_61" lemma="en" type="open">
      <span>
        <target id="w_61"/>
      </span>
    </term>
    <term tid="t_62" lemma="raad" type="open">
      <span>
        <target id="w_62"/>
      </span>
    </term>
    <term tid="t_63" lemma="het" type="open">
      <span>
        <target id="w_63"/>
      </span>
    </term>
    <term tid="t_64" lemma="zeker" type="open">
      <span>
        <target id="w_64"/>
      </span>
    </term>
    <term tid="t_65" lemma="aan" type="open">
      <span>
        <target id="w_65"/>
      </span>
    </term>
    <term tid="t_66" lemma="bij" type="open">
      <span>
        <target id="w_66"/>
      </span>
    </term>
    <term tid="t_67" lemma="kennissen" type="open">
      <span>
        <target id="w_67"/>
      </span>
    </term>
    <term tid="t_68" lemma="en" type="open">
      <span>
        <target id="w_68"/>
      </span>
    </term>
    <term tid="t_69" lemma="vrienden" type="open">
      <span>
        <target id="w_69"/>
      </span>
    </term>
    <term tid="t_70" lemma="." type="open">
      <span>
        <target id="w_70"/>
      </span>
    </term>
  </terms>
  <entities>
    <entity type="PER" eid="e_1">
      <span>
        <target id="t_47"/>
      </span>
    </entity>
    <entity type="ORG" eid="e_2">
      <span>
        <target id="t_11"/>
      </span>
    </entity>
    <entity type="PER" eid="e_3">
      <span>
        <target id="t_37"/>
      </span>
    </entity>
  </entities>
  <properties>
    <property type="location" pid="p_1">
      <span>
        <target id="t_43"/>
      </span>
      <span>
        <target id="t_52"/>
      </span>
    </property>
    <property type="restaurant" pid="p_2">
      <span>
        <target id="t_38"/>
      </span>
    </property>
    <property type="room" pid="p_3">
      <span>
        <target id="t_11"/>
      </span>
    </property>
    <property type="sleeping_comfort" pid="p_4">
      <span>
        <target id="t_13"/>
      </span>
    </property>
    <property type="staff" pid="p_5">
      <span>
        <target id="t_21"/>
      </span>
    </property>
  </properties>
  <opinions>
    <opinion oid="o_1">
      <opinion_target>
        <span>
          <target id="t_3"/>
        </span>
      </opinion_target>
      <opinion_expression polarity="positive" strength="1">
        <span>
          <target id="t_2"/>
        </span>
      </opinion_expression>
    </opinion>
    <opinion oid="o_2">
      <opinion_target>
        <span>
          <target id="t_10"/>
        </span>
      </opinion_target>
      <opinion_expression polarity="positive" strength="1">
        <span>
          <target id="t_8"/>
        </span>
      </opinion_expression>
    </opinion>
    <opinion oid="o_3">
      <opinion_target>
        <span>
          <target id="t_22"/>
        </span>
      </opinion_target>
      <opinion_expression polarity="positive" strength="1">
        <span>
          <target id="t_21"/>
        </span>
      </opinion_expression>
    </opinion>
    <opinion oid="o_4">
      <opinion_target>
        <span>
          <target id="t_26"/>
        </span>
      </opinion_target>
      <opinion_expression polarity="negative" strength="-1">
        <span>
          <target id="t_23"/>
        </span>
      </opinion_expression>
    </opinion>
    <opinion oid="o_5">
      <opinion_target>
        <span>
          <target id="t_38"/>
        </span>
      </opinion_target>
      <opinion_expression polarity="positive" strength="1">
        <span>
          <target id="t_37"/>
        </span>
      </opinion_expression>
    </opinion>
    <opinion oid="o_6">
      <opinion_target>
        <span>
          <target id="t_45"/>
        </span>
      </opinion_target>
      <opinion_expression polarity="negative" strength="-1">
        <span>
          <target id="t_47"/>
        </span>
      </opinion_expression>
    </opinion>
  </opinions>
</KAF>
