<?xml version='1.0' encoding='UTF-8'?>
<KAF xml:lang="nl">
  <linguisticProcessors layer="text">
    <lp timestamp="2013-01-06T18:33:40CET" version="2.0" name="SentenceTokenizer"/>
  </linguisticProcessors>
  <linguisticProcessors layer="terms">
    <lp timestamp="2013-01-06T18:33:40CET" version="2.0" name="SentenceTokenizer"/>
    <lp timestamp="2013-01-06T18:33:40CET" version="1.0" name="SimplePolarityTagger"/>
  </linguisticProcessors>
  <linguisticProcessor layer="opinions">
    <lp timestamp="2013-01-06T18:33:40CET" version="1.0" name="SimpleOpinionDetector"/>
  </linguisticProcessor>
  <linguisticProcessor layer="properties">
    <lp timestamp="2013-01-06T18:33:40CET" version="1.0" name="SimplePropRecognizer_lookup"/>
  </linguisticProcessor>
  <linguisticProcessor layer="entities">
    <lp timestamp="2013-01-06T18:33:40CET" version="1.0" name="SimpleNER_lookup"/>
  </linguisticProcessor>
  <text>
    <wf wid="w_1" para="1" sent="1">Mijn</wf>
    <wf wid="w_2" para="1" sent="1">onverwachte</wf>
    <wf wid="w_3" para="1" sent="1">verblijf</wf>
    <wf wid="w_4" para="1" sent="1">was</wf>
    <wf wid="w_5" para="1" sent="1">meer</wf>
    <wf wid="w_6" para="1" sent="1">dan</wf>
    <wf wid="w_7" para="1" sent="1">geweldig</wf>
    <wf wid="w_8" para="1" sent="1">.</wf>
    <wf wid="w_9" para="1" sent="2">De</wf>
    <wf wid="w_10" para="1" sent="2">coctail</wf>
    <wf wid="w_11" para="1" sent="2">boven</wf>
    <wf wid="w_12" para="1" sent="2">op</wf>
    <wf wid="w_13" para="1" sent="2">de</wf>
    <wf wid="w_14" para="1" sent="2">23e</wf>
    <wf wid="w_15" para="1" sent="2">verdieping</wf>
    <wf wid="w_16" para="1" sent="2">in</wf>
    <wf wid="w_17" para="1" sent="2">de</wf>
    <wf wid="w_18" para="1" sent="2">bar</wf>
    <wf wid="w_19" para="1" sent="2">met</wf>
    <wf wid="w_20" para="1" sent="2">uitmuntend</wf>
    <wf wid="w_21" para="1" sent="2">goed</wf>
    <wf wid="w_22" para="1" sent="2">opgeleid</wf>
    <wf wid="w_23" para="1" sent="2">personeel</wf>
    <wf wid="w_24" para="1" sent="2">was</wf>
    <wf wid="w_25" para="1" sent="2">super</wf>
    <wf wid="w_26" para="1" sent="2">gezellig</wf>
    <wf wid="w_27" para="1" sent="2">.</wf>
    <wf wid="w_28" para="1" sent="3">De</wf>
    <wf wid="w_29" para="1" sent="3">kamer</wf>
    <wf wid="w_30" para="1" sent="3">overtrof</wf>
    <wf wid="w_31" para="1" sent="3">mijn</wf>
    <wf wid="w_32" para="1" sent="3">verwachtingen</wf>
    <wf wid="w_33" para="1" sent="3">.</wf>
    <wf wid="w_34" para="1" sent="4">Op</wf>
    <wf wid="w_35" para="1" sent="4">de</wf>
    <wf wid="w_36" para="1" sent="4">19e</wf>
    <wf wid="w_37" para="1" sent="4">etage</wf>
    <wf wid="w_38" para="1" sent="4">,</wf>
    <wf wid="w_39" para="1" sent="4">met</wf>
    <wf wid="w_40" para="1" sent="4">uitzicht</wf>
    <wf wid="w_41" para="1" sent="4">over</wf>
    <wf wid="w_42" para="1" sent="4">besneeuwd</wf>
    <wf wid="w_43" para="1" sent="4">Amsterdam</wf>
    <wf wid="w_44" para="1" sent="4">was</wf>
    <wf wid="w_45" para="1" sent="4">een</wf>
    <wf wid="w_46" para="1" sent="4">ervaring</wf>
    <wf wid="w_47" para="1" sent="4">op</wf>
    <wf wid="w_48" para="1" sent="4">zich</wf>
    <wf wid="w_49" para="1" sent="4">.</wf>
    <wf wid="w_50" para="1" sent="5">Als</wf>
    <wf wid="w_51" para="1" sent="5">je</wf>
    <wf wid="w_52" para="1" sent="5">een</wf>
    <wf wid="w_53" para="1" sent="5">nacht</wf>
    <wf wid="w_54" para="1" sent="5">in</wf>
    <wf wid="w_55" para="1" sent="5">zo</wf>
    <wf wid="w_56" para="1" sent="5">'n</wf>
    <wf wid="w_57" para="1" sent="5">suite</wf>
    <wf wid="w_58" para="1" sent="5">verblijft</wf>
    <wf wid="w_59" para="1" sent="5">voel</wf>
    <wf wid="w_60" para="1" sent="5">je</wf>
    <wf wid="w_61" para="1" sent="5">je</wf>
    <wf wid="w_62" para="1" sent="5">zeer</wf>
    <wf wid="w_63" para="1" sent="5">welgesteld</wf>
    <wf wid="w_64" para="1" sent="5">.</wf>
    <wf wid="w_65" para="1" sent="6">De</wf>
    <wf wid="w_66" para="1" sent="6">roomservice</wf>
    <wf wid="w_67" para="1" sent="6">was</wf>
    <wf wid="w_68" para="1" sent="6">ook</wf>
    <wf wid="w_69" para="1" sent="6">zijn</wf>
    <wf wid="w_70" para="1" sent="6">sterren</wf>
    <wf wid="w_71" para="1" sent="6">waard</wf>
    <wf wid="w_72" para="1" sent="6">.</wf>
    <wf wid="w_73" para="1" sent="7">En</wf>
    <wf wid="w_74" para="1" sent="7">om</wf>
    <wf wid="w_75" para="1" sent="7">niet</wf>
    <wf wid="w_76" para="1" sent="7">te</wf>
    <wf wid="w_77" para="1" sent="7">vergeten</wf>
    <wf wid="w_78" para="1" sent="7">het</wf>
    <wf wid="w_79" para="1" sent="7">zeer</wf>
    <wf wid="w_80" para="1" sent="7">uitgebreide</wf>
    <wf wid="w_81" para="1" sent="7">ontbijt</wf>
    <wf wid="w_82" para="1" sent="7">buffet</wf>
    <wf wid="w_83" para="1" sent="7">.</wf>
    <wf wid="w_84" para="1" sent="8">In</wf>
    <wf wid="w_85" para="1" sent="8">een</wf>
    <wf wid="w_86" para="1" sent="8">woord</wf>
    <wf wid="w_87" para="1" sent="8">samengevat</wf>
    <wf wid="w_88" para="1" sent="8">.</wf>
    <wf wid="w_89" para="1" sent="9">WERELDS</wf>
    <wf wid="w_90" para="1" sent="9">.</wf>
  </text>
  <terms>
    <term tid="t_1" lemma="mijn" type="open">
      <span>
        <target id="w_1"/>
      </span>
    </term>
    <term tid="t_2" lemma="onverwachte" type="open">
      <span>
        <target id="w_2"/>
      </span>
    </term>
    <term tid="t_3" lemma="verblijf" type="open">
      <span>
        <target id="w_3"/>
      </span>
    </term>
    <term tid="t_4" lemma="was" type="open">
      <span>
        <target id="w_4"/>
      </span>
    </term>
    <term tid="t_5" lemma="meer" type="open">
      <span>
        <target id="w_5"/>
      </span>
    </term>
    <term tid="t_6" lemma="dan" type="open">
      <span>
        <target id="w_6"/>
      </span>
    </term>
    <term tid="t_7" lemma="geweldig" type="open" pos="N">
      <span>
        <target id="w_7"/>
      </span>
      <sentiment polarity="positive" resource="VUA_olery_lexicon_nl_lmf"/>
    </term>
    <term tid="t_8" lemma="." type="open">
      <span>
        <target id="w_8"/>
      </span>
    </term>
    <term tid="t_9" lemma="de" type="open">
      <span>
        <target id="w_9"/>
      </span>
    </term>
    <term tid="t_10" lemma="coctail" type="open">
      <span>
        <target id="w_10"/>
      </span>
    </term>
    <term tid="t_11" lemma="boven" type="open">
      <span>
        <target id="w_11"/>
      </span>
    </term>
    <term tid="t_12" lemma="op" type="open">
      <span>
        <target id="w_12"/>
      </span>
    </term>
    <term tid="t_13" lemma="de" type="open">
      <span>
        <target id="w_13"/>
      </span>
    </term>
    <term tid="t_14" lemma="23e" type="open">
      <span>
        <target id="w_14"/>
      </span>
    </term>
    <term tid="t_15" lemma="verdieping" type="open">
      <span>
        <target id="w_15"/>
      </span>
    </term>
    <term tid="t_16" lemma="in" type="open">
      <span>
        <target id="w_16"/>
      </span>
    </term>
    <term tid="t_17" lemma="de" type="open">
      <span>
        <target id="w_17"/>
      </span>
    </term>
    <term tid="t_18" lemma="bar" type="open">
      <span>
        <target id="w_18"/>
      </span>
    </term>
    <term tid="t_19" lemma="met" type="open">
      <span>
        <target id="w_19"/>
      </span>
    </term>
    <term tid="t_20" lemma="uitmuntend" type="open" pos="G">
      <span>
        <target id="w_20"/>
      </span>
      <sentiment polarity="positive" resource="VUA_olery_lexicon_nl_lmf"/>
    </term>
    <term tid="t_21" lemma="goed" type="open" pos="G">
      <span>
        <target id="w_21"/>
      </span>
      <sentiment polarity="positive" resource="VUA_olery_lexicon_nl_lmf"/>
    </term>
    <term tid="t_22" lemma="opgeleid" type="open">
      <span>
        <target id="w_22"/>
      </span>
    </term>
    <term tid="t_23" lemma="personeel" type="open">
      <span>
        <target id="w_23"/>
      </span>
    </term>
    <term tid="t_24" lemma="was" type="open">
      <span>
        <target id="w_24"/>
      </span>
    </term>
    <term tid="t_25" lemma="super" type="open" pos="N">
      <span>
        <target id="w_25"/>
      </span>
      <sentiment polarity="positive" resource="VUA_olery_lexicon_nl_lmf"/>
    </term>
    <term tid="t_26" lemma="gezellig" type="open" pos="G">
      <span>
        <target id="w_26"/>
      </span>
      <sentiment polarity="positive" resource="VUA_olery_lexicon_nl_lmf"/>
    </term>
    <term tid="t_27" lemma="." type="open">
      <span>
        <target id="w_27"/>
      </span>
    </term>
    <term tid="t_28" lemma="de" type="open">
      <span>
        <target id="w_28"/>
      </span>
    </term>
    <term tid="t_29" lemma="kamer" type="open">
      <span>
        <target id="w_29"/>
      </span>
    </term>
    <term tid="t_30" lemma="overtrof" type="open">
      <span>
        <target id="w_30"/>
      </span>
    </term>
    <term tid="t_31" lemma="mijn" type="open">
      <span>
        <target id="w_31"/>
      </span>
    </term>
    <term tid="t_32" lemma="verwachtingen" type="open">
      <span>
        <target id="w_32"/>
      </span>
    </term>
    <term tid="t_33" lemma="." type="open">
      <span>
        <target id="w_33"/>
      </span>
    </term>
    <term tid="t_34" lemma="op" type="open">
      <span>
        <target id="w_34"/>
      </span>
    </term>
    <term tid="t_35" lemma="de" type="open">
      <span>
        <target id="w_35"/>
      </span>
    </term>
    <term tid="t_36" lemma="19e" type="open">
      <span>
        <target id="w_36"/>
      </span>
    </term>
    <term tid="t_37" lemma="etage" type="open">
      <span>
        <target id="w_37"/>
      </span>
    </term>
    <term tid="t_38" lemma="," type="open">
      <span>
        <target id="w_38"/>
      </span>
    </term>
    <term tid="t_39" lemma="met" type="open">
      <span>
        <target id="w_39"/>
      </span>
    </term>
    <term tid="t_40" lemma="uitzicht" type="open">
      <span>
        <target id="w_40"/>
      </span>
    </term>
    <term tid="t_41" lemma="over" type="open">
      <span>
        <target id="w_41"/>
      </span>
    </term>
    <term tid="t_42" lemma="besneeuwd" type="open">
      <span>
        <target id="w_42"/>
      </span>
    </term>
    <term tid="t_43" lemma="amsterdam" type="open">
      <span>
        <target id="w_43"/>
      </span>
    </term>
    <term tid="t_44" lemma="was" type="open">
      <span>
        <target id="w_44"/>
      </span>
    </term>
    <term tid="t_45" lemma="een" type="open">
      <span>
        <target id="w_45"/>
      </span>
    </term>
    <term tid="t_46" lemma="ervaring" type="open">
      <span>
        <target id="w_46"/>
      </span>
    </term>
    <term tid="t_47" lemma="op" type="open">
      <span>
        <target id="w_47"/>
      </span>
    </term>
    <term tid="t_48" lemma="zich" type="open">
      <span>
        <target id="w_48"/>
      </span>
    </term>
    <term tid="t_49" lemma="." type="open">
      <span>
        <target id="w_49"/>
      </span>
    </term>
    <term tid="t_50" lemma="als" type="open">
      <span>
        <target id="w_50"/>
      </span>
    </term>
    <term tid="t_51" lemma="je" type="open">
      <span>
        <target id="w_51"/>
      </span>
    </term>
    <term tid="t_52" lemma="een" type="open">
      <span>
        <target id="w_52"/>
      </span>
    </term>
    <term tid="t_53" lemma="nacht" type="open">
      <span>
        <target id="w_53"/>
      </span>
    </term>
    <term tid="t_54" lemma="in" type="open">
      <span>
        <target id="w_54"/>
      </span>
    </term>
    <term tid="t_55" lemma="zo" type="open">
      <span>
        <target id="w_55"/>
      </span>
    </term>
    <term tid="t_56" lemma="'n" type="open">
      <span>
        <target id="w_56"/>
      </span>
    </term>
    <term tid="t_57" lemma="suite" type="open">
      <span>
        <target id="w_57"/>
      </span>
    </term>
    <term tid="t_58" lemma="verblijft" type="open">
      <span>
        <target id="w_58"/>
      </span>
    </term>
    <term tid="t_59" lemma="voel" type="open">
      <span>
        <target id="w_59"/>
      </span>
    </term>
    <term tid="t_60" lemma="je" type="open">
      <span>
        <target id="w_60"/>
      </span>
    </term>
    <term tid="t_61" lemma="je" type="open">
      <span>
        <target id="w_61"/>
      </span>
    </term>
    <term tid="t_62" lemma="zeer" type="open">
      <span>
        <target id="w_62"/>
      </span>
      <sentiment sentiment_modifier="intensifier" resource="VUA_olery_lexicon_nl_lmf"/>
    </term>
    <term tid="t_63" lemma="welgesteld" type="open">
      <span>
        <target id="w_63"/>
      </span>
    </term>
    <term tid="t_64" lemma="." type="open">
      <span>
        <target id="w_64"/>
      </span>
    </term>
    <term tid="t_65" lemma="de" type="open">
      <span>
        <target id="w_65"/>
      </span>
    </term>
    <term tid="t_66" lemma="roomservice" type="open">
      <span>
        <target id="w_66"/>
      </span>
    </term>
    <term tid="t_67" lemma="was" type="open">
      <span>
        <target id="w_67"/>
      </span>
    </term>
    <term tid="t_68" lemma="ook" type="open">
      <span>
        <target id="w_68"/>
      </span>
    </term>
    <term tid="t_69" lemma="zijn" type="open">
      <span>
        <target id="w_69"/>
      </span>
    </term>
    <term tid="t_70" lemma="sterren" type="open">
      <span>
        <target id="w_70"/>
      </span>
    </term>
    <term tid="t_71" lemma="waard" type="open">
      <span>
        <target id="w_71"/>
      </span>
    </term>
    <term tid="t_72" lemma="." type="open">
      <span>
        <target id="w_72"/>
      </span>
    </term>
    <term tid="t_73" lemma="en" type="open">
      <span>
        <target id="w_73"/>
      </span>
    </term>
    <term tid="t_74" lemma="om" type="open">
      <span>
        <target id="w_74"/>
      </span>
    </term>
    <term tid="t_75" lemma="niet" type="open">
      <span>
        <target id="w_75"/>
      </span>
      <sentiment sentiment_modifier="shifter" resource="VUA_olery_lexicon_nl_lmf"/>
    </term>
    <term tid="t_76" lemma="te" type="open">
      <span>
        <target id="w_76"/>
      </span>
    </term>
    <term tid="t_77" lemma="vergeten" type="open" pos="V">
      <span>
        <target id="w_77"/>
      </span>
      <sentiment polarity="negative" resource="VUA_olery_lexicon_nl_lmf"/>
    </term>
    <term tid="t_78" lemma="het" type="open">
      <span>
        <target id="w_78"/>
      </span>
    </term>
    <term tid="t_79" lemma="zeer" type="open">
      <span>
        <target id="w_79"/>
      </span>
      <sentiment sentiment_modifier="intensifier" resource="VUA_olery_lexicon_nl_lmf"/>
    </term>
    <term tid="t_80" lemma="uitgebreide" type="open">
      <span>
        <target id="w_80"/>
      </span>
    </term>
    <term tid="t_81" lemma="ontbijt" type="open">
      <span>
        <target id="w_81"/>
      </span>
    </term>
    <term tid="t_82" lemma="buffet" type="open">
      <span>
        <target id="w_82"/>
      </span>
    </term>
    <term tid="t_83" lemma="." type="open">
      <span>
        <target id="w_83"/>
      </span>
    </term>
    <term tid="t_84" lemma="in" type="open">
      <span>
        <target id="w_84"/>
      </span>
    </term>
    <term tid="t_85" lemma="een" type="open">
      <span>
        <target id="w_85"/>
      </span>
    </term>
    <term tid="t_86" lemma="woord" type="open">
      <span>
        <target id="w_86"/>
      </span>
    </term>
    <term tid="t_87" lemma="samengevat" type="open">
      <span>
        <target id="w_87"/>
      </span>
    </term>
    <term tid="t_88" lemma="." type="open">
      <span>
        <target id="w_88"/>
      </span>
    </term>
    <term tid="t_89" lemma="werelds" type="open">
      <span>
        <target id="w_89"/>
      </span>
    </term>
    <term tid="t_90" lemma="." type="open">
      <span>
        <target id="w_90"/>
      </span>
    </term>
  </terms>
  <entities>
    <entity type="PER" eid="e_1">
      <span>
        <target id="t_11"/>
      </span>
    </entity>
    <entity type="MISC" eid="e_2">
      <span>
        <target id="t_69"/>
      </span>
    </entity>
    <entity type="ORG" eid="e_3">
      <span>
        <target id="t_18"/>
      </span>
    </entity>
    <entity type="ORG" eid="e_4">
      <span>
        <target id="t_29"/>
      </span>
    </entity>
    <entity type="LOC" eid="e_5">
      <span>
        <target id="t_43"/>
      </span>
    </entity>
  </entities>
  <properties>
    <property type="facilities" pid="p_1">
      <span>
        <target id="t_18"/>
      </span>
      <span>
        <target id="t_37"/>
      </span>
    </property>
    <property type="breakfast" pid="p_2">
      <span>
        <target id="t_82"/>
      </span>
    </property>
    <property type="staff" pid="p_3">
      <span>
        <target id="t_23"/>
      </span>
      <span>
        <target id="t_66"/>
      </span>
    </property>
    <property type="room" pid="p_4">
      <span>
        <target id="t_29"/>
      </span>
      <span>
        <target id="t_40"/>
      </span>
      <span>
        <target id="t_57"/>
      </span>
    </property>
    <property type="restaurant" pid="p_5">
      <span>
        <target id="t_10"/>
      </span>
      <span>
        <target id="t_81"/>
      </span>
    </property>
  </properties>
  <opinions>
    <opinion oid="o_1">
      <opinion_target>
        <span>
          <target id="t_3"/>
        </span>
      </opinion_target>
      <opinion_expression polarity="positive" strength="1">
        <span>
          <target id="t_7"/>
        </span>
      </opinion_expression>
    </opinion>
    <opinion oid="o_2">
      <opinion_target>
        <span>
          <target id="t_22"/>
        </span>
      </opinion_target>
      <opinion_expression polarity="positive" strength="2">
        <span>
          <target id="t_20"/>
          <target id="t_21"/>
        </span>
      </opinion_expression>
    </opinion>
    <opinion oid="o_3">
      <opinion_target>
        <span>
          <target id="t_23"/>
        </span>
      </opinion_target>
      <opinion_expression polarity="positive" strength="2">
        <span>
          <target id="t_25"/>
          <target id="t_26"/>
        </span>
      </opinion_expression>
    </opinion>
    <opinion oid="o_4">
      <opinion_target>
        <span>
          <target id="t_79"/>
        </span>
      </opinion_target>
      <opinion_expression polarity="negative" strength="-1">
        <span>
          <target id="t_77"/>
        </span>
      </opinion_expression>
    </opinion>
  </opinions>
</KAF>
