<?xml version='1.0' encoding='UTF-8'?>
<KAF xml:lang="nl">
  <linguisticProcessors layer="text">
    <lp timestamp="2013-01-06T18:34:20CET" version="2.0" name="SentenceTokenizer"/>
  </linguisticProcessors>
  <linguisticProcessors layer="terms">
    <lp timestamp="2013-01-06T18:34:20CET" version="2.0" name="SentenceTokenizer"/>
    <lp timestamp="2013-01-06T18:34:20CET" version="1.0" name="SimplePolarityTagger"/>
  </linguisticProcessors>
  <linguisticProcessor layer="opinions">
    <lp timestamp="2013-01-06T18:34:20CET" version="1.0" name="SimpleOpinionDetector"/>
  </linguisticProcessor>
  <linguisticProcessor layer="properties">
    <lp timestamp="2013-01-06T18:34:20CET" version="1.0" name="SimplePropRecognizer_lookup"/>
  </linguisticProcessor>
  <linguisticProcessor layer="entities">
    <lp timestamp="2013-01-06T18:34:20CET" version="1.0" name="SimpleNER_lookup"/>
  </linguisticProcessor>
  <text>
    <wf wid="w_1" para="1" sent="1">Zeer</wf>
    <wf wid="w_2" para="1" sent="1">goed</wf>
    <wf wid="w_3" para="1" sent="1">hotel</wf>
    <wf wid="w_4" para="1" sent="1">,</wf>
    <wf wid="w_5" para="1" sent="1">heeft</wf>
    <wf wid="w_6" para="1" sent="1">wel</wf>
    <wf wid="w_7" para="1" sent="1">een</wf>
    <wf wid="w_8" para="1" sent="1">erg</wf>
    <wf wid="w_9" para="1" sent="1">zakelijke</wf>
    <wf wid="w_10" para="1" sent="1">strakke</wf>
    <wf wid="w_11" para="1" sent="1">uitstraling</wf>
    <wf wid="w_12" para="1" sent="1">.</wf>
    <wf wid="w_13" para="1" sent="2">Maar</wf>
    <wf wid="w_14" para="1" sent="2">je</wf>
    <wf wid="w_15" para="1" sent="2">merkt</wf>
    <wf wid="w_16" para="1" sent="2">aan</wf>
    <wf wid="w_17" para="1" sent="2">alles</wf>
    <wf wid="w_18" para="1" sent="2">dat</wf>
    <wf wid="w_19" para="1" sent="2">men</wf>
    <wf wid="w_20" para="1" sent="2">het</wf>
    <wf wid="w_21" para="1" sent="2">een</wf>
    <wf wid="w_22" para="1" sent="2">luxe</wf>
    <wf wid="w_23" para="1" sent="2">confortabele</wf>
    <wf wid="w_24" para="1" sent="2">uitstraling</wf>
    <wf wid="w_25" para="1" sent="2">wil</wf>
    <wf wid="w_26" para="1" sent="2">geven</wf>
    <wf wid="w_27" para="1" sent="2">.</wf>
    <wf wid="w_28" para="1" sent="3">Personeel</wf>
    <wf wid="w_29" para="1" sent="3">zeer</wf>
    <wf wid="w_30" para="1" sent="3">vriendelijk</wf>
    <wf wid="w_31" para="1" sent="3">.</wf>
    <wf wid="w_32" para="1" sent="4">Wij</wf>
    <wf wid="w_33" para="1" sent="4">hadden</wf>
    <wf wid="w_34" para="1" sent="4">een</wf>
    <wf wid="w_35" para="1" sent="4">kamer</wf>
    <wf wid="w_36" para="1" sent="4">met</wf>
    <wf wid="w_37" para="1" sent="4">toilet</wf>
    <wf wid="w_38" para="1" sent="4">naast</wf>
    <wf wid="w_39" para="1" sent="4">de</wf>
    <wf wid="w_40" para="1" sent="4">badkamer</wf>
    <wf wid="w_41" para="1" sent="4">.</wf>
    <wf wid="w_42" para="1" sent="5">Zeer</wf>
    <wf wid="w_43" para="1" sent="5">prettig</wf>
    <wf wid="w_44" para="1" sent="5">.</wf>
    <wf wid="w_45" para="1" sent="6">Goede</wf>
    <wf wid="w_46" para="1" sent="6">kamer</wf>
    <wf wid="w_47" para="1" sent="6">,</wf>
    <wf wid="w_48" para="1" sent="6">van</wf>
    <wf wid="w_49" para="1" sent="6">alle</wf>
    <wf wid="w_50" para="1" sent="6">comfort</wf>
    <wf wid="w_51" para="1" sent="6">voorzien</wf>
    <wf wid="w_52" para="1" sent="6">.</wf>
  </text>
  <terms>
    <term tid="t_1" lemma="zeer" type="open">
      <span>
        <target id="w_1"/>
      </span>
      <sentiment sentiment_modifier="intensifier" resource="VUA_olery_lexicon_nl_lmf"/>
    </term>
    <term tid="t_2" lemma="goed" type="open" pos="G">
      <span>
        <target id="w_2"/>
      </span>
      <sentiment polarity="positive" resource="VUA_olery_lexicon_nl_lmf"/>
    </term>
    <term tid="t_3" lemma="hotel" type="open">
      <span>
        <target id="w_3"/>
      </span>
    </term>
    <term tid="t_4" lemma="," type="open">
      <span>
        <target id="w_4"/>
      </span>
    </term>
    <term tid="t_5" lemma="heeft" type="open">
      <span>
        <target id="w_5"/>
      </span>
    </term>
    <term tid="t_6" lemma="wel" type="open">
      <span>
        <target id="w_6"/>
      </span>
    </term>
    <term tid="t_7" lemma="een" type="open">
      <span>
        <target id="w_7"/>
      </span>
    </term>
    <term tid="t_8" lemma="erg" type="open">
      <span>
        <target id="w_8"/>
      </span>
      <sentiment sentiment_modifier="intensifier" resource="VUA_olery_lexicon_nl_lmf"/>
    </term>
    <term tid="t_9" lemma="zakelijke" type="open">
      <span>
        <target id="w_9"/>
      </span>
    </term>
    <term tid="t_10" lemma="strakke" type="open">
      <span>
        <target id="w_10"/>
      </span>
    </term>
    <term tid="t_11" lemma="uitstraling" type="open">
      <span>
        <target id="w_11"/>
      </span>
    </term>
    <term tid="t_12" lemma="." type="open">
      <span>
        <target id="w_12"/>
      </span>
    </term>
    <term tid="t_13" lemma="maar" type="open">
      <span>
        <target id="w_13"/>
      </span>
    </term>
    <term tid="t_14" lemma="je" type="open">
      <span>
        <target id="w_14"/>
      </span>
    </term>
    <term tid="t_15" lemma="merkt" type="open">
      <span>
        <target id="w_15"/>
      </span>
    </term>
    <term tid="t_16" lemma="aan" type="open">
      <span>
        <target id="w_16"/>
      </span>
    </term>
    <term tid="t_17" lemma="alles" type="open">
      <span>
        <target id="w_17"/>
      </span>
    </term>
    <term tid="t_18" lemma="dat" type="open">
      <span>
        <target id="w_18"/>
      </span>
    </term>
    <term tid="t_19" lemma="men" type="open">
      <span>
        <target id="w_19"/>
      </span>
    </term>
    <term tid="t_20" lemma="het" type="open">
      <span>
        <target id="w_20"/>
      </span>
    </term>
    <term tid="t_21" lemma="een" type="open">
      <span>
        <target id="w_21"/>
      </span>
    </term>
    <term tid="t_22" lemma="luxe" type="open" pos="N">
      <span>
        <target id="w_22"/>
      </span>
      <sentiment polarity="positive" resource="VUA_olery_lexicon_nl_lmf"/>
    </term>
    <term tid="t_23" lemma="confortabele" type="open">
      <span>
        <target id="w_23"/>
      </span>
    </term>
    <term tid="t_24" lemma="uitstraling" type="open">
      <span>
        <target id="w_24"/>
      </span>
    </term>
    <term tid="t_25" lemma="wil" type="open">
      <span>
        <target id="w_25"/>
      </span>
    </term>
    <term tid="t_26" lemma="geven" type="open">
      <span>
        <target id="w_26"/>
      </span>
    </term>
    <term tid="t_27" lemma="." type="open">
      <span>
        <target id="w_27"/>
      </span>
    </term>
    <term tid="t_28" lemma="personeel" type="open">
      <span>
        <target id="w_28"/>
      </span>
    </term>
    <term tid="t_29" lemma="zeer" type="open">
      <span>
        <target id="w_29"/>
      </span>
      <sentiment sentiment_modifier="intensifier" resource="VUA_olery_lexicon_nl_lmf"/>
    </term>
    <term tid="t_30" lemma="vriendelijk" type="open" pos="G">
      <span>
        <target id="w_30"/>
      </span>
      <sentiment polarity="positive" resource="VUA_olery_lexicon_nl_lmf"/>
    </term>
    <term tid="t_31" lemma="." type="open">
      <span>
        <target id="w_31"/>
      </span>
    </term>
    <term tid="t_32" lemma="wij" type="open">
      <span>
        <target id="w_32"/>
      </span>
    </term>
    <term tid="t_33" lemma="hadden" type="open">
      <span>
        <target id="w_33"/>
      </span>
    </term>
    <term tid="t_34" lemma="een" type="open">
      <span>
        <target id="w_34"/>
      </span>
    </term>
    <term tid="t_35" lemma="kamer" type="open">
      <span>
        <target id="w_35"/>
      </span>
    </term>
    <term tid="t_36" lemma="met" type="open">
      <span>
        <target id="w_36"/>
      </span>
    </term>
    <term tid="t_37" lemma="toilet" type="open">
      <span>
        <target id="w_37"/>
      </span>
    </term>
    <term tid="t_38" lemma="naast" type="open">
      <span>
        <target id="w_38"/>
      </span>
    </term>
    <term tid="t_39" lemma="de" type="open">
      <span>
        <target id="w_39"/>
      </span>
    </term>
    <term tid="t_40" lemma="badkamer" type="open">
      <span>
        <target id="w_40"/>
      </span>
    </term>
    <term tid="t_41" lemma="." type="open">
      <span>
        <target id="w_41"/>
      </span>
    </term>
    <term tid="t_42" lemma="zeer" type="open">
      <span>
        <target id="w_42"/>
      </span>
      <sentiment sentiment_modifier="intensifier" resource="VUA_olery_lexicon_nl_lmf"/>
    </term>
    <term tid="t_43" lemma="prettig" type="open" pos="G">
      <span>
        <target id="w_43"/>
      </span>
      <sentiment polarity="positive" resource="VUA_olery_lexicon_nl_lmf"/>
    </term>
    <term tid="t_44" lemma="." type="open">
      <span>
        <target id="w_44"/>
      </span>
    </term>
    <term tid="t_45" lemma="goede" type="open" pos="G">
      <span>
        <target id="w_45"/>
      </span>
      <sentiment polarity="positive" resource="VUA_olery_lexicon_nl_lmf"/>
    </term>
    <term tid="t_46" lemma="kamer" type="open">
      <span>
        <target id="w_46"/>
      </span>
    </term>
    <term tid="t_47" lemma="," type="open">
      <span>
        <target id="w_47"/>
      </span>
    </term>
    <term tid="t_48" lemma="van" type="open">
      <span>
        <target id="w_48"/>
      </span>
    </term>
    <term tid="t_49" lemma="alle" type="open">
      <span>
        <target id="w_49"/>
      </span>
    </term>
    <term tid="t_50" lemma="comfort" type="open">
      <span>
        <target id="w_50"/>
      </span>
    </term>
    <term tid="t_51" lemma="voorzien" type="open">
      <span>
        <target id="w_51"/>
      </span>
    </term>
    <term tid="t_52" lemma="." type="open">
      <span>
        <target id="w_52"/>
      </span>
    </term>
  </terms>
  <entities>
    <entity type="ORG" eid="e_1">
      <span>
        <target id="t_35"/>
      </span>
      <span>
        <target id="t_46"/>
      </span>
    </entity>
    <entity type="PER" eid="e_2">
      <span>
        <target id="t_25"/>
      </span>
    </entity>
  </entities>
  <properties>
    <property type="bathroom" pid="p_1">
      <span>
        <target id="t_37"/>
      </span>
      <span>
        <target id="t_40"/>
      </span>
    </property>
    <property type="room" pid="p_2">
      <span>
        <target id="t_35"/>
      </span>
      <span>
        <target id="t_46"/>
      </span>
    </property>
    <property type="staff" pid="p_3">
      <span>
        <target id="t_28"/>
      </span>
      <span>
        <target id="t_30"/>
      </span>
    </property>
  </properties>
  <opinions>
    <opinion oid="o_1">
      <opinion_target>
        <span>
          <target id="t_3"/>
        </span>
      </opinion_target>
      <opinion_expression polarity="positive" strength="2">
        <span>
          <target id="t_2"/>
          <target id="t_1"/>
        </span>
      </opinion_expression>
    </opinion>
    <opinion oid="o_2">
      <opinion_target>
        <span>
          <target id="t_23"/>
        </span>
      </opinion_target>
      <opinion_expression polarity="positive" strength="1">
        <span>
          <target id="t_22"/>
        </span>
      </opinion_expression>
    </opinion>
    <opinion oid="o_3">
      <opinion_target>
        <span>
          <target id="t_28"/>
        </span>
      </opinion_target>
      <opinion_expression polarity="positive" strength="2">
        <span>
          <target id="t_30"/>
          <target id="t_29"/>
        </span>
      </opinion_expression>
    </opinion>
    <opinion oid="o_4">
      <opinion_target>
        <span>
          <target id="t_46"/>
        </span>
      </opinion_target>
      <opinion_expression polarity="positive" strength="1">
        <span>
          <target id="t_45"/>
        </span>
      </opinion_expression>
    </opinion>
  </opinions>
</KAF>
