<?xml version='1.0' encoding='UTF-8'?>
<KAF xml:lang="nl">
  <linguisticProcessors layer="text">
    <lp timestamp="2013-01-06T18:43:37CET" version="2.0" name="SentenceTokenizer"/>
  </linguisticProcessors>
  <linguisticProcessors layer="terms">
    <lp timestamp="2013-01-06T18:43:37CET" version="2.0" name="SentenceTokenizer"/>
    <lp timestamp="2013-01-06T18:43:38CET" version="1.0" name="SimplePolarityTagger"/>
  </linguisticProcessors>
  <linguisticProcessor layer="opinions">
    <lp timestamp="2013-01-06T18:43:38CET" version="1.0" name="SimpleOpinionDetector"/>
  </linguisticProcessor>
  <linguisticProcessor layer="properties">
    <lp timestamp="2013-01-06T18:43:38CET" version="1.0" name="SimplePropRecognizer_lookup"/>
  </linguisticProcessor>
  <linguisticProcessor layer="entities">
    <lp timestamp="2013-01-06T18:43:38CET" version="1.0" name="SimpleNER_lookup"/>
  </linguisticProcessor>
  <text>
    <wf wid="w_1" para="1" sent="1">klantvriendelijkheid</wf>
    <wf wid="w_2" para="1" sent="1">en</wf>
    <wf wid="w_3" para="1" sent="1">eten</wf>
    <wf wid="w_4" para="1" sent="1">was</wf>
    <wf wid="w_5" para="1" sent="1">goed</wf>
    <wf wid="w_6" para="1" sent="1">maar</wf>
    <wf wid="w_7" para="1" sent="1">hotelkamer</wf>
    <wf wid="w_8" para="1" sent="1">zeer</wf>
    <wf wid="w_9" para="1" sent="1">slecht</wf>
    <wf wid="w_10" para="1" sent="1">.</wf>
    <wf wid="w_11" para="1" sent="2">Medewerkers</wf>
    <wf wid="w_12" para="1" sent="2">waren</wf>
    <wf wid="w_13" para="1" sent="2">vriendelijk</wf>
    <wf wid="w_14" para="1" sent="2">maar</wf>
    <wf wid="w_15" para="1" sent="2">kamer</wf>
    <wf wid="w_16" para="1" sent="2">was</wf>
    <wf wid="w_17" para="1" sent="2">zeer</wf>
    <wf wid="w_18" para="1" sent="2">slecht</wf>
  </text>
  <terms>
    <term tid="t_1" lemma="klantvriendelijkheid" type="open" pos="N">
      <span>
        <target id="w_1"/>
      </span>
      <sentiment polarity="positive" resource="VUA_olery_lexicon_nl_lmf"/>
    </term>
    <term tid="t_2" lemma="en" type="open">
      <span>
        <target id="w_2"/>
      </span>
    </term>
    <term tid="t_3" lemma="eten" type="open">
      <span>
        <target id="w_3"/>
      </span>
    </term>
    <term tid="t_4" lemma="was" type="open">
      <span>
        <target id="w_4"/>
      </span>
    </term>
    <term tid="t_5" lemma="goed" type="open" pos="G">
      <span>
        <target id="w_5"/>
      </span>
      <sentiment polarity="positive" resource="VUA_olery_lexicon_nl_lmf"/>
    </term>
    <term tid="t_6" lemma="maar" type="open">
      <span>
        <target id="w_6"/>
      </span>
    </term>
    <term tid="t_7" lemma="hotelkamer" type="open">
      <span>
        <target id="w_7"/>
      </span>
    </term>
    <term tid="t_8" lemma="zeer" type="open">
      <span>
        <target id="w_8"/>
      </span>
      <sentiment sentiment_modifier="intensifier" resource="VUA_olery_lexicon_nl_lmf"/>
    </term>
    <term tid="t_9" lemma="slecht" type="open" pos="G">
      <span>
        <target id="w_9"/>
      </span>
      <sentiment polarity="negative" resource="VUA_olery_lexicon_nl_lmf"/>
    </term>
    <term tid="t_10" lemma="." type="open">
      <span>
        <target id="w_10"/>
      </span>
    </term>
    <term tid="t_11" lemma="medewerkers" type="open">
      <span>
        <target id="w_11"/>
      </span>
    </term>
    <term tid="t_12" lemma="waren" type="open">
      <span>
        <target id="w_12"/>
      </span>
    </term>
    <term tid="t_13" lemma="vriendelijk" type="open" pos="G">
      <span>
        <target id="w_13"/>
      </span>
      <sentiment polarity="positive" resource="VUA_olery_lexicon_nl_lmf"/>
    </term>
    <term tid="t_14" lemma="maar" type="open">
      <span>
        <target id="w_14"/>
      </span>
    </term>
    <term tid="t_15" lemma="kamer" type="open">
      <span>
        <target id="w_15"/>
      </span>
    </term>
    <term tid="t_16" lemma="was" type="open">
      <span>
        <target id="w_16"/>
      </span>
    </term>
    <term tid="t_17" lemma="zeer" type="open">
      <span>
        <target id="w_17"/>
      </span>
      <sentiment sentiment_modifier="intensifier" resource="VUA_olery_lexicon_nl_lmf"/>
    </term>
    <term tid="t_18" lemma="slecht" type="open" pos="G">
      <span>
        <target id="w_18"/>
      </span>
      <sentiment polarity="negative" resource="VUA_olery_lexicon_nl_lmf"/>
    </term>
  </terms>
  <entities>
    <entity type="ORG" eid="e_1">
      <span>
        <target id="t_15"/>
      </span>
    </entity>
  </entities>
  <properties>
    <property type="restaurant" pid="p_1">
      <span>
        <target id="t_3"/>
      </span>
    </property>
    <property type="room" pid="p_2">
      <span>
        <target id="t_7"/>
      </span>
      <span>
        <target id="t_15"/>
      </span>
    </property>
    <property type="staff" pid="p_3">
      <span>
        <target id="t_1"/>
      </span>
      <span>
        <target id="t_13"/>
      </span>
    </property>
  </properties>
  <opinions>
    <opinion oid="o_1">
      <opinion_target>
        <span>
          <target id="t_3"/>
        </span>
      </opinion_target>
      <opinion_expression polarity="positive" strength="1">
        <span>
          <target id="t_1"/>
        </span>
      </opinion_expression>
    </opinion>
    <opinion oid="o_2">
      <opinion_target>
        <span>
          <target id="t_7"/>
        </span>
      </opinion_target>
      <opinion_expression polarity="positive" strength="1">
        <span>
          <target id="t_5"/>
        </span>
      </opinion_expression>
    </opinion>
    <opinion oid="o_3">
      <opinion_target>
        <span>
          <target id="t_15"/>
        </span>
      </opinion_target>
      <opinion_expression polarity="positive" strength="1">
        <span>
          <target id="t_13"/>
        </span>
      </opinion_expression>
    </opinion>
  </opinions>
</KAF>
