<?xml version='1.0' encoding='UTF-8'?>
<KAF xml:lang="nl">
  <linguisticProcessors layer="text">
    <lp timestamp="2013-01-06T18:33:17CET" version="2.0" name="SentenceTokenizer"/>
  </linguisticProcessors>
  <linguisticProcessors layer="terms">
    <lp timestamp="2013-01-06T18:33:17CET" version="2.0" name="SentenceTokenizer"/>
    <lp timestamp="2013-01-06T18:33:17CET" version="1.0" name="SimplePolarityTagger"/>
  </linguisticProcessors>
  <linguisticProcessor layer="opinions">
    <lp timestamp="2013-01-06T18:33:17CET" version="1.0" name="SimpleOpinionDetector"/>
  </linguisticProcessor>
  <linguisticProcessor layer="properties">
    <lp timestamp="2013-01-06T18:33:17CET" version="1.0" name="SimplePropRecognizer_lookup"/>
  </linguisticProcessor>
  <linguisticProcessor layer="entities">
    <lp timestamp="2013-01-06T18:33:17CET" version="1.0" name="SimpleNER_lookup"/>
  </linguisticProcessor>
  <text>
    <wf wid="w_1" para="1" sent="1">Wij</wf>
    <wf wid="w_2" para="1" sent="1">zijn</wf>
    <wf wid="w_3" para="1" sent="1">er</wf>
    <wf wid="w_4" para="1" sent="1">afg</wf>
    <wf wid="w_5" para="1" sent="1">.</wf>
    <wf wid="w_6" para="1" sent="2">juni</wf>
    <wf wid="w_7" para="1" sent="2">geweest</wf>
    <wf wid="w_8" para="1" sent="2">voor</wf>
    <wf wid="w_9" para="1" sent="2">2</wf>
    <wf wid="w_10" para="1" sent="2">nachten</wf>
    <wf wid="w_11" para="1" sent="2">en</wf>
    <wf wid="w_12" para="1" sent="2">vonden</wf>
    <wf wid="w_13" para="1" sent="2">het</wf>
    <wf wid="w_14" para="1" sent="2">echt</wf>
    <wf wid="w_15" para="1" sent="2">een</wf>
    <wf wid="w_16" para="1" sent="2">super</wf>
    <wf wid="w_17" para="1" sent="2">hotel</wf>
    <wf wid="w_18" para="1" sent="2">.</wf>
    <wf wid="w_19" para="1" sent="3">heel</wf>
    <wf wid="w_20" para="1" sent="3">uniek</wf>
    <wf wid="w_21" para="1" sent="3">om</wf>
    <wf wid="w_22" para="1" sent="3">mee</wf>
    <wf wid="w_23" para="1" sent="3">te</wf>
    <wf wid="w_24" para="1" sent="3">maken</wf>
    <wf wid="w_25" para="1" sent="3">.</wf>
    <wf wid="w_26" para="1" sent="4">Wel</wf>
    <wf wid="w_27" para="1" sent="4">duur</wf>
    <wf wid="w_28" para="1" sent="4">,</wf>
    <wf wid="w_29" para="1" sent="4">maar</wf>
    <wf wid="w_30" para="1" sent="4">dan</wf>
    <wf wid="w_31" para="1" sent="4">heb</wf>
    <wf wid="w_32" para="1" sent="4">je</wf>
    <wf wid="w_33" para="1" sent="4">ook</wf>
    <wf wid="w_34" para="1" sent="4">wat</wf>
    <wf wid="w_35" para="1" sent="4">.</wf>
    <wf wid="w_36" para="1" sent="5">Wel</wf>
    <wf wid="w_37" para="1" sent="5">last</wf>
    <wf wid="w_38" para="1" sent="5">gehad</wf>
    <wf wid="w_39" para="1" sent="5">van</wf>
    <wf wid="w_40" para="1" sent="5">pas</wf>
    <wf wid="w_41" para="1" sent="5">geverfde</wf>
    <wf wid="w_42" para="1" sent="5">kamer</wf>
    <wf wid="w_43" para="1" sent="5">en</wf>
    <wf wid="w_44" para="1" sent="5">wat</wf>
    <wf wid="w_45" para="1" sent="5">gehorig</wf>
    <wf wid="w_46" para="1" sent="5">naar</wf>
    <wf wid="w_47" para="1" sent="5">de</wf>
    <wf wid="w_48" para="1" sent="5">gang</wf>
    <wf wid="w_49" para="1" sent="5">.</wf>
    <wf wid="w_50" para="1" sent="6">Ontbijtbuffet</wf>
    <wf wid="w_51" para="1" sent="6">is</wf>
    <wf wid="w_52" para="1" sent="6">prijzig</wf>
    <wf wid="w_53" para="1" sent="6">,</wf>
    <wf wid="w_54" para="1" sent="6">rond</wf>
    <wf wid="w_55" para="1" sent="6">de</wf>
    <wf wid="w_56" para="1" sent="6">30euro</wf>
    <wf wid="w_57" para="1" sent="6">pp</wf>
    <wf wid="w_58" para="1" sent="6">,</wf>
    <wf wid="w_59" para="1" sent="6">maar</wf>
    <wf wid="w_60" para="1" sent="6">beter</wf>
    <wf wid="w_61" para="1" sent="6">bestaat</wf>
    <wf wid="w_62" para="1" sent="6">niet</wf>
    <wf wid="w_63" para="1" sent="6">.</wf>
    <wf wid="w_64" para="1" sent="7">Ligt</wf>
    <wf wid="w_65" para="1" sent="7">op</wf>
    <wf wid="w_66" para="1" sent="7">de</wf>
    <wf wid="w_67" para="1" sent="7">palm</wf>
    <wf wid="w_68" para="1" sent="7">van</wf>
    <wf wid="w_69" para="1" sent="7">Dubai</wf>
    <wf wid="w_70" para="1" sent="7">,</wf>
    <wf wid="w_71" para="1" sent="7">dus</wf>
    <wf wid="w_72" para="1" sent="7">wel</wf>
    <wf wid="w_73" para="1" sent="7">beetje</wf>
    <wf wid="w_74" para="1" sent="7">ver</wf>
    <wf wid="w_75" para="1" sent="7">van</wf>
    <wf wid="w_76" para="1" sent="7">centrum</wf>
    <wf wid="w_77" para="1" sent="7">.</wf>
    <wf wid="w_78" para="1" sent="8">Taxi</wf>
    <wf wid="w_79" para="1" sent="8">'s</wf>
    <wf wid="w_80" para="1" sent="8">(</wf>
    <wf wid="w_81" para="1" sent="8">goedkoop</wf>
    <wf wid="w_82" para="1" sent="8">)</wf>
    <wf wid="w_83" para="1" sent="8">en</wf>
    <wf wid="w_84" para="1" sent="8">busjes</wf>
    <wf wid="w_85" para="1" sent="8">(</wf>
    <wf wid="w_86" para="1" sent="8">gratis</wf>
    <wf wid="w_87" para="1" sent="8">)</wf>
    <wf wid="w_88" para="1" sent="8">kunnen</wf>
    <wf wid="w_89" para="1" sent="8">je</wf>
    <wf wid="w_90" para="1" sent="8">brengen</wf>
    <wf wid="w_91" para="1" sent="8">.</wf>
    <wf wid="w_92" para="1" sent="9">Moet</wf>
    <wf wid="w_93" para="1" sent="9">je</wf>
    <wf wid="w_94" para="1" sent="9">meemaken</wf>
    <wf wid="w_95" para="1" sent="9">.</wf>
  </text>
  <terms>
    <term tid="t_1" lemma="wij" type="open">
      <span>
        <target id="w_1"/>
      </span>
    </term>
    <term tid="t_2" lemma="zijn" type="open">
      <span>
        <target id="w_2"/>
      </span>
    </term>
    <term tid="t_3" lemma="er" type="open">
      <span>
        <target id="w_3"/>
      </span>
    </term>
    <term tid="t_4" lemma="afg" type="open">
      <span>
        <target id="w_4"/>
      </span>
    </term>
    <term tid="t_5" lemma="." type="open">
      <span>
        <target id="w_5"/>
      </span>
    </term>
    <term tid="t_6" lemma="juni" type="open">
      <span>
        <target id="w_6"/>
      </span>
    </term>
    <term tid="t_7" lemma="geweest" type="open">
      <span>
        <target id="w_7"/>
      </span>
    </term>
    <term tid="t_8" lemma="voor" type="open">
      <span>
        <target id="w_8"/>
      </span>
    </term>
    <term tid="t_9" lemma="2" type="open">
      <span>
        <target id="w_9"/>
      </span>
    </term>
    <term tid="t_10" lemma="nachten" type="open">
      <span>
        <target id="w_10"/>
      </span>
    </term>
    <term tid="t_11" lemma="en" type="open">
      <span>
        <target id="w_11"/>
      </span>
    </term>
    <term tid="t_12" lemma="vonden" type="open">
      <span>
        <target id="w_12"/>
      </span>
    </term>
    <term tid="t_13" lemma="het" type="open">
      <span>
        <target id="w_13"/>
      </span>
    </term>
    <term tid="t_14" lemma="echt" type="open">
      <span>
        <target id="w_14"/>
      </span>
      <sentiment sentiment_modifier="intensifier" resource="VUA_olery_lexicon_nl_lmf"/>
    </term>
    <term tid="t_15" lemma="een" type="open">
      <span>
        <target id="w_15"/>
      </span>
    </term>
    <term tid="t_16" lemma="super" type="open" pos="N">
      <span>
        <target id="w_16"/>
      </span>
      <sentiment polarity="positive" resource="VUA_olery_lexicon_nl_lmf"/>
    </term>
    <term tid="t_17" lemma="hotel" type="open">
      <span>
        <target id="w_17"/>
      </span>
    </term>
    <term tid="t_18" lemma="." type="open">
      <span>
        <target id="w_18"/>
      </span>
    </term>
    <term tid="t_19" lemma="heel" type="open">
      <span>
        <target id="w_19"/>
      </span>
      <sentiment sentiment_modifier="intensifier" resource="VUA_olery_lexicon_nl_lmf"/>
    </term>
    <term tid="t_20" lemma="uniek" type="open" pos="G">
      <span>
        <target id="w_20"/>
      </span>
      <sentiment polarity="positive" resource="VUA_olery_lexicon_nl_lmf"/>
    </term>
    <term tid="t_21" lemma="om" type="open">
      <span>
        <target id="w_21"/>
      </span>
    </term>
    <term tid="t_22" lemma="mee" type="open">
      <span>
        <target id="w_22"/>
      </span>
    </term>
    <term tid="t_23" lemma="te" type="open">
      <span>
        <target id="w_23"/>
      </span>
    </term>
    <term tid="t_24" lemma="maken" type="open">
      <span>
        <target id="w_24"/>
      </span>
    </term>
    <term tid="t_25" lemma="." type="open">
      <span>
        <target id="w_25"/>
      </span>
    </term>
    <term tid="t_26" lemma="wel" type="open">
      <span>
        <target id="w_26"/>
      </span>
    </term>
    <term tid="t_27" lemma="duur" type="open" pos="G">
      <span>
        <target id="w_27"/>
      </span>
      <sentiment polarity="negative" resource="VUA_olery_lexicon_nl_lmf"/>
    </term>
    <term tid="t_28" lemma="," type="open">
      <span>
        <target id="w_28"/>
      </span>
    </term>
    <term tid="t_29" lemma="maar" type="open">
      <span>
        <target id="w_29"/>
      </span>
    </term>
    <term tid="t_30" lemma="dan" type="open">
      <span>
        <target id="w_30"/>
      </span>
    </term>
    <term tid="t_31" lemma="heb" type="open">
      <span>
        <target id="w_31"/>
      </span>
    </term>
    <term tid="t_32" lemma="je" type="open">
      <span>
        <target id="w_32"/>
      </span>
    </term>
    <term tid="t_33" lemma="ook" type="open">
      <span>
        <target id="w_33"/>
      </span>
    </term>
    <term tid="t_34" lemma="wat" type="open">
      <span>
        <target id="w_34"/>
      </span>
    </term>
    <term tid="t_35" lemma="." type="open">
      <span>
        <target id="w_35"/>
      </span>
    </term>
    <term tid="t_36" lemma="wel" type="open">
      <span>
        <target id="w_36"/>
      </span>
    </term>
    <term tid="t_37" lemma="last" type="open" pos="N">
      <span>
        <target id="w_37"/>
      </span>
      <sentiment polarity="negative" resource="VUA_olery_lexicon_nl_lmf"/>
    </term>
    <term tid="t_38" lemma="gehad" type="open">
      <span>
        <target id="w_38"/>
      </span>
    </term>
    <term tid="t_39" lemma="van" type="open">
      <span>
        <target id="w_39"/>
      </span>
    </term>
    <term tid="t_40" lemma="pas" type="open">
      <span>
        <target id="w_40"/>
      </span>
    </term>
    <term tid="t_41" lemma="geverfde" type="open">
      <span>
        <target id="w_41"/>
      </span>
    </term>
    <term tid="t_42" lemma="kamer" type="open">
      <span>
        <target id="w_42"/>
      </span>
    </term>
    <term tid="t_43" lemma="en" type="open">
      <span>
        <target id="w_43"/>
      </span>
    </term>
    <term tid="t_44" lemma="wat" type="open">
      <span>
        <target id="w_44"/>
      </span>
    </term>
    <term tid="t_45" lemma="gehorig" type="open" pos="G">
      <span>
        <target id="w_45"/>
      </span>
      <sentiment polarity="negative" resource="VUA_olery_lexicon_nl_lmf"/>
    </term>
    <term tid="t_46" lemma="naar" type="open" pos="G">
      <span>
        <target id="w_46"/>
      </span>
      <sentiment polarity="negative" resource="VUA_olery_lexicon_nl_lmf"/>
    </term>
    <term tid="t_47" lemma="de" type="open">
      <span>
        <target id="w_47"/>
      </span>
    </term>
    <term tid="t_48" lemma="gang" type="open">
      <span>
        <target id="w_48"/>
      </span>
    </term>
    <term tid="t_49" lemma="." type="open">
      <span>
        <target id="w_49"/>
      </span>
    </term>
    <term tid="t_50" lemma="ontbijtbuffet" type="open">
      <span>
        <target id="w_50"/>
      </span>
    </term>
    <term tid="t_51" lemma="is" type="open">
      <span>
        <target id="w_51"/>
      </span>
    </term>
    <term tid="t_52" lemma="prijzig" type="open" pos="G">
      <span>
        <target id="w_52"/>
      </span>
      <sentiment polarity="negative" resource="VUA_olery_lexicon_nl_lmf"/>
    </term>
    <term tid="t_53" lemma="," type="open">
      <span>
        <target id="w_53"/>
      </span>
    </term>
    <term tid="t_54" lemma="rond" type="open">
      <span>
        <target id="w_54"/>
      </span>
    </term>
    <term tid="t_55" lemma="de" type="open">
      <span>
        <target id="w_55"/>
      </span>
    </term>
    <term tid="t_56" lemma="30euro" type="open">
      <span>
        <target id="w_56"/>
      </span>
    </term>
    <term tid="t_57" lemma="pp" type="open">
      <span>
        <target id="w_57"/>
      </span>
    </term>
    <term tid="t_58" lemma="," type="open">
      <span>
        <target id="w_58"/>
      </span>
    </term>
    <term tid="t_59" lemma="maar" type="open">
      <span>
        <target id="w_59"/>
      </span>
    </term>
    <term tid="t_60" lemma="beter" type="open">
      <span>
        <target id="w_60"/>
      </span>
    </term>
    <term tid="t_61" lemma="bestaat" type="open">
      <span>
        <target id="w_61"/>
      </span>
    </term>
    <term tid="t_62" lemma="niet" type="open">
      <span>
        <target id="w_62"/>
      </span>
      <sentiment sentiment_modifier="shifter" resource="VUA_olery_lexicon_nl_lmf"/>
    </term>
    <term tid="t_63" lemma="." type="open">
      <span>
        <target id="w_63"/>
      </span>
    </term>
    <term tid="t_64" lemma="ligt" type="open">
      <span>
        <target id="w_64"/>
      </span>
    </term>
    <term tid="t_65" lemma="op" type="open">
      <span>
        <target id="w_65"/>
      </span>
    </term>
    <term tid="t_66" lemma="de" type="open">
      <span>
        <target id="w_66"/>
      </span>
    </term>
    <term tid="t_67" lemma="palm" type="open">
      <span>
        <target id="w_67"/>
      </span>
    </term>
    <term tid="t_68" lemma="van" type="open">
      <span>
        <target id="w_68"/>
      </span>
    </term>
    <term tid="t_69" lemma="dubai" type="open">
      <span>
        <target id="w_69"/>
      </span>
    </term>
    <term tid="t_70" lemma="," type="open">
      <span>
        <target id="w_70"/>
      </span>
    </term>
    <term tid="t_71" lemma="dus" type="open">
      <span>
        <target id="w_71"/>
      </span>
    </term>
    <term tid="t_72" lemma="wel" type="open">
      <span>
        <target id="w_72"/>
      </span>
    </term>
    <term tid="t_73" lemma="beetje" type="open">
      <span>
        <target id="w_73"/>
      </span>
    </term>
    <term tid="t_74" lemma="ver" type="open" pos="G">
      <span>
        <target id="w_74"/>
      </span>
      <sentiment polarity="negative" resource="VUA_olery_lexicon_nl_lmf"/>
    </term>
    <term tid="t_75" lemma="van" type="open">
      <span>
        <target id="w_75"/>
      </span>
    </term>
    <term tid="t_76" lemma="centrum" type="open">
      <span>
        <target id="w_76"/>
      </span>
    </term>
    <term tid="t_77" lemma="." type="open">
      <span>
        <target id="w_77"/>
      </span>
    </term>
    <term tid="t_78" lemma="taxi" type="open">
      <span>
        <target id="w_78"/>
      </span>
    </term>
    <term tid="t_79" lemma="'s" type="open">
      <span>
        <target id="w_79"/>
      </span>
    </term>
    <term tid="t_80" lemma="(" type="open">
      <span>
        <target id="w_80"/>
      </span>
    </term>
    <term tid="t_81" lemma="goedkoop" type="open" pos="G">
      <span>
        <target id="w_81"/>
      </span>
      <sentiment polarity="positive" resource="VUA_olery_lexicon_nl_lmf"/>
    </term>
    <term tid="t_82" lemma=")" type="open">
      <span>
        <target id="w_82"/>
      </span>
    </term>
    <term tid="t_83" lemma="en" type="open">
      <span>
        <target id="w_83"/>
      </span>
    </term>
    <term tid="t_84" lemma="busjes" type="open">
      <span>
        <target id="w_84"/>
      </span>
    </term>
    <term tid="t_85" lemma="(" type="open">
      <span>
        <target id="w_85"/>
      </span>
    </term>
    <term tid="t_86" lemma="gratis" type="open" pos="G">
      <span>
        <target id="w_86"/>
      </span>
      <sentiment polarity="positive" resource="VUA_olery_lexicon_nl_lmf"/>
    </term>
    <term tid="t_87" lemma=")" type="open">
      <span>
        <target id="w_87"/>
      </span>
    </term>
    <term tid="t_88" lemma="kunnen" type="open">
      <span>
        <target id="w_88"/>
      </span>
    </term>
    <term tid="t_89" lemma="je" type="open">
      <span>
        <target id="w_89"/>
      </span>
    </term>
    <term tid="t_90" lemma="brengen" type="open">
      <span>
        <target id="w_90"/>
      </span>
    </term>
    <term tid="t_91" lemma="." type="open">
      <span>
        <target id="w_91"/>
      </span>
    </term>
    <term tid="t_92" lemma="moet" type="open">
      <span>
        <target id="w_92"/>
      </span>
    </term>
    <term tid="t_93" lemma="je" type="open">
      <span>
        <target id="w_93"/>
      </span>
    </term>
    <term tid="t_94" lemma="meemaken" type="open">
      <span>
        <target id="w_94"/>
      </span>
    </term>
    <term tid="t_95" lemma="." type="open">
      <span>
        <target id="w_95"/>
      </span>
    </term>
  </terms>
  <entities>
    <entity type="MISC" eid="e_1">
      <span>
        <target id="t_2"/>
      </span>
    </entity>
    <entity type="ORG" eid="e_2">
      <span>
        <target id="t_42"/>
      </span>
    </entity>
    <entity type="PER" eid="e_3">
      <span>
        <target id="t_9"/>
      </span>
    </entity>
  </entities>
  <properties>
    <property type="value_for_money" pid="p_1">
      <span>
        <target id="t_27"/>
      </span>
      <span>
        <target id="t_52"/>
      </span>
      <span>
        <target id="t_81"/>
      </span>
      <span>
        <target id="t_86"/>
      </span>
    </property>
    <property type="noise" pid="p_2">
      <span>
        <target id="t_45"/>
      </span>
    </property>
    <property type="room" pid="p_3">
      <span>
        <target id="t_42"/>
      </span>
    </property>
    <property type="restaurant" pid="p_4">
      <span>
        <target id="t_50"/>
      </span>
    </property>
    <property type="facilities" pid="p_5">
      <span>
        <target id="t_78"/>
      </span>
    </property>
    <property type="location" pid="p_6">
      <span>
        <target id="t_67"/>
      </span>
      <span>
        <target id="t_74"/>
      </span>
      <span>
        <target id="t_76"/>
      </span>
    </property>
  </properties>
  <opinions>
    <opinion oid="o_1">
      <opinion_target>
        <span>
          <target id="t_17"/>
        </span>
      </opinion_target>
      <opinion_expression polarity="positive" strength="1">
        <span>
          <target id="t_16"/>
        </span>
      </opinion_expression>
    </opinion>
    <opinion oid="o_2">
      <opinion_target>
        <span>
          <target id="t_22"/>
        </span>
      </opinion_target>
      <opinion_expression polarity="positive" strength="2">
        <span>
          <target id="t_20"/>
          <target id="t_19"/>
        </span>
      </opinion_expression>
    </opinion>
    <opinion oid="o_3">
      <opinion_target>
        <span>
          <target id="t_26"/>
        </span>
      </opinion_target>
      <opinion_expression polarity="negative" strength="-1">
        <span>
          <target id="t_27"/>
        </span>
      </opinion_expression>
    </opinion>
    <opinion oid="o_4">
      <opinion_target>
        <span>
          <target id="t_38"/>
        </span>
      </opinion_target>
      <opinion_expression polarity="negative" strength="-1">
        <span>
          <target id="t_37"/>
        </span>
      </opinion_expression>
    </opinion>
    <opinion oid="o_5">
      <opinion_target>
        <span>
          <target id="t_48"/>
        </span>
      </opinion_target>
      <opinion_expression polarity="negative" strength="-2">
        <span>
          <target id="t_45"/>
          <target id="t_46"/>
        </span>
      </opinion_expression>
    </opinion>
    <opinion oid="o_6">
      <opinion_target>
        <span>
          <target id="t_54"/>
        </span>
      </opinion_target>
      <opinion_expression polarity="negative" strength="-1">
        <span>
          <target id="t_52"/>
        </span>
      </opinion_expression>
    </opinion>
    <opinion oid="o_7">
      <opinion_target>
        <span>
          <target id="t_76"/>
        </span>
      </opinion_target>
      <opinion_expression polarity="negative" strength="-1">
        <span>
          <target id="t_74"/>
        </span>
      </opinion_expression>
    </opinion>
    <opinion oid="o_8">
      <opinion_target>
        <span>
          <target id="t_84"/>
        </span>
      </opinion_target>
      <opinion_expression polarity="positive" strength="1">
        <span>
          <target id="t_81"/>
        </span>
      </opinion_expression>
    </opinion>
  </opinions>
</KAF>
