<?xml version='1.0' encoding='UTF-8'?>
<KAF xml:lang="nl">
  <linguisticProcessors layer="text">
    <lp timestamp="2013-01-06T18:30:25CET" version="2.0" name="SentenceTokenizer"/>
  </linguisticProcessors>
  <linguisticProcessors layer="terms">
    <lp timestamp="2013-01-06T18:30:25CET" version="2.0" name="SentenceTokenizer"/>
    <lp timestamp="2013-01-06T18:30:25CET" version="1.0" name="SimplePolarityTagger"/>
  </linguisticProcessors>
  <linguisticProcessor layer="opinions">
    <lp timestamp="2013-01-06T18:30:26CET" version="1.0" name="SimpleOpinionDetector"/>
  </linguisticProcessor>
  <linguisticProcessor layer="properties">
    <lp timestamp="2013-01-06T18:30:26CET" version="1.0" name="SimplePropRecognizer_lookup"/>
  </linguisticProcessor>
  <linguisticProcessor layer="entities">
    <lp timestamp="2013-01-06T18:30:26CET" version="1.0" name="SimpleNER_lookup"/>
  </linguisticProcessor>
  <text>
    <wf wid="w_1" para="1" sent="1">Huiselijke</wf>
    <wf wid="w_2" para="1" sent="1">sfeer</wf>
    <wf wid="w_3" para="1" sent="1">.</wf>
    <wf wid="w_4" para="1" sent="2">Vriendelijke</wf>
    <wf wid="w_5" para="1" sent="2">onthaal</wf>
    <wf wid="w_6" para="1" sent="2">,</wf>
    <wf wid="w_7" para="1" sent="2">persoonlijke</wf>
    <wf wid="w_8" para="1" sent="2">bediening</wf>
    <wf wid="w_9" para="1" sent="2">..</wf>
    <wf wid="w_10" para="1" sent="3">Buitenkant</wf>
    <wf wid="w_11" para="1" sent="3">kan</wf>
    <wf wid="w_12" para="1" sent="3">een</wf>
    <wf wid="w_13" para="1" sent="3">opfrisbeurt</wf>
    <wf wid="w_14" para="1" sent="3">verdragen</wf>
    <wf wid="w_15" para="1" sent="3">.</wf>
  </text>
  <terms>
    <term tid="t_1" lemma="huiselijke" type="open">
      <span>
        <target id="w_1"/>
      </span>
    </term>
    <term tid="t_2" lemma="sfeer" type="open" pos="N">
      <span>
        <target id="w_2"/>
      </span>
      <sentiment polarity="positive" resource="VUA_olery_lexicon_nl_lmf"/>
    </term>
    <term tid="t_3" lemma="." type="open">
      <span>
        <target id="w_3"/>
      </span>
    </term>
    <term tid="t_4" lemma="vriendelijke" type="open">
      <span>
        <target id="w_4"/>
      </span>
    </term>
    <term tid="t_5" lemma="onthaal" type="open">
      <span>
        <target id="w_5"/>
      </span>
    </term>
    <term tid="t_6" lemma="," type="open">
      <span>
        <target id="w_6"/>
      </span>
    </term>
    <term tid="t_7" lemma="persoonlijke" type="open">
      <span>
        <target id="w_7"/>
      </span>
    </term>
    <term tid="t_8" lemma="bediening" type="open">
      <span>
        <target id="w_8"/>
      </span>
    </term>
    <term tid="t_9" lemma=".." type="open">
      <span>
        <target id="w_9"/>
      </span>
    </term>
    <term tid="t_10" lemma="buitenkant" type="open">
      <span>
        <target id="w_10"/>
      </span>
    </term>
    <term tid="t_11" lemma="kan" type="open">
      <span>
        <target id="w_11"/>
      </span>
    </term>
    <term tid="t_12" lemma="een" type="open">
      <span>
        <target id="w_12"/>
      </span>
    </term>
    <term tid="t_13" lemma="opfrisbeurt" type="open">
      <span>
        <target id="w_13"/>
      </span>
    </term>
    <term tid="t_14" lemma="verdragen" type="open">
      <span>
        <target id="w_14"/>
      </span>
    </term>
    <term tid="t_15" lemma="." type="open">
      <span>
        <target id="w_15"/>
      </span>
    </term>
  </terms>
  <properties>
    <property type="facilities" pid="p_1">
      <span>
        <target id="t_10"/>
      </span>
    </property>
    <property type="staff" pid="p_2">
      <span>
        <target id="t_5"/>
      </span>
      <span>
        <target id="t_8"/>
      </span>
    </property>
  </properties>
  <opinions>
    <opinion oid="o_1">
      <opinion_target>
        <span>
          <target id="t_1"/>
        </span>
      </opinion_target>
      <opinion_expression polarity="positive" strength="1">
        <span>
          <target id="t_2"/>
        </span>
      </opinion_expression>
    </opinion>
  </opinions>
</KAF>
