<?xml version='1.0' encoding='UTF-8'?>
<KAF xml:lang="nl">
  <linguisticProcessors layer="text">
    <lp timestamp="2013-01-06T18:42:04CET" version="2.0" name="SentenceTokenizer"/>
  </linguisticProcessors>
  <linguisticProcessors layer="terms">
    <lp timestamp="2013-01-06T18:42:04CET" version="2.0" name="SentenceTokenizer"/>
    <lp timestamp="2013-01-06T18:42:04CET" version="1.0" name="SimplePolarityTagger"/>
  </linguisticProcessors>
  <linguisticProcessor layer="opinions">
    <lp timestamp="2013-01-06T18:42:05CET" version="1.0" name="SimpleOpinionDetector"/>
  </linguisticProcessor>
  <linguisticProcessor layer="properties">
    <lp timestamp="2013-01-06T18:42:05CET" version="1.0" name="SimplePropRecognizer_lookup"/>
  </linguisticProcessor>
  <linguisticProcessor layer="entities">
    <lp timestamp="2013-01-06T18:42:04CET" version="1.0" name="SimpleNER_lookup"/>
  </linguisticProcessor>
  <text>
    <wf wid="w_1" para="1" sent="1">restaurant</wf>
    <wf wid="w_2" para="1" sent="1">niet</wf>
    <wf wid="w_3" para="1" sent="1">goed</wf>
    <wf wid="w_4" para="1" sent="1">.</wf>
    <wf wid="w_5" para="1" sent="2">de</wf>
    <wf wid="w_6" para="1" sent="2">kleuren</wf>
    <wf wid="w_7" para="1" sent="2">in</wf>
    <wf wid="w_8" para="1" sent="2">de</wf>
    <wf wid="w_9" para="1" sent="2">kamers</wf>
    <wf wid="w_10" para="1" sent="2">waren</wf>
    <wf wid="w_11" para="1" sent="2">veel</wf>
    <wf wid="w_12" para="1" sent="2">te</wf>
    <wf wid="w_13" para="1" sent="2">fel</wf>
    <wf wid="w_14" para="1" sent="2">en</wf>
    <wf wid="w_15" para="1" sent="2">zwaar</wf>
    <wf wid="w_16" para="1" sent="2">en</wf>
    <wf wid="w_17" para="1" sent="2">deden</wf>
    <wf wid="w_18" para="1" sent="2">geen</wf>
    <wf wid="w_19" para="1" sent="2">recht</wf>
    <wf wid="w_20" para="1" sent="2">aan</wf>
    <wf wid="w_21" para="1" sent="2">de</wf>
    <wf wid="w_22" para="1" sent="2">copieen</wf>
    <wf wid="w_23" para="1" sent="2">van</wf>
    <wf wid="w_24" para="1" sent="2">de</wf>
    <wf wid="w_25" para="1" sent="2">17e</wf>
    <wf wid="w_26" para="1" sent="2">eeuwse</wf>
    <wf wid="w_27" para="1" sent="2">schilderijen</wf>
    <wf wid="w_28" para="1" sent="2">.</wf>
    <wf wid="w_29" para="1" sent="3">In</wf>
    <wf wid="w_30" para="1" sent="3">het</wf>
    <wf wid="w_31" para="1" sent="3">prestigieuze</wf>
    <wf wid="w_32" para="1" sent="3">restaurant</wf>
    <wf wid="w_33" para="1" sent="3">&amp;quot</wf>
    <wf wid="w_34" para="1" sent="3">;</wf>
    <wf wid="w_35" para="1" sent="3">Bord</wf>
    <wf wid="w_36" para="1" sent="3">D</wf>
    <wf wid="w_37" para="1" sent="3">'eau</wf>
    <wf wid="w_38" para="1" sent="3">&amp;quot</wf>
    <wf wid="w_39" para="1" sent="3">;</wf>
    <wf wid="w_40" para="1" sent="3">was</wf>
    <wf wid="w_41" para="1" sent="3">mijn</wf>
    <wf wid="w_42" para="1" sent="3">vis</wf>
    <wf wid="w_43" para="1" sent="3">echt</wf>
    <wf wid="w_44" para="1" sent="3">niet</wf>
    <wf wid="w_45" para="1" sent="3">garr</wf>
    <wf wid="w_46" para="1" sent="3">of</wf>
    <wf wid="w_47" para="1" sent="3">goed</wf>
    <wf wid="w_48" para="1" sent="3">bereid</wf>
    <wf wid="w_49" para="1" sent="3">:</wf>
    <wf wid="w_50" para="1" sent="3">dus</wf>
    <wf wid="w_51" para="1" sent="3">terug</wf>
    <wf wid="w_52" para="1" sent="3">!</wf>
  </text>
  <terms>
    <term tid="t_1" lemma="restaurant" type="open">
      <span>
        <target id="w_1"/>
      </span>
    </term>
    <term tid="t_2" lemma="niet" type="open">
      <span>
        <target id="w_2"/>
      </span>
      <sentiment sentiment_modifier="shifter" resource="VUA_olery_lexicon_nl_lmf"/>
    </term>
    <term tid="t_3" lemma="goed" type="open" pos="G">
      <span>
        <target id="w_3"/>
      </span>
      <sentiment polarity="positive" resource="VUA_olery_lexicon_nl_lmf"/>
    </term>
    <term tid="t_4" lemma="." type="open">
      <span>
        <target id="w_4"/>
      </span>
    </term>
    <term tid="t_5" lemma="de" type="open">
      <span>
        <target id="w_5"/>
      </span>
    </term>
    <term tid="t_6" lemma="kleuren" type="open">
      <span>
        <target id="w_6"/>
      </span>
    </term>
    <term tid="t_7" lemma="in" type="open">
      <span>
        <target id="w_7"/>
      </span>
    </term>
    <term tid="t_8" lemma="de" type="open">
      <span>
        <target id="w_8"/>
      </span>
    </term>
    <term tid="t_9" lemma="kamers" type="open">
      <span>
        <target id="w_9"/>
      </span>
    </term>
    <term tid="t_10" lemma="waren" type="open">
      <span>
        <target id="w_10"/>
      </span>
    </term>
    <term tid="t_11" lemma="veel" type="open">
      <span>
        <target id="w_11"/>
      </span>
    </term>
    <term tid="t_12" lemma="te" type="open">
      <span>
        <target id="w_12"/>
      </span>
    </term>
    <term tid="t_13" lemma="fel" type="open">
      <span>
        <target id="w_13"/>
      </span>
    </term>
    <term tid="t_14" lemma="en" type="open">
      <span>
        <target id="w_14"/>
      </span>
    </term>
    <term tid="t_15" lemma="zwaar" type="open" pos="G">
      <span>
        <target id="w_15"/>
      </span>
      <sentiment polarity="negative" resource="VUA_olery_lexicon_nl_lmf"/>
    </term>
    <term tid="t_16" lemma="en" type="open">
      <span>
        <target id="w_16"/>
      </span>
    </term>
    <term tid="t_17" lemma="deden" type="open">
      <span>
        <target id="w_17"/>
      </span>
    </term>
    <term tid="t_18" lemma="geen" type="open">
      <span>
        <target id="w_18"/>
      </span>
      <sentiment sentiment_modifier="shifter" resource="VUA_olery_lexicon_nl_lmf"/>
    </term>
    <term tid="t_19" lemma="recht" type="open">
      <span>
        <target id="w_19"/>
      </span>
    </term>
    <term tid="t_20" lemma="aan" type="open">
      <span>
        <target id="w_20"/>
      </span>
    </term>
    <term tid="t_21" lemma="de" type="open">
      <span>
        <target id="w_21"/>
      </span>
    </term>
    <term tid="t_22" lemma="copieen" type="open">
      <span>
        <target id="w_22"/>
      </span>
    </term>
    <term tid="t_23" lemma="van" type="open">
      <span>
        <target id="w_23"/>
      </span>
    </term>
    <term tid="t_24" lemma="de" type="open">
      <span>
        <target id="w_24"/>
      </span>
    </term>
    <term tid="t_25" lemma="17e" type="open">
      <span>
        <target id="w_25"/>
      </span>
    </term>
    <term tid="t_26" lemma="eeuwse" type="open">
      <span>
        <target id="w_26"/>
      </span>
    </term>
    <term tid="t_27" lemma="schilderijen" type="open">
      <span>
        <target id="w_27"/>
      </span>
    </term>
    <term tid="t_28" lemma="." type="open">
      <span>
        <target id="w_28"/>
      </span>
    </term>
    <term tid="t_29" lemma="in" type="open">
      <span>
        <target id="w_29"/>
      </span>
    </term>
    <term tid="t_30" lemma="het" type="open">
      <span>
        <target id="w_30"/>
      </span>
    </term>
    <term tid="t_31" lemma="prestigieuze" type="open">
      <span>
        <target id="w_31"/>
      </span>
    </term>
    <term tid="t_32" lemma="restaurant" type="open">
      <span>
        <target id="w_32"/>
      </span>
    </term>
    <term tid="t_33" lemma="&amp;quot" type="open">
      <span>
        <target id="w_33"/>
      </span>
    </term>
    <term tid="t_34" lemma=";" type="open">
      <span>
        <target id="w_34"/>
      </span>
    </term>
    <term tid="t_35" lemma="bord" type="open">
      <span>
        <target id="w_35"/>
      </span>
    </term>
    <term tid="t_36" lemma="d" type="open">
      <span>
        <target id="w_36"/>
      </span>
    </term>
    <term tid="t_37" lemma="'eau" type="open">
      <span>
        <target id="w_37"/>
      </span>
    </term>
    <term tid="t_38" lemma="&amp;quot" type="open">
      <span>
        <target id="w_38"/>
      </span>
    </term>
    <term tid="t_39" lemma=";" type="open">
      <span>
        <target id="w_39"/>
      </span>
    </term>
    <term tid="t_40" lemma="was" type="open">
      <span>
        <target id="w_40"/>
      </span>
    </term>
    <term tid="t_41" lemma="mijn" type="open">
      <span>
        <target id="w_41"/>
      </span>
    </term>
    <term tid="t_42" lemma="vis" type="open">
      <span>
        <target id="w_42"/>
      </span>
    </term>
    <term tid="t_43" lemma="echt" type="open">
      <span>
        <target id="w_43"/>
      </span>
      <sentiment sentiment_modifier="intensifier" resource="VUA_olery_lexicon_nl_lmf"/>
    </term>
    <term tid="t_44" lemma="niet" type="open">
      <span>
        <target id="w_44"/>
      </span>
      <sentiment sentiment_modifier="shifter" resource="VUA_olery_lexicon_nl_lmf"/>
    </term>
    <term tid="t_45" lemma="garr" type="open">
      <span>
        <target id="w_45"/>
      </span>
    </term>
    <term tid="t_46" lemma="of" type="open">
      <span>
        <target id="w_46"/>
      </span>
    </term>
    <term tid="t_47" lemma="goed" type="open" pos="G">
      <span>
        <target id="w_47"/>
      </span>
      <sentiment polarity="positive" resource="VUA_olery_lexicon_nl_lmf"/>
    </term>
    <term tid="t_48" lemma="bereid" type="open">
      <span>
        <target id="w_48"/>
      </span>
    </term>
    <term tid="t_49" lemma=":" type="open">
      <span>
        <target id="w_49"/>
      </span>
    </term>
    <term tid="t_50" lemma="dus" type="open">
      <span>
        <target id="w_50"/>
      </span>
    </term>
    <term tid="t_51" lemma="terug" type="open">
      <span>
        <target id="w_51"/>
      </span>
    </term>
    <term tid="t_52" lemma="!" type="open">
      <span>
        <target id="w_52"/>
      </span>
      <sentiment sentiment_modifier="intensifier" resource="VUA_olery_lexicon_nl_lmf"/>
    </term>
  </terms>
  <entities>
    <entity type="PER" eid="e_1">
      <span>
        <target id="t_42"/>
      </span>
    </entity>
  </entities>
  <properties>
    <property type="restaurant" pid="p_1">
      <span>
        <target id="t_1"/>
      </span>
      <span>
        <target id="t_32"/>
      </span>
      <span>
        <target id="t_35"/>
      </span>
      <span>
        <target id="t_42"/>
      </span>
    </property>
  </properties>
  <opinions>
    <opinion oid="o_1">
      <opinion_target>
        <span>
          <target id="t_1"/>
        </span>
      </opinion_target>
      <opinion_expression polarity="negative" strength="-1">
        <span>
          <target id="t_3"/>
          <target id="t_2"/>
        </span>
      </opinion_expression>
    </opinion>
    <opinion oid="o_2">
      <opinion_target>
        <span>
          <target id="t_17"/>
        </span>
      </opinion_target>
      <opinion_expression polarity="negative" strength="-1">
        <span>
          <target id="t_15"/>
        </span>
      </opinion_expression>
    </opinion>
    <opinion oid="o_3">
      <opinion_target>
        <span>
          <target id="t_48"/>
        </span>
      </opinion_target>
      <opinion_expression polarity="positive" strength="1">
        <span>
          <target id="t_47"/>
        </span>
      </opinion_expression>
    </opinion>
  </opinions>
</KAF>
