<?xml version='1.0' encoding='UTF-8'?>
<KAF xml:lang="nl">
  <linguisticProcessors layer="text">
    <lp timestamp="2013-01-06T18:34:51CET" version="2.0" name="SentenceTokenizer"/>
  </linguisticProcessors>
  <linguisticProcessors layer="terms">
    <lp timestamp="2013-01-06T18:34:51CET" version="2.0" name="SentenceTokenizer"/>
    <lp timestamp="2013-01-06T18:34:51CET" version="1.0" name="SimplePolarityTagger"/>
  </linguisticProcessors>
  <linguisticProcessor layer="opinions">
    <lp timestamp="2013-01-06T18:34:51CET" version="1.0" name="SimpleOpinionDetector"/>
  </linguisticProcessor>
  <linguisticProcessor layer="properties">
    <lp timestamp="2013-01-06T18:34:51CET" version="1.0" name="SimplePropRecognizer_lookup"/>
  </linguisticProcessor>
  <linguisticProcessor layer="entities">
    <lp timestamp="2013-01-06T18:34:51CET" version="1.0" name="SimpleNER_lookup"/>
  </linguisticProcessor>
  <text>
    <wf wid="w_1" para="1" sent="1">erg</wf>
    <wf wid="w_2" para="1" sent="1">onpersoonlijke</wf>
    <wf wid="w_3" para="1" sent="1">benadering</wf>
    <wf wid="w_4" para="1" sent="1">bij</wf>
    <wf wid="w_5" para="1" sent="1">de</wf>
    <wf wid="w_6" para="1" sent="1">receptie</wf>
    <wf wid="w_7" para="1" sent="1">in</wf>
    <wf wid="w_8" para="1" sent="1">dit</wf>
    <wf wid="w_9" para="1" sent="1">mooie</wf>
    <wf wid="w_10" para="1" sent="1">hotel</wf>
    <wf wid="w_11" para="1" sent="1">,</wf>
    <wf wid="w_12" para="1" sent="1">we</wf>
    <wf wid="w_13" para="1" sent="1">hadden</wf>
    <wf wid="w_14" para="1" sent="1">een</wf>
    <wf wid="w_15" para="1" sent="1">kamer</wf>
    <wf wid="w_16" para="1" sent="1">achter</wf>
    <wf wid="w_17" para="1" sent="1">met</wf>
    <wf wid="w_18" para="1" sent="1">uitzicht</wf>
    <wf wid="w_19" para="1" sent="1">op</wf>
    <wf wid="w_20" para="1" sent="1">de</wf>
    <wf wid="w_21" para="1" sent="1">duinen</wf>
    <wf wid="w_22" para="1" sent="1">en</wf>
    <wf wid="w_23" para="1" sent="1">zo</wf>
    <wf wid="w_24" para="1" sent="1">nu</wf>
    <wf wid="w_25" para="1" sent="1">en</wf>
    <wf wid="w_26" para="1" sent="1">dan</wf>
    <wf wid="w_27" para="1" sent="1">(</wf>
    <wf wid="w_28" para="1" sent="1">lekkere</wf>
    <wf wid="w_29" para="1" sent="1">)</wf>
    <wf wid="w_30" para="1" sent="1">luchtjes</wf>
    <wf wid="w_31" para="1" sent="1">uit</wf>
    <wf wid="w_32" para="1" sent="1">de</wf>
    <wf wid="w_33" para="1" sent="1">keuken</wf>
    <wf wid="w_34" para="1" sent="1">.</wf>
  </text>
  <terms>
    <term tid="t_1" lemma="erg" type="open">
      <span>
        <target id="w_1"/>
      </span>
      <sentiment sentiment_modifier="intensifier" resource="VUA_olery_lexicon_nl_lmf"/>
    </term>
    <term tid="t_2" lemma="onpersoonlijke" type="open">
      <span>
        <target id="w_2"/>
      </span>
    </term>
    <term tid="t_3" lemma="benadering" type="open">
      <span>
        <target id="w_3"/>
      </span>
    </term>
    <term tid="t_4" lemma="bij" type="open">
      <span>
        <target id="w_4"/>
      </span>
    </term>
    <term tid="t_5" lemma="de" type="open">
      <span>
        <target id="w_5"/>
      </span>
    </term>
    <term tid="t_6" lemma="receptie" type="open">
      <span>
        <target id="w_6"/>
      </span>
    </term>
    <term tid="t_7" lemma="in" type="open">
      <span>
        <target id="w_7"/>
      </span>
    </term>
    <term tid="t_8" lemma="dit" type="open">
      <span>
        <target id="w_8"/>
      </span>
    </term>
    <term tid="t_9" lemma="mooie" type="open">
      <span>
        <target id="w_9"/>
      </span>
    </term>
    <term tid="t_10" lemma="hotel" type="open">
      <span>
        <target id="w_10"/>
      </span>
    </term>
    <term tid="t_11" lemma="," type="open">
      <span>
        <target id="w_11"/>
      </span>
    </term>
    <term tid="t_12" lemma="we" type="open">
      <span>
        <target id="w_12"/>
      </span>
    </term>
    <term tid="t_13" lemma="hadden" type="open">
      <span>
        <target id="w_13"/>
      </span>
    </term>
    <term tid="t_14" lemma="een" type="open">
      <span>
        <target id="w_14"/>
      </span>
    </term>
    <term tid="t_15" lemma="kamer" type="open">
      <span>
        <target id="w_15"/>
      </span>
    </term>
    <term tid="t_16" lemma="achter" type="open">
      <span>
        <target id="w_16"/>
      </span>
    </term>
    <term tid="t_17" lemma="met" type="open">
      <span>
        <target id="w_17"/>
      </span>
    </term>
    <term tid="t_18" lemma="uitzicht" type="open">
      <span>
        <target id="w_18"/>
      </span>
    </term>
    <term tid="t_19" lemma="op" type="open">
      <span>
        <target id="w_19"/>
      </span>
    </term>
    <term tid="t_20" lemma="de" type="open">
      <span>
        <target id="w_20"/>
      </span>
    </term>
    <term tid="t_21" lemma="duinen" type="open">
      <span>
        <target id="w_21"/>
      </span>
    </term>
    <term tid="t_22" lemma="en" type="open">
      <span>
        <target id="w_22"/>
      </span>
    </term>
    <term tid="t_23" lemma="zo" type="open">
      <span>
        <target id="w_23"/>
      </span>
    </term>
    <term tid="t_24" lemma="nu" type="open">
      <span>
        <target id="w_24"/>
      </span>
    </term>
    <term tid="t_25" lemma="en" type="open">
      <span>
        <target id="w_25"/>
      </span>
    </term>
    <term tid="t_26" lemma="dan" type="open">
      <span>
        <target id="w_26"/>
      </span>
    </term>
    <term tid="t_27" lemma="(" type="open">
      <span>
        <target id="w_27"/>
      </span>
    </term>
    <term tid="t_28" lemma="lekkere" type="open">
      <span>
        <target id="w_28"/>
      </span>
    </term>
    <term tid="t_29" lemma=")" type="open">
      <span>
        <target id="w_29"/>
      </span>
    </term>
    <term tid="t_30" lemma="luchtjes" type="open">
      <span>
        <target id="w_30"/>
      </span>
    </term>
    <term tid="t_31" lemma="uit" type="open">
      <span>
        <target id="w_31"/>
      </span>
    </term>
    <term tid="t_32" lemma="de" type="open">
      <span>
        <target id="w_32"/>
      </span>
    </term>
    <term tid="t_33" lemma="keuken" type="open">
      <span>
        <target id="w_33"/>
      </span>
    </term>
    <term tid="t_34" lemma="." type="open">
      <span>
        <target id="w_34"/>
      </span>
    </term>
  </terms>
  <entities>
    <entity type="PER" eid="e_1">
      <span>
        <target id="t_12"/>
      </span>
    </entity>
    <entity type="ORG" eid="e_2">
      <span>
        <target id="t_15"/>
      </span>
    </entity>
  </entities>
  <properties>
    <property type="room" pid="p_1">
      <span>
        <target id="t_15"/>
      </span>
      <span>
        <target id="t_18"/>
      </span>
    </property>
    <property type="staff" pid="p_2">
      <span>
        <target id="t_6"/>
      </span>
    </property>
  </properties>
</KAF>
