<?xml version='1.0' encoding='UTF-8'?>
<KAF xml:lang="nl">
  <linguisticProcessors layer="text">
    <lp timestamp="2013-01-06T18:45:23CET" version="2.0" name="SentenceTokenizer"/>
  </linguisticProcessors>
  <linguisticProcessors layer="terms">
    <lp timestamp="2013-01-06T18:45:23CET" version="2.0" name="SentenceTokenizer"/>
    <lp timestamp="2013-01-06T18:45:23CET" version="1.0" name="SimplePolarityTagger"/>
  </linguisticProcessors>
  <linguisticProcessor layer="opinions">
    <lp timestamp="2013-01-06T18:45:23CET" version="1.0" name="SimpleOpinionDetector"/>
  </linguisticProcessor>
  <linguisticProcessor layer="properties">
    <lp timestamp="2013-01-06T18:45:23CET" version="1.0" name="SimplePropRecognizer_lookup"/>
  </linguisticProcessor>
  <linguisticProcessor layer="entities">
    <lp timestamp="2013-01-06T18:45:23CET" version="1.0" name="SimpleNER_lookup"/>
  </linguisticProcessor>
  <text>
    <wf wid="w_1" para="1" sent="1">slechter</wf>
    <wf wid="w_2" para="1" sent="1">dan</wf>
    <wf wid="w_3" para="1" sent="1">slecht</wf>
    <wf wid="w_4" para="1" sent="1">.</wf>
    <wf wid="w_5" para="1" sent="2">Aangekomen</wf>
    <wf wid="w_6" para="1" sent="2">om</wf>
    <wf wid="w_7" para="1" sent="2">23</wf>
    <wf wid="w_8" para="1" sent="2">:00</wf>
    <wf wid="w_9" para="1" sent="2">in</wf>
    <wf wid="w_10" para="1" sent="2">het</wf>
    <wf wid="w_11" para="1" sent="2">hotel</wf>
    <wf wid="w_12" para="1" sent="2">.</wf>
    <wf wid="w_13" para="1" sent="3">Van</wf>
    <wf wid="w_14" para="1" sent="3">tevoren</wf>
    <wf wid="w_15" para="1" sent="3">hadden</wf>
    <wf wid="w_16" para="1" sent="3">we</wf>
    <wf wid="w_17" para="1" sent="3">gemeld</wf>
    <wf wid="w_18" para="1" sent="3">dat</wf>
    <wf wid="w_19" para="1" sent="3">we</wf>
    <wf wid="w_20" para="1" sent="3">pas</wf>
    <wf wid="w_21" para="1" sent="3">om</wf>
    <wf wid="w_22" para="1" sent="3">23</wf>
    <wf wid="w_23" para="1" sent="3">:00</wf>
    <wf wid="w_24" para="1" sent="3">of</wf>
    <wf wid="w_25" para="1" sent="3">iets</wf>
    <wf wid="w_26" para="1" sent="3">later</wf>
    <wf wid="w_27" para="1" sent="3">zouden</wf>
    <wf wid="w_28" para="1" sent="3">aankomen</wf>
    <wf wid="w_29" para="1" sent="3">.</wf>
    <wf wid="w_30" para="1" sent="4">Bij</wf>
    <wf wid="w_31" para="1" sent="4">aankomst</wf>
    <wf wid="w_32" para="1" sent="4">kregen</wf>
    <wf wid="w_33" para="1" sent="4">we</wf>
    <wf wid="w_34" para="1" sent="4">onze</wf>
    <wf wid="w_35" para="1" sent="4">kamer</wf>
    <wf wid="w_36" para="1" sent="4">sleutel</wf>
    <wf wid="w_37" para="1" sent="4">en</wf>
    <wf wid="w_38" para="1" sent="4">wat</wf>
    <wf wid="w_39" para="1" sent="4">bleek</wf>
    <wf wid="w_40" para="1" sent="4">bij</wf>
    <wf wid="w_41" para="1" sent="4">binnenkomst</wf>
    <wf wid="w_42" para="1" sent="4">in</wf>
    <wf wid="w_43" para="1" sent="4">onze</wf>
    <wf wid="w_44" para="1" sent="4">kamer</wf>
    <wf wid="w_45" para="1" sent="4">het</wf>
    <wf wid="w_46" para="1" sent="4">bijgeboekte</wf>
    <wf wid="w_47" para="1" sent="4">extra</wf>
    <wf wid="w_48" para="1" sent="4">bed</wf>
    <wf wid="w_49" para="1" sent="4">ontbrak</wf>
    <wf wid="w_50" para="1" sent="4">.</wf>
    <wf wid="w_51" para="1" sent="5">Wij</wf>
    <wf wid="w_52" para="1" sent="5">natuurlijk</wf>
    <wf wid="w_53" para="1" sent="5">terug</wf>
    <wf wid="w_54" para="1" sent="5">naar</wf>
    <wf wid="w_55" para="1" sent="5">de</wf>
    <wf wid="w_56" para="1" sent="5">receptie</wf>
    <wf wid="w_57" para="1" sent="5">,</wf>
    <wf wid="w_58" para="1" sent="5">ons</wf>
    <wf wid="w_59" para="1" sent="5">extra</wf>
    <wf wid="w_60" para="1" sent="5">bed</wf>
    <wf wid="w_61" para="1" sent="5">bleek</wf>
    <wf wid="w_62" para="1" sent="5">vergeten</wf>
    <wf wid="w_63" para="1" sent="5">te</wf>
    <wf wid="w_64" para="1" sent="5">zijn</wf>
    <wf wid="w_65" para="1" sent="5">.</wf>
    <wf wid="w_66" para="1" sent="6">Hierop</wf>
    <wf wid="w_67" para="1" sent="6">kregen</wf>
    <wf wid="w_68" para="1" sent="6">wij</wf>
    <wf wid="w_69" para="1" sent="6">een</wf>
    <wf wid="w_70" para="1" sent="6">nieuwe</wf>
    <wf wid="w_71" para="1" sent="6">kamersleutel</wf>
    <wf wid="w_72" para="1" sent="6">,</wf>
    <wf wid="w_73" para="1" sent="6">echter</wf>
    <wf wid="w_74" para="1" sent="6">bij</wf>
    <wf wid="w_75" para="1" sent="6">binnekomst</wf>
    <wf wid="w_76" para="1" sent="6">bleek</wf>
    <wf wid="w_77" para="1" sent="6">deze</wf>
    <wf wid="w_78" para="1" sent="6">kamer</wf>
    <wf wid="w_79" para="1" sent="6">bezet</wf>
    <wf wid="w_80" para="1" sent="6">te</wf>
    <wf wid="w_81" para="1" sent="6">zijn</wf>
    <wf wid="w_82" para="1" sent="6">door</wf>
    <wf wid="w_83" para="1" sent="6">een</wf>
    <wf wid="w_84" para="1" sent="6">ander</wf>
    <wf wid="w_85" para="1" sent="6">stel</wf>
    <wf wid="w_86" para="1" sent="6">.</wf>
    <wf wid="w_87" para="1" sent="7">Slechte</wf>
    <wf wid="w_88" para="1" sent="7">zaak</wf>
    <wf wid="w_89" para="1" sent="7">dus</wf>
    <wf wid="w_90" para="1" sent="7">wij</wf>
    <wf wid="w_91" para="1" sent="7">terug</wf>
    <wf wid="w_92" para="1" sent="7">naar</wf>
    <wf wid="w_93" para="1" sent="7">de</wf>
    <wf wid="w_94" para="1" sent="7">receptie</wf>
    <wf wid="w_95" para="1" sent="7">,</wf>
    <wf wid="w_96" para="1" sent="7">waarop</wf>
    <wf wid="w_97" para="1" sent="7">wij</wf>
    <wf wid="w_98" para="1" sent="7">weer</wf>
    <wf wid="w_99" para="1" sent="7">een</wf>
    <wf wid="w_100" para="1" sent="7">nieuwe</wf>
    <wf wid="w_101" para="1" sent="7">sleutel</wf>
    <wf wid="w_102" para="1" sent="7">kregen</wf>
    <wf wid="w_103" para="1" sent="7">.</wf>
    <wf wid="w_104" para="1" sent="8">Deze</wf>
    <wf wid="w_105" para="1" sent="8">kamer</wf>
    <wf wid="w_106" para="1" sent="8">was</wf>
    <wf wid="w_107" para="1" sent="8">goed</wf>
    <wf wid="w_108" para="1" sent="8">,</wf>
    <wf wid="w_109" para="1" sent="8">echter</wf>
    <wf wid="w_110" para="1" sent="8">toen</wf>
    <wf wid="w_111" para="1" sent="8">we</wf>
    <wf wid="w_112" para="1" sent="8">de</wf>
    <wf wid="w_113" para="1" sent="8">tv</wf>
    <wf wid="w_114" para="1" sent="8">aanzetten</wf>
    <wf wid="w_115" para="1" sent="8">kregen</wf>
    <wf wid="w_116" para="1" sent="8">we</wf>
    <wf wid="w_117" para="1" sent="8">deze</wf>
    <wf wid="w_118" para="1" sent="8">niet</wf>
    <wf wid="w_119" para="1" sent="8">meer</wf>
    <wf wid="w_120" para="1" sent="8">uit</wf>
    <wf wid="w_121" para="1" sent="8">,</wf>
    <wf wid="w_122" para="1" sent="8">dus</wf>
    <wf wid="w_123" para="1" sent="8">maar</wf>
    <wf wid="w_124" para="1" sent="8">weer</wf>
    <wf wid="w_125" para="1" sent="8">actie</wf>
    <wf wid="w_126" para="1" sent="8">ondernomen</wf>
    <wf wid="w_127" para="1" sent="8">,</wf>
    <wf wid="w_128" para="1" sent="8">al</wf>
    <wf wid="w_129" para="1" sent="8">met</wf>
    <wf wid="w_130" para="1" sent="8">al</wf>
    <wf wid="w_131" para="1" sent="8">kwamen</wf>
    <wf wid="w_132" para="1" sent="8">we</wf>
    <wf wid="w_133" para="1" sent="8">dus</wf>
    <wf wid="w_134" para="1" sent="8">laat</wf>
    <wf wid="w_135" para="1" sent="8">in</wf>
    <wf wid="w_136" para="1" sent="8">slaap</wf>
    <wf wid="w_137" para="1" sent="8">.</wf>
    <wf wid="w_138" para="1" sent="9">'s</wf>
    <wf wid="w_139" para="1" sent="9">Morgens</wf>
    <wf wid="w_140" para="1" sent="9">bij</wf>
    <wf wid="w_141" para="1" sent="9">vertrek</wf>
    <wf wid="w_142" para="1" sent="9">vroegen</wf>
    <wf wid="w_143" para="1" sent="9">ze</wf>
    <wf wid="w_144" para="1" sent="9">ons</wf>
    <wf wid="w_145" para="1" sent="9">hoe</wf>
    <wf wid="w_146" para="1" sent="9">ons</wf>
    <wf wid="w_147" para="1" sent="9">verblijf</wf>
    <wf wid="w_148" para="1" sent="9">was</wf>
    <wf wid="w_149" para="1" sent="9">geweest</wf>
    <wf wid="w_150" para="1" sent="9">,</wf>
    <wf wid="w_151" para="1" sent="9">je</wf>
    <wf wid="w_152" para="1" sent="9">snapt</wf>
    <wf wid="w_153" para="1" sent="9">dat</wf>
    <wf wid="w_154" para="1" sent="9">hierop</wf>
    <wf wid="w_155" para="1" sent="9">negatief</wf>
    <wf wid="w_156" para="1" sent="9">geantwoord</wf>
    <wf wid="w_157" para="1" sent="9">werd</wf>
    <wf wid="w_158" para="1" sent="9">.</wf>
    <wf wid="w_159" para="1" sent="10">De</wf>
    <wf wid="w_160" para="1" sent="10">receptionist</wf>
    <wf wid="w_161" para="1" sent="10">stelde</wf>
    <wf wid="w_162" para="1" sent="10">echter</wf>
    <wf wid="w_163" para="1" sent="10">voor</wf>
    <wf wid="w_164" para="1" sent="10">om</wf>
    <wf wid="w_165" para="1" sent="10">de</wf>
    <wf wid="w_166" para="1" sent="10">kosten</wf>
    <wf wid="w_167" para="1" sent="10">van</wf>
    <wf wid="w_168" para="1" sent="10">een</wf>
    <wf wid="w_169" para="1" sent="10">extra</wf>
    <wf wid="w_170" para="1" sent="10">bed</wf>
    <wf wid="w_171" para="1" sent="10">achterwege</wf>
    <wf wid="w_172" para="1" sent="10">te</wf>
    <wf wid="w_173" para="1" sent="10">laten</wf>
    <wf wid="w_174" para="1" sent="10">echter</wf>
    <wf wid="w_175" para="1" sent="10">hij</wf>
    <wf wid="w_176" para="1" sent="10">moest</wf>
    <wf wid="w_177" para="1" sent="10">dit</wf>
    <wf wid="w_178" para="1" sent="10">even</wf>
    <wf wid="w_179" para="1" sent="10">bij</wf>
    <wf wid="w_180" para="1" sent="10">zijn</wf>
    <wf wid="w_181" para="1" sent="10">vrouwelijk</wf>
    <wf wid="w_182" para="1" sent="10">collega</wf>
    <wf wid="w_183" para="1" sent="10">navragen</wf>
    <wf wid="w_184" para="1" sent="10">.</wf>
    <wf wid="w_185" para="1" sent="11">Deze</wf>
    <wf wid="w_186" para="1" sent="11">vertelde</wf>
    <wf wid="w_187" para="1" sent="11">ons</wf>
    <wf wid="w_188" para="1" sent="11">dat</wf>
    <wf wid="w_189" para="1" sent="11">we</wf>
    <wf wid="w_190" para="1" sent="11">een</wf>
    <wf wid="w_191" para="1" sent="11">upgrading</wf>
    <wf wid="w_192" para="1" sent="11">van</wf>
    <wf wid="w_193" para="1" sent="11">kamer</wf>
    <wf wid="w_194" para="1" sent="11">hadden</wf>
    <wf wid="w_195" para="1" sent="11">gehad</wf>
    <wf wid="w_196" para="1" sent="11">en</wf>
    <wf wid="w_197" para="1" sent="11">dat</wf>
    <wf wid="w_198" para="1" sent="11">deze</wf>
    <wf wid="w_199" para="1" sent="11">kosten</wf>
    <wf wid="w_200" para="1" sent="11">niet</wf>
    <wf wid="w_201" para="1" sent="11">vergoed</wf>
    <wf wid="w_202" para="1" sent="11">konden</wf>
    <wf wid="w_203" para="1" sent="11">worden</wf>
    <wf wid="w_204" para="1" sent="11">.</wf>
    <wf wid="w_205" para="1" sent="12">Hierop</wf>
    <wf wid="w_206" para="1" sent="12">werd</wf>
    <wf wid="w_207" para="1" sent="12">de</wf>
    <wf wid="w_208" para="1" sent="12">stemming</wf>
    <wf wid="w_209" para="1" sent="12">er</wf>
    <wf wid="w_210" para="1" sent="12">niet</wf>
    <wf wid="w_211" para="1" sent="12">beter</wf>
    <wf wid="w_212" para="1" sent="12">op</wf>
    <wf wid="w_213" para="1" sent="12">,</wf>
    <wf wid="w_214" para="1" sent="12">het</wf>
    <wf wid="w_215" para="1" sent="12">was</wf>
    <wf wid="w_216" para="1" sent="12">dan</wf>
    <wf wid="w_217" para="1" sent="12">ook</wf>
    <wf wid="w_218" para="1" sent="12">een</wf>
    <wf wid="w_219" para="1" sent="12">zeer</wf>
    <wf wid="w_220" para="1" sent="12">klantonvriendelijk</wf>
    <wf wid="w_221" para="1" sent="12">dame</wf>
    <wf wid="w_222" para="1" sent="12">die</wf>
    <wf wid="w_223" para="1" sent="12">totaal</wf>
    <wf wid="w_224" para="1" sent="12">niet</wf>
    <wf wid="w_225" para="1" sent="12">meedacht</wf>
    <wf wid="w_226" para="1" sent="12">,</wf>
    <wf wid="w_227" para="1" sent="12">alles</wf>
    <wf wid="w_228" para="1" sent="12">was</wf>
    <wf wid="w_229" para="1" sent="12">bij</wf>
    <wf wid="w_230" para="1" sent="12">hun</wf>
    <wf wid="w_231" para="1" sent="12">bekend</wf>
    <wf wid="w_232" para="1" sent="12">en</wf>
    <wf wid="w_233" para="1" sent="12">stond</wf>
    <wf wid="w_234" para="1" sent="12">in</wf>
    <wf wid="w_235" para="1" sent="12">het</wf>
    <wf wid="w_236" para="1" sent="12">systeem</wf>
    <wf wid="w_237" para="1" sent="12">,</wf>
    <wf wid="w_238" para="1" sent="12">een</wf>
    <wf wid="w_239" para="1" sent="12">upgrading</wf>
    <wf wid="w_240" para="1" sent="12">van</wf>
    <wf wid="w_241" para="1" sent="12">kamer</wf>
    <wf wid="w_242" para="1" sent="12">was</wf>
    <wf wid="w_243" para="1" sent="12">dit</wf>
    <wf wid="w_244" para="1" sent="12">totaal</wf>
    <wf wid="w_245" para="1" sent="12">niet</wf>
    <wf wid="w_246" para="1" sent="12">.</wf>
    <wf wid="w_247" para="1" sent="13">De</wf>
    <wf wid="w_248" para="1" sent="13">klantonvriendelijke</wf>
    <wf wid="w_249" para="1" sent="13">dame</wf>
    <wf wid="w_250" para="1" sent="13">vertelde</wf>
    <wf wid="w_251" para="1" sent="13">daarna</wf>
    <wf wid="w_252" para="1" sent="13">dat</wf>
    <wf wid="w_253" para="1" sent="13">het</wf>
    <wf wid="w_254" para="1" sent="13">management</wf>
    <wf wid="w_255" para="1" sent="13">wel</wf>
    <wf wid="w_256" para="1" sent="13">contact</wf>
    <wf wid="w_257" para="1" sent="13">met</wf>
    <wf wid="w_258" para="1" sent="13">ons</wf>
    <wf wid="w_259" para="1" sent="13">zou</wf>
    <wf wid="w_260" para="1" sent="13">opnemen</wf>
    <wf wid="w_261" para="1" sent="13">en</wf>
    <wf wid="w_262" para="1" sent="13">was</wf>
    <wf wid="w_263" para="1" sent="13">blij</wf>
    <wf wid="w_264" para="1" sent="13">dat</wf>
    <wf wid="w_265" para="1" sent="13">we</wf>
    <wf wid="w_266" para="1" sent="13">vertrokken</wf>
    <wf wid="w_267" para="1" sent="13">.</wf>
    <wf wid="w_268" para="1" sent="14">Tot</wf>
    <wf wid="w_269" para="1" sent="14">op</wf>
    <wf wid="w_270" para="1" sent="14">heden</wf>
    <wf wid="w_271" para="1" sent="14">hebben</wf>
    <wf wid="w_272" para="1" sent="14">we</wf>
    <wf wid="w_273" para="1" sent="14">zoals</wf>
    <wf wid="w_274" para="1" sent="14">al</wf>
    <wf wid="w_275" para="1" sent="14">gedacht</wf>
    <wf wid="w_276" para="1" sent="14">niets</wf>
    <wf wid="w_277" para="1" sent="14">van</wf>
    <wf wid="w_278" para="1" sent="14">het</wf>
    <wf wid="w_279" para="1" sent="14">management</wf>
    <wf wid="w_280" para="1" sent="14">team</wf>
    <wf wid="w_281" para="1" sent="14">vernomen</wf>
    <wf wid="w_282" para="1" sent="14">.</wf>
    <wf wid="w_283" para="1" sent="15">Hotel</wf>
    <wf wid="w_284" para="1" sent="15">hampshire</wf>
    <wf wid="w_285" para="1" sent="15">,</wf>
    <wf wid="w_286" para="1" sent="15">nooit</wf>
    <wf wid="w_287" para="1" sent="15">weer</wf>
    <wf wid="w_288" para="1" sent="15">!!</wf>
  </text>
  <terms>
    <term tid="t_1" lemma="slechter" type="open">
      <span>
        <target id="w_1"/>
      </span>
    </term>
    <term tid="t_2" lemma="dan" type="open">
      <span>
        <target id="w_2"/>
      </span>
    </term>
    <term tid="t_3" lemma="slecht" type="open" pos="G">
      <span>
        <target id="w_3"/>
      </span>
      <sentiment polarity="negative" resource="VUA_olery_lexicon_nl_lmf"/>
    </term>
    <term tid="t_4" lemma="." type="open">
      <span>
        <target id="w_4"/>
      </span>
    </term>
    <term tid="t_5" lemma="aangekomen" type="open">
      <span>
        <target id="w_5"/>
      </span>
    </term>
    <term tid="t_6" lemma="om" type="open">
      <span>
        <target id="w_6"/>
      </span>
    </term>
    <term tid="t_7" lemma="23" type="open">
      <span>
        <target id="w_7"/>
      </span>
    </term>
    <term tid="t_8" lemma=":00" type="open">
      <span>
        <target id="w_8"/>
      </span>
    </term>
    <term tid="t_9" lemma="in" type="open">
      <span>
        <target id="w_9"/>
      </span>
    </term>
    <term tid="t_10" lemma="het" type="open">
      <span>
        <target id="w_10"/>
      </span>
    </term>
    <term tid="t_11" lemma="hotel" type="open">
      <span>
        <target id="w_11"/>
      </span>
    </term>
    <term tid="t_12" lemma="." type="open">
      <span>
        <target id="w_12"/>
      </span>
    </term>
    <term tid="t_13" lemma="van" type="open">
      <span>
        <target id="w_13"/>
      </span>
    </term>
    <term tid="t_14" lemma="tevoren" type="open">
      <span>
        <target id="w_14"/>
      </span>
    </term>
    <term tid="t_15" lemma="hadden" type="open">
      <span>
        <target id="w_15"/>
      </span>
    </term>
    <term tid="t_16" lemma="we" type="open">
      <span>
        <target id="w_16"/>
      </span>
    </term>
    <term tid="t_17" lemma="gemeld" type="open">
      <span>
        <target id="w_17"/>
      </span>
    </term>
    <term tid="t_18" lemma="dat" type="open">
      <span>
        <target id="w_18"/>
      </span>
    </term>
    <term tid="t_19" lemma="we" type="open">
      <span>
        <target id="w_19"/>
      </span>
    </term>
    <term tid="t_20" lemma="pas" type="open">
      <span>
        <target id="w_20"/>
      </span>
    </term>
    <term tid="t_21" lemma="om" type="open">
      <span>
        <target id="w_21"/>
      </span>
    </term>
    <term tid="t_22" lemma="23" type="open">
      <span>
        <target id="w_22"/>
      </span>
    </term>
    <term tid="t_23" lemma=":00" type="open">
      <span>
        <target id="w_23"/>
      </span>
    </term>
    <term tid="t_24" lemma="of" type="open">
      <span>
        <target id="w_24"/>
      </span>
    </term>
    <term tid="t_25" lemma="iets" type="open">
      <span>
        <target id="w_25"/>
      </span>
    </term>
    <term tid="t_26" lemma="later" type="open">
      <span>
        <target id="w_26"/>
      </span>
    </term>
    <term tid="t_27" lemma="zouden" type="open">
      <span>
        <target id="w_27"/>
      </span>
    </term>
    <term tid="t_28" lemma="aankomen" type="open">
      <span>
        <target id="w_28"/>
      </span>
    </term>
    <term tid="t_29" lemma="." type="open">
      <span>
        <target id="w_29"/>
      </span>
    </term>
    <term tid="t_30" lemma="bij" type="open">
      <span>
        <target id="w_30"/>
      </span>
    </term>
    <term tid="t_31" lemma="aankomst" type="open">
      <span>
        <target id="w_31"/>
      </span>
    </term>
    <term tid="t_32" lemma="kregen" type="open">
      <span>
        <target id="w_32"/>
      </span>
    </term>
    <term tid="t_33" lemma="we" type="open">
      <span>
        <target id="w_33"/>
      </span>
    </term>
    <term tid="t_34" lemma="onze" type="open">
      <span>
        <target id="w_34"/>
      </span>
    </term>
    <term tid="t_35" lemma="kamer" type="open">
      <span>
        <target id="w_35"/>
      </span>
    </term>
    <term tid="t_36" lemma="sleutel" type="open">
      <span>
        <target id="w_36"/>
      </span>
    </term>
    <term tid="t_37" lemma="en" type="open">
      <span>
        <target id="w_37"/>
      </span>
    </term>
    <term tid="t_38" lemma="wat" type="open">
      <span>
        <target id="w_38"/>
      </span>
    </term>
    <term tid="t_39" lemma="bleek" type="open">
      <span>
        <target id="w_39"/>
      </span>
    </term>
    <term tid="t_40" lemma="bij" type="open">
      <span>
        <target id="w_40"/>
      </span>
    </term>
    <term tid="t_41" lemma="binnenkomst" type="open">
      <span>
        <target id="w_41"/>
      </span>
    </term>
    <term tid="t_42" lemma="in" type="open">
      <span>
        <target id="w_42"/>
      </span>
    </term>
    <term tid="t_43" lemma="onze" type="open">
      <span>
        <target id="w_43"/>
      </span>
    </term>
    <term tid="t_44" lemma="kamer" type="open">
      <span>
        <target id="w_44"/>
      </span>
    </term>
    <term tid="t_45" lemma="het" type="open">
      <span>
        <target id="w_45"/>
      </span>
    </term>
    <term tid="t_46" lemma="bijgeboekte" type="open">
      <span>
        <target id="w_46"/>
      </span>
    </term>
    <term tid="t_47" lemma="extra" type="open">
      <span>
        <target id="w_47"/>
      </span>
    </term>
    <term tid="t_48" lemma="bed" type="open">
      <span>
        <target id="w_48"/>
      </span>
    </term>
    <term tid="t_49" lemma="ontbrak" type="open">
      <span>
        <target id="w_49"/>
      </span>
    </term>
    <term tid="t_50" lemma="." type="open">
      <span>
        <target id="w_50"/>
      </span>
    </term>
    <term tid="t_51" lemma="wij" type="open">
      <span>
        <target id="w_51"/>
      </span>
    </term>
    <term tid="t_52" lemma="natuurlijk" type="open">
      <span>
        <target id="w_52"/>
      </span>
    </term>
    <term tid="t_53" lemma="terug" type="open">
      <span>
        <target id="w_53"/>
      </span>
    </term>
    <term tid="t_54" lemma="naar" type="open" pos="G">
      <span>
        <target id="w_54"/>
      </span>
      <sentiment polarity="negative" resource="VUA_olery_lexicon_nl_lmf"/>
    </term>
    <term tid="t_55" lemma="de" type="open">
      <span>
        <target id="w_55"/>
      </span>
    </term>
    <term tid="t_56" lemma="receptie" type="open">
      <span>
        <target id="w_56"/>
      </span>
    </term>
    <term tid="t_57" lemma="," type="open">
      <span>
        <target id="w_57"/>
      </span>
    </term>
    <term tid="t_58" lemma="ons" type="open">
      <span>
        <target id="w_58"/>
      </span>
    </term>
    <term tid="t_59" lemma="extra" type="open">
      <span>
        <target id="w_59"/>
      </span>
    </term>
    <term tid="t_60" lemma="bed" type="open">
      <span>
        <target id="w_60"/>
      </span>
    </term>
    <term tid="t_61" lemma="bleek" type="open">
      <span>
        <target id="w_61"/>
      </span>
    </term>
    <term tid="t_62" lemma="vergeten" type="open" pos="V">
      <span>
        <target id="w_62"/>
      </span>
      <sentiment polarity="negative" resource="VUA_olery_lexicon_nl_lmf"/>
    </term>
    <term tid="t_63" lemma="te" type="open">
      <span>
        <target id="w_63"/>
      </span>
    </term>
    <term tid="t_64" lemma="zijn" type="open">
      <span>
        <target id="w_64"/>
      </span>
    </term>
    <term tid="t_65" lemma="." type="open">
      <span>
        <target id="w_65"/>
      </span>
    </term>
    <term tid="t_66" lemma="hierop" type="open">
      <span>
        <target id="w_66"/>
      </span>
    </term>
    <term tid="t_67" lemma="kregen" type="open">
      <span>
        <target id="w_67"/>
      </span>
    </term>
    <term tid="t_68" lemma="wij" type="open">
      <span>
        <target id="w_68"/>
      </span>
    </term>
    <term tid="t_69" lemma="een" type="open">
      <span>
        <target id="w_69"/>
      </span>
    </term>
    <term tid="t_70" lemma="nieuwe" type="open">
      <span>
        <target id="w_70"/>
      </span>
    </term>
    <term tid="t_71" lemma="kamersleutel" type="open">
      <span>
        <target id="w_71"/>
      </span>
    </term>
    <term tid="t_72" lemma="," type="open">
      <span>
        <target id="w_72"/>
      </span>
    </term>
    <term tid="t_73" lemma="echter" type="open">
      <span>
        <target id="w_73"/>
      </span>
    </term>
    <term tid="t_74" lemma="bij" type="open">
      <span>
        <target id="w_74"/>
      </span>
    </term>
    <term tid="t_75" lemma="binnekomst" type="open">
      <span>
        <target id="w_75"/>
      </span>
    </term>
    <term tid="t_76" lemma="bleek" type="open">
      <span>
        <target id="w_76"/>
      </span>
    </term>
    <term tid="t_77" lemma="deze" type="open">
      <span>
        <target id="w_77"/>
      </span>
    </term>
    <term tid="t_78" lemma="kamer" type="open">
      <span>
        <target id="w_78"/>
      </span>
    </term>
    <term tid="t_79" lemma="bezet" type="open">
      <span>
        <target id="w_79"/>
      </span>
    </term>
    <term tid="t_80" lemma="te" type="open">
      <span>
        <target id="w_80"/>
      </span>
    </term>
    <term tid="t_81" lemma="zijn" type="open">
      <span>
        <target id="w_81"/>
      </span>
    </term>
    <term tid="t_82" lemma="door" type="open">
      <span>
        <target id="w_82"/>
      </span>
    </term>
    <term tid="t_83" lemma="een" type="open">
      <span>
        <target id="w_83"/>
      </span>
    </term>
    <term tid="t_84" lemma="ander" type="open">
      <span>
        <target id="w_84"/>
      </span>
    </term>
    <term tid="t_85" lemma="stel" type="open">
      <span>
        <target id="w_85"/>
      </span>
    </term>
    <term tid="t_86" lemma="." type="open">
      <span>
        <target id="w_86"/>
      </span>
    </term>
    <term tid="t_87" lemma="slechte" type="open">
      <span>
        <target id="w_87"/>
      </span>
    </term>
    <term tid="t_88" lemma="zaak" type="open">
      <span>
        <target id="w_88"/>
      </span>
    </term>
    <term tid="t_89" lemma="dus" type="open">
      <span>
        <target id="w_89"/>
      </span>
    </term>
    <term tid="t_90" lemma="wij" type="open">
      <span>
        <target id="w_90"/>
      </span>
    </term>
    <term tid="t_91" lemma="terug" type="open">
      <span>
        <target id="w_91"/>
      </span>
    </term>
    <term tid="t_92" lemma="naar" type="open" pos="G">
      <span>
        <target id="w_92"/>
      </span>
      <sentiment polarity="negative" resource="VUA_olery_lexicon_nl_lmf"/>
    </term>
    <term tid="t_93" lemma="de" type="open">
      <span>
        <target id="w_93"/>
      </span>
    </term>
    <term tid="t_94" lemma="receptie" type="open">
      <span>
        <target id="w_94"/>
      </span>
    </term>
    <term tid="t_95" lemma="," type="open">
      <span>
        <target id="w_95"/>
      </span>
    </term>
    <term tid="t_96" lemma="waarop" type="open">
      <span>
        <target id="w_96"/>
      </span>
    </term>
    <term tid="t_97" lemma="wij" type="open">
      <span>
        <target id="w_97"/>
      </span>
    </term>
    <term tid="t_98" lemma="weer" type="open">
      <span>
        <target id="w_98"/>
      </span>
    </term>
    <term tid="t_99" lemma="een" type="open">
      <span>
        <target id="w_99"/>
      </span>
    </term>
    <term tid="t_100" lemma="nieuwe" type="open">
      <span>
        <target id="w_100"/>
      </span>
    </term>
    <term tid="t_101" lemma="sleutel" type="open">
      <span>
        <target id="w_101"/>
      </span>
    </term>
    <term tid="t_102" lemma="kregen" type="open">
      <span>
        <target id="w_102"/>
      </span>
    </term>
    <term tid="t_103" lemma="." type="open">
      <span>
        <target id="w_103"/>
      </span>
    </term>
    <term tid="t_104" lemma="deze" type="open">
      <span>
        <target id="w_104"/>
      </span>
    </term>
    <term tid="t_105" lemma="kamer" type="open">
      <span>
        <target id="w_105"/>
      </span>
    </term>
    <term tid="t_106" lemma="was" type="open">
      <span>
        <target id="w_106"/>
      </span>
    </term>
    <term tid="t_107" lemma="goed" type="open" pos="G">
      <span>
        <target id="w_107"/>
      </span>
      <sentiment polarity="positive" resource="VUA_olery_lexicon_nl_lmf"/>
    </term>
    <term tid="t_108" lemma="," type="open">
      <span>
        <target id="w_108"/>
      </span>
    </term>
    <term tid="t_109" lemma="echter" type="open">
      <span>
        <target id="w_109"/>
      </span>
    </term>
    <term tid="t_110" lemma="toen" type="open">
      <span>
        <target id="w_110"/>
      </span>
    </term>
    <term tid="t_111" lemma="we" type="open">
      <span>
        <target id="w_111"/>
      </span>
    </term>
    <term tid="t_112" lemma="de" type="open">
      <span>
        <target id="w_112"/>
      </span>
    </term>
    <term tid="t_113" lemma="tv" type="open">
      <span>
        <target id="w_113"/>
      </span>
    </term>
    <term tid="t_114" lemma="aanzetten" type="open">
      <span>
        <target id="w_114"/>
      </span>
    </term>
    <term tid="t_115" lemma="kregen" type="open">
      <span>
        <target id="w_115"/>
      </span>
    </term>
    <term tid="t_116" lemma="we" type="open">
      <span>
        <target id="w_116"/>
      </span>
    </term>
    <term tid="t_117" lemma="deze" type="open">
      <span>
        <target id="w_117"/>
      </span>
    </term>
    <term tid="t_118" lemma="niet" type="open">
      <span>
        <target id="w_118"/>
      </span>
      <sentiment sentiment_modifier="shifter" resource="VUA_olery_lexicon_nl_lmf"/>
    </term>
    <term tid="t_119" lemma="meer" type="open">
      <span>
        <target id="w_119"/>
      </span>
    </term>
    <term tid="t_120" lemma="uit" type="open">
      <span>
        <target id="w_120"/>
      </span>
    </term>
    <term tid="t_121" lemma="," type="open">
      <span>
        <target id="w_121"/>
      </span>
    </term>
    <term tid="t_122" lemma="dus" type="open">
      <span>
        <target id="w_122"/>
      </span>
    </term>
    <term tid="t_123" lemma="maar" type="open">
      <span>
        <target id="w_123"/>
      </span>
    </term>
    <term tid="t_124" lemma="weer" type="open">
      <span>
        <target id="w_124"/>
      </span>
    </term>
    <term tid="t_125" lemma="actie" type="open">
      <span>
        <target id="w_125"/>
      </span>
    </term>
    <term tid="t_126" lemma="ondernomen" type="open">
      <span>
        <target id="w_126"/>
      </span>
    </term>
    <term tid="t_127" lemma="," type="open">
      <span>
        <target id="w_127"/>
      </span>
    </term>
    <term tid="t_128" lemma="al" type="open">
      <span>
        <target id="w_128"/>
      </span>
    </term>
    <term tid="t_129" lemma="met" type="open">
      <span>
        <target id="w_129"/>
      </span>
    </term>
    <term tid="t_130" lemma="al" type="open">
      <span>
        <target id="w_130"/>
      </span>
    </term>
    <term tid="t_131" lemma="kwamen" type="open">
      <span>
        <target id="w_131"/>
      </span>
    </term>
    <term tid="t_132" lemma="we" type="open">
      <span>
        <target id="w_132"/>
      </span>
    </term>
    <term tid="t_133" lemma="dus" type="open">
      <span>
        <target id="w_133"/>
      </span>
    </term>
    <term tid="t_134" lemma="laat" type="open">
      <span>
        <target id="w_134"/>
      </span>
    </term>
    <term tid="t_135" lemma="in" type="open">
      <span>
        <target id="w_135"/>
      </span>
    </term>
    <term tid="t_136" lemma="slaap" type="open">
      <span>
        <target id="w_136"/>
      </span>
    </term>
    <term tid="t_137" lemma="." type="open">
      <span>
        <target id="w_137"/>
      </span>
    </term>
    <term tid="t_138" lemma="'s" type="open">
      <span>
        <target id="w_138"/>
      </span>
    </term>
    <term tid="t_139" lemma="morgens" type="open">
      <span>
        <target id="w_139"/>
      </span>
    </term>
    <term tid="t_140" lemma="bij" type="open">
      <span>
        <target id="w_140"/>
      </span>
    </term>
    <term tid="t_141" lemma="vertrek" type="open">
      <span>
        <target id="w_141"/>
      </span>
    </term>
    <term tid="t_142" lemma="vroegen" type="open">
      <span>
        <target id="w_142"/>
      </span>
    </term>
    <term tid="t_143" lemma="ze" type="open">
      <span>
        <target id="w_143"/>
      </span>
    </term>
    <term tid="t_144" lemma="ons" type="open">
      <span>
        <target id="w_144"/>
      </span>
    </term>
    <term tid="t_145" lemma="hoe" type="open">
      <span>
        <target id="w_145"/>
      </span>
    </term>
    <term tid="t_146" lemma="ons" type="open">
      <span>
        <target id="w_146"/>
      </span>
    </term>
    <term tid="t_147" lemma="verblijf" type="open">
      <span>
        <target id="w_147"/>
      </span>
    </term>
    <term tid="t_148" lemma="was" type="open">
      <span>
        <target id="w_148"/>
      </span>
    </term>
    <term tid="t_149" lemma="geweest" type="open">
      <span>
        <target id="w_149"/>
      </span>
    </term>
    <term tid="t_150" lemma="," type="open">
      <span>
        <target id="w_150"/>
      </span>
    </term>
    <term tid="t_151" lemma="je" type="open">
      <span>
        <target id="w_151"/>
      </span>
    </term>
    <term tid="t_152" lemma="snapt" type="open">
      <span>
        <target id="w_152"/>
      </span>
    </term>
    <term tid="t_153" lemma="dat" type="open">
      <span>
        <target id="w_153"/>
      </span>
    </term>
    <term tid="t_154" lemma="hierop" type="open">
      <span>
        <target id="w_154"/>
      </span>
    </term>
    <term tid="t_155" lemma="negatief" type="open" pos="G">
      <span>
        <target id="w_155"/>
      </span>
      <sentiment polarity="negative" resource="VUA_olery_lexicon_nl_lmf"/>
    </term>
    <term tid="t_156" lemma="geantwoord" type="open">
      <span>
        <target id="w_156"/>
      </span>
    </term>
    <term tid="t_157" lemma="werd" type="open">
      <span>
        <target id="w_157"/>
      </span>
    </term>
    <term tid="t_158" lemma="." type="open">
      <span>
        <target id="w_158"/>
      </span>
    </term>
    <term tid="t_159" lemma="de" type="open">
      <span>
        <target id="w_159"/>
      </span>
    </term>
    <term tid="t_160" lemma="receptionist" type="open">
      <span>
        <target id="w_160"/>
      </span>
    </term>
    <term tid="t_161" lemma="stelde" type="open">
      <span>
        <target id="w_161"/>
      </span>
    </term>
    <term tid="t_162" lemma="echter" type="open">
      <span>
        <target id="w_162"/>
      </span>
    </term>
    <term tid="t_163" lemma="voor" type="open">
      <span>
        <target id="w_163"/>
      </span>
    </term>
    <term tid="t_164" lemma="om" type="open">
      <span>
        <target id="w_164"/>
      </span>
    </term>
    <term tid="t_165" lemma="de" type="open">
      <span>
        <target id="w_165"/>
      </span>
    </term>
    <term tid="t_166" lemma="kosten" type="open">
      <span>
        <target id="w_166"/>
      </span>
    </term>
    <term tid="t_167" lemma="van" type="open">
      <span>
        <target id="w_167"/>
      </span>
    </term>
    <term tid="t_168" lemma="een" type="open">
      <span>
        <target id="w_168"/>
      </span>
    </term>
    <term tid="t_169" lemma="extra" type="open">
      <span>
        <target id="w_169"/>
      </span>
    </term>
    <term tid="t_170" lemma="bed" type="open">
      <span>
        <target id="w_170"/>
      </span>
    </term>
    <term tid="t_171" lemma="achterwege" type="open">
      <span>
        <target id="w_171"/>
      </span>
    </term>
    <term tid="t_172" lemma="te" type="open">
      <span>
        <target id="w_172"/>
      </span>
    </term>
    <term tid="t_173" lemma="laten" type="open">
      <span>
        <target id="w_173"/>
      </span>
    </term>
    <term tid="t_174" lemma="echter" type="open">
      <span>
        <target id="w_174"/>
      </span>
    </term>
    <term tid="t_175" lemma="hij" type="open">
      <span>
        <target id="w_175"/>
      </span>
    </term>
    <term tid="t_176" lemma="moest" type="open">
      <span>
        <target id="w_176"/>
      </span>
    </term>
    <term tid="t_177" lemma="dit" type="open">
      <span>
        <target id="w_177"/>
      </span>
    </term>
    <term tid="t_178" lemma="even" type="open">
      <span>
        <target id="w_178"/>
      </span>
    </term>
    <term tid="t_179" lemma="bij" type="open">
      <span>
        <target id="w_179"/>
      </span>
    </term>
    <term tid="t_180" lemma="zijn" type="open">
      <span>
        <target id="w_180"/>
      </span>
    </term>
    <term tid="t_181" lemma="vrouwelijk" type="open">
      <span>
        <target id="w_181"/>
      </span>
    </term>
    <term tid="t_182" lemma="collega" type="open">
      <span>
        <target id="w_182"/>
      </span>
    </term>
    <term tid="t_183" lemma="navragen" type="open">
      <span>
        <target id="w_183"/>
      </span>
    </term>
    <term tid="t_184" lemma="." type="open">
      <span>
        <target id="w_184"/>
      </span>
    </term>
    <term tid="t_185" lemma="deze" type="open">
      <span>
        <target id="w_185"/>
      </span>
    </term>
    <term tid="t_186" lemma="vertelde" type="open">
      <span>
        <target id="w_186"/>
      </span>
    </term>
    <term tid="t_187" lemma="ons" type="open">
      <span>
        <target id="w_187"/>
      </span>
    </term>
    <term tid="t_188" lemma="dat" type="open">
      <span>
        <target id="w_188"/>
      </span>
    </term>
    <term tid="t_189" lemma="we" type="open">
      <span>
        <target id="w_189"/>
      </span>
    </term>
    <term tid="t_190" lemma="een" type="open">
      <span>
        <target id="w_190"/>
      </span>
    </term>
    <term tid="t_191" lemma="upgrading" type="open">
      <span>
        <target id="w_191"/>
      </span>
    </term>
    <term tid="t_192" lemma="van" type="open">
      <span>
        <target id="w_192"/>
      </span>
    </term>
    <term tid="t_193" lemma="kamer" type="open">
      <span>
        <target id="w_193"/>
      </span>
    </term>
    <term tid="t_194" lemma="hadden" type="open">
      <span>
        <target id="w_194"/>
      </span>
    </term>
    <term tid="t_195" lemma="gehad" type="open">
      <span>
        <target id="w_195"/>
      </span>
    </term>
    <term tid="t_196" lemma="en" type="open">
      <span>
        <target id="w_196"/>
      </span>
    </term>
    <term tid="t_197" lemma="dat" type="open">
      <span>
        <target id="w_197"/>
      </span>
    </term>
    <term tid="t_198" lemma="deze" type="open">
      <span>
        <target id="w_198"/>
      </span>
    </term>
    <term tid="t_199" lemma="kosten" type="open">
      <span>
        <target id="w_199"/>
      </span>
    </term>
    <term tid="t_200" lemma="niet" type="open">
      <span>
        <target id="w_200"/>
      </span>
      <sentiment sentiment_modifier="shifter" resource="VUA_olery_lexicon_nl_lmf"/>
    </term>
    <term tid="t_201" lemma="vergoed" type="open">
      <span>
        <target id="w_201"/>
      </span>
    </term>
    <term tid="t_202" lemma="konden" type="open">
      <span>
        <target id="w_202"/>
      </span>
    </term>
    <term tid="t_203" lemma="worden" type="open">
      <span>
        <target id="w_203"/>
      </span>
    </term>
    <term tid="t_204" lemma="." type="open">
      <span>
        <target id="w_204"/>
      </span>
    </term>
    <term tid="t_205" lemma="hierop" type="open">
      <span>
        <target id="w_205"/>
      </span>
    </term>
    <term tid="t_206" lemma="werd" type="open">
      <span>
        <target id="w_206"/>
      </span>
    </term>
    <term tid="t_207" lemma="de" type="open">
      <span>
        <target id="w_207"/>
      </span>
    </term>
    <term tid="t_208" lemma="stemming" type="open">
      <span>
        <target id="w_208"/>
      </span>
    </term>
    <term tid="t_209" lemma="er" type="open">
      <span>
        <target id="w_209"/>
      </span>
    </term>
    <term tid="t_210" lemma="niet" type="open">
      <span>
        <target id="w_210"/>
      </span>
      <sentiment sentiment_modifier="shifter" resource="VUA_olery_lexicon_nl_lmf"/>
    </term>
    <term tid="t_211" lemma="beter" type="open">
      <span>
        <target id="w_211"/>
      </span>
    </term>
    <term tid="t_212" lemma="op" type="open">
      <span>
        <target id="w_212"/>
      </span>
    </term>
    <term tid="t_213" lemma="," type="open">
      <span>
        <target id="w_213"/>
      </span>
    </term>
    <term tid="t_214" lemma="het" type="open">
      <span>
        <target id="w_214"/>
      </span>
    </term>
    <term tid="t_215" lemma="was" type="open">
      <span>
        <target id="w_215"/>
      </span>
    </term>
    <term tid="t_216" lemma="dan" type="open">
      <span>
        <target id="w_216"/>
      </span>
    </term>
    <term tid="t_217" lemma="ook" type="open">
      <span>
        <target id="w_217"/>
      </span>
    </term>
    <term tid="t_218" lemma="een" type="open">
      <span>
        <target id="w_218"/>
      </span>
    </term>
    <term tid="t_219" lemma="zeer" type="open">
      <span>
        <target id="w_219"/>
      </span>
      <sentiment sentiment_modifier="intensifier" resource="VUA_olery_lexicon_nl_lmf"/>
    </term>
    <term tid="t_220" lemma="klantonvriendelijk" type="open" pos="G">
      <span>
        <target id="w_220"/>
      </span>
      <sentiment polarity="negative" resource="VUA_olery_lexicon_nl_lmf"/>
    </term>
    <term tid="t_221" lemma="dame" type="open">
      <span>
        <target id="w_221"/>
      </span>
    </term>
    <term tid="t_222" lemma="die" type="open">
      <span>
        <target id="w_222"/>
      </span>
    </term>
    <term tid="t_223" lemma="totaal" type="open">
      <span>
        <target id="w_223"/>
      </span>
      <sentiment sentiment_modifier="intensifier" resource="VUA_olery_lexicon_nl_lmf"/>
    </term>
    <term tid="t_224" lemma="niet" type="open">
      <span>
        <target id="w_224"/>
      </span>
      <sentiment sentiment_modifier="shifter" resource="VUA_olery_lexicon_nl_lmf"/>
    </term>
    <term tid="t_225" lemma="meedacht" type="open">
      <span>
        <target id="w_225"/>
      </span>
    </term>
    <term tid="t_226" lemma="," type="open">
      <span>
        <target id="w_226"/>
      </span>
    </term>
    <term tid="t_227" lemma="alles" type="open">
      <span>
        <target id="w_227"/>
      </span>
    </term>
    <term tid="t_228" lemma="was" type="open">
      <span>
        <target id="w_228"/>
      </span>
    </term>
    <term tid="t_229" lemma="bij" type="open">
      <span>
        <target id="w_229"/>
      </span>
    </term>
    <term tid="t_230" lemma="hun" type="open">
      <span>
        <target id="w_230"/>
      </span>
    </term>
    <term tid="t_231" lemma="bekend" type="open">
      <span>
        <target id="w_231"/>
      </span>
    </term>
    <term tid="t_232" lemma="en" type="open">
      <span>
        <target id="w_232"/>
      </span>
    </term>
    <term tid="t_233" lemma="stond" type="open">
      <span>
        <target id="w_233"/>
      </span>
    </term>
    <term tid="t_234" lemma="in" type="open">
      <span>
        <target id="w_234"/>
      </span>
    </term>
    <term tid="t_235" lemma="het" type="open">
      <span>
        <target id="w_235"/>
      </span>
    </term>
    <term tid="t_236" lemma="systeem" type="open">
      <span>
        <target id="w_236"/>
      </span>
    </term>
    <term tid="t_237" lemma="," type="open">
      <span>
        <target id="w_237"/>
      </span>
    </term>
    <term tid="t_238" lemma="een" type="open">
      <span>
        <target id="w_238"/>
      </span>
    </term>
    <term tid="t_239" lemma="upgrading" type="open">
      <span>
        <target id="w_239"/>
      </span>
    </term>
    <term tid="t_240" lemma="van" type="open">
      <span>
        <target id="w_240"/>
      </span>
    </term>
    <term tid="t_241" lemma="kamer" type="open">
      <span>
        <target id="w_241"/>
      </span>
    </term>
    <term tid="t_242" lemma="was" type="open">
      <span>
        <target id="w_242"/>
      </span>
    </term>
    <term tid="t_243" lemma="dit" type="open">
      <span>
        <target id="w_243"/>
      </span>
    </term>
    <term tid="t_244" lemma="totaal" type="open">
      <span>
        <target id="w_244"/>
      </span>
      <sentiment sentiment_modifier="intensifier" resource="VUA_olery_lexicon_nl_lmf"/>
    </term>
    <term tid="t_245" lemma="niet" type="open">
      <span>
        <target id="w_245"/>
      </span>
      <sentiment sentiment_modifier="shifter" resource="VUA_olery_lexicon_nl_lmf"/>
    </term>
    <term tid="t_246" lemma="." type="open">
      <span>
        <target id="w_246"/>
      </span>
    </term>
    <term tid="t_247" lemma="de" type="open">
      <span>
        <target id="w_247"/>
      </span>
    </term>
    <term tid="t_248" lemma="klantonvriendelijke" type="open">
      <span>
        <target id="w_248"/>
      </span>
    </term>
    <term tid="t_249" lemma="dame" type="open">
      <span>
        <target id="w_249"/>
      </span>
    </term>
    <term tid="t_250" lemma="vertelde" type="open">
      <span>
        <target id="w_250"/>
      </span>
    </term>
    <term tid="t_251" lemma="daarna" type="open">
      <span>
        <target id="w_251"/>
      </span>
    </term>
    <term tid="t_252" lemma="dat" type="open">
      <span>
        <target id="w_252"/>
      </span>
    </term>
    <term tid="t_253" lemma="het" type="open">
      <span>
        <target id="w_253"/>
      </span>
    </term>
    <term tid="t_254" lemma="management" type="open">
      <span>
        <target id="w_254"/>
      </span>
    </term>
    <term tid="t_255" lemma="wel" type="open">
      <span>
        <target id="w_255"/>
      </span>
    </term>
    <term tid="t_256" lemma="contact" type="open">
      <span>
        <target id="w_256"/>
      </span>
    </term>
    <term tid="t_257" lemma="met" type="open">
      <span>
        <target id="w_257"/>
      </span>
    </term>
    <term tid="t_258" lemma="ons" type="open">
      <span>
        <target id="w_258"/>
      </span>
    </term>
    <term tid="t_259" lemma="zou" type="open">
      <span>
        <target id="w_259"/>
      </span>
    </term>
    <term tid="t_260" lemma="opnemen" type="open">
      <span>
        <target id="w_260"/>
      </span>
    </term>
    <term tid="t_261" lemma="en" type="open">
      <span>
        <target id="w_261"/>
      </span>
    </term>
    <term tid="t_262" lemma="was" type="open">
      <span>
        <target id="w_262"/>
      </span>
    </term>
    <term tid="t_263" lemma="blij" type="open" pos="G">
      <span>
        <target id="w_263"/>
      </span>
      <sentiment polarity="positive" resource="VUA_olery_lexicon_nl_lmf"/>
    </term>
    <term tid="t_264" lemma="dat" type="open">
      <span>
        <target id="w_264"/>
      </span>
    </term>
    <term tid="t_265" lemma="we" type="open">
      <span>
        <target id="w_265"/>
      </span>
    </term>
    <term tid="t_266" lemma="vertrokken" type="open">
      <span>
        <target id="w_266"/>
      </span>
    </term>
    <term tid="t_267" lemma="." type="open">
      <span>
        <target id="w_267"/>
      </span>
    </term>
    <term tid="t_268" lemma="tot" type="open">
      <span>
        <target id="w_268"/>
      </span>
    </term>
    <term tid="t_269" lemma="op" type="open">
      <span>
        <target id="w_269"/>
      </span>
    </term>
    <term tid="t_270" lemma="heden" type="open">
      <span>
        <target id="w_270"/>
      </span>
    </term>
    <term tid="t_271" lemma="hebben" type="open">
      <span>
        <target id="w_271"/>
      </span>
    </term>
    <term tid="t_272" lemma="we" type="open">
      <span>
        <target id="w_272"/>
      </span>
    </term>
    <term tid="t_273" lemma="zoals" type="open">
      <span>
        <target id="w_273"/>
      </span>
    </term>
    <term tid="t_274" lemma="al" type="open">
      <span>
        <target id="w_274"/>
      </span>
    </term>
    <term tid="t_275" lemma="gedacht" type="open">
      <span>
        <target id="w_275"/>
      </span>
    </term>
    <term tid="t_276" lemma="niets" type="open">
      <span>
        <target id="w_276"/>
      </span>
      <sentiment sentiment_modifier="shifter" resource="VUA_olery_lexicon_nl_lmf"/>
    </term>
    <term tid="t_277" lemma="van" type="open">
      <span>
        <target id="w_277"/>
      </span>
    </term>
    <term tid="t_278" lemma="het" type="open">
      <span>
        <target id="w_278"/>
      </span>
    </term>
    <term tid="t_279" lemma="management" type="open">
      <span>
        <target id="w_279"/>
      </span>
    </term>
    <term tid="t_280" lemma="team" type="open">
      <span>
        <target id="w_280"/>
      </span>
    </term>
    <term tid="t_281" lemma="vernomen" type="open">
      <span>
        <target id="w_281"/>
      </span>
    </term>
    <term tid="t_282" lemma="." type="open">
      <span>
        <target id="w_282"/>
      </span>
    </term>
    <term tid="t_283" lemma="hotel" type="open">
      <span>
        <target id="w_283"/>
      </span>
    </term>
    <term tid="t_284" lemma="hampshire" type="open">
      <span>
        <target id="w_284"/>
      </span>
    </term>
    <term tid="t_285" lemma="," type="open">
      <span>
        <target id="w_285"/>
      </span>
    </term>
    <term tid="t_286" lemma="nooit" type="open">
      <span>
        <target id="w_286"/>
      </span>
      <sentiment sentiment_modifier="shifter" resource="VUA_olery_lexicon_nl_lmf"/>
    </term>
    <term tid="t_287" lemma="weer" type="open">
      <span>
        <target id="w_287"/>
      </span>
    </term>
    <term tid="t_288" lemma="!!" type="open">
      <span>
        <target id="w_288"/>
      </span>
    </term>
  </terms>
  <entities>
    <entity type="MISC" eid="e_1">
      <span>
        <target id="t_64"/>
      </span>
      <span>
        <target id="t_81"/>
      </span>
      <span>
        <target id="t_180"/>
      </span>
    </entity>
    <entity type="LOC" eid="e_2">
      <span>
        <target id="t_284"/>
      </span>
    </entity>
    <entity type="PER" eid="e_3">
      <span>
        <target id="t_16"/>
      </span>
      <span>
        <target id="t_19"/>
      </span>
      <span>
        <target id="t_33"/>
      </span>
      <span>
        <target id="t_111"/>
      </span>
      <span>
        <target id="t_116"/>
      </span>
      <span>
        <target id="t_132"/>
      </span>
      <span>
        <target id="t_189"/>
      </span>
      <span>
        <target id="t_265"/>
      </span>
      <span>
        <target id="t_272"/>
      </span>
    </entity>
    <entity type="ORG" eid="e_4">
      <span>
        <target id="t_35"/>
      </span>
      <span>
        <target id="t_44"/>
      </span>
      <span>
        <target id="t_78"/>
      </span>
      <span>
        <target id="t_105"/>
      </span>
      <span>
        <target id="t_193"/>
      </span>
      <span>
        <target id="t_241"/>
      </span>
    </entity>
  </entities>
  <properties>
    <property type="facilities" pid="p_1">
      <span>
        <target id="t_113"/>
      </span>
    </property>
    <property type="value_for_money" pid="p_2">
      <span>
        <target id="t_166"/>
      </span>
      <span>
        <target id="t_199"/>
      </span>
    </property>
    <property type="room" pid="p_3">
      <span>
        <target id="t_35"/>
      </span>
      <span>
        <target id="t_44"/>
      </span>
      <span>
        <target id="t_78"/>
      </span>
      <span>
        <target id="t_105"/>
      </span>
      <span>
        <target id="t_193"/>
      </span>
      <span>
        <target id="t_241"/>
      </span>
    </property>
    <property type="sleeping_comfort" pid="p_4">
      <span>
        <target id="t_48"/>
      </span>
      <span>
        <target id="t_60"/>
      </span>
      <span>
        <target id="t_170"/>
      </span>
    </property>
    <property type="staff" pid="p_5">
      <span>
        <target id="t_41"/>
      </span>
      <span>
        <target id="t_56"/>
      </span>
      <span>
        <target id="t_94"/>
      </span>
      <span>
        <target id="t_160"/>
      </span>
      <span>
        <target id="t_220"/>
      </span>
      <span>
        <target id="t_254"/>
      </span>
      <span>
        <target id="t_279"/>
      </span>
      <span>
        <target id="t_280"/>
      </span>
    </property>
  </properties>
  <opinions>
    <opinion oid="o_1">
      <opinion_target>
        <span>
          <target id="t_1"/>
        </span>
      </opinion_target>
      <opinion_expression polarity="negative" strength="-1">
        <span>
          <target id="t_3"/>
        </span>
      </opinion_expression>
    </opinion>
    <opinion oid="o_2">
      <opinion_target>
        <span>
          <target id="t_56"/>
        </span>
      </opinion_target>
      <opinion_expression polarity="negative" strength="-1">
        <span>
          <target id="t_54"/>
        </span>
      </opinion_expression>
    </opinion>
    <opinion oid="o_3">
      <opinion_target>
        <span>
          <target id="t_61"/>
        </span>
      </opinion_target>
      <opinion_expression polarity="negative" strength="-1">
        <span>
          <target id="t_62"/>
        </span>
      </opinion_expression>
    </opinion>
    <opinion oid="o_4">
      <opinion_target>
        <span>
          <target id="t_94"/>
        </span>
      </opinion_target>
      <opinion_expression polarity="negative" strength="-1">
        <span>
          <target id="t_92"/>
        </span>
      </opinion_expression>
    </opinion>
    <opinion oid="o_5">
      <opinion_holder>
        <span>
          <target id="t_111"/>
        </span>
      </opinion_holder>
      <opinion_target>
        <span>
          <target id="t_109"/>
        </span>
      </opinion_target>
      <opinion_expression polarity="positive" strength="1">
        <span>
          <target id="t_107"/>
        </span>
      </opinion_expression>
    </opinion>
    <opinion oid="o_6">
      <opinion_target>
        <span>
          <target id="t_156"/>
        </span>
      </opinion_target>
      <opinion_expression polarity="negative" strength="-1">
        <span>
          <target id="t_155"/>
        </span>
      </opinion_expression>
    </opinion>
    <opinion oid="o_7">
      <opinion_target>
        <span>
          <target id="t_221"/>
        </span>
      </opinion_target>
      <opinion_expression polarity="negative" strength="-2">
        <span>
          <target id="t_220"/>
          <target id="t_219"/>
        </span>
      </opinion_expression>
    </opinion>
    <opinion oid="o_8">
      <opinion_holder>
        <span>
          <target id="t_265"/>
        </span>
      </opinion_holder>
      <opinion_target>
        <span>
          <target id="t_266"/>
        </span>
      </opinion_target>
      <opinion_expression polarity="positive" strength="1">
        <span>
          <target id="t_263"/>
        </span>
      </opinion_expression>
    </opinion>
  </opinions>
</KAF>
