<?xml version='1.0' encoding='UTF-8'?>
<KAF xml:lang="nl">
  <linguisticProcessors layer="text">
    <lp timestamp="2013-01-06T18:44:04CET" version="2.0" name="SentenceTokenizer"/>
  </linguisticProcessors>
  <linguisticProcessors layer="terms">
    <lp timestamp="2013-01-06T18:44:04CET" version="2.0" name="SentenceTokenizer"/>
    <lp timestamp="2013-01-06T18:44:04CET" version="1.0" name="SimplePolarityTagger"/>
  </linguisticProcessors>
  <linguisticProcessor layer="opinions">
    <lp timestamp="2013-01-06T18:44:05CET" version="1.0" name="SimpleOpinionDetector"/>
  </linguisticProcessor>
  <linguisticProcessor layer="properties">
    <lp timestamp="2013-01-06T18:44:05CET" version="1.0" name="SimplePropRecognizer_lookup"/>
  </linguisticProcessor>
  <linguisticProcessor layer="entities">
    <lp timestamp="2013-01-06T18:44:05CET" version="1.0" name="SimpleNER_lookup"/>
  </linguisticProcessor>
  <text>
    <wf wid="w_1" para="1" sent="1">nooit</wf>
    <wf wid="w_2" para="1" sent="1">meer</wf>
    <wf wid="w_3" para="1" sent="1">.</wf>
    <wf wid="w_4" para="1" sent="2">slecht</wf>
    <wf wid="w_5" para="1" sent="2">hotel</wf>
    <wf wid="w_6" para="1" sent="2">,</wf>
    <wf wid="w_7" para="1" sent="2">waardeloze</wf>
    <wf wid="w_8" para="1" sent="2">HygiÃ«ne</wf>
    <wf wid="w_9" para="1" sent="2">.</wf>
    <wf wid="w_10" para="1" sent="3">ouwe</wf>
    <wf wid="w_11" para="1" sent="3">meuk</wf>
    <wf wid="w_12" para="1" sent="3">en</wf>
    <wf wid="w_13" para="1" sent="3">erg</wf>
    <wf wid="w_14" para="1" sent="3">gehoorig</wf>
    <wf wid="w_15" para="1" sent="3">.</wf>
    <wf wid="w_16" para="1" sent="4">niet</wf>
    <wf wid="w_17" para="1" sent="4">aan</wf>
    <wf wid="w_18" para="1" sent="4">te</wf>
    <wf wid="w_19" para="1" sent="4">bevelen</wf>
    <wf wid="w_20" para="1" sent="4">dus</wf>
    <wf wid="w_21" para="1" sent="4">.</wf>
  </text>
  <terms>
    <term tid="t_1" lemma="nooit" type="open">
      <span>
        <target id="w_1"/>
      </span>
      <sentiment sentiment_modifier="shifter" resource="VUA_olery_lexicon_nl_lmf"/>
    </term>
    <term tid="t_2" lemma="meer" type="open">
      <span>
        <target id="w_2"/>
      </span>
    </term>
    <term tid="t_3" lemma="." type="open">
      <span>
        <target id="w_3"/>
      </span>
    </term>
    <term tid="t_4" lemma="slecht" type="open" pos="G">
      <span>
        <target id="w_4"/>
      </span>
      <sentiment polarity="negative" resource="VUA_olery_lexicon_nl_lmf"/>
    </term>
    <term tid="t_5" lemma="hotel" type="open">
      <span>
        <target id="w_5"/>
      </span>
    </term>
    <term tid="t_6" lemma="," type="open">
      <span>
        <target id="w_6"/>
      </span>
    </term>
    <term tid="t_7" lemma="waardeloze" type="open">
      <span>
        <target id="w_7"/>
      </span>
    </term>
    <term tid="t_8" lemma="hygiÃ«ne" type="open">
      <span>
        <target id="w_8"/>
      </span>
    </term>
    <term tid="t_9" lemma="." type="open">
      <span>
        <target id="w_9"/>
      </span>
    </term>
    <term tid="t_10" lemma="ouwe" type="open">
      <span>
        <target id="w_10"/>
      </span>
    </term>
    <term tid="t_11" lemma="meuk" type="open">
      <span>
        <target id="w_11"/>
      </span>
    </term>
    <term tid="t_12" lemma="en" type="open">
      <span>
        <target id="w_12"/>
      </span>
    </term>
    <term tid="t_13" lemma="erg" type="open">
      <span>
        <target id="w_13"/>
      </span>
      <sentiment sentiment_modifier="intensifier" resource="VUA_olery_lexicon_nl_lmf"/>
    </term>
    <term tid="t_14" lemma="gehoorig" type="open" pos="G">
      <span>
        <target id="w_14"/>
      </span>
      <sentiment polarity="negative" resource="VUA_olery_lexicon_nl_lmf"/>
    </term>
    <term tid="t_15" lemma="." type="open">
      <span>
        <target id="w_15"/>
      </span>
    </term>
    <term tid="t_16" lemma="niet" type="open">
      <span>
        <target id="w_16"/>
      </span>
      <sentiment sentiment_modifier="shifter" resource="VUA_olery_lexicon_nl_lmf"/>
    </term>
    <term tid="t_17" lemma="aan" type="open">
      <span>
        <target id="w_17"/>
      </span>
    </term>
    <term tid="t_18" lemma="te" type="open">
      <span>
        <target id="w_18"/>
      </span>
    </term>
    <term tid="t_19" lemma="bevelen" type="open" pos="V">
      <span>
        <target id="w_19"/>
      </span>
      <sentiment polarity="positive" resource="VUA_olery_lexicon_nl_lmf"/>
    </term>
    <term tid="t_20" lemma="dus" type="open">
      <span>
        <target id="w_20"/>
      </span>
    </term>
    <term tid="t_21" lemma="." type="open">
      <span>
        <target id="w_21"/>
      </span>
    </term>
  </terms>
  <properties>
    <property type="room" pid="p_1">
      <span>
        <target id="t_14"/>
      </span>
    </property>
  </properties>
  <opinions>
    <opinion oid="o_1">
      <opinion_target>
        <span>
          <target id="t_5"/>
        </span>
      </opinion_target>
      <opinion_expression polarity="negative" strength="-1">
        <span>
          <target id="t_4"/>
        </span>
      </opinion_expression>
    </opinion>
    <opinion oid="o_2">
      <opinion_target>
        <span>
          <target id="t_11"/>
        </span>
      </opinion_target>
      <opinion_expression polarity="negative" strength="-2">
        <span>
          <target id="t_14"/>
          <target id="t_13"/>
        </span>
      </opinion_expression>
    </opinion>
  </opinions>
</KAF>
