<?xml version='1.0' encoding='UTF-8'?>
<KAF xml:lang="nl">
  <linguisticProcessors layer="text">
    <lp timestamp="2013-01-06T18:32:37CET" version="2.0" name="SentenceTokenizer"/>
  </linguisticProcessors>
  <linguisticProcessors layer="terms">
    <lp timestamp="2013-01-06T18:32:37CET" version="2.0" name="SentenceTokenizer"/>
    <lp timestamp="2013-01-06T18:32:37CET" version="1.0" name="SimplePolarityTagger"/>
  </linguisticProcessors>
  <linguisticProcessor layer="opinions">
    <lp timestamp="2013-01-06T18:32:37CET" version="1.0" name="SimpleOpinionDetector"/>
  </linguisticProcessor>
  <linguisticProcessor layer="properties">
    <lp timestamp="2013-01-06T18:32:37CET" version="1.0" name="SimplePropRecognizer_lookup"/>
  </linguisticProcessor>
  <linguisticProcessor layer="entities">
    <lp timestamp="2013-01-06T18:32:37CET" version="1.0" name="SimpleNER_lookup"/>
  </linguisticProcessor>
  <text>
    <wf wid="w_1" para="1" sent="1">We</wf>
    <wf wid="w_2" para="1" sent="1">zijn</wf>
    <wf wid="w_3" para="1" sent="1">net</wf>
    <wf wid="w_4" para="1" sent="1">terug</wf>
    <wf wid="w_5" para="1" sent="1">van</wf>
    <wf wid="w_6" para="1" sent="1">12</wf>
    <wf wid="w_7" para="1" sent="1">dagen</wf>
    <wf wid="w_8" para="1" sent="1">New</wf>
    <wf wid="w_9" para="1" sent="1">York</wf>
    <wf wid="w_10" para="1" sent="1">in</wf>
    <wf wid="w_11" para="1" sent="1">'t</wf>
    <wf wid="w_12" para="1" sent="1">Novotel</wf>
    <wf wid="w_13" para="1" sent="1">.</wf>
    <wf wid="w_14" para="1" sent="2">Een</wf>
    <wf wid="w_15" para="1" sent="2">betere</wf>
    <wf wid="w_16" para="1" sent="2">ligging</wf>
    <wf wid="w_17" para="1" sent="2">is</wf>
    <wf wid="w_18" para="1" sent="2">er</wf>
    <wf wid="w_19" para="1" sent="2">bijna</wf>
    <wf wid="w_20" para="1" sent="2">niet</wf>
    <wf wid="w_21" para="1" sent="2">en</wf>
    <wf wid="w_22" para="1" sent="2">we</wf>
    <wf wid="w_23" para="1" sent="2">hadden</wf>
    <wf wid="w_24" para="1" sent="2">vanuit</wf>
    <wf wid="w_25" para="1" sent="2">onze</wf>
    <wf wid="w_26" para="1" sent="2">kamer</wf>
    <wf wid="w_27" para="1" sent="2">(</wf>
    <wf wid="w_28" para="1" sent="2">2301</wf>
    <wf wid="w_29" para="1" sent="2">)</wf>
    <wf wid="w_30" para="1" sent="2">zicht</wf>
    <wf wid="w_31" para="1" sent="2">op</wf>
    <wf wid="w_32" para="1" sent="2">Times</wf>
    <wf wid="w_33" para="1" sent="2">Square</wf>
    <wf wid="w_34" para="1" sent="2">!</wf>
    <wf wid="w_35" para="1" sent="3">Service</wf>
    <wf wid="w_36" para="1" sent="3">is</wf>
    <wf wid="w_37" para="1" sent="3">Amerikaans</wf>
    <wf wid="w_38" para="1" sent="3">(</wf>
    <wf wid="w_39" para="1" sent="3">snel</wf>
    <wf wid="w_40" para="1" sent="3">&amp;</wf>
    <wf wid="w_41" para="1" sent="3">efficiënt</wf>
    <wf wid="w_42" para="1" sent="3">)</wf>
    <wf wid="w_43" para="1" sent="3">,</wf>
    <wf wid="w_44" para="1" sent="3">maar</wf>
    <wf wid="w_45" para="1" sent="3">zeker</wf>
    <wf wid="w_46" para="1" sent="3">vriendelijk</wf>
    <wf wid="w_47" para="1" sent="3">.</wf>
    <wf wid="w_48" para="1" sent="4">Kamers</wf>
    <wf wid="w_49" para="1" sent="4">waren</wf>
    <wf wid="w_50" para="1" sent="4">helemaal</wf>
    <wf wid="w_51" para="1" sent="4">prima</wf>
    <wf wid="w_52" para="1" sent="4">,</wf>
    <wf wid="w_53" para="1" sent="4">en</wf>
    <wf wid="w_54" para="1" sent="4">onze</wf>
    <wf wid="w_55" para="1" sent="4">kamer</wf>
    <wf wid="w_56" para="1" sent="4">was</wf>
    <wf wid="w_57" para="1" sent="4">zeker</wf>
    <wf wid="w_58" para="1" sent="4">niet</wf>
    <wf wid="w_59" para="1" sent="4">oubollig</wf>
    <wf wid="w_60" para="1" sent="4">zoals</wf>
    <wf wid="w_61" para="1" sent="4">hieronder</wf>
    <wf wid="w_62" para="1" sent="4">een</wf>
    <wf wid="w_63" para="1" sent="4">aantal</wf>
    <wf wid="w_64" para="1" sent="4">keren</wf>
    <wf wid="w_65" para="1" sent="4">vermeld</wf>
    <wf wid="w_66" para="1" sent="4">.</wf>
    <wf wid="w_67" para="1" sent="5">Voor</wf>
    <wf wid="w_68" para="1" sent="5">de</wf>
    <wf wid="w_69" para="1" sent="5">lunch</wf>
    <wf wid="w_70" para="1" sent="5">of</wf>
    <wf wid="w_71" para="1" sent="5">avondeten</wf>
    <wf wid="w_72" para="1" sent="5">is</wf>
    <wf wid="w_73" para="1" sent="5">Cosi</wf>
    <wf wid="w_74" para="1" sent="5">(</wf>
    <wf wid="w_75" para="1" sent="5">aan</wf>
    <wf wid="w_76" para="1" sent="5">de</wf>
    <wf wid="w_77" para="1" sent="5">overkant</wf>
    <wf wid="w_78" para="1" sent="5">)</wf>
    <wf wid="w_79" para="1" sent="5">een</wf>
    <wf wid="w_80" para="1" sent="5">goede</wf>
    <wf wid="w_81" para="1" sent="5">aanrader</wf>
    <wf wid="w_82" para="1" sent="5">.</wf>
    <wf wid="w_83" para="1" sent="6">Tip</wf>
    <wf wid="w_84" para="1" sent="6">:</wf>
    <wf wid="w_85" para="1" sent="6">ga</wf>
    <wf wid="w_86" para="1" sent="6">ook</wf>
    <wf wid="w_87" para="1" sent="6">eens</wf>
    <wf wid="w_88" para="1" sent="6">'s</wf>
    <wf wid="w_89" para="1" sent="6">avonds</wf>
    <wf wid="w_90" para="1" sent="6">in</wf>
    <wf wid="w_91" para="1" sent="6">het</wf>
    <wf wid="w_92" para="1" sent="6">donker</wf>
    <wf wid="w_93" para="1" sent="6">naar</wf>
    <wf wid="w_94" para="1" sent="6">de</wf>
    <wf wid="w_95" para="1" sent="6">Brooklyn</wf>
    <wf wid="w_96" para="1" sent="6">hights</wf>
    <wf wid="w_97" para="1" sent="6">promenade</wf>
    <wf wid="w_98" para="1" sent="6">(</wf>
    <wf wid="w_99" para="1" sent="6">park</wf>
    <wf wid="w_100" para="1" sent="6">bij</wf>
    <wf wid="w_101" para="1" sent="6">Brooklyn</wf>
    <wf wid="w_102" para="1" sent="6">Bridge</wf>
    <wf wid="w_103" para="1" sent="6">)</wf>
    <wf wid="w_104" para="1" sent="6">voor</wf>
    <wf wid="w_105" para="1" sent="6">een</wf>
    <wf wid="w_106" para="1" sent="6">erg</wf>
    <wf wid="w_107" para="1" sent="6">mooi</wf>
    <wf wid="w_108" para="1" sent="6">uitzicht</wf>
    <wf wid="w_109" para="1" sent="6">op</wf>
    <wf wid="w_110" para="1" sent="6">de</wf>
    <wf wid="w_111" para="1" sent="6">skyline</wf>
    <wf wid="w_112" para="1" sent="6">van</wf>
    <wf wid="w_113" para="1" sent="6">Manhatten</wf>
    <wf wid="w_114" para="1" sent="6">by</wf>
    <wf wid="w_115" para="1" sent="6">night</wf>
    <wf wid="w_116" para="1" sent="6">.</wf>
  </text>
  <terms>
    <term tid="t_1" lemma="we" type="open">
      <span>
        <target id="w_1"/>
      </span>
    </term>
    <term tid="t_2" lemma="zijn" type="open">
      <span>
        <target id="w_2"/>
      </span>
    </term>
    <term tid="t_3" lemma="net" type="open" pos="G">
      <span>
        <target id="w_3"/>
      </span>
      <sentiment polarity="positive" resource="VUA_olery_lexicon_nl_lmf"/>
    </term>
    <term tid="t_4" lemma="terug" type="open">
      <span>
        <target id="w_4"/>
      </span>
    </term>
    <term tid="t_5" lemma="van" type="open">
      <span>
        <target id="w_5"/>
      </span>
    </term>
    <term tid="t_6" lemma="12" type="open">
      <span>
        <target id="w_6"/>
      </span>
    </term>
    <term tid="t_7" lemma="dagen" type="open">
      <span>
        <target id="w_7"/>
      </span>
    </term>
    <term tid="t_8" lemma="new" type="open">
      <span>
        <target id="w_8"/>
      </span>
    </term>
    <term tid="t_9" lemma="york" type="open">
      <span>
        <target id="w_9"/>
      </span>
    </term>
    <term tid="t_10" lemma="in" type="open">
      <span>
        <target id="w_10"/>
      </span>
    </term>
    <term tid="t_11" lemma="'t" type="open">
      <span>
        <target id="w_11"/>
      </span>
    </term>
    <term tid="t_12" lemma="novotel" type="open">
      <span>
        <target id="w_12"/>
      </span>
    </term>
    <term tid="t_13" lemma="." type="open">
      <span>
        <target id="w_13"/>
      </span>
    </term>
    <term tid="t_14" lemma="een" type="open">
      <span>
        <target id="w_14"/>
      </span>
    </term>
    <term tid="t_15" lemma="betere" type="open">
      <span>
        <target id="w_15"/>
      </span>
    </term>
    <term tid="t_16" lemma="ligging" type="open">
      <span>
        <target id="w_16"/>
      </span>
    </term>
    <term tid="t_17" lemma="is" type="open">
      <span>
        <target id="w_17"/>
      </span>
    </term>
    <term tid="t_18" lemma="er" type="open">
      <span>
        <target id="w_18"/>
      </span>
    </term>
    <term tid="t_19" lemma="bijna" type="open">
      <span>
        <target id="w_19"/>
      </span>
    </term>
    <term tid="t_20" lemma="niet" type="open">
      <span>
        <target id="w_20"/>
      </span>
      <sentiment sentiment_modifier="shifter" resource="VUA_olery_lexicon_nl_lmf"/>
    </term>
    <term tid="t_21" lemma="en" type="open">
      <span>
        <target id="w_21"/>
      </span>
    </term>
    <term tid="t_22" lemma="we" type="open">
      <span>
        <target id="w_22"/>
      </span>
    </term>
    <term tid="t_23" lemma="hadden" type="open">
      <span>
        <target id="w_23"/>
      </span>
    </term>
    <term tid="t_24" lemma="vanuit" type="open">
      <span>
        <target id="w_24"/>
      </span>
    </term>
    <term tid="t_25" lemma="onze" type="open">
      <span>
        <target id="w_25"/>
      </span>
    </term>
    <term tid="t_26" lemma="kamer" type="open">
      <span>
        <target id="w_26"/>
      </span>
    </term>
    <term tid="t_27" lemma="(" type="open">
      <span>
        <target id="w_27"/>
      </span>
    </term>
    <term tid="t_28" lemma="2301" type="open">
      <span>
        <target id="w_28"/>
      </span>
    </term>
    <term tid="t_29" lemma=")" type="open">
      <span>
        <target id="w_29"/>
      </span>
    </term>
    <term tid="t_30" lemma="zicht" type="open">
      <span>
        <target id="w_30"/>
      </span>
    </term>
    <term tid="t_31" lemma="op" type="open">
      <span>
        <target id="w_31"/>
      </span>
    </term>
    <term tid="t_32" lemma="times" type="open">
      <span>
        <target id="w_32"/>
      </span>
    </term>
    <term tid="t_33" lemma="square" type="open">
      <span>
        <target id="w_33"/>
      </span>
    </term>
    <term tid="t_34" lemma="!" type="open">
      <span>
        <target id="w_34"/>
      </span>
      <sentiment sentiment_modifier="intensifier" resource="VUA_olery_lexicon_nl_lmf"/>
    </term>
    <term tid="t_35" lemma="service" type="open">
      <span>
        <target id="w_35"/>
      </span>
    </term>
    <term tid="t_36" lemma="is" type="open">
      <span>
        <target id="w_36"/>
      </span>
    </term>
    <term tid="t_37" lemma="amerikaans" type="open">
      <span>
        <target id="w_37"/>
      </span>
    </term>
    <term tid="t_38" lemma="(" type="open">
      <span>
        <target id="w_38"/>
      </span>
    </term>
    <term tid="t_39" lemma="snel" type="open">
      <span>
        <target id="w_39"/>
      </span>
    </term>
    <term tid="t_40" lemma="&amp;" type="open">
      <span>
        <target id="w_40"/>
      </span>
    </term>
    <term tid="t_41" lemma="efficiënt" type="open">
      <span>
        <target id="w_41"/>
      </span>
    </term>
    <term tid="t_42" lemma=")" type="open">
      <span>
        <target id="w_42"/>
      </span>
    </term>
    <term tid="t_43" lemma="," type="open">
      <span>
        <target id="w_43"/>
      </span>
    </term>
    <term tid="t_44" lemma="maar" type="open">
      <span>
        <target id="w_44"/>
      </span>
    </term>
    <term tid="t_45" lemma="zeker" type="open">
      <span>
        <target id="w_45"/>
      </span>
    </term>
    <term tid="t_46" lemma="vriendelijk" type="open" pos="G">
      <span>
        <target id="w_46"/>
      </span>
      <sentiment polarity="positive" resource="VUA_olery_lexicon_nl_lmf"/>
    </term>
    <term tid="t_47" lemma="." type="open">
      <span>
        <target id="w_47"/>
      </span>
    </term>
    <term tid="t_48" lemma="kamers" type="open">
      <span>
        <target id="w_48"/>
      </span>
    </term>
    <term tid="t_49" lemma="waren" type="open">
      <span>
        <target id="w_49"/>
      </span>
    </term>
    <term tid="t_50" lemma="helemaal" type="open">
      <span>
        <target id="w_50"/>
      </span>
      <sentiment sentiment_modifier="intensifier" resource="VUA_olery_lexicon_nl_lmf"/>
    </term>
    <term tid="t_51" lemma="prima" type="open" pos="G">
      <span>
        <target id="w_51"/>
      </span>
      <sentiment polarity="positive" resource="VUA_olery_lexicon_nl_lmf"/>
    </term>
    <term tid="t_52" lemma="," type="open">
      <span>
        <target id="w_52"/>
      </span>
    </term>
    <term tid="t_53" lemma="en" type="open">
      <span>
        <target id="w_53"/>
      </span>
    </term>
    <term tid="t_54" lemma="onze" type="open">
      <span>
        <target id="w_54"/>
      </span>
    </term>
    <term tid="t_55" lemma="kamer" type="open">
      <span>
        <target id="w_55"/>
      </span>
    </term>
    <term tid="t_56" lemma="was" type="open">
      <span>
        <target id="w_56"/>
      </span>
    </term>
    <term tid="t_57" lemma="zeker" type="open">
      <span>
        <target id="w_57"/>
      </span>
    </term>
    <term tid="t_58" lemma="niet" type="open">
      <span>
        <target id="w_58"/>
      </span>
      <sentiment sentiment_modifier="shifter" resource="VUA_olery_lexicon_nl_lmf"/>
    </term>
    <term tid="t_59" lemma="oubollig" type="open" pos="G">
      <span>
        <target id="w_59"/>
      </span>
      <sentiment polarity="negative" resource="VUA_olery_lexicon_nl_lmf"/>
    </term>
    <term tid="t_60" lemma="zoals" type="open">
      <span>
        <target id="w_60"/>
      </span>
    </term>
    <term tid="t_61" lemma="hieronder" type="open">
      <span>
        <target id="w_61"/>
      </span>
    </term>
    <term tid="t_62" lemma="een" type="open">
      <span>
        <target id="w_62"/>
      </span>
    </term>
    <term tid="t_63" lemma="aantal" type="open">
      <span>
        <target id="w_63"/>
      </span>
    </term>
    <term tid="t_64" lemma="keren" type="open">
      <span>
        <target id="w_64"/>
      </span>
    </term>
    <term tid="t_65" lemma="vermeld" type="open">
      <span>
        <target id="w_65"/>
      </span>
    </term>
    <term tid="t_66" lemma="." type="open">
      <span>
        <target id="w_66"/>
      </span>
    </term>
    <term tid="t_67" lemma="voor" type="open">
      <span>
        <target id="w_67"/>
      </span>
    </term>
    <term tid="t_68" lemma="de" type="open">
      <span>
        <target id="w_68"/>
      </span>
    </term>
    <term tid="t_69" lemma="lunch" type="open">
      <span>
        <target id="w_69"/>
      </span>
    </term>
    <term tid="t_70" lemma="of" type="open">
      <span>
        <target id="w_70"/>
      </span>
    </term>
    <term tid="t_71" lemma="avondeten" type="open">
      <span>
        <target id="w_71"/>
      </span>
    </term>
    <term tid="t_72" lemma="is" type="open">
      <span>
        <target id="w_72"/>
      </span>
    </term>
    <term tid="t_73" lemma="cosi" type="open">
      <span>
        <target id="w_73"/>
      </span>
    </term>
    <term tid="t_74" lemma="(" type="open">
      <span>
        <target id="w_74"/>
      </span>
    </term>
    <term tid="t_75" lemma="aan" type="open">
      <span>
        <target id="w_75"/>
      </span>
    </term>
    <term tid="t_76" lemma="de" type="open">
      <span>
        <target id="w_76"/>
      </span>
    </term>
    <term tid="t_77" lemma="overkant" type="open">
      <span>
        <target id="w_77"/>
      </span>
    </term>
    <term tid="t_78" lemma=")" type="open">
      <span>
        <target id="w_78"/>
      </span>
    </term>
    <term tid="t_79" lemma="een" type="open">
      <span>
        <target id="w_79"/>
      </span>
    </term>
    <term tid="t_80" lemma="goede" type="open" pos="G">
      <span>
        <target id="w_80"/>
      </span>
      <sentiment polarity="positive" resource="VUA_olery_lexicon_nl_lmf"/>
    </term>
    <term tid="t_81" lemma="aanrader" type="open" pos="N">
      <span>
        <target id="w_81"/>
      </span>
      <sentiment polarity="positive" resource="VUA_olery_lexicon_nl_lmf"/>
    </term>
    <term tid="t_82" lemma="." type="open">
      <span>
        <target id="w_82"/>
      </span>
    </term>
    <term tid="t_83" lemma="tip" type="open">
      <span>
        <target id="w_83"/>
      </span>
    </term>
    <term tid="t_84" lemma=":" type="open">
      <span>
        <target id="w_84"/>
      </span>
    </term>
    <term tid="t_85" lemma="ga" type="open">
      <span>
        <target id="w_85"/>
      </span>
    </term>
    <term tid="t_86" lemma="ook" type="open">
      <span>
        <target id="w_86"/>
      </span>
    </term>
    <term tid="t_87" lemma="eens" type="open">
      <span>
        <target id="w_87"/>
      </span>
    </term>
    <term tid="t_88" lemma="'s" type="open">
      <span>
        <target id="w_88"/>
      </span>
    </term>
    <term tid="t_89" lemma="avonds" type="open">
      <span>
        <target id="w_89"/>
      </span>
    </term>
    <term tid="t_90" lemma="in" type="open">
      <span>
        <target id="w_90"/>
      </span>
    </term>
    <term tid="t_91" lemma="het" type="open">
      <span>
        <target id="w_91"/>
      </span>
    </term>
    <term tid="t_92" lemma="donker" type="open" pos="G">
      <span>
        <target id="w_92"/>
      </span>
      <sentiment polarity="negative" resource="VUA_olery_lexicon_nl_lmf"/>
    </term>
    <term tid="t_93" lemma="naar" type="open" pos="G">
      <span>
        <target id="w_93"/>
      </span>
      <sentiment polarity="negative" resource="VUA_olery_lexicon_nl_lmf"/>
    </term>
    <term tid="t_94" lemma="de" type="open">
      <span>
        <target id="w_94"/>
      </span>
    </term>
    <term tid="t_95" lemma="brooklyn" type="open">
      <span>
        <target id="w_95"/>
      </span>
    </term>
    <term tid="t_96" lemma="hights" type="open">
      <span>
        <target id="w_96"/>
      </span>
    </term>
    <term tid="t_97" lemma="promenade" type="open">
      <span>
        <target id="w_97"/>
      </span>
    </term>
    <term tid="t_98" lemma="(" type="open">
      <span>
        <target id="w_98"/>
      </span>
    </term>
    <term tid="t_99" lemma="park" type="open">
      <span>
        <target id="w_99"/>
      </span>
    </term>
    <term tid="t_100" lemma="bij" type="open">
      <span>
        <target id="w_100"/>
      </span>
    </term>
    <term tid="t_101" lemma="brooklyn" type="open">
      <span>
        <target id="w_101"/>
      </span>
    </term>
    <term tid="t_102" lemma="bridge" type="open">
      <span>
        <target id="w_102"/>
      </span>
    </term>
    <term tid="t_103" lemma=")" type="open">
      <span>
        <target id="w_103"/>
      </span>
    </term>
    <term tid="t_104" lemma="voor" type="open">
      <span>
        <target id="w_104"/>
      </span>
    </term>
    <term tid="t_105" lemma="een" type="open">
      <span>
        <target id="w_105"/>
      </span>
    </term>
    <term tid="t_106" lemma="erg" type="open">
      <span>
        <target id="w_106"/>
      </span>
      <sentiment sentiment_modifier="intensifier" resource="VUA_olery_lexicon_nl_lmf"/>
    </term>
    <term tid="t_107" lemma="mooi" type="open" pos="G">
      <span>
        <target id="w_107"/>
      </span>
      <sentiment polarity="positive" resource="VUA_olery_lexicon_nl_lmf"/>
    </term>
    <term tid="t_108" lemma="uitzicht" type="open">
      <span>
        <target id="w_108"/>
      </span>
    </term>
    <term tid="t_109" lemma="op" type="open">
      <span>
        <target id="w_109"/>
      </span>
    </term>
    <term tid="t_110" lemma="de" type="open">
      <span>
        <target id="w_110"/>
      </span>
    </term>
    <term tid="t_111" lemma="skyline" type="open">
      <span>
        <target id="w_111"/>
      </span>
    </term>
    <term tid="t_112" lemma="van" type="open">
      <span>
        <target id="w_112"/>
      </span>
    </term>
    <term tid="t_113" lemma="manhatten" type="open">
      <span>
        <target id="w_113"/>
      </span>
    </term>
    <term tid="t_114" lemma="by" type="open">
      <span>
        <target id="w_114"/>
      </span>
    </term>
    <term tid="t_115" lemma="night" type="open">
      <span>
        <target id="w_115"/>
      </span>
    </term>
    <term tid="t_116" lemma="." type="open">
      <span>
        <target id="w_116"/>
      </span>
    </term>
  </terms>
  <entities>
    <entity type="LOC" eid="e_1">
      <span>
        <target id="t_8"/>
        <target id="t_9"/>
      </span>
    </entity>
    <entity type="PER" eid="e_2">
      <span>
        <target id="t_51"/>
      </span>
    </entity>
    <entity type="ORG" eid="e_3">
      <span>
        <target id="t_26"/>
      </span>
      <span>
        <target id="t_55"/>
      </span>
    </entity>
    <entity type="MISC" eid="e_4">
      <span>
        <target id="t_2"/>
      </span>
    </entity>
    <entity type="MISC" eid="e_5">
      <span>
        <target id="t_35"/>
      </span>
    </entity>
    <entity type="PER" eid="e_6">
      <span>
        <target id="t_1"/>
      </span>
      <span>
        <target id="t_22"/>
      </span>
    </entity>
    <entity type="MISC" eid="e_7">
      <span>
        <target id="t_37"/>
      </span>
    </entity>
  </entities>
  <properties>
    <property type="room" pid="p_1">
      <span>
        <target id="t_26"/>
      </span>
      <span>
        <target id="t_55"/>
      </span>
      <span>
        <target id="t_108"/>
      </span>
    </property>
    <property type="restaurant" pid="p_2">
      <span>
        <target id="t_69"/>
      </span>
      <span>
        <target id="t_71"/>
      </span>
    </property>
    <property type="cleanliness" pid="p_3">
      <span>
        <target id="t_3"/>
      </span>
    </property>
    <property type="facilities" pid="p_4">
      <span>
        <target id="t_99"/>
      </span>
      <span>
        <target id="t_102"/>
      </span>
    </property>
    <property type="location" pid="p_5">
      <span>
        <target id="t_16"/>
      </span>
      <span>
        <target id="t_30"/>
      </span>
      <span>
        <target id="t_77"/>
      </span>
    </property>
    <property type="staff" pid="p_6">
      <span>
        <target id="t_35"/>
      </span>
      <span>
        <target id="t_46"/>
      </span>
    </property>
  </properties>
  <opinions>
    <opinion oid="o_1">
      <opinion_holder>
        <span>
          <target id="t_1"/>
        </span>
      </opinion_holder>
      <opinion_target>
        <span>
          <target id="t_4"/>
        </span>
      </opinion_target>
      <opinion_expression polarity="positive" strength="1">
        <span>
          <target id="t_3"/>
        </span>
      </opinion_expression>
    </opinion>
    <opinion oid="o_2">
      <opinion_target>
        <span>
          <target id="t_45"/>
        </span>
      </opinion_target>
      <opinion_expression polarity="positive" strength="1">
        <span>
          <target id="t_46"/>
        </span>
      </opinion_expression>
    </opinion>
    <opinion oid="o_3">
      <opinion_target>
        <span>
          <target id="t_54"/>
        </span>
      </opinion_target>
      <opinion_expression polarity="positive" strength="2">
        <span>
          <target id="t_51"/>
          <target id="t_50"/>
        </span>
      </opinion_expression>
    </opinion>
    <opinion oid="o_4">
      <opinion_target>
        <span>
          <target id="t_60"/>
        </span>
      </opinion_target>
      <opinion_expression polarity="positive" strength="1">
        <span>
          <target id="t_59"/>
          <target id="t_58"/>
        </span>
      </opinion_expression>
    </opinion>
    <opinion oid="o_5">
      <opinion_target>
        <span>
          <target id="t_77"/>
        </span>
      </opinion_target>
      <opinion_expression polarity="positive" strength="2">
        <span>
          <target id="t_80"/>
          <target id="t_81"/>
        </span>
      </opinion_expression>
    </opinion>
    <opinion oid="o_6">
      <opinion_target>
        <span>
          <target id="t_95"/>
        </span>
      </opinion_target>
      <opinion_expression polarity="negative" strength="-2">
        <span>
          <target id="t_92"/>
          <target id="t_93"/>
        </span>
      </opinion_expression>
    </opinion>
    <opinion oid="o_7">
      <opinion_target>
        <span>
          <target id="t_108"/>
        </span>
      </opinion_target>
      <opinion_expression polarity="positive" strength="2">
        <span>
          <target id="t_107"/>
          <target id="t_106"/>
        </span>
      </opinion_expression>
    </opinion>
  </opinions>
</KAF>
