<?xml version='1.0' encoding='UTF-8'?>
<KAF xml:lang="nl">
  <linguisticProcessors layer="text">
    <lp timestamp="2013-01-06T18:29:25CET" version="2.0" name="SentenceTokenizer"/>
  </linguisticProcessors>
  <linguisticProcessors layer="terms">
    <lp timestamp="2013-01-06T18:29:25CET" version="2.0" name="SentenceTokenizer"/>
    <lp timestamp="2013-01-06T18:29:25CET" version="1.0" name="SimplePolarityTagger"/>
  </linguisticProcessors>
  <linguisticProcessor layer="opinions">
    <lp timestamp="2013-01-06T18:29:25CET" version="1.0" name="SimpleOpinionDetector"/>
  </linguisticProcessor>
  <linguisticProcessor layer="properties">
    <lp timestamp="2013-01-06T18:29:25CET" version="1.0" name="SimplePropRecognizer_lookup"/>
  </linguisticProcessor>
  <linguisticProcessor layer="entities">
    <lp timestamp="2013-01-06T18:29:25CET" version="1.0" name="SimpleNER_lookup"/>
  </linguisticProcessor>
  <text>
    <wf wid="w_1" para="1" sent="1">Het</wf>
    <wf wid="w_2" para="1" sent="1">eten</wf>
    <wf wid="w_3" para="1" sent="1">in</wf>
    <wf wid="w_4" para="1" sent="1">het</wf>
    <wf wid="w_5" para="1" sent="1">restaurant</wf>
    <wf wid="w_6" para="1" sent="1">was</wf>
    <wf wid="w_7" para="1" sent="1">fantastisch</wf>
    <wf wid="w_8" para="1" sent="1">en</wf>
    <wf wid="w_9" para="1" sent="1">de</wf>
    <wf wid="w_10" para="1" sent="1">bediening</wf>
    <wf wid="w_11" para="1" sent="1">daarvan</wf>
    <wf wid="w_12" para="1" sent="1">ook</wf>
    <wf wid="w_13" para="1" sent="1">.</wf>
    <wf wid="w_14" para="1" sent="2">Het</wf>
    <wf wid="w_15" para="1" sent="2">hotel</wf>
    <wf wid="w_16" para="1" sent="2">is</wf>
    <wf wid="w_17" para="1" sent="2">prachtig</wf>
    <wf wid="w_18" para="1" sent="2">en</wf>
    <wf wid="w_19" para="1" sent="2">zomers</wf>
    <wf wid="w_20" para="1" sent="2">is</wf>
    <wf wid="w_21" para="1" sent="2">de</wf>
    <wf wid="w_22" para="1" sent="2">tuin</wf>
    <wf wid="w_23" para="1" sent="2">te</wf>
    <wf wid="w_24" para="1" sent="2">gek</wf>
    <wf wid="w_25" para="1" sent="2">.</wf>
    <wf wid="w_26" para="1" sent="3">Je</wf>
    <wf wid="w_27" para="1" sent="3">waant</wf>
    <wf wid="w_28" para="1" sent="3">je</wf>
    <wf wid="w_29" para="1" sent="3">in</wf>
    <wf wid="w_30" para="1" sent="3">een</wf>
    <wf wid="w_31" para="1" sent="3">duur</wf>
    <wf wid="w_32" para="1" sent="3">en</wf>
    <wf wid="w_33" para="1" sent="3">mooie</wf>
    <wf wid="w_34" para="1" sent="3">omgeving</wf>
    <wf wid="w_35" para="1" sent="3">..</wf>
    <wf wid="w_36" para="1" sent="4">Wij</wf>
    <wf wid="w_37" para="1" sent="4">hadden</wf>
    <wf wid="w_38" para="1" sent="4">een</wf>
    <wf wid="w_39" para="1" sent="4">dubble</wf>
    <wf wid="w_40" para="1" sent="4">suprieur</wf>
    <wf wid="w_41" para="1" sent="4">room</wf>
    <wf wid="w_42" para="1" sent="4">gereserveerd</wf>
    <wf wid="w_43" para="1" sent="4">maar</wf>
    <wf wid="w_44" para="1" sent="4">bij</wf>
    <wf wid="w_45" para="1" sent="4">aankomst</wf>
    <wf wid="w_46" para="1" sent="4">stond</wf>
    <wf wid="w_47" para="1" sent="4">er</wf>
    <wf wid="w_48" para="1" sent="4">single</wf>
    <wf wid="w_49" para="1" sent="4">.</wf>
    <wf wid="w_50" para="1" sent="5">Men</wf>
    <wf wid="w_51" para="1" sent="5">zei</wf>
    <wf wid="w_52" para="1" sent="5">dat</wf>
    <wf wid="w_53" para="1" sent="5">dat</wf>
    <wf wid="w_54" para="1" sent="5">in</wf>
    <wf wid="w_55" para="1" sent="5">het</wf>
    <wf wid="w_56" para="1" sent="5">computersysteem</wf>
    <wf wid="w_57" para="1" sent="5">niet</wf>
    <wf wid="w_58" para="1" sent="5">veranderd</wf>
    <wf wid="w_59" para="1" sent="5">kon</wf>
    <wf wid="w_60" para="1" sent="5">maar</wf>
    <wf wid="w_61" para="1" sent="5">het</wf>
    <wf wid="w_62" para="1" sent="5">is</wf>
    <wf wid="w_63" para="1" sent="5">een</wf>
    <wf wid="w_64" para="1" sent="5">2</wf>
    <wf wid="w_65" para="1" sent="5">persoonskamer</wf>
    <wf wid="w_66" para="1" sent="5">.</wf>
    <wf wid="w_67" para="1" sent="6">De</wf>
    <wf wid="w_68" para="1" sent="6">kamer</wf>
    <wf wid="w_69" para="1" sent="6">was</wf>
    <wf wid="w_70" para="1" sent="6">heeeeel</wf>
    <wf wid="w_71" para="1" sent="6">klein</wf>
    <wf wid="w_72" para="1" sent="6">en</wf>
    <wf wid="w_73" para="1" sent="6">het</wf>
    <wf wid="w_74" para="1" sent="6">bed</wf>
    <wf wid="w_75" para="1" sent="6">was</wf>
    <wf wid="w_76" para="1" sent="6">een</wf>
    <wf wid="w_77" para="1" sent="6">twijfelaar</wf>
    <wf wid="w_78" para="1" sent="6">met</wf>
    <wf wid="w_79" para="1" sent="6">1</wf>
    <wf wid="w_80" para="1" sent="6">dekbed</wf>
    <wf wid="w_81" para="1" sent="6">.</wf>
    <wf wid="w_82" para="1" sent="7">Je</wf>
    <wf wid="w_83" para="1" sent="7">kon</wf>
    <wf wid="w_84" para="1" sent="7">j</wf>
  </text>
  <terms>
    <term tid="t_1" lemma="het" type="open">
      <span>
        <target id="w_1"/>
      </span>
    </term>
    <term tid="t_2" lemma="eten" type="open">
      <span>
        <target id="w_2"/>
      </span>
    </term>
    <term tid="t_3" lemma="in" type="open">
      <span>
        <target id="w_3"/>
      </span>
    </term>
    <term tid="t_4" lemma="het" type="open">
      <span>
        <target id="w_4"/>
      </span>
    </term>
    <term tid="t_5" lemma="restaurant" type="open">
      <span>
        <target id="w_5"/>
      </span>
    </term>
    <term tid="t_6" lemma="was" type="open">
      <span>
        <target id="w_6"/>
      </span>
    </term>
    <term tid="t_7" lemma="fantastisch" type="open" pos="G">
      <span>
        <target id="w_7"/>
      </span>
      <sentiment polarity="positive" resource="VUA_olery_lexicon_nl_lmf"/>
    </term>
    <term tid="t_8" lemma="en" type="open">
      <span>
        <target id="w_8"/>
      </span>
    </term>
    <term tid="t_9" lemma="de" type="open">
      <span>
        <target id="w_9"/>
      </span>
    </term>
    <term tid="t_10" lemma="bediening" type="open">
      <span>
        <target id="w_10"/>
      </span>
    </term>
    <term tid="t_11" lemma="daarvan" type="open">
      <span>
        <target id="w_11"/>
      </span>
    </term>
    <term tid="t_12" lemma="ook" type="open">
      <span>
        <target id="w_12"/>
      </span>
    </term>
    <term tid="t_13" lemma="." type="open">
      <span>
        <target id="w_13"/>
      </span>
    </term>
    <term tid="t_14" lemma="het" type="open">
      <span>
        <target id="w_14"/>
      </span>
    </term>
    <term tid="t_15" lemma="hotel" type="open">
      <span>
        <target id="w_15"/>
      </span>
    </term>
    <term tid="t_16" lemma="is" type="open">
      <span>
        <target id="w_16"/>
      </span>
    </term>
    <term tid="t_17" lemma="prachtig" type="open" pos="G">
      <span>
        <target id="w_17"/>
      </span>
      <sentiment polarity="positive" resource="VUA_olery_lexicon_nl_lmf"/>
    </term>
    <term tid="t_18" lemma="en" type="open">
      <span>
        <target id="w_18"/>
      </span>
    </term>
    <term tid="t_19" lemma="zomers" type="open">
      <span>
        <target id="w_19"/>
      </span>
    </term>
    <term tid="t_20" lemma="is" type="open">
      <span>
        <target id="w_20"/>
      </span>
    </term>
    <term tid="t_21" lemma="de" type="open">
      <span>
        <target id="w_21"/>
      </span>
    </term>
    <term tid="t_22" lemma="tuin" type="open">
      <span>
        <target id="w_22"/>
      </span>
    </term>
    <term tid="t_23" lemma="te" type="open">
      <span>
        <target id="w_23"/>
      </span>
    </term>
    <term tid="t_24" lemma="gek" type="open" pos="G">
      <span>
        <target id="w_24"/>
      </span>
      <sentiment polarity="negative" resource="VUA_olery_lexicon_nl_lmf"/>
    </term>
    <term tid="t_25" lemma="." type="open">
      <span>
        <target id="w_25"/>
      </span>
    </term>
    <term tid="t_26" lemma="je" type="open">
      <span>
        <target id="w_26"/>
      </span>
    </term>
    <term tid="t_27" lemma="waant" type="open">
      <span>
        <target id="w_27"/>
      </span>
    </term>
    <term tid="t_28" lemma="je" type="open">
      <span>
        <target id="w_28"/>
      </span>
    </term>
    <term tid="t_29" lemma="in" type="open">
      <span>
        <target id="w_29"/>
      </span>
    </term>
    <term tid="t_30" lemma="een" type="open">
      <span>
        <target id="w_30"/>
      </span>
    </term>
    <term tid="t_31" lemma="duur" type="open" pos="G">
      <span>
        <target id="w_31"/>
      </span>
      <sentiment polarity="negative" resource="VUA_olery_lexicon_nl_lmf"/>
    </term>
    <term tid="t_32" lemma="en" type="open">
      <span>
        <target id="w_32"/>
      </span>
    </term>
    <term tid="t_33" lemma="mooie" type="open">
      <span>
        <target id="w_33"/>
      </span>
    </term>
    <term tid="t_34" lemma="omgeving" type="open">
      <span>
        <target id="w_34"/>
      </span>
    </term>
    <term tid="t_35" lemma=".." type="open">
      <span>
        <target id="w_35"/>
      </span>
    </term>
    <term tid="t_36" lemma="wij" type="open">
      <span>
        <target id="w_36"/>
      </span>
    </term>
    <term tid="t_37" lemma="hadden" type="open">
      <span>
        <target id="w_37"/>
      </span>
    </term>
    <term tid="t_38" lemma="een" type="open">
      <span>
        <target id="w_38"/>
      </span>
    </term>
    <term tid="t_39" lemma="dubble" type="open">
      <span>
        <target id="w_39"/>
      </span>
    </term>
    <term tid="t_40" lemma="suprieur" type="open">
      <span>
        <target id="w_40"/>
      </span>
    </term>
    <term tid="t_41" lemma="room" type="open">
      <span>
        <target id="w_41"/>
      </span>
    </term>
    <term tid="t_42" lemma="gereserveerd" type="open">
      <span>
        <target id="w_42"/>
      </span>
    </term>
    <term tid="t_43" lemma="maar" type="open">
      <span>
        <target id="w_43"/>
      </span>
    </term>
    <term tid="t_44" lemma="bij" type="open">
      <span>
        <target id="w_44"/>
      </span>
    </term>
    <term tid="t_45" lemma="aankomst" type="open">
      <span>
        <target id="w_45"/>
      </span>
    </term>
    <term tid="t_46" lemma="stond" type="open">
      <span>
        <target id="w_46"/>
      </span>
    </term>
    <term tid="t_47" lemma="er" type="open">
      <span>
        <target id="w_47"/>
      </span>
    </term>
    <term tid="t_48" lemma="single" type="open">
      <span>
        <target id="w_48"/>
      </span>
    </term>
    <term tid="t_49" lemma="." type="open">
      <span>
        <target id="w_49"/>
      </span>
    </term>
    <term tid="t_50" lemma="men" type="open">
      <span>
        <target id="w_50"/>
      </span>
    </term>
    <term tid="t_51" lemma="zei" type="open">
      <span>
        <target id="w_51"/>
      </span>
    </term>
    <term tid="t_52" lemma="dat" type="open">
      <span>
        <target id="w_52"/>
      </span>
    </term>
    <term tid="t_53" lemma="dat" type="open">
      <span>
        <target id="w_53"/>
      </span>
    </term>
    <term tid="t_54" lemma="in" type="open">
      <span>
        <target id="w_54"/>
      </span>
    </term>
    <term tid="t_55" lemma="het" type="open">
      <span>
        <target id="w_55"/>
      </span>
    </term>
    <term tid="t_56" lemma="computersysteem" type="open">
      <span>
        <target id="w_56"/>
      </span>
    </term>
    <term tid="t_57" lemma="niet" type="open">
      <span>
        <target id="w_57"/>
      </span>
      <sentiment sentiment_modifier="shifter" resource="VUA_olery_lexicon_nl_lmf"/>
    </term>
    <term tid="t_58" lemma="veranderd" type="open">
      <span>
        <target id="w_58"/>
      </span>
    </term>
    <term tid="t_59" lemma="kon" type="open">
      <span>
        <target id="w_59"/>
      </span>
    </term>
    <term tid="t_60" lemma="maar" type="open">
      <span>
        <target id="w_60"/>
      </span>
    </term>
    <term tid="t_61" lemma="het" type="open">
      <span>
        <target id="w_61"/>
      </span>
    </term>
    <term tid="t_62" lemma="is" type="open">
      <span>
        <target id="w_62"/>
      </span>
    </term>
    <term tid="t_63" lemma="een" type="open">
      <span>
        <target id="w_63"/>
      </span>
    </term>
    <term tid="t_64" lemma="2" type="open">
      <span>
        <target id="w_64"/>
      </span>
    </term>
    <term tid="t_65" lemma="persoonskamer" type="open">
      <span>
        <target id="w_65"/>
      </span>
    </term>
    <term tid="t_66" lemma="." type="open">
      <span>
        <target id="w_66"/>
      </span>
    </term>
    <term tid="t_67" lemma="de" type="open">
      <span>
        <target id="w_67"/>
      </span>
    </term>
    <term tid="t_68" lemma="kamer" type="open">
      <span>
        <target id="w_68"/>
      </span>
    </term>
    <term tid="t_69" lemma="was" type="open">
      <span>
        <target id="w_69"/>
      </span>
    </term>
    <term tid="t_70" lemma="heeeeel" type="open">
      <span>
        <target id="w_70"/>
      </span>
    </term>
    <term tid="t_71" lemma="klein" type="open">
      <span>
        <target id="w_71"/>
      </span>
    </term>
    <term tid="t_72" lemma="en" type="open">
      <span>
        <target id="w_72"/>
      </span>
    </term>
    <term tid="t_73" lemma="het" type="open">
      <span>
        <target id="w_73"/>
      </span>
    </term>
    <term tid="t_74" lemma="bed" type="open">
      <span>
        <target id="w_74"/>
      </span>
    </term>
    <term tid="t_75" lemma="was" type="open">
      <span>
        <target id="w_75"/>
      </span>
    </term>
    <term tid="t_76" lemma="een" type="open">
      <span>
        <target id="w_76"/>
      </span>
    </term>
    <term tid="t_77" lemma="twijfelaar" type="open">
      <span>
        <target id="w_77"/>
      </span>
    </term>
    <term tid="t_78" lemma="met" type="open">
      <span>
        <target id="w_78"/>
      </span>
    </term>
    <term tid="t_79" lemma="1" type="open">
      <span>
        <target id="w_79"/>
      </span>
    </term>
    <term tid="t_80" lemma="dekbed" type="open">
      <span>
        <target id="w_80"/>
      </span>
    </term>
    <term tid="t_81" lemma="." type="open">
      <span>
        <target id="w_81"/>
      </span>
    </term>
    <term tid="t_82" lemma="je" type="open">
      <span>
        <target id="w_82"/>
      </span>
    </term>
    <term tid="t_83" lemma="kon" type="open">
      <span>
        <target id="w_83"/>
      </span>
    </term>
    <term tid="t_84" lemma="j" type="open">
      <span>
        <target id="w_84"/>
      </span>
    </term>
  </terms>
  <entities>
    <entity type="PER" eid="e_1">
      <span>
        <target id="t_79"/>
      </span>
    </entity>
    <entity type="ORG" eid="e_2">
      <span>
        <target id="t_68"/>
      </span>
    </entity>
    <entity type="PER" eid="e_3">
      <span>
        <target id="t_64"/>
      </span>
    </entity>
  </entities>
  <properties>
    <property type="value_for_money" pid="p_1">
      <span>
        <target id="t_31"/>
      </span>
    </property>
    <property type="room" pid="p_2">
      <span>
        <target id="t_65"/>
      </span>
      <span>
        <target id="t_68"/>
      </span>
    </property>
    <property type="restaurant" pid="p_3">
      <span>
        <target id="t_2"/>
      </span>
      <span>
        <target id="t_5"/>
      </span>
    </property>
    <property type="sleeping_comfort" pid="p_4">
      <span>
        <target id="t_74"/>
      </span>
      <span>
        <target id="t_77"/>
      </span>
      <span>
        <target id="t_80"/>
      </span>
    </property>
    <property type="facilities" pid="p_5">
      <span>
        <target id="t_22"/>
      </span>
    </property>
    <property type="location" pid="p_6">
      <span>
        <target id="t_34"/>
      </span>
    </property>
    <property type="staff" pid="p_7">
      <span>
        <target id="t_10"/>
      </span>
    </property>
  </properties>
  <opinions>
    <opinion oid="o_1">
      <opinion_target>
        <span>
          <target id="t_10"/>
        </span>
      </opinion_target>
      <opinion_expression polarity="positive" strength="1">
        <span>
          <target id="t_7"/>
        </span>
      </opinion_expression>
    </opinion>
    <opinion oid="o_2">
      <opinion_target>
        <span>
          <target id="t_19"/>
        </span>
      </opinion_target>
      <opinion_expression polarity="positive" strength="1">
        <span>
          <target id="t_17"/>
        </span>
      </opinion_expression>
    </opinion>
    <opinion oid="o_3">
      <opinion_target>
        <span>
          <target id="t_22"/>
        </span>
      </opinion_target>
      <opinion_expression polarity="negative" strength="-1">
        <span>
          <target id="t_24"/>
        </span>
      </opinion_expression>
    </opinion>
    <opinion oid="o_4">
      <opinion_target>
        <span>
          <target id="t_33"/>
        </span>
      </opinion_target>
      <opinion_expression polarity="negative" strength="-1">
        <span>
          <target id="t_31"/>
        </span>
      </opinion_expression>
    </opinion>
  </opinions>
</KAF>
