<?xml version='1.0' encoding='UTF-8'?>
<KAF xml:lang="nl">
  <linguisticProcessors layer="text">
    <lp timestamp="2013-01-06T18:32:48CET" version="2.0" name="SentenceTokenizer"/>
  </linguisticProcessors>
  <linguisticProcessors layer="terms">
    <lp timestamp="2013-01-06T18:32:48CET" version="2.0" name="SentenceTokenizer"/>
    <lp timestamp="2013-01-06T18:32:48CET" version="1.0" name="SimplePolarityTagger"/>
  </linguisticProcessors>
  <linguisticProcessor layer="opinions">
    <lp timestamp="2013-01-06T18:32:48CET" version="1.0" name="SimpleOpinionDetector"/>
  </linguisticProcessor>
  <linguisticProcessor layer="properties">
    <lp timestamp="2013-01-06T18:32:48CET" version="1.0" name="SimplePropRecognizer_lookup"/>
  </linguisticProcessor>
  <linguisticProcessor layer="entities">
    <lp timestamp="2013-01-06T18:32:48CET" version="1.0" name="SimpleNER_lookup"/>
  </linguisticProcessor>
  <text>
    <wf wid="w_1" para="1" sent="1">Goed</wf>
    <wf wid="w_2" para="1" sent="1">hotel</wf>
    <wf wid="w_3" para="1" sent="1">aardig</wf>
    <wf wid="w_4" para="1" sent="1">personeel</wf>
    <wf wid="w_5" para="1" sent="1">goed</wf>
    <wf wid="w_6" para="1" sent="1">eten</wf>
    <wf wid="w_7" para="1" sent="1">prima</wf>
    <wf wid="w_8" para="1" sent="1">kamer</wf>
    <wf wid="w_9" para="1" sent="1">.</wf>
    <wf wid="w_10" para="1" sent="2">Alleen</wf>
    <wf wid="w_11" para="1" sent="2">je</wf>
    <wf wid="w_12" para="1" sent="2">moet</wf>
    <wf wid="w_13" para="1" sent="2">met</wf>
    <wf wid="w_14" para="1" sent="2">de</wf>
    <wf wid="w_15" para="1" sent="2">auto</wf>
    <wf wid="w_16" para="1" sent="2">gaan</wf>
    <wf wid="w_17" para="1" sent="2">en</wf>
    <wf wid="w_18" para="1" sent="2">het</wf>
    <wf wid="w_19" para="1" sent="2">moet</wf>
    <wf wid="w_20" para="1" sent="2">beter</wf>
    <wf wid="w_21" para="1" sent="2">aangegeven</wf>
    <wf wid="w_22" para="1" sent="2">worden</wf>
    <wf wid="w_23" para="1" sent="2">dat</wf>
    <wf wid="w_24" para="1" sent="2">het</wf>
    <wf wid="w_25" para="1" sent="2">niet</wf>
    <wf wid="w_26" para="1" sent="2">in</wf>
    <wf wid="w_27" para="1" sent="2">Berlijn</wf>
    <wf wid="w_28" para="1" sent="2">ligt</wf>
    <wf wid="w_29" para="1" sent="2">want</wf>
    <wf wid="w_30" para="1" sent="2">met</wf>
    <wf wid="w_31" para="1" sent="2">de</wf>
    <wf wid="w_32" para="1" sent="2">tomtom</wf>
    <wf wid="w_33" para="1" sent="2">kom</wf>
    <wf wid="w_34" para="1" sent="2">je</wf>
    <wf wid="w_35" para="1" sent="2">ergens</wf>
    <wf wid="w_36" para="1" sent="2">anders</wf>
    <wf wid="w_37" para="1" sent="2">uit</wf>
    <wf wid="w_38" para="1" sent="2">in</wf>
    <wf wid="w_39" para="1" sent="2">Berlijn</wf>
    <wf wid="w_40" para="1" sent="2">en</wf>
    <wf wid="w_41" para="1" sent="2">dan</wf>
    <wf wid="w_42" para="1" sent="2">moet</wf>
    <wf wid="w_43" para="1" sent="2">weer</wf>
    <wf wid="w_44" para="1" sent="2">ongeveer</wf>
    <wf wid="w_45" para="1" sent="2">35</wf>
    <wf wid="w_46" para="1" sent="2">min</wf>
    <wf wid="w_47" para="1" sent="2">.</wf>
    <wf wid="w_48" para="1" sent="3">rijden</wf>
    <wf wid="w_49" para="1" sent="3">om</wf>
    <wf wid="w_50" para="1" sent="3">op</wf>
    <wf wid="w_51" para="1" sent="3">het</wf>
    <wf wid="w_52" para="1" sent="3">adres</wf>
    <wf wid="w_53" para="1" sent="3">buiten</wf>
    <wf wid="w_54" para="1" sent="3">Berlijn</wf>
    <wf wid="w_55" para="1" sent="3">tekomen</wf>
    <wf wid="w_56" para="1" sent="3">.</wf>
  </text>
  <terms>
    <term tid="t_1" lemma="goed" type="open" pos="G">
      <span>
        <target id="w_1"/>
      </span>
      <sentiment polarity="positive" resource="VUA_olery_lexicon_nl_lmf"/>
    </term>
    <term tid="t_2" lemma="hotel" type="open">
      <span>
        <target id="w_2"/>
      </span>
    </term>
    <term tid="t_3" lemma="aardig" type="open" pos="G">
      <span>
        <target id="w_3"/>
      </span>
      <sentiment polarity="positive" resource="VUA_olery_lexicon_nl_lmf"/>
    </term>
    <term tid="t_4" lemma="personeel" type="open">
      <span>
        <target id="w_4"/>
      </span>
    </term>
    <term tid="t_5" lemma="goed" type="open" pos="G">
      <span>
        <target id="w_5"/>
      </span>
      <sentiment polarity="positive" resource="VUA_olery_lexicon_nl_lmf"/>
    </term>
    <term tid="t_6" lemma="eten" type="open">
      <span>
        <target id="w_6"/>
      </span>
    </term>
    <term tid="t_7" lemma="prima" type="open" pos="G">
      <span>
        <target id="w_7"/>
      </span>
      <sentiment polarity="positive" resource="VUA_olery_lexicon_nl_lmf"/>
    </term>
    <term tid="t_8" lemma="kamer" type="open">
      <span>
        <target id="w_8"/>
      </span>
    </term>
    <term tid="t_9" lemma="." type="open">
      <span>
        <target id="w_9"/>
      </span>
    </term>
    <term tid="t_10" lemma="alleen" type="open">
      <span>
        <target id="w_10"/>
      </span>
    </term>
    <term tid="t_11" lemma="je" type="open">
      <span>
        <target id="w_11"/>
      </span>
    </term>
    <term tid="t_12" lemma="moet" type="open">
      <span>
        <target id="w_12"/>
      </span>
    </term>
    <term tid="t_13" lemma="met" type="open">
      <span>
        <target id="w_13"/>
      </span>
    </term>
    <term tid="t_14" lemma="de" type="open">
      <span>
        <target id="w_14"/>
      </span>
    </term>
    <term tid="t_15" lemma="auto" type="open">
      <span>
        <target id="w_15"/>
      </span>
    </term>
    <term tid="t_16" lemma="gaan" type="open">
      <span>
        <target id="w_16"/>
      </span>
    </term>
    <term tid="t_17" lemma="en" type="open">
      <span>
        <target id="w_17"/>
      </span>
    </term>
    <term tid="t_18" lemma="het" type="open">
      <span>
        <target id="w_18"/>
      </span>
    </term>
    <term tid="t_19" lemma="moet" type="open">
      <span>
        <target id="w_19"/>
      </span>
    </term>
    <term tid="t_20" lemma="beter" type="open">
      <span>
        <target id="w_20"/>
      </span>
    </term>
    <term tid="t_21" lemma="aangegeven" type="open">
      <span>
        <target id="w_21"/>
      </span>
    </term>
    <term tid="t_22" lemma="worden" type="open">
      <span>
        <target id="w_22"/>
      </span>
    </term>
    <term tid="t_23" lemma="dat" type="open">
      <span>
        <target id="w_23"/>
      </span>
    </term>
    <term tid="t_24" lemma="het" type="open">
      <span>
        <target id="w_24"/>
      </span>
    </term>
    <term tid="t_25" lemma="niet" type="open">
      <span>
        <target id="w_25"/>
      </span>
      <sentiment sentiment_modifier="shifter" resource="VUA_olery_lexicon_nl_lmf"/>
    </term>
    <term tid="t_26" lemma="in" type="open">
      <span>
        <target id="w_26"/>
      </span>
    </term>
    <term tid="t_27" lemma="berlijn" type="open">
      <span>
        <target id="w_27"/>
      </span>
    </term>
    <term tid="t_28" lemma="ligt" type="open">
      <span>
        <target id="w_28"/>
      </span>
    </term>
    <term tid="t_29" lemma="want" type="open">
      <span>
        <target id="w_29"/>
      </span>
    </term>
    <term tid="t_30" lemma="met" type="open">
      <span>
        <target id="w_30"/>
      </span>
    </term>
    <term tid="t_31" lemma="de" type="open">
      <span>
        <target id="w_31"/>
      </span>
    </term>
    <term tid="t_32" lemma="tomtom" type="open">
      <span>
        <target id="w_32"/>
      </span>
    </term>
    <term tid="t_33" lemma="kom" type="open">
      <span>
        <target id="w_33"/>
      </span>
    </term>
    <term tid="t_34" lemma="je" type="open">
      <span>
        <target id="w_34"/>
      </span>
    </term>
    <term tid="t_35" lemma="ergens" type="open">
      <span>
        <target id="w_35"/>
      </span>
    </term>
    <term tid="t_36" lemma="anders" type="open">
      <span>
        <target id="w_36"/>
      </span>
    </term>
    <term tid="t_37" lemma="uit" type="open">
      <span>
        <target id="w_37"/>
      </span>
    </term>
    <term tid="t_38" lemma="in" type="open">
      <span>
        <target id="w_38"/>
      </span>
    </term>
    <term tid="t_39" lemma="berlijn" type="open">
      <span>
        <target id="w_39"/>
      </span>
    </term>
    <term tid="t_40" lemma="en" type="open">
      <span>
        <target id="w_40"/>
      </span>
    </term>
    <term tid="t_41" lemma="dan" type="open">
      <span>
        <target id="w_41"/>
      </span>
    </term>
    <term tid="t_42" lemma="moet" type="open">
      <span>
        <target id="w_42"/>
      </span>
    </term>
    <term tid="t_43" lemma="weer" type="open">
      <span>
        <target id="w_43"/>
      </span>
    </term>
    <term tid="t_44" lemma="ongeveer" type="open">
      <span>
        <target id="w_44"/>
      </span>
    </term>
    <term tid="t_45" lemma="35" type="open">
      <span>
        <target id="w_45"/>
      </span>
    </term>
    <term tid="t_46" lemma="min" type="open" pos="G">
      <span>
        <target id="w_46"/>
      </span>
      <sentiment polarity="negative" resource="VUA_olery_lexicon_nl_lmf"/>
    </term>
    <term tid="t_47" lemma="." type="open">
      <span>
        <target id="w_47"/>
      </span>
    </term>
    <term tid="t_48" lemma="rijden" type="open">
      <span>
        <target id="w_48"/>
      </span>
    </term>
    <term tid="t_49" lemma="om" type="open">
      <span>
        <target id="w_49"/>
      </span>
    </term>
    <term tid="t_50" lemma="op" type="open">
      <span>
        <target id="w_50"/>
      </span>
    </term>
    <term tid="t_51" lemma="het" type="open">
      <span>
        <target id="w_51"/>
      </span>
    </term>
    <term tid="t_52" lemma="adres" type="open">
      <span>
        <target id="w_52"/>
      </span>
    </term>
    <term tid="t_53" lemma="buiten" type="open">
      <span>
        <target id="w_53"/>
      </span>
    </term>
    <term tid="t_54" lemma="berlijn" type="open">
      <span>
        <target id="w_54"/>
      </span>
    </term>
    <term tid="t_55" lemma="tekomen" type="open">
      <span>
        <target id="w_55"/>
      </span>
    </term>
    <term tid="t_56" lemma="." type="open">
      <span>
        <target id="w_56"/>
      </span>
    </term>
  </terms>
  <entities>
    <entity type="PER" eid="e_1">
      <span>
        <target id="t_46"/>
      </span>
    </entity>
    <entity type="LOC" eid="e_2">
      <span>
        <target id="t_27"/>
      </span>
      <span>
        <target id="t_39"/>
      </span>
      <span>
        <target id="t_54"/>
      </span>
    </entity>
    <entity type="PER" eid="e_3">
      <span>
        <target id="t_7"/>
      </span>
    </entity>
    <entity type="ORG" eid="e_4">
      <span>
        <target id="t_8"/>
      </span>
    </entity>
  </entities>
  <properties>
    <property type="restaurant" pid="p_1">
      <span>
        <target id="t_6"/>
      </span>
    </property>
    <property type="room" pid="p_2">
      <span>
        <target id="t_8"/>
      </span>
    </property>
    <property type="staff" pid="p_3">
      <span>
        <target id="t_3"/>
      </span>
      <span>
        <target id="t_4"/>
      </span>
    </property>
  </properties>
  <opinions>
    <opinion oid="o_1">
      <opinion_target>
        <span>
          <target id="t_2"/>
        </span>
      </opinion_target>
      <opinion_expression polarity="positive" strength="1">
        <span>
          <target id="t_1"/>
        </span>
      </opinion_expression>
    </opinion>
    <opinion oid="o_2">
      <opinion_target>
        <span>
          <target id="t_4"/>
        </span>
      </opinion_target>
      <opinion_expression polarity="positive" strength="1">
        <span>
          <target id="t_3"/>
        </span>
      </opinion_expression>
    </opinion>
    <opinion oid="o_3">
      <opinion_target>
        <span>
          <target id="t_6"/>
        </span>
      </opinion_target>
      <opinion_expression polarity="positive" strength="1">
        <span>
          <target id="t_5"/>
        </span>
      </opinion_expression>
    </opinion>
    <opinion oid="o_4">
      <opinion_target>
        <span>
          <target id="t_8"/>
        </span>
      </opinion_target>
      <opinion_expression polarity="positive" strength="1">
        <span>
          <target id="t_7"/>
        </span>
      </opinion_expression>
    </opinion>
    <opinion oid="o_5">
      <opinion_target>
        <span>
          <target id="t_44"/>
        </span>
      </opinion_target>
      <opinion_expression polarity="negative" strength="-1">
        <span>
          <target id="t_46"/>
        </span>
      </opinion_expression>
    </opinion>
  </opinions>
</KAF>
