<?xml version='1.0' encoding='UTF-8'?>
<KAF xml:lang="nl">
  <linguisticProcessors layer="text">
    <lp timestamp="2013-01-06T18:30:49CET" version="2.0" name="SentenceTokenizer"/>
  </linguisticProcessors>
  <linguisticProcessors layer="terms">
    <lp timestamp="2013-01-06T18:30:49CET" version="2.0" name="SentenceTokenizer"/>
    <lp timestamp="2013-01-06T18:30:49CET" version="1.0" name="SimplePolarityTagger"/>
  </linguisticProcessors>
  <linguisticProcessor layer="opinions">
    <lp timestamp="2013-01-06T18:30:49CET" version="1.0" name="SimpleOpinionDetector"/>
  </linguisticProcessor>
  <linguisticProcessor layer="properties">
    <lp timestamp="2013-01-06T18:30:49CET" version="1.0" name="SimplePropRecognizer_lookup"/>
  </linguisticProcessor>
  <linguisticProcessor layer="entities">
    <lp timestamp="2013-01-06T18:30:49CET" version="1.0" name="SimpleNER_lookup"/>
  </linguisticProcessor>
  <text>
    <wf wid="w_1" para="1" sent="1">Vriendelijk</wf>
    <wf wid="w_2" para="1" sent="1">onthaal</wf>
    <wf wid="w_3" para="1" sent="1">,</wf>
    <wf wid="w_4" para="1" sent="1">mooie</wf>
    <wf wid="w_5" para="1" sent="1">kamers</wf>
    <wf wid="w_6" para="1" sent="1">,</wf>
  </text>
  <terms>
    <term tid="t_1" lemma="vriendelijk" type="open" pos="G">
      <span>
        <target id="w_1"/>
      </span>
      <sentiment polarity="positive" resource="VUA_olery_lexicon_nl_lmf"/>
    </term>
    <term tid="t_2" lemma="onthaal" type="open">
      <span>
        <target id="w_2"/>
      </span>
    </term>
    <term tid="t_3" lemma="," type="open">
      <span>
        <target id="w_3"/>
      </span>
    </term>
    <term tid="t_4" lemma="mooie" type="open">
      <span>
        <target id="w_4"/>
      </span>
    </term>
    <term tid="t_5" lemma="kamers" type="open">
      <span>
        <target id="w_5"/>
      </span>
    </term>
    <term tid="t_6" lemma="," type="open">
      <span>
        <target id="w_6"/>
      </span>
    </term>
  </terms>
  <properties>
    <property type="staff" pid="p_1">
      <span>
        <target id="t_1"/>
      </span>
      <span>
        <target id="t_2"/>
      </span>
    </property>
  </properties>
  <opinions>
    <opinion oid="o_1">
      <opinion_target>
        <span>
          <target id="t_2"/>
        </span>
      </opinion_target>
      <opinion_expression polarity="positive" strength="1">
        <span>
          <target id="t_1"/>
        </span>
      </opinion_expression>
    </opinion>
  </opinions>
</KAF>
