<?xml version='1.0' encoding='UTF-8'?>
<KAF xml:lang="nl">
  <linguisticProcessors layer="text">
    <lp timestamp="2013-01-06T18:34:30CET" version="2.0" name="SentenceTokenizer"/>
  </linguisticProcessors>
  <linguisticProcessors layer="terms">
    <lp timestamp="2013-01-06T18:34:30CET" version="2.0" name="SentenceTokenizer"/>
    <lp timestamp="2013-01-06T18:34:30CET" version="1.0" name="SimplePolarityTagger"/>
  </linguisticProcessors>
  <linguisticProcessor layer="opinions">
    <lp timestamp="2013-01-06T18:34:30CET" version="1.0" name="SimpleOpinionDetector"/>
  </linguisticProcessor>
  <linguisticProcessor layer="properties">
    <lp timestamp="2013-01-06T18:34:30CET" version="1.0" name="SimplePropRecognizer_lookup"/>
  </linguisticProcessor>
  <linguisticProcessor layer="entities">
    <lp timestamp="2013-01-06T18:34:30CET" version="1.0" name="SimpleNER_lookup"/>
  </linguisticProcessor>
  <text>
    <wf wid="w_1" para="1" sent="1">sfeervolle</wf>
    <wf wid="w_2" para="1" sent="1">aankleding</wf>
    <wf wid="w_3" para="1" sent="1">.</wf>
    <wf wid="w_4" para="1" sent="2">mn</wf>
    <wf wid="w_5" para="1" sent="2">lounge</wf>
    <wf wid="w_6" para="1" sent="2">en</wf>
    <wf wid="w_7" para="1" sent="2">restaurant</wf>
    <wf wid="w_8" para="1" sent="2">;</wf>
    <wf wid="w_9" para="1" sent="2">prettige</wf>
    <wf wid="w_10" para="1" sent="2">bediening</wf>
    <wf wid="w_11" para="1" sent="2">..</wf>
    <wf wid="w_12" para="1" sent="3">enige</wf>
    <wf wid="w_13" para="1" sent="3">geluidshinder</wf>
    <wf wid="w_14" para="1" sent="3">zowel</wf>
    <wf wid="w_15" para="1" sent="3">van</wf>
    <wf wid="w_16" para="1" sent="3">binnen</wf>
    <wf wid="w_17" para="1" sent="3">(</wf>
    <wf wid="w_18" para="1" sent="3">slaande</wf>
    <wf wid="w_19" para="1" sent="3">deuren</wf>
    <wf wid="w_20" para="1" sent="3">)</wf>
    <wf wid="w_21" para="1" sent="3">als</wf>
    <wf wid="w_22" para="1" sent="3">buiten</wf>
    <wf wid="w_23" para="1" sent="3">(</wf>
    <wf wid="w_24" para="1" sent="3">enkel</wf>
    <wf wid="w_25" para="1" sent="3">glas</wf>
    <wf wid="w_26" para="1" sent="3">raam</wf>
    <wf wid="w_27" para="1" sent="3">)</wf>
    <wf wid="w_28" para="1" sent="3">.</wf>
  </text>
  <terms>
    <term tid="t_1" lemma="sfeervolle" type="open">
      <span>
        <target id="w_1"/>
      </span>
    </term>
    <term tid="t_2" lemma="aankleding" type="open">
      <span>
        <target id="w_2"/>
      </span>
    </term>
    <term tid="t_3" lemma="." type="open">
      <span>
        <target id="w_3"/>
      </span>
    </term>
    <term tid="t_4" lemma="mn" type="open">
      <span>
        <target id="w_4"/>
      </span>
    </term>
    <term tid="t_5" lemma="lounge" type="open">
      <span>
        <target id="w_5"/>
      </span>
    </term>
    <term tid="t_6" lemma="en" type="open">
      <span>
        <target id="w_6"/>
      </span>
    </term>
    <term tid="t_7" lemma="restaurant" type="open">
      <span>
        <target id="w_7"/>
      </span>
    </term>
    <term tid="t_8" lemma=";" type="open">
      <span>
        <target id="w_8"/>
      </span>
    </term>
    <term tid="t_9" lemma="prettige" type="open">
      <span>
        <target id="w_9"/>
      </span>
    </term>
    <term tid="t_10" lemma="bediening" type="open">
      <span>
        <target id="w_10"/>
      </span>
    </term>
    <term tid="t_11" lemma=".." type="open">
      <span>
        <target id="w_11"/>
      </span>
    </term>
    <term tid="t_12" lemma="enige" type="open">
      <span>
        <target id="w_12"/>
      </span>
    </term>
    <term tid="t_13" lemma="geluidshinder" type="open" pos="N">
      <span>
        <target id="w_13"/>
      </span>
      <sentiment polarity="negative" resource="VUA_olery_lexicon_nl_lmf"/>
    </term>
    <term tid="t_14" lemma="zowel" type="open">
      <span>
        <target id="w_14"/>
      </span>
    </term>
    <term tid="t_15" lemma="van" type="open">
      <span>
        <target id="w_15"/>
      </span>
    </term>
    <term tid="t_16" lemma="binnen" type="open">
      <span>
        <target id="w_16"/>
      </span>
    </term>
    <term tid="t_17" lemma="(" type="open">
      <span>
        <target id="w_17"/>
      </span>
    </term>
    <term tid="t_18" lemma="slaande" type="open">
      <span>
        <target id="w_18"/>
      </span>
    </term>
    <term tid="t_19" lemma="deuren" type="open">
      <span>
        <target id="w_19"/>
      </span>
    </term>
    <term tid="t_20" lemma=")" type="open">
      <span>
        <target id="w_20"/>
      </span>
    </term>
    <term tid="t_21" lemma="als" type="open">
      <span>
        <target id="w_21"/>
      </span>
    </term>
    <term tid="t_22" lemma="buiten" type="open">
      <span>
        <target id="w_22"/>
      </span>
    </term>
    <term tid="t_23" lemma="(" type="open">
      <span>
        <target id="w_23"/>
      </span>
    </term>
    <term tid="t_24" lemma="enkel" type="open">
      <span>
        <target id="w_24"/>
      </span>
    </term>
    <term tid="t_25" lemma="glas" type="open">
      <span>
        <target id="w_25"/>
      </span>
    </term>
    <term tid="t_26" lemma="raam" type="open">
      <span>
        <target id="w_26"/>
      </span>
    </term>
    <term tid="t_27" lemma=")" type="open">
      <span>
        <target id="w_27"/>
      </span>
    </term>
    <term tid="t_28" lemma="." type="open">
      <span>
        <target id="w_28"/>
      </span>
    </term>
  </terms>
  <properties>
    <property type="facilities" pid="p_1">
      <span>
        <target id="t_5"/>
      </span>
    </property>
    <property type="staff" pid="p_2">
      <span>
        <target id="t_10"/>
      </span>
    </property>
    <property type="noise" pid="p_3">
      <span>
        <target id="t_13"/>
      </span>
    </property>
    <property type="restaurant" pid="p_4">
      <span>
        <target id="t_7"/>
      </span>
    </property>
  </properties>
  <opinions>
    <opinion oid="o_1">
      <opinion_target>
        <span>
          <target id="t_14"/>
        </span>
      </opinion_target>
      <opinion_expression polarity="negative" strength="-1">
        <span>
          <target id="t_13"/>
        </span>
      </opinion_expression>
    </opinion>
  </opinions>
</KAF>
