<?xml version='1.0' encoding='UTF-8'?>
<KAF xml:lang="nl">
  <linguisticProcessors layer="text">
    <lp timestamp="2013-01-06T18:43:32CET" version="2.0" name="SentenceTokenizer"/>
  </linguisticProcessors>
  <linguisticProcessors layer="terms">
    <lp timestamp="2013-01-06T18:43:32CET" version="2.0" name="SentenceTokenizer"/>
    <lp timestamp="2013-01-06T18:43:32CET" version="1.0" name="SimplePolarityTagger"/>
  </linguisticProcessors>
  <linguisticProcessor layer="opinions">
    <lp timestamp="2013-01-06T18:43:32CET" version="1.0" name="SimpleOpinionDetector"/>
  </linguisticProcessor>
  <linguisticProcessor layer="properties">
    <lp timestamp="2013-01-06T18:43:32CET" version="1.0" name="SimplePropRecognizer_lookup"/>
  </linguisticProcessor>
  <linguisticProcessor layer="entities">
    <lp timestamp="2013-01-06T18:43:32CET" version="1.0" name="SimpleNER_lookup"/>
  </linguisticProcessor>
  <text>
    <wf wid="w_1" para="1" sent="1">oubollig</wf>
    <wf wid="w_2" para="1" sent="1">en</wf>
    <wf wid="w_3" para="1" sent="1">vervallen</wf>
    <wf wid="w_4" para="1" sent="1">hotel</wf>
    <wf wid="w_5" para="1" sent="1">.</wf>
    <wf wid="w_6" para="1" sent="2">Ga</wf>
    <wf wid="w_7" para="1" sent="2">hier</wf>
    <wf wid="w_8" para="1" sent="2">zeker</wf>
    <wf wid="w_9" para="1" sent="2">niet</wf>
    <wf wid="w_10" para="1" sent="2">naar</wf>
    <wf wid="w_11" para="1" sent="2">toe</wf>
    <wf wid="w_12" para="1" sent="2">!</wf>
    <wf wid="w_13" para="1" sent="3">Badkamer</wf>
    <wf wid="w_14" para="1" sent="3">is</wf>
    <wf wid="w_15" para="1" sent="3">uit</wf>
    <wf wid="w_16" para="1" sent="3">het</wf>
    <wf wid="w_17" para="1" sent="3">jaar</wf>
    <wf wid="w_18" para="1" sent="3">nul</wf>
    <wf wid="w_19" para="1" sent="3">en</wf>
    <wf wid="w_20" para="1" sent="3">ook</wf>
    <wf wid="w_21" para="1" sent="3">sinds</wf>
    <wf wid="w_22" para="1" sent="3">die</wf>
    <wf wid="w_23" para="1" sent="3">tijd</wf>
    <wf wid="w_24" para="1" sent="3">niet</wf>
    <wf wid="w_25" para="1" sent="3">schoongemaakt</wf>
    <wf wid="w_26" para="1" sent="3">.</wf>
    <wf wid="w_27" para="1" sent="4">De</wf>
    <wf wid="w_28" para="1" sent="4">bedden</wf>
    <wf wid="w_29" para="1" sent="4">zijn</wf>
    <wf wid="w_30" para="1" sent="4">goed</wf>
    <wf wid="w_31" para="1" sent="4">maar</wf>
    <wf wid="w_32" para="1" sent="4">wel</wf>
    <wf wid="w_33" para="1" sent="4">heel</wf>
    <wf wid="w_34" para="1" sent="4">erg</wf>
    <wf wid="w_35" para="1" sent="4">smal</wf>
    <wf wid="w_36" para="1" sent="4">.</wf>
    <wf wid="w_37" para="1" sent="5">`De</wf>
    <wf wid="w_38" para="1" sent="5">inrichting</wf>
    <wf wid="w_39" para="1" sent="5">van</wf>
    <wf wid="w_40" para="1" sent="5">de</wf>
    <wf wid="w_41" para="1" sent="5">hotelkamers</wf>
    <wf wid="w_42" para="1" sent="5">zijn</wf>
    <wf wid="w_43" para="1" sent="5">hopeloos</wf>
    <wf wid="w_44" para="1" sent="5">ouderwets</wf>
    <wf wid="w_45" para="1" sent="5">.</wf>
    <wf wid="w_46" para="1" sent="6">Ik</wf>
    <wf wid="w_47" para="1" sent="6">ken</wf>
    <wf wid="w_48" para="1" sent="6">geen</wf>
    <wf wid="w_49" para="1" sent="6">andere</wf>
    <wf wid="w_50" para="1" sent="6">Fletcherhotels</wf>
    <wf wid="w_51" para="1" sent="6">maar</wf>
    <wf wid="w_52" para="1" sent="6">ik</wf>
    <wf wid="w_53" para="1" sent="6">had</wf>
    <wf wid="w_54" para="1" sent="6">hoge</wf>
    <wf wid="w_55" para="1" sent="6">verwachtingen</wf>
    <wf wid="w_56" para="1" sent="6">en</wf>
    <wf wid="w_57" para="1" sent="6">die</wf>
    <wf wid="w_58" para="1" sent="6">vielen</wf>
    <wf wid="w_59" para="1" sent="6">erg</wf>
    <wf wid="w_60" para="1" sent="6">tegen</wf>
    <wf wid="w_61" para="1" sent="6">.</wf>
    <wf wid="w_62" para="1" sent="7">Ik</wf>
    <wf wid="w_63" para="1" sent="7">zou</wf>
    <wf wid="w_64" para="1" sent="7">het</wf>
    <wf wid="w_65" para="1" sent="7">niemand</wf>
    <wf wid="w_66" para="1" sent="7">willen</wf>
    <wf wid="w_67" para="1" sent="7">aanraden</wf>
    <wf wid="w_68" para="1" sent="7">om</wf>
    <wf wid="w_69" para="1" sent="7">hier</wf>
    <wf wid="w_70" para="1" sent="7">voor</wf>
    <wf wid="w_71" para="1" sent="7">je</wf>
    <wf wid="w_72" para="1" sent="7">plezier</wf>
    <wf wid="w_73" para="1" sent="7">naar</wf>
    <wf wid="w_74" para="1" sent="7">toe</wf>
    <wf wid="w_75" para="1" sent="7">te</wf>
    <wf wid="w_76" para="1" sent="7">gaan</wf>
    <wf wid="w_77" para="1" sent="7">.</wf>
    <wf wid="w_78" para="1" sent="8">JAMMER</wf>
    <wf wid="w_79" para="1" sent="8">!</wf>
    <wf wid="w_80" para="1" sent="9">Fletchergroep</wf>
    <wf wid="w_81" para="1" sent="9">:</wf>
    <wf wid="w_82" para="1" sent="9">doe</wf>
    <wf wid="w_83" para="1" sent="9">er</wf>
    <wf wid="w_84" para="1" sent="9">iets</wf>
    <wf wid="w_85" para="1" sent="9">aan</wf>
    <wf wid="w_86" para="1" sent="9">!</wf>
    <wf wid="w_87" para="1" sent="10">Carla</wf>
    <wf wid="w_88" para="1" sent="10">van</wf>
    <wf wid="w_89" para="1" sent="10">der</wf>
    <wf wid="w_90" para="1" sent="10">Velden</wf>
  </text>
  <terms>
    <term tid="t_1" lemma="oubollig" type="open" pos="G">
      <span>
        <target id="w_1"/>
      </span>
      <sentiment polarity="negative" resource="VUA_olery_lexicon_nl_lmf"/>
    </term>
    <term tid="t_2" lemma="en" type="open">
      <span>
        <target id="w_2"/>
      </span>
    </term>
    <term tid="t_3" lemma="vervallen" type="open" pos="V">
      <span>
        <target id="w_3"/>
      </span>
      <sentiment polarity="negative" resource="VUA_olery_lexicon_nl_lmf"/>
    </term>
    <term tid="t_4" lemma="hotel" type="open">
      <span>
        <target id="w_4"/>
      </span>
    </term>
    <term tid="t_5" lemma="." type="open">
      <span>
        <target id="w_5"/>
      </span>
    </term>
    <term tid="t_6" lemma="ga" type="open">
      <span>
        <target id="w_6"/>
      </span>
    </term>
    <term tid="t_7" lemma="hier" type="open">
      <span>
        <target id="w_7"/>
      </span>
    </term>
    <term tid="t_8" lemma="zeker" type="open">
      <span>
        <target id="w_8"/>
      </span>
    </term>
    <term tid="t_9" lemma="niet" type="open">
      <span>
        <target id="w_9"/>
      </span>
      <sentiment sentiment_modifier="shifter" resource="VUA_olery_lexicon_nl_lmf"/>
    </term>
    <term tid="t_10" lemma="naar" type="open" pos="G">
      <span>
        <target id="w_10"/>
      </span>
      <sentiment polarity="negative" resource="VUA_olery_lexicon_nl_lmf"/>
    </term>
    <term tid="t_11" lemma="toe" type="open">
      <span>
        <target id="w_11"/>
      </span>
    </term>
    <term tid="t_12" lemma="!" type="open">
      <span>
        <target id="w_12"/>
      </span>
      <sentiment sentiment_modifier="intensifier" resource="VUA_olery_lexicon_nl_lmf"/>
    </term>
    <term tid="t_13" lemma="badkamer" type="open">
      <span>
        <target id="w_13"/>
      </span>
    </term>
    <term tid="t_14" lemma="is" type="open">
      <span>
        <target id="w_14"/>
      </span>
    </term>
    <term tid="t_15" lemma="uit" type="open">
      <span>
        <target id="w_15"/>
      </span>
    </term>
    <term tid="t_16" lemma="het" type="open">
      <span>
        <target id="w_16"/>
      </span>
    </term>
    <term tid="t_17" lemma="jaar" type="open">
      <span>
        <target id="w_17"/>
      </span>
    </term>
    <term tid="t_18" lemma="nul" type="open">
      <span>
        <target id="w_18"/>
      </span>
    </term>
    <term tid="t_19" lemma="en" type="open">
      <span>
        <target id="w_19"/>
      </span>
    </term>
    <term tid="t_20" lemma="ook" type="open">
      <span>
        <target id="w_20"/>
      </span>
    </term>
    <term tid="t_21" lemma="sinds" type="open">
      <span>
        <target id="w_21"/>
      </span>
    </term>
    <term tid="t_22" lemma="die" type="open">
      <span>
        <target id="w_22"/>
      </span>
    </term>
    <term tid="t_23" lemma="tijd" type="open">
      <span>
        <target id="w_23"/>
      </span>
    </term>
    <term tid="t_24" lemma="niet" type="open">
      <span>
        <target id="w_24"/>
      </span>
      <sentiment sentiment_modifier="shifter" resource="VUA_olery_lexicon_nl_lmf"/>
    </term>
    <term tid="t_25" lemma="schoongemaakt" type="open">
      <span>
        <target id="w_25"/>
      </span>
    </term>
    <term tid="t_26" lemma="." type="open">
      <span>
        <target id="w_26"/>
      </span>
    </term>
    <term tid="t_27" lemma="de" type="open">
      <span>
        <target id="w_27"/>
      </span>
    </term>
    <term tid="t_28" lemma="bedden" type="open">
      <span>
        <target id="w_28"/>
      </span>
    </term>
    <term tid="t_29" lemma="zijn" type="open">
      <span>
        <target id="w_29"/>
      </span>
    </term>
    <term tid="t_30" lemma="goed" type="open" pos="G">
      <span>
        <target id="w_30"/>
      </span>
      <sentiment polarity="positive" resource="VUA_olery_lexicon_nl_lmf"/>
    </term>
    <term tid="t_31" lemma="maar" type="open">
      <span>
        <target id="w_31"/>
      </span>
    </term>
    <term tid="t_32" lemma="wel" type="open">
      <span>
        <target id="w_32"/>
      </span>
    </term>
    <term tid="t_33" lemma="heel" type="open">
      <span>
        <target id="w_33"/>
      </span>
      <sentiment sentiment_modifier="intensifier" resource="VUA_olery_lexicon_nl_lmf"/>
    </term>
    <term tid="t_34" lemma="erg" type="open">
      <span>
        <target id="w_34"/>
      </span>
      <sentiment sentiment_modifier="intensifier" resource="VUA_olery_lexicon_nl_lmf"/>
    </term>
    <term tid="t_35" lemma="smal" type="open">
      <span>
        <target id="w_35"/>
      </span>
    </term>
    <term tid="t_36" lemma="." type="open">
      <span>
        <target id="w_36"/>
      </span>
    </term>
    <term tid="t_37" lemma="`de" type="open">
      <span>
        <target id="w_37"/>
      </span>
    </term>
    <term tid="t_38" lemma="inrichting" type="open">
      <span>
        <target id="w_38"/>
      </span>
    </term>
    <term tid="t_39" lemma="van" type="open">
      <span>
        <target id="w_39"/>
      </span>
    </term>
    <term tid="t_40" lemma="de" type="open">
      <span>
        <target id="w_40"/>
      </span>
    </term>
    <term tid="t_41" lemma="hotelkamers" type="open">
      <span>
        <target id="w_41"/>
      </span>
    </term>
    <term tid="t_42" lemma="zijn" type="open">
      <span>
        <target id="w_42"/>
      </span>
    </term>
    <term tid="t_43" lemma="hopeloos" type="open">
      <span>
        <target id="w_43"/>
      </span>
    </term>
    <term tid="t_44" lemma="ouderwets" type="open" pos="G">
      <span>
        <target id="w_44"/>
      </span>
      <sentiment polarity="negative" resource="VUA_olery_lexicon_nl_lmf"/>
    </term>
    <term tid="t_45" lemma="." type="open">
      <span>
        <target id="w_45"/>
      </span>
    </term>
    <term tid="t_46" lemma="ik" type="open">
      <span>
        <target id="w_46"/>
      </span>
    </term>
    <term tid="t_47" lemma="ken" type="open">
      <span>
        <target id="w_47"/>
      </span>
    </term>
    <term tid="t_48" lemma="geen" type="open">
      <span>
        <target id="w_48"/>
      </span>
      <sentiment sentiment_modifier="shifter" resource="VUA_olery_lexicon_nl_lmf"/>
    </term>
    <term tid="t_49" lemma="andere" type="open">
      <span>
        <target id="w_49"/>
      </span>
    </term>
    <term tid="t_50" lemma="fletcherhotels" type="open">
      <span>
        <target id="w_50"/>
      </span>
    </term>
    <term tid="t_51" lemma="maar" type="open">
      <span>
        <target id="w_51"/>
      </span>
    </term>
    <term tid="t_52" lemma="ik" type="open">
      <span>
        <target id="w_52"/>
      </span>
    </term>
    <term tid="t_53" lemma="had" type="open">
      <span>
        <target id="w_53"/>
      </span>
    </term>
    <term tid="t_54" lemma="hoge" type="open">
      <span>
        <target id="w_54"/>
      </span>
    </term>
    <term tid="t_55" lemma="verwachtingen" type="open">
      <span>
        <target id="w_55"/>
      </span>
    </term>
    <term tid="t_56" lemma="en" type="open">
      <span>
        <target id="w_56"/>
      </span>
    </term>
    <term tid="t_57" lemma="die" type="open">
      <span>
        <target id="w_57"/>
      </span>
    </term>
    <term tid="t_58" lemma="vielen" type="open">
      <span>
        <target id="w_58"/>
      </span>
    </term>
    <term tid="t_59" lemma="erg" type="open">
      <span>
        <target id="w_59"/>
      </span>
      <sentiment sentiment_modifier="intensifier" resource="VUA_olery_lexicon_nl_lmf"/>
    </term>
    <term tid="t_60" lemma="tegen" type="open">
      <span>
        <target id="w_60"/>
      </span>
    </term>
    <term tid="t_61" lemma="." type="open">
      <span>
        <target id="w_61"/>
      </span>
    </term>
    <term tid="t_62" lemma="ik" type="open">
      <span>
        <target id="w_62"/>
      </span>
    </term>
    <term tid="t_63" lemma="zou" type="open">
      <span>
        <target id="w_63"/>
      </span>
    </term>
    <term tid="t_64" lemma="het" type="open">
      <span>
        <target id="w_64"/>
      </span>
    </term>
    <term tid="t_65" lemma="niemand" type="open">
      <span>
        <target id="w_65"/>
      </span>
      <sentiment sentiment_modifier="shifter" resource="VUA_olery_lexicon_nl_lmf"/>
    </term>
    <term tid="t_66" lemma="willen" type="open">
      <span>
        <target id="w_66"/>
      </span>
    </term>
    <term tid="t_67" lemma="aanraden" type="open" pos="V">
      <span>
        <target id="w_67"/>
      </span>
      <sentiment polarity="positive" resource="VUA_olery_lexicon_nl_lmf"/>
    </term>
    <term tid="t_68" lemma="om" type="open">
      <span>
        <target id="w_68"/>
      </span>
    </term>
    <term tid="t_69" lemma="hier" type="open">
      <span>
        <target id="w_69"/>
      </span>
    </term>
    <term tid="t_70" lemma="voor" type="open">
      <span>
        <target id="w_70"/>
      </span>
    </term>
    <term tid="t_71" lemma="je" type="open">
      <span>
        <target id="w_71"/>
      </span>
    </term>
    <term tid="t_72" lemma="plezier" type="open" pos="N">
      <span>
        <target id="w_72"/>
      </span>
      <sentiment polarity="positive" resource="VUA_olery_lexicon_nl_lmf"/>
    </term>
    <term tid="t_73" lemma="naar" type="open" pos="G">
      <span>
        <target id="w_73"/>
      </span>
      <sentiment polarity="negative" resource="VUA_olery_lexicon_nl_lmf"/>
    </term>
    <term tid="t_74" lemma="toe" type="open">
      <span>
        <target id="w_74"/>
      </span>
    </term>
    <term tid="t_75" lemma="te" type="open">
      <span>
        <target id="w_75"/>
      </span>
    </term>
    <term tid="t_76" lemma="gaan" type="open">
      <span>
        <target id="w_76"/>
      </span>
    </term>
    <term tid="t_77" lemma="." type="open">
      <span>
        <target id="w_77"/>
      </span>
    </term>
    <term tid="t_78" lemma="jammer" type="open" pos="G">
      <span>
        <target id="w_78"/>
      </span>
      <sentiment polarity="negative" resource="VUA_olery_lexicon_nl_lmf"/>
    </term>
    <term tid="t_79" lemma="!" type="open">
      <span>
        <target id="w_79"/>
      </span>
      <sentiment sentiment_modifier="intensifier" resource="VUA_olery_lexicon_nl_lmf"/>
    </term>
    <term tid="t_80" lemma="fletchergroep" type="open">
      <span>
        <target id="w_80"/>
      </span>
    </term>
    <term tid="t_81" lemma=":" type="open">
      <span>
        <target id="w_81"/>
      </span>
    </term>
    <term tid="t_82" lemma="doe" type="open">
      <span>
        <target id="w_82"/>
      </span>
    </term>
    <term tid="t_83" lemma="er" type="open">
      <span>
        <target id="w_83"/>
      </span>
    </term>
    <term tid="t_84" lemma="iets" type="open">
      <span>
        <target id="w_84"/>
      </span>
    </term>
    <term tid="t_85" lemma="aan" type="open">
      <span>
        <target id="w_85"/>
      </span>
    </term>
    <term tid="t_86" lemma="!" type="open">
      <span>
        <target id="w_86"/>
      </span>
      <sentiment sentiment_modifier="intensifier" resource="VUA_olery_lexicon_nl_lmf"/>
    </term>
    <term tid="t_87" lemma="carla" type="open">
      <span>
        <target id="w_87"/>
      </span>
    </term>
    <term tid="t_88" lemma="van" type="open">
      <span>
        <target id="w_88"/>
      </span>
    </term>
    <term tid="t_89" lemma="der" type="open">
      <span>
        <target id="w_89"/>
      </span>
    </term>
    <term tid="t_90" lemma="velden" type="open">
      <span>
        <target id="w_90"/>
      </span>
    </term>
  </terms>
  <entities>
    <entity type="MISC" eid="e_1">
      <span>
        <target id="t_29"/>
      </span>
      <span>
        <target id="t_42"/>
      </span>
    </entity>
  </entities>
  <properties>
    <property type="bathroom" pid="p_1">
      <span>
        <target id="t_13"/>
      </span>
    </property>
  </properties>
  <opinions>
    <opinion oid="o_1">
      <opinion_target>
        <span>
          <target id="t_4"/>
        </span>
      </opinion_target>
      <opinion_expression polarity="negative" strength="-2">
        <span>
          <target id="t_1"/>
          <target id="t_3"/>
        </span>
      </opinion_expression>
    </opinion>
    <opinion oid="o_2">
      <opinion_target>
        <span>
          <target id="t_11"/>
        </span>
      </opinion_target>
      <opinion_expression polarity="positive" strength="1">
        <span>
          <target id="t_10"/>
          <target id="t_9"/>
        </span>
      </opinion_expression>
    </opinion>
    <opinion oid="o_3">
      <opinion_target>
        <span>
          <target id="t_32"/>
        </span>
      </opinion_target>
      <opinion_expression polarity="positive" strength="1">
        <span>
          <target id="t_30"/>
        </span>
      </opinion_expression>
    </opinion>
    <opinion oid="o_4">
      <opinion_target>
        <span>
          <target id="t_43"/>
        </span>
      </opinion_target>
      <opinion_expression polarity="negative" strength="-1">
        <span>
          <target id="t_44"/>
        </span>
      </opinion_expression>
    </opinion>
    <opinion oid="o_5">
      <opinion_holder>
        <span>
          <target id="t_62"/>
        </span>
      </opinion_holder>
      <opinion_target>
        <span>
          <target id="t_66"/>
        </span>
      </opinion_target>
      <opinion_expression polarity="positive" strength="1">
        <span>
          <target id="t_67"/>
        </span>
      </opinion_expression>
    </opinion>
  </opinions>
</KAF>
