<?xml version='1.0' encoding='UTF-8'?>
<KAF xml:lang="nl">
  <linguisticProcessors layer="text">
    <lp timestamp="2013-01-06T18:31:58CET" version="2.0" name="SentenceTokenizer"/>
  </linguisticProcessors>
  <linguisticProcessors layer="terms">
    <lp timestamp="2013-01-06T18:31:58CET" version="2.0" name="SentenceTokenizer"/>
    <lp timestamp="2013-01-06T18:31:58CET" version="1.0" name="SimplePolarityTagger"/>
  </linguisticProcessors>
  <linguisticProcessor layer="opinions">
    <lp timestamp="2013-01-06T18:31:58CET" version="1.0" name="SimpleOpinionDetector"/>
  </linguisticProcessor>
  <linguisticProcessor layer="properties">
    <lp timestamp="2013-01-06T18:31:58CET" version="1.0" name="SimplePropRecognizer_lookup"/>
  </linguisticProcessor>
  <linguisticProcessor layer="entities">
    <lp timestamp="2013-01-06T18:31:58CET" version="1.0" name="SimpleNER_lookup"/>
  </linguisticProcessor>
  <text>
    <wf wid="w_1" para="1" sent="1">We</wf>
    <wf wid="w_2" para="1" sent="1">kregen</wf>
    <wf wid="w_3" para="1" sent="1">een</wf>
    <wf wid="w_4" para="1" sent="1">simpele</wf>
    <wf wid="w_5" para="1" sent="1">kamer</wf>
    <wf wid="w_6" para="1" sent="1">op</wf>
    <wf wid="w_7" para="1" sent="1">de</wf>
    <wf wid="w_8" para="1" sent="1">4e</wf>
    <wf wid="w_9" para="1" sent="1">verdieping</wf>
    <wf wid="w_10" para="1" sent="1">met</wf>
    <wf wid="w_11" para="1" sent="1">twee</wf>
    <wf wid="w_12" para="1" sent="1">1</wf>
    <wf wid="w_13" para="1" sent="1">-</wf>
    <wf wid="w_14" para="1" sent="1">persoonsbedden</wf>
    <wf wid="w_15" para="1" sent="1">(</wf>
    <wf wid="w_16" para="1" sent="1">gescheiden</wf>
    <wf wid="w_17" para="1" sent="1">door</wf>
    <wf wid="w_18" para="1" sent="1">een</wf>
    <wf wid="w_19" para="1" sent="1">wandnachtkastje</wf>
    <wf wid="w_20" para="1" sent="1">)</wf>
    <wf wid="w_21" para="1" sent="1">,</wf>
    <wf wid="w_22" para="1" sent="1">nog</wf>
    <wf wid="w_23" para="1" sent="1">nooit</wf>
    <wf wid="w_24" para="1" sent="1">eerder</wf>
    <wf wid="w_25" para="1" sent="1">meegemaakt</wf>
    <wf wid="w_26" para="1" sent="1">!</wf>
    <wf wid="w_27" para="1" sent="2">I.</wf>
    <wf wid="w_28" para="1" sent="2">v</wf>
    <wf wid="w_29" para="1" sent="2">.</wf>
    <wf wid="w_30" para="1" sent="3">m</wf>
    <wf wid="w_31" para="1" sent="3">.</wf>
    <wf wid="w_32" para="1" sent="4">verkeerslawaai</wf>
    <wf wid="w_33" para="1" sent="4">vanaf</wf>
    <wf wid="w_34" para="1" sent="4">de</wf>
    <wf wid="w_35" para="1" sent="4">naastgelegen</wf>
    <wf wid="w_36" para="1" sent="4">snelweg</wf>
    <wf wid="w_37" para="1" sent="4">konden</wf>
    <wf wid="w_38" para="1" sent="4">wij</wf>
    <wf wid="w_39" para="1" sent="4">het</wf>
    <wf wid="w_40" para="1" sent="4">raam</wf>
    <wf wid="w_41" para="1" sent="4">niet</wf>
    <wf wid="w_42" para="1" sent="4">openen</wf>
    <wf wid="w_43" para="1" sent="4">.</wf>
    <wf wid="w_44" para="1" sent="5">Bij</wf>
    <wf wid="w_45" para="1" sent="5">het</wf>
    <wf wid="w_46" para="1" sent="5">inchecken</wf>
    <wf wid="w_47" para="1" sent="5">hebben</wf>
    <wf wid="w_48" para="1" sent="5">wij</wf>
    <wf wid="w_49" para="1" sent="5">aangegeven</wf>
    <wf wid="w_50" para="1" sent="5">met</wf>
    <wf wid="w_51" para="1" sent="5">creditcard</wf>
    <wf wid="w_52" para="1" sent="5">te</wf>
    <wf wid="w_53" para="1" sent="5">betalen</wf>
    <wf wid="w_54" para="1" sent="5">,</wf>
    <wf wid="w_55" para="1" sent="5">maar</wf>
    <wf wid="w_56" para="1" sent="5">in</wf>
    <wf wid="w_57" para="1" sent="5">het</wf>
    <wf wid="w_58" para="1" sent="5">restaurant</wf>
    <wf wid="w_59" para="1" sent="5">bleek</wf>
    <wf wid="w_60" para="1" sent="5">het</wf>
    <wf wid="w_61" para="1" sent="5">onmogelijk</wf>
    <wf wid="w_62" para="1" sent="5">om</wf>
    <wf wid="w_63" para="1" sent="5">het</wf>
    <wf wid="w_64" para="1" sent="5">diner</wf>
    <wf wid="w_65" para="1" sent="5">op</wf>
    <wf wid="w_66" para="1" sent="5">de</wf>
    <wf wid="w_67" para="1" sent="5">kamer</wf>
    <wf wid="w_68" para="1" sent="5">te</wf>
    <wf wid="w_69" para="1" sent="5">boeken</wf>
    <wf wid="w_70" para="1" sent="5">(</wf>
    <wf wid="w_71" para="1" sent="5">de</wf>
    <wf wid="w_72" para="1" sent="5">receptioniste</wf>
    <wf wid="w_73" para="1" sent="5">had</wf>
    <wf wid="w_74" para="1" sent="5">credit</wf>
    <wf wid="w_75" para="1" sent="5">betaling</wf>
    <wf wid="w_76" para="1" sent="5">niet</wf>
    <wf wid="w_77" para="1" sent="5">in</wf>
    <wf wid="w_78" para="1" sent="5">het</wf>
    <wf wid="w_79" para="1" sent="5">systeem</wf>
    <wf wid="w_80" para="1" sent="5">gezet</wf>
    <wf wid="w_81" para="1" sent="5">)</wf>
    <wf wid="w_82" para="1" sent="5">,</wf>
    <wf wid="w_83" para="1" sent="5">er</wf>
    <wf wid="w_84" para="1" sent="5">ontstond</wf>
    <wf wid="w_85" para="1" sent="5">een</wf>
    <wf wid="w_86" para="1" sent="5">vervelende</wf>
    <wf wid="w_87" para="1" sent="5">discussie</wf>
    <wf wid="w_88" para="1" sent="5">.</wf>
    <wf wid="w_89" para="1" sent="6">Het</wf>
    <wf wid="w_90" para="1" sent="6">ontbijt</wf>
    <wf wid="w_91" para="1" sent="6">is</wf>
    <wf wid="w_92" para="1" sent="6">redelijk</wf>
    <wf wid="w_93" para="1" sent="6">(</wf>
    <wf wid="w_94" para="1" sent="6">wel</wf>
    <wf wid="w_95" para="1" sent="6">goedkope</wf>
    <wf wid="w_96" para="1" sent="6">fabrieks</wf>
    <wf wid="w_97" para="1" sent="6">vleeswaren</wf>
    <wf wid="w_98" para="1" sent="6">en</wf>
    <wf wid="w_99" para="1" sent="6">kaas</wf>
    <wf wid="w_100" para="1" sent="6">)</wf>
    <wf wid="w_101" para="1" sent="6">,</wf>
    <wf wid="w_102" para="1" sent="6">maar</wf>
    <wf wid="w_103" para="1" sent="6">het</wf>
    <wf wid="w_104" para="1" sent="6">diner</wf>
    <wf wid="w_105" para="1" sent="6">was</wf>
    <wf wid="w_106" para="1" sent="6">matig</wf>
    <wf wid="w_107" para="1" sent="6">van</wf>
    <wf wid="w_108" para="1" sent="6">kwaliteit</wf>
    <wf wid="w_109" para="1" sent="6">.</wf>
    <wf wid="w_110" para="1" sent="7">Het</wf>
    <wf wid="w_111" para="1" sent="7">hotel</wf>
    <wf wid="w_112" para="1" sent="7">is</wf>
    <wf wid="w_113" para="1" sent="7">aan</wf>
    <wf wid="w_114" para="1" sent="7">grondige</wf>
    <wf wid="w_115" para="1" sent="7">renovatie</wf>
    <wf wid="w_116" para="1" sent="7">toe</wf>
    <wf wid="w_117" para="1" sent="7">.</wf>
  </text>
  <terms>
    <term tid="t_1" lemma="we" type="open">
      <span>
        <target id="w_1"/>
      </span>
    </term>
    <term tid="t_2" lemma="kregen" type="open">
      <span>
        <target id="w_2"/>
      </span>
    </term>
    <term tid="t_3" lemma="een" type="open">
      <span>
        <target id="w_3"/>
      </span>
    </term>
    <term tid="t_4" lemma="simpele" type="open">
      <span>
        <target id="w_4"/>
      </span>
    </term>
    <term tid="t_5" lemma="kamer" type="open">
      <span>
        <target id="w_5"/>
      </span>
    </term>
    <term tid="t_6" lemma="op" type="open">
      <span>
        <target id="w_6"/>
      </span>
    </term>
    <term tid="t_7" lemma="de" type="open">
      <span>
        <target id="w_7"/>
      </span>
    </term>
    <term tid="t_8" lemma="4e" type="open">
      <span>
        <target id="w_8"/>
      </span>
    </term>
    <term tid="t_9" lemma="verdieping" type="open">
      <span>
        <target id="w_9"/>
      </span>
    </term>
    <term tid="t_10" lemma="met" type="open">
      <span>
        <target id="w_10"/>
      </span>
    </term>
    <term tid="t_11" lemma="twee" type="open">
      <span>
        <target id="w_11"/>
      </span>
    </term>
    <term tid="t_12" lemma="1" type="open">
      <span>
        <target id="w_12"/>
      </span>
    </term>
    <term tid="t_13" lemma="-" type="open">
      <span>
        <target id="w_13"/>
      </span>
    </term>
    <term tid="t_14" lemma="persoonsbedden" type="open">
      <span>
        <target id="w_14"/>
      </span>
    </term>
    <term tid="t_15" lemma="(" type="open">
      <span>
        <target id="w_15"/>
      </span>
    </term>
    <term tid="t_16" lemma="gescheiden" type="open">
      <span>
        <target id="w_16"/>
      </span>
    </term>
    <term tid="t_17" lemma="door" type="open">
      <span>
        <target id="w_17"/>
      </span>
    </term>
    <term tid="t_18" lemma="een" type="open">
      <span>
        <target id="w_18"/>
      </span>
    </term>
    <term tid="t_19" lemma="wandnachtkastje" type="open">
      <span>
        <target id="w_19"/>
      </span>
    </term>
    <term tid="t_20" lemma=")" type="open">
      <span>
        <target id="w_20"/>
      </span>
    </term>
    <term tid="t_21" lemma="," type="open">
      <span>
        <target id="w_21"/>
      </span>
    </term>
    <term tid="t_22" lemma="nog" type="open">
      <span>
        <target id="w_22"/>
      </span>
    </term>
    <term tid="t_23" lemma="nooit" type="open">
      <span>
        <target id="w_23"/>
      </span>
      <sentiment sentiment_modifier="shifter" resource="VUA_olery_lexicon_nl_lmf"/>
    </term>
    <term tid="t_24" lemma="eerder" type="open">
      <span>
        <target id="w_24"/>
      </span>
    </term>
    <term tid="t_25" lemma="meegemaakt" type="open">
      <span>
        <target id="w_25"/>
      </span>
    </term>
    <term tid="t_26" lemma="!" type="open">
      <span>
        <target id="w_26"/>
      </span>
      <sentiment sentiment_modifier="intensifier" resource="VUA_olery_lexicon_nl_lmf"/>
    </term>
    <term tid="t_27" lemma="i." type="open">
      <span>
        <target id="w_27"/>
      </span>
    </term>
    <term tid="t_28" lemma="v" type="open">
      <span>
        <target id="w_28"/>
      </span>
    </term>
    <term tid="t_29" lemma="." type="open">
      <span>
        <target id="w_29"/>
      </span>
    </term>
    <term tid="t_30" lemma="m" type="open">
      <span>
        <target id="w_30"/>
      </span>
    </term>
    <term tid="t_31" lemma="." type="open">
      <span>
        <target id="w_31"/>
      </span>
    </term>
    <term tid="t_32" lemma="verkeerslawaai" type="open" pos="N">
      <span>
        <target id="w_32"/>
      </span>
      <sentiment polarity="negative" resource="VUA_olery_lexicon_nl_lmf"/>
    </term>
    <term tid="t_33" lemma="vanaf" type="open">
      <span>
        <target id="w_33"/>
      </span>
    </term>
    <term tid="t_34" lemma="de" type="open">
      <span>
        <target id="w_34"/>
      </span>
    </term>
    <term tid="t_35" lemma="naastgelegen" type="open">
      <span>
        <target id="w_35"/>
      </span>
    </term>
    <term tid="t_36" lemma="snelweg" type="open">
      <span>
        <target id="w_36"/>
      </span>
    </term>
    <term tid="t_37" lemma="konden" type="open">
      <span>
        <target id="w_37"/>
      </span>
    </term>
    <term tid="t_38" lemma="wij" type="open">
      <span>
        <target id="w_38"/>
      </span>
    </term>
    <term tid="t_39" lemma="het" type="open">
      <span>
        <target id="w_39"/>
      </span>
    </term>
    <term tid="t_40" lemma="raam" type="open">
      <span>
        <target id="w_40"/>
      </span>
    </term>
    <term tid="t_41" lemma="niet" type="open">
      <span>
        <target id="w_41"/>
      </span>
      <sentiment sentiment_modifier="shifter" resource="VUA_olery_lexicon_nl_lmf"/>
    </term>
    <term tid="t_42" lemma="openen" type="open">
      <span>
        <target id="w_42"/>
      </span>
    </term>
    <term tid="t_43" lemma="." type="open">
      <span>
        <target id="w_43"/>
      </span>
    </term>
    <term tid="t_44" lemma="bij" type="open">
      <span>
        <target id="w_44"/>
      </span>
    </term>
    <term tid="t_45" lemma="het" type="open">
      <span>
        <target id="w_45"/>
      </span>
    </term>
    <term tid="t_46" lemma="inchecken" type="open">
      <span>
        <target id="w_46"/>
      </span>
    </term>
    <term tid="t_47" lemma="hebben" type="open">
      <span>
        <target id="w_47"/>
      </span>
    </term>
    <term tid="t_48" lemma="wij" type="open">
      <span>
        <target id="w_48"/>
      </span>
    </term>
    <term tid="t_49" lemma="aangegeven" type="open">
      <span>
        <target id="w_49"/>
      </span>
    </term>
    <term tid="t_50" lemma="met" type="open">
      <span>
        <target id="w_50"/>
      </span>
    </term>
    <term tid="t_51" lemma="creditcard" type="open">
      <span>
        <target id="w_51"/>
      </span>
    </term>
    <term tid="t_52" lemma="te" type="open">
      <span>
        <target id="w_52"/>
      </span>
    </term>
    <term tid="t_53" lemma="betalen" type="open">
      <span>
        <target id="w_53"/>
      </span>
    </term>
    <term tid="t_54" lemma="," type="open">
      <span>
        <target id="w_54"/>
      </span>
    </term>
    <term tid="t_55" lemma="maar" type="open">
      <span>
        <target id="w_55"/>
      </span>
    </term>
    <term tid="t_56" lemma="in" type="open">
      <span>
        <target id="w_56"/>
      </span>
    </term>
    <term tid="t_57" lemma="het" type="open">
      <span>
        <target id="w_57"/>
      </span>
    </term>
    <term tid="t_58" lemma="restaurant" type="open">
      <span>
        <target id="w_58"/>
      </span>
    </term>
    <term tid="t_59" lemma="bleek" type="open">
      <span>
        <target id="w_59"/>
      </span>
    </term>
    <term tid="t_60" lemma="het" type="open">
      <span>
        <target id="w_60"/>
      </span>
    </term>
    <term tid="t_61" lemma="onmogelijk" type="open" pos="G">
      <span>
        <target id="w_61"/>
      </span>
      <sentiment polarity="negative" resource="VUA_olery_lexicon_nl_lmf"/>
    </term>
    <term tid="t_62" lemma="om" type="open">
      <span>
        <target id="w_62"/>
      </span>
    </term>
    <term tid="t_63" lemma="het" type="open">
      <span>
        <target id="w_63"/>
      </span>
    </term>
    <term tid="t_64" lemma="diner" type="open">
      <span>
        <target id="w_64"/>
      </span>
    </term>
    <term tid="t_65" lemma="op" type="open">
      <span>
        <target id="w_65"/>
      </span>
    </term>
    <term tid="t_66" lemma="de" type="open">
      <span>
        <target id="w_66"/>
      </span>
    </term>
    <term tid="t_67" lemma="kamer" type="open">
      <span>
        <target id="w_67"/>
      </span>
    </term>
    <term tid="t_68" lemma="te" type="open">
      <span>
        <target id="w_68"/>
      </span>
    </term>
    <term tid="t_69" lemma="boeken" type="open">
      <span>
        <target id="w_69"/>
      </span>
    </term>
    <term tid="t_70" lemma="(" type="open">
      <span>
        <target id="w_70"/>
      </span>
    </term>
    <term tid="t_71" lemma="de" type="open">
      <span>
        <target id="w_71"/>
      </span>
    </term>
    <term tid="t_72" lemma="receptioniste" type="open">
      <span>
        <target id="w_72"/>
      </span>
    </term>
    <term tid="t_73" lemma="had" type="open">
      <span>
        <target id="w_73"/>
      </span>
    </term>
    <term tid="t_74" lemma="credit" type="open">
      <span>
        <target id="w_74"/>
      </span>
    </term>
    <term tid="t_75" lemma="betaling" type="open">
      <span>
        <target id="w_75"/>
      </span>
    </term>
    <term tid="t_76" lemma="niet" type="open">
      <span>
        <target id="w_76"/>
      </span>
      <sentiment sentiment_modifier="shifter" resource="VUA_olery_lexicon_nl_lmf"/>
    </term>
    <term tid="t_77" lemma="in" type="open">
      <span>
        <target id="w_77"/>
      </span>
    </term>
    <term tid="t_78" lemma="het" type="open">
      <span>
        <target id="w_78"/>
      </span>
    </term>
    <term tid="t_79" lemma="systeem" type="open">
      <span>
        <target id="w_79"/>
      </span>
    </term>
    <term tid="t_80" lemma="gezet" type="open">
      <span>
        <target id="w_80"/>
      </span>
    </term>
    <term tid="t_81" lemma=")" type="open">
      <span>
        <target id="w_81"/>
      </span>
    </term>
    <term tid="t_82" lemma="," type="open">
      <span>
        <target id="w_82"/>
      </span>
    </term>
    <term tid="t_83" lemma="er" type="open">
      <span>
        <target id="w_83"/>
      </span>
    </term>
    <term tid="t_84" lemma="ontstond" type="open">
      <span>
        <target id="w_84"/>
      </span>
    </term>
    <term tid="t_85" lemma="een" type="open">
      <span>
        <target id="w_85"/>
      </span>
    </term>
    <term tid="t_86" lemma="vervelende" type="open">
      <span>
        <target id="w_86"/>
      </span>
    </term>
    <term tid="t_87" lemma="discussie" type="open" pos="N">
      <span>
        <target id="w_87"/>
      </span>
      <sentiment polarity="negative" resource="VUA_olery_lexicon_nl_lmf"/>
    </term>
    <term tid="t_88" lemma="." type="open">
      <span>
        <target id="w_88"/>
      </span>
    </term>
    <term tid="t_89" lemma="het" type="open">
      <span>
        <target id="w_89"/>
      </span>
    </term>
    <term tid="t_90" lemma="ontbijt" type="open">
      <span>
        <target id="w_90"/>
      </span>
    </term>
    <term tid="t_91" lemma="is" type="open">
      <span>
        <target id="w_91"/>
      </span>
    </term>
    <term tid="t_92" lemma="redelijk" type="open">
      <span>
        <target id="w_92"/>
      </span>
    </term>
    <term tid="t_93" lemma="(" type="open">
      <span>
        <target id="w_93"/>
      </span>
    </term>
    <term tid="t_94" lemma="wel" type="open">
      <span>
        <target id="w_94"/>
      </span>
    </term>
    <term tid="t_95" lemma="goedkope" type="open">
      <span>
        <target id="w_95"/>
      </span>
    </term>
    <term tid="t_96" lemma="fabrieks" type="open">
      <span>
        <target id="w_96"/>
      </span>
    </term>
    <term tid="t_97" lemma="vleeswaren" type="open">
      <span>
        <target id="w_97"/>
      </span>
    </term>
    <term tid="t_98" lemma="en" type="open">
      <span>
        <target id="w_98"/>
      </span>
    </term>
    <term tid="t_99" lemma="kaas" type="open">
      <span>
        <target id="w_99"/>
      </span>
    </term>
    <term tid="t_100" lemma=")" type="open">
      <span>
        <target id="w_100"/>
      </span>
    </term>
    <term tid="t_101" lemma="," type="open">
      <span>
        <target id="w_101"/>
      </span>
    </term>
    <term tid="t_102" lemma="maar" type="open">
      <span>
        <target id="w_102"/>
      </span>
    </term>
    <term tid="t_103" lemma="het" type="open">
      <span>
        <target id="w_103"/>
      </span>
    </term>
    <term tid="t_104" lemma="diner" type="open">
      <span>
        <target id="w_104"/>
      </span>
    </term>
    <term tid="t_105" lemma="was" type="open">
      <span>
        <target id="w_105"/>
      </span>
    </term>
    <term tid="t_106" lemma="matig" type="open" pos="G">
      <span>
        <target id="w_106"/>
      </span>
      <sentiment polarity="negative" resource="VUA_olery_lexicon_nl_lmf"/>
    </term>
    <term tid="t_107" lemma="van" type="open">
      <span>
        <target id="w_107"/>
      </span>
    </term>
    <term tid="t_108" lemma="kwaliteit" type="open">
      <span>
        <target id="w_108"/>
      </span>
    </term>
    <term tid="t_109" lemma="." type="open">
      <span>
        <target id="w_109"/>
      </span>
    </term>
    <term tid="t_110" lemma="het" type="open">
      <span>
        <target id="w_110"/>
      </span>
    </term>
    <term tid="t_111" lemma="hotel" type="open">
      <span>
        <target id="w_111"/>
      </span>
    </term>
    <term tid="t_112" lemma="is" type="open">
      <span>
        <target id="w_112"/>
      </span>
    </term>
    <term tid="t_113" lemma="aan" type="open">
      <span>
        <target id="w_113"/>
      </span>
    </term>
    <term tid="t_114" lemma="grondige" type="open">
      <span>
        <target id="w_114"/>
      </span>
    </term>
    <term tid="t_115" lemma="renovatie" type="open" pos="N">
      <span>
        <target id="w_115"/>
      </span>
      <sentiment polarity="positive" resource="VUA_olery_lexicon_nl_lmf"/>
    </term>
    <term tid="t_116" lemma="toe" type="open">
      <span>
        <target id="w_116"/>
      </span>
    </term>
    <term tid="t_117" lemma="." type="open">
      <span>
        <target id="w_117"/>
      </span>
    </term>
  </terms>
  <entities>
    <entity type="PER" eid="e_1">
      <span>
        <target id="t_12"/>
      </span>
    </entity>
    <entity type="PER" eid="e_2">
      <span>
        <target id="t_28"/>
      </span>
    </entity>
    <entity type="PER" eid="e_3">
      <span>
        <target id="t_1"/>
      </span>
    </entity>
    <entity type="ORG" eid="e_4">
      <span>
        <target id="t_5"/>
      </span>
      <span>
        <target id="t_67"/>
      </span>
    </entity>
  </entities>
  <properties>
    <property type="value_for_money" pid="p_1">
      <span>
        <target id="t_51"/>
      </span>
      <span>
        <target id="t_53"/>
      </span>
      <span>
        <target id="t_75"/>
      </span>
    </property>
    <property type="noise" pid="p_2">
      <span>
        <target id="t_32"/>
      </span>
    </property>
    <property type="room" pid="p_3">
      <span>
        <target id="t_5"/>
      </span>
      <span>
        <target id="t_67"/>
      </span>
    </property>
    <property type="restaurant" pid="p_4">
      <span>
        <target id="t_58"/>
      </span>
      <span>
        <target id="t_64"/>
      </span>
      <span>
        <target id="t_90"/>
      </span>
      <span>
        <target id="t_99"/>
      </span>
      <span>
        <target id="t_104"/>
      </span>
    </property>
    <property type="location" pid="p_5">
      <span>
        <target id="t_36"/>
      </span>
    </property>
    <property type="breakfast" pid="p_6">
      <span>
        <target id="t_97"/>
      </span>
    </property>
    <property type="staff" pid="p_7">
      <span>
        <target id="t_46"/>
      </span>
      <span>
        <target id="t_72"/>
      </span>
      <span>
        <target id="t_87"/>
      </span>
    </property>
  </properties>
  <opinions>
    <opinion oid="o_1">
      <opinion_target>
        <span>
          <target id="t_33"/>
        </span>
      </opinion_target>
      <opinion_expression polarity="negative" strength="-1">
        <span>
          <target id="t_32"/>
        </span>
      </opinion_expression>
    </opinion>
    <opinion oid="o_2">
      <opinion_target>
        <span>
          <target id="t_64"/>
        </span>
      </opinion_target>
      <opinion_expression polarity="negative" strength="-1">
        <span>
          <target id="t_61"/>
        </span>
      </opinion_expression>
    </opinion>
    <opinion oid="o_3">
      <opinion_target>
        <span>
          <target id="t_86"/>
        </span>
      </opinion_target>
      <opinion_expression polarity="negative" strength="-1">
        <span>
          <target id="t_87"/>
        </span>
      </opinion_expression>
    </opinion>
    <opinion oid="o_4">
      <opinion_target>
        <span>
          <target id="t_108"/>
        </span>
      </opinion_target>
      <opinion_expression polarity="negative" strength="-1">
        <span>
          <target id="t_106"/>
        </span>
      </opinion_expression>
    </opinion>
    <opinion oid="o_5">
      <opinion_target>
        <span>
          <target id="t_116"/>
        </span>
      </opinion_target>
      <opinion_expression polarity="positive" strength="1">
        <span>
          <target id="t_115"/>
        </span>
      </opinion_expression>
    </opinion>
  </opinions>
</KAF>
