<?xml version='1.0' encoding='UTF-8'?>
<KAF xml:lang="nl">
  <linguisticProcessors layer="text">
    <lp timestamp="2013-01-06T18:43:41CET" version="2.0" name="SentenceTokenizer"/>
  </linguisticProcessors>
  <linguisticProcessors layer="terms">
    <lp timestamp="2013-01-06T18:43:41CET" version="2.0" name="SentenceTokenizer"/>
    <lp timestamp="2013-01-06T18:43:42CET" version="1.0" name="SimplePolarityTagger"/>
  </linguisticProcessors>
  <linguisticProcessor layer="opinions">
    <lp timestamp="2013-01-06T18:43:42CET" version="1.0" name="SimpleOpinionDetector"/>
  </linguisticProcessor>
  <linguisticProcessor layer="properties">
    <lp timestamp="2013-01-06T18:43:42CET" version="1.0" name="SimplePropRecognizer_lookup"/>
  </linguisticProcessor>
  <linguisticProcessor layer="entities">
    <lp timestamp="2013-01-06T18:43:42CET" version="1.0" name="SimpleNER_lookup"/>
  </linguisticProcessor>
  <text>
    <wf wid="w_1" para="1" sent="1">nooit</wf>
    <wf wid="w_2" para="1" sent="1">meer</wf>
    <wf wid="w_3" para="1" sent="1">.</wf>
    <wf wid="w_4" para="1" sent="2">ze</wf>
    <wf wid="w_5" para="1" sent="2">weten</wf>
    <wf wid="w_6" para="1" sent="2">niet</wf>
    <wf wid="w_7" para="1" sent="2">wat</wf>
    <wf wid="w_8" para="1" sent="2">klantvriendelijkheid</wf>
    <wf wid="w_9" para="1" sent="2">betekent</wf>
    <wf wid="w_10" para="1" sent="2">personeel</wf>
    <wf wid="w_11" para="1" sent="2">komt</wf>
    <wf wid="w_12" para="1" sent="2">zomaar</wf>
    <wf wid="w_13" para="1" sent="2">de</wf>
    <wf wid="w_14" para="1" sent="2">kamer</wf>
    <wf wid="w_15" para="1" sent="2">op</wf>
    <wf wid="w_16" para="1" sent="2">zonder</wf>
    <wf wid="w_17" para="1" sent="2">kloppen</wf>
    <wf wid="w_18" para="1" sent="2">en</wf>
    <wf wid="w_19" para="1" sent="2">dit</wf>
    <wf wid="w_20" para="1" sent="2">om</wf>
    <wf wid="w_21" para="1" sent="2">17u</wf>
    <wf wid="w_22" para="1" sent="2">,</wf>
    <wf wid="w_23" para="1" sent="2">we</wf>
    <wf wid="w_24" para="1" sent="2">stonden</wf>
    <wf wid="w_25" para="1" sent="2">naakt</wf>
    <wf wid="w_26" para="1" sent="2">in</wf>
    <wf wid="w_27" para="1" sent="2">onze</wf>
    <wf wid="w_28" para="1" sent="2">kamer</wf>
    <wf wid="w_29" para="1" sent="2">.</wf>
    <wf wid="w_30" para="1" sent="3">wat</wf>
    <wf wid="w_31" para="1" sent="3">die</wf>
    <wf wid="w_32" para="1" sent="3">man</wf>
    <wf wid="w_33" para="1" sent="3">daar</wf>
    <wf wid="w_34" para="1" sent="3">kwam</wf>
    <wf wid="w_35" para="1" sent="3">doen</wf>
    <wf wid="w_36" para="1" sent="3">blijft</wf>
    <wf wid="w_37" para="1" sent="3">een</wf>
    <wf wid="w_38" para="1" sent="3">raadsel</wf>
    <wf wid="w_39" para="1" sent="3">,</wf>
    <wf wid="w_40" para="1" sent="3">alleen</wf>
    <wf wid="w_41" para="1" sent="3">een</wf>
    <wf wid="w_42" para="1" sent="3">sorry</wf>
    <wf wid="w_43" para="1" sent="3">kregen</wf>
    <wf wid="w_44" para="1" sent="3">we</wf>
    <wf wid="w_45" para="1" sent="3">te</wf>
    <wf wid="w_46" para="1" sent="3">horen</wf>
    <wf wid="w_47" para="1" sent="3">.</wf>
    <wf wid="w_48" para="1" sent="4">ze</wf>
    <wf wid="w_49" para="1" sent="4">gingen</wf>
    <wf wid="w_50" para="1" sent="4">het</wf>
    <wf wid="w_51" para="1" sent="4">verder</wf>
    <wf wid="w_52" para="1" sent="4">onderzoeken</wf>
    <wf wid="w_53" para="1" sent="4">zei</wf>
    <wf wid="w_54" para="1" sent="4">het</wf>
    <wf wid="w_55" para="1" sent="4">andere</wf>
    <wf wid="w_56" para="1" sent="4">personeel</wf>
    <wf wid="w_57" para="1" sent="4">.</wf>
    <wf wid="w_58" para="1" sent="5">bijna</wf>
    <wf wid="w_59" para="1" sent="5">alle</wf>
    <wf wid="w_60" para="1" sent="5">dagen</wf>
    <wf wid="w_61" para="1" sent="5">is</wf>
    <wf wid="w_62" para="1" sent="5">het</wf>
    <wf wid="w_63" para="1" sent="5">ander</wf>
    <wf wid="w_64" para="1" sent="5">personeel</wf>
    <wf wid="w_65" para="1" sent="5">en</wf>
    <wf wid="w_66" para="1" sent="5">is</wf>
    <wf wid="w_67" para="1" sent="5">het</wf>
    <wf wid="w_68" para="1" sent="5">alsof</wf>
    <wf wid="w_69" para="1" sent="5">je</wf>
    <wf wid="w_70" para="1" sent="5">ergens</wf>
    <wf wid="w_71" para="1" sent="5">in</wf>
    <wf wid="w_72" para="1" sent="5">een</wf>
    <wf wid="w_73" para="1" sent="5">fabriek</wf>
    <wf wid="w_74" para="1" sent="5">zit</wf>
    <wf wid="w_75" para="1" sent="5">.</wf>
    <wf wid="w_76" para="1" sent="6">als</wf>
    <wf wid="w_77" para="1" sent="6">je</wf>
    <wf wid="w_78" para="1" sent="6">vraagt</wf>
    <wf wid="w_79" para="1" sent="6">naar</wf>
    <wf wid="w_80" para="1" sent="6">het</wf>
    <wf wid="w_81" para="1" sent="6">menu</wf>
    <wf wid="w_82" para="1" sent="6">kunnen</wf>
    <wf wid="w_83" para="1" sent="6">ze</wf>
    <wf wid="w_84" para="1" sent="6">daar</wf>
    <wf wid="w_85" para="1" sent="6">niet</wf>
    <wf wid="w_86" para="1" sent="6">op</wf>
    <wf wid="w_87" para="1" sent="6">antwoorden</wf>
    <wf wid="w_88" para="1" sent="6">.</wf>
    <wf wid="w_89" para="1" sent="7">ze</wf>
    <wf wid="w_90" para="1" sent="7">hebben</wf>
    <wf wid="w_91" para="1" sent="7">wel</wf>
    <wf wid="w_92" para="1" sent="7">een</wf>
    <wf wid="w_93" para="1" sent="7">eigen</wf>
    <wf wid="w_94" para="1" sent="7">parking</wf>
    <wf wid="w_95" para="1" sent="7">maar</wf>
    <wf wid="w_96" para="1" sent="7">is</wf>
    <wf wid="w_97" para="1" sent="7">duurder</wf>
    <wf wid="w_98" para="1" sent="7">als</wf>
    <wf wid="w_99" para="1" sent="7">de</wf>
    <wf wid="w_100" para="1" sent="7">parking</wf>
    <wf wid="w_101" para="1" sent="7">van</wf>
    <wf wid="w_102" para="1" sent="7">het</wf>
    <wf wid="w_103" para="1" sent="7">casino</wf>
    <wf wid="w_104" para="1" sent="7">en</wf>
    <wf wid="w_105" para="1" sent="7">dan</wf>
    <wf wid="w_106" para="1" sent="7">sta</wf>
    <wf wid="w_107" para="1" sent="7">je</wf>
    <wf wid="w_108" para="1" sent="7">gewoon</wf>
    <wf wid="w_109" para="1" sent="7">op</wf>
    <wf wid="w_110" para="1" sent="7">het</wf>
    <wf wid="w_111" para="1" sent="7">zand</wf>
    <wf wid="w_112" para="1" sent="7">en</wf>
    <wf wid="w_113" para="1" sent="7">erg</wf>
    <wf wid="w_114" para="1" sent="7">ver</wf>
    <wf wid="w_115" para="1" sent="7">gelegen</wf>
    <wf wid="w_116" para="1" sent="7">van</wf>
    <wf wid="w_117" para="1" sent="7">het</wf>
    <wf wid="w_118" para="1" sent="7">hotel</wf>
    <wf wid="w_119" para="1" sent="7">.</wf>
    <wf wid="w_120" para="1" sent="8">verse</wf>
    <wf wid="w_121" para="1" sent="8">handdoeken</wf>
    <wf wid="w_122" para="1" sent="8">waren</wf>
    <wf wid="w_123" para="1" sent="8">ze</wf>
    <wf wid="w_124" para="1" sent="8">ook</wf>
    <wf wid="w_125" para="1" sent="8">vergeten</wf>
    <wf wid="w_126" para="1" sent="8">te</wf>
    <wf wid="w_127" para="1" sent="8">leggen</wf>
    <wf wid="w_128" para="1" sent="8">zodat</wf>
    <wf wid="w_129" para="1" sent="8">we</wf>
    <wf wid="w_130" para="1" sent="8">na</wf>
    <wf wid="w_131" para="1" sent="8">het</wf>
    <wf wid="w_132" para="1" sent="8">douchen</wf>
    <wf wid="w_133" para="1" sent="8">ons</wf>
    <wf wid="w_134" para="1" sent="8">hebben</wf>
    <wf wid="w_135" para="1" sent="8">moeten</wf>
    <wf wid="w_136" para="1" sent="8">drogen</wf>
    <wf wid="w_137" para="1" sent="8">met</wf>
    <wf wid="w_138" para="1" sent="8">de</wf>
    <wf wid="w_139" para="1" sent="8">fohn</wf>
    <wf wid="w_140" para="1" sent="8">.</wf>
    <wf wid="w_141" para="1" sent="9">het</wf>
    <wf wid="w_142" para="1" sent="9">enige</wf>
    <wf wid="w_143" para="1" sent="9">positieve</wf>
    <wf wid="w_144" para="1" sent="9">is</wf>
    <wf wid="w_145" para="1" sent="9">dat</wf>
    <wf wid="w_146" para="1" sent="9">je</wf>
    <wf wid="w_147" para="1" sent="9">daar</wf>
    <wf wid="w_148" para="1" sent="9">kan</wf>
    <wf wid="w_149" para="1" sent="9">uitchekken</wf>
    <wf wid="w_150" para="1" sent="9">en</wf>
    <wf wid="w_151" para="1" sent="9">nooit</wf>
    <wf wid="w_152" para="1" sent="9">meer</wf>
    <wf wid="w_153" para="1" sent="9">naar</wf>
    <wf wid="w_154" para="1" sent="9">toe</wf>
    <wf wid="w_155" para="1" sent="9">moet</wf>
    <wf wid="w_156" para="1" sent="9">gaan</wf>
  </text>
  <terms>
    <term tid="t_1" lemma="nooit" type="open">
      <span>
        <target id="w_1"/>
      </span>
      <sentiment sentiment_modifier="shifter" resource="VUA_olery_lexicon_nl_lmf"/>
    </term>
    <term tid="t_2" lemma="meer" type="open">
      <span>
        <target id="w_2"/>
      </span>
    </term>
    <term tid="t_3" lemma="." type="open">
      <span>
        <target id="w_3"/>
      </span>
    </term>
    <term tid="t_4" lemma="ze" type="open">
      <span>
        <target id="w_4"/>
      </span>
    </term>
    <term tid="t_5" lemma="weten" type="open">
      <span>
        <target id="w_5"/>
      </span>
    </term>
    <term tid="t_6" lemma="niet" type="open">
      <span>
        <target id="w_6"/>
      </span>
      <sentiment sentiment_modifier="shifter" resource="VUA_olery_lexicon_nl_lmf"/>
    </term>
    <term tid="t_7" lemma="wat" type="open">
      <span>
        <target id="w_7"/>
      </span>
    </term>
    <term tid="t_8" lemma="klantvriendelijkheid" type="open" pos="N">
      <span>
        <target id="w_8"/>
      </span>
      <sentiment polarity="positive" resource="VUA_olery_lexicon_nl_lmf"/>
    </term>
    <term tid="t_9" lemma="betekent" type="open">
      <span>
        <target id="w_9"/>
      </span>
    </term>
    <term tid="t_10" lemma="personeel" type="open">
      <span>
        <target id="w_10"/>
      </span>
    </term>
    <term tid="t_11" lemma="komt" type="open">
      <span>
        <target id="w_11"/>
      </span>
    </term>
    <term tid="t_12" lemma="zomaar" type="open">
      <span>
        <target id="w_12"/>
      </span>
    </term>
    <term tid="t_13" lemma="de" type="open">
      <span>
        <target id="w_13"/>
      </span>
    </term>
    <term tid="t_14" lemma="kamer" type="open">
      <span>
        <target id="w_14"/>
      </span>
    </term>
    <term tid="t_15" lemma="op" type="open">
      <span>
        <target id="w_15"/>
      </span>
    </term>
    <term tid="t_16" lemma="zonder" type="open">
      <span>
        <target id="w_16"/>
      </span>
      <sentiment sentiment_modifier="shifter" resource="VUA_olery_lexicon_nl_lmf"/>
    </term>
    <term tid="t_17" lemma="kloppen" type="open">
      <span>
        <target id="w_17"/>
      </span>
    </term>
    <term tid="t_18" lemma="en" type="open">
      <span>
        <target id="w_18"/>
      </span>
    </term>
    <term tid="t_19" lemma="dit" type="open">
      <span>
        <target id="w_19"/>
      </span>
    </term>
    <term tid="t_20" lemma="om" type="open">
      <span>
        <target id="w_20"/>
      </span>
    </term>
    <term tid="t_21" lemma="17u" type="open">
      <span>
        <target id="w_21"/>
      </span>
    </term>
    <term tid="t_22" lemma="," type="open">
      <span>
        <target id="w_22"/>
      </span>
    </term>
    <term tid="t_23" lemma="we" type="open">
      <span>
        <target id="w_23"/>
      </span>
    </term>
    <term tid="t_24" lemma="stonden" type="open">
      <span>
        <target id="w_24"/>
      </span>
    </term>
    <term tid="t_25" lemma="naakt" type="open">
      <span>
        <target id="w_25"/>
      </span>
    </term>
    <term tid="t_26" lemma="in" type="open">
      <span>
        <target id="w_26"/>
      </span>
    </term>
    <term tid="t_27" lemma="onze" type="open">
      <span>
        <target id="w_27"/>
      </span>
    </term>
    <term tid="t_28" lemma="kamer" type="open">
      <span>
        <target id="w_28"/>
      </span>
    </term>
    <term tid="t_29" lemma="." type="open">
      <span>
        <target id="w_29"/>
      </span>
    </term>
    <term tid="t_30" lemma="wat" type="open">
      <span>
        <target id="w_30"/>
      </span>
    </term>
    <term tid="t_31" lemma="die" type="open">
      <span>
        <target id="w_31"/>
      </span>
    </term>
    <term tid="t_32" lemma="man" type="open">
      <span>
        <target id="w_32"/>
      </span>
    </term>
    <term tid="t_33" lemma="daar" type="open">
      <span>
        <target id="w_33"/>
      </span>
    </term>
    <term tid="t_34" lemma="kwam" type="open">
      <span>
        <target id="w_34"/>
      </span>
    </term>
    <term tid="t_35" lemma="doen" type="open">
      <span>
        <target id="w_35"/>
      </span>
    </term>
    <term tid="t_36" lemma="blijft" type="open">
      <span>
        <target id="w_36"/>
      </span>
    </term>
    <term tid="t_37" lemma="een" type="open">
      <span>
        <target id="w_37"/>
      </span>
    </term>
    <term tid="t_38" lemma="raadsel" type="open">
      <span>
        <target id="w_38"/>
      </span>
    </term>
    <term tid="t_39" lemma="," type="open">
      <span>
        <target id="w_39"/>
      </span>
    </term>
    <term tid="t_40" lemma="alleen" type="open">
      <span>
        <target id="w_40"/>
      </span>
    </term>
    <term tid="t_41" lemma="een" type="open">
      <span>
        <target id="w_41"/>
      </span>
    </term>
    <term tid="t_42" lemma="sorry" type="open">
      <span>
        <target id="w_42"/>
      </span>
    </term>
    <term tid="t_43" lemma="kregen" type="open">
      <span>
        <target id="w_43"/>
      </span>
    </term>
    <term tid="t_44" lemma="we" type="open">
      <span>
        <target id="w_44"/>
      </span>
    </term>
    <term tid="t_45" lemma="te" type="open">
      <span>
        <target id="w_45"/>
      </span>
    </term>
    <term tid="t_46" lemma="horen" type="open">
      <span>
        <target id="w_46"/>
      </span>
    </term>
    <term tid="t_47" lemma="." type="open">
      <span>
        <target id="w_47"/>
      </span>
    </term>
    <term tid="t_48" lemma="ze" type="open">
      <span>
        <target id="w_48"/>
      </span>
    </term>
    <term tid="t_49" lemma="gingen" type="open">
      <span>
        <target id="w_49"/>
      </span>
    </term>
    <term tid="t_50" lemma="het" type="open">
      <span>
        <target id="w_50"/>
      </span>
    </term>
    <term tid="t_51" lemma="verder" type="open">
      <span>
        <target id="w_51"/>
      </span>
    </term>
    <term tid="t_52" lemma="onderzoeken" type="open">
      <span>
        <target id="w_52"/>
      </span>
    </term>
    <term tid="t_53" lemma="zei" type="open">
      <span>
        <target id="w_53"/>
      </span>
    </term>
    <term tid="t_54" lemma="het" type="open">
      <span>
        <target id="w_54"/>
      </span>
    </term>
    <term tid="t_55" lemma="andere" type="open">
      <span>
        <target id="w_55"/>
      </span>
    </term>
    <term tid="t_56" lemma="personeel" type="open">
      <span>
        <target id="w_56"/>
      </span>
    </term>
    <term tid="t_57" lemma="." type="open">
      <span>
        <target id="w_57"/>
      </span>
    </term>
    <term tid="t_58" lemma="bijna" type="open">
      <span>
        <target id="w_58"/>
      </span>
    </term>
    <term tid="t_59" lemma="alle" type="open">
      <span>
        <target id="w_59"/>
      </span>
    </term>
    <term tid="t_60" lemma="dagen" type="open">
      <span>
        <target id="w_60"/>
      </span>
    </term>
    <term tid="t_61" lemma="is" type="open">
      <span>
        <target id="w_61"/>
      </span>
    </term>
    <term tid="t_62" lemma="het" type="open">
      <span>
        <target id="w_62"/>
      </span>
    </term>
    <term tid="t_63" lemma="ander" type="open">
      <span>
        <target id="w_63"/>
      </span>
    </term>
    <term tid="t_64" lemma="personeel" type="open">
      <span>
        <target id="w_64"/>
      </span>
    </term>
    <term tid="t_65" lemma="en" type="open">
      <span>
        <target id="w_65"/>
      </span>
    </term>
    <term tid="t_66" lemma="is" type="open">
      <span>
        <target id="w_66"/>
      </span>
    </term>
    <term tid="t_67" lemma="het" type="open">
      <span>
        <target id="w_67"/>
      </span>
    </term>
    <term tid="t_68" lemma="alsof" type="open">
      <span>
        <target id="w_68"/>
      </span>
    </term>
    <term tid="t_69" lemma="je" type="open">
      <span>
        <target id="w_69"/>
      </span>
    </term>
    <term tid="t_70" lemma="ergens" type="open">
      <span>
        <target id="w_70"/>
      </span>
    </term>
    <term tid="t_71" lemma="in" type="open">
      <span>
        <target id="w_71"/>
      </span>
    </term>
    <term tid="t_72" lemma="een" type="open">
      <span>
        <target id="w_72"/>
      </span>
    </term>
    <term tid="t_73" lemma="fabriek" type="open">
      <span>
        <target id="w_73"/>
      </span>
    </term>
    <term tid="t_74" lemma="zit" type="open">
      <span>
        <target id="w_74"/>
      </span>
    </term>
    <term tid="t_75" lemma="." type="open">
      <span>
        <target id="w_75"/>
      </span>
    </term>
    <term tid="t_76" lemma="als" type="open">
      <span>
        <target id="w_76"/>
      </span>
    </term>
    <term tid="t_77" lemma="je" type="open">
      <span>
        <target id="w_77"/>
      </span>
    </term>
    <term tid="t_78" lemma="vraagt" type="open">
      <span>
        <target id="w_78"/>
      </span>
    </term>
    <term tid="t_79" lemma="naar" type="open" pos="G">
      <span>
        <target id="w_79"/>
      </span>
      <sentiment polarity="negative" resource="VUA_olery_lexicon_nl_lmf"/>
    </term>
    <term tid="t_80" lemma="het" type="open">
      <span>
        <target id="w_80"/>
      </span>
    </term>
    <term tid="t_81" lemma="menu" type="open">
      <span>
        <target id="w_81"/>
      </span>
    </term>
    <term tid="t_82" lemma="kunnen" type="open">
      <span>
        <target id="w_82"/>
      </span>
    </term>
    <term tid="t_83" lemma="ze" type="open">
      <span>
        <target id="w_83"/>
      </span>
    </term>
    <term tid="t_84" lemma="daar" type="open">
      <span>
        <target id="w_84"/>
      </span>
    </term>
    <term tid="t_85" lemma="niet" type="open">
      <span>
        <target id="w_85"/>
      </span>
      <sentiment sentiment_modifier="shifter" resource="VUA_olery_lexicon_nl_lmf"/>
    </term>
    <term tid="t_86" lemma="op" type="open">
      <span>
        <target id="w_86"/>
      </span>
    </term>
    <term tid="t_87" lemma="antwoorden" type="open">
      <span>
        <target id="w_87"/>
      </span>
    </term>
    <term tid="t_88" lemma="." type="open">
      <span>
        <target id="w_88"/>
      </span>
    </term>
    <term tid="t_89" lemma="ze" type="open">
      <span>
        <target id="w_89"/>
      </span>
    </term>
    <term tid="t_90" lemma="hebben" type="open">
      <span>
        <target id="w_90"/>
      </span>
    </term>
    <term tid="t_91" lemma="wel" type="open">
      <span>
        <target id="w_91"/>
      </span>
    </term>
    <term tid="t_92" lemma="een" type="open">
      <span>
        <target id="w_92"/>
      </span>
    </term>
    <term tid="t_93" lemma="eigen" type="open">
      <span>
        <target id="w_93"/>
      </span>
    </term>
    <term tid="t_94" lemma="parking" type="open">
      <span>
        <target id="w_94"/>
      </span>
    </term>
    <term tid="t_95" lemma="maar" type="open">
      <span>
        <target id="w_95"/>
      </span>
    </term>
    <term tid="t_96" lemma="is" type="open">
      <span>
        <target id="w_96"/>
      </span>
    </term>
    <term tid="t_97" lemma="duurder" type="open">
      <span>
        <target id="w_97"/>
      </span>
    </term>
    <term tid="t_98" lemma="als" type="open">
      <span>
        <target id="w_98"/>
      </span>
    </term>
    <term tid="t_99" lemma="de" type="open">
      <span>
        <target id="w_99"/>
      </span>
    </term>
    <term tid="t_100" lemma="parking" type="open">
      <span>
        <target id="w_100"/>
      </span>
    </term>
    <term tid="t_101" lemma="van" type="open">
      <span>
        <target id="w_101"/>
      </span>
    </term>
    <term tid="t_102" lemma="het" type="open">
      <span>
        <target id="w_102"/>
      </span>
    </term>
    <term tid="t_103" lemma="casino" type="open">
      <span>
        <target id="w_103"/>
      </span>
    </term>
    <term tid="t_104" lemma="en" type="open">
      <span>
        <target id="w_104"/>
      </span>
    </term>
    <term tid="t_105" lemma="dan" type="open">
      <span>
        <target id="w_105"/>
      </span>
    </term>
    <term tid="t_106" lemma="sta" type="open">
      <span>
        <target id="w_106"/>
      </span>
    </term>
    <term tid="t_107" lemma="je" type="open">
      <span>
        <target id="w_107"/>
      </span>
    </term>
    <term tid="t_108" lemma="gewoon" type="open">
      <span>
        <target id="w_108"/>
      </span>
    </term>
    <term tid="t_109" lemma="op" type="open">
      <span>
        <target id="w_109"/>
      </span>
    </term>
    <term tid="t_110" lemma="het" type="open">
      <span>
        <target id="w_110"/>
      </span>
    </term>
    <term tid="t_111" lemma="zand" type="open">
      <span>
        <target id="w_111"/>
      </span>
    </term>
    <term tid="t_112" lemma="en" type="open">
      <span>
        <target id="w_112"/>
      </span>
    </term>
    <term tid="t_113" lemma="erg" type="open">
      <span>
        <target id="w_113"/>
      </span>
      <sentiment sentiment_modifier="intensifier" resource="VUA_olery_lexicon_nl_lmf"/>
    </term>
    <term tid="t_114" lemma="ver" type="open" pos="G">
      <span>
        <target id="w_114"/>
      </span>
      <sentiment polarity="negative" resource="VUA_olery_lexicon_nl_lmf"/>
    </term>
    <term tid="t_115" lemma="gelegen" type="open">
      <span>
        <target id="w_115"/>
      </span>
    </term>
    <term tid="t_116" lemma="van" type="open">
      <span>
        <target id="w_116"/>
      </span>
    </term>
    <term tid="t_117" lemma="het" type="open">
      <span>
        <target id="w_117"/>
      </span>
    </term>
    <term tid="t_118" lemma="hotel" type="open">
      <span>
        <target id="w_118"/>
      </span>
    </term>
    <term tid="t_119" lemma="." type="open">
      <span>
        <target id="w_119"/>
      </span>
    </term>
    <term tid="t_120" lemma="verse" type="open">
      <span>
        <target id="w_120"/>
      </span>
    </term>
    <term tid="t_121" lemma="handdoeken" type="open">
      <span>
        <target id="w_121"/>
      </span>
    </term>
    <term tid="t_122" lemma="waren" type="open">
      <span>
        <target id="w_122"/>
      </span>
    </term>
    <term tid="t_123" lemma="ze" type="open">
      <span>
        <target id="w_123"/>
      </span>
    </term>
    <term tid="t_124" lemma="ook" type="open">
      <span>
        <target id="w_124"/>
      </span>
    </term>
    <term tid="t_125" lemma="vergeten" type="open" pos="V">
      <span>
        <target id="w_125"/>
      </span>
      <sentiment polarity="negative" resource="VUA_olery_lexicon_nl_lmf"/>
    </term>
    <term tid="t_126" lemma="te" type="open">
      <span>
        <target id="w_126"/>
      </span>
    </term>
    <term tid="t_127" lemma="leggen" type="open">
      <span>
        <target id="w_127"/>
      </span>
    </term>
    <term tid="t_128" lemma="zodat" type="open">
      <span>
        <target id="w_128"/>
      </span>
    </term>
    <term tid="t_129" lemma="we" type="open">
      <span>
        <target id="w_129"/>
      </span>
    </term>
    <term tid="t_130" lemma="na" type="open">
      <span>
        <target id="w_130"/>
      </span>
    </term>
    <term tid="t_131" lemma="het" type="open">
      <span>
        <target id="w_131"/>
      </span>
    </term>
    <term tid="t_132" lemma="douchen" type="open">
      <span>
        <target id="w_132"/>
      </span>
    </term>
    <term tid="t_133" lemma="ons" type="open">
      <span>
        <target id="w_133"/>
      </span>
    </term>
    <term tid="t_134" lemma="hebben" type="open">
      <span>
        <target id="w_134"/>
      </span>
    </term>
    <term tid="t_135" lemma="moeten" type="open">
      <span>
        <target id="w_135"/>
      </span>
    </term>
    <term tid="t_136" lemma="drogen" type="open">
      <span>
        <target id="w_136"/>
      </span>
    </term>
    <term tid="t_137" lemma="met" type="open">
      <span>
        <target id="w_137"/>
      </span>
    </term>
    <term tid="t_138" lemma="de" type="open">
      <span>
        <target id="w_138"/>
      </span>
    </term>
    <term tid="t_139" lemma="fohn" type="open">
      <span>
        <target id="w_139"/>
      </span>
    </term>
    <term tid="t_140" lemma="." type="open">
      <span>
        <target id="w_140"/>
      </span>
    </term>
    <term tid="t_141" lemma="het" type="open">
      <span>
        <target id="w_141"/>
      </span>
    </term>
    <term tid="t_142" lemma="enige" type="open">
      <span>
        <target id="w_142"/>
      </span>
    </term>
    <term tid="t_143" lemma="positieve" type="open">
      <span>
        <target id="w_143"/>
      </span>
    </term>
    <term tid="t_144" lemma="is" type="open">
      <span>
        <target id="w_144"/>
      </span>
    </term>
    <term tid="t_145" lemma="dat" type="open">
      <span>
        <target id="w_145"/>
      </span>
    </term>
    <term tid="t_146" lemma="je" type="open">
      <span>
        <target id="w_146"/>
      </span>
    </term>
    <term tid="t_147" lemma="daar" type="open">
      <span>
        <target id="w_147"/>
      </span>
    </term>
    <term tid="t_148" lemma="kan" type="open">
      <span>
        <target id="w_148"/>
      </span>
    </term>
    <term tid="t_149" lemma="uitchekken" type="open">
      <span>
        <target id="w_149"/>
      </span>
    </term>
    <term tid="t_150" lemma="en" type="open">
      <span>
        <target id="w_150"/>
      </span>
    </term>
    <term tid="t_151" lemma="nooit" type="open">
      <span>
        <target id="w_151"/>
      </span>
      <sentiment sentiment_modifier="shifter" resource="VUA_olery_lexicon_nl_lmf"/>
    </term>
    <term tid="t_152" lemma="meer" type="open">
      <span>
        <target id="w_152"/>
      </span>
    </term>
    <term tid="t_153" lemma="naar" type="open" pos="G">
      <span>
        <target id="w_153"/>
      </span>
      <sentiment polarity="negative" resource="VUA_olery_lexicon_nl_lmf"/>
    </term>
    <term tid="t_154" lemma="toe" type="open">
      <span>
        <target id="w_154"/>
      </span>
    </term>
    <term tid="t_155" lemma="moet" type="open">
      <span>
        <target id="w_155"/>
      </span>
    </term>
    <term tid="t_156" lemma="gaan" type="open">
      <span>
        <target id="w_156"/>
      </span>
    </term>
  </terms>
  <entities>
    <entity type="PER" eid="e_1">
      <span>
        <target id="t_93"/>
      </span>
    </entity>
    <entity type="PER" eid="e_2">
      <span>
        <target id="t_23"/>
      </span>
      <span>
        <target id="t_44"/>
      </span>
      <span>
        <target id="t_129"/>
      </span>
    </entity>
    <entity type="ORG" eid="e_3">
      <span>
        <target id="t_14"/>
      </span>
      <span>
        <target id="t_28"/>
      </span>
    </entity>
    <entity type="LOC" eid="e_4">
      <span>
        <target id="t_111"/>
      </span>
    </entity>
  </entities>
  <properties>
    <property type="bathroom" pid="p_1">
      <span>
        <target id="t_132"/>
      </span>
      <span>
        <target id="t_139"/>
      </span>
    </property>
    <property type="room" pid="p_2">
      <span>
        <target id="t_14"/>
      </span>
      <span>
        <target id="t_28"/>
      </span>
    </property>
    <property type="restaurant" pid="p_3">
      <span>
        <target id="t_81"/>
      </span>
    </property>
    <property type="facilities" pid="p_4">
      <span>
        <target id="t_103"/>
      </span>
    </property>
    <property type="location" pid="p_5">
      <span>
        <target id="t_114"/>
      </span>
    </property>
    <property type="parking" pid="p_6">
      <span>
        <target id="t_94"/>
      </span>
      <span>
        <target id="t_100"/>
      </span>
    </property>
    <property type="staff" pid="p_7">
      <span>
        <target id="t_8"/>
      </span>
      <span>
        <target id="t_10"/>
      </span>
      <span>
        <target id="t_56"/>
      </span>
      <span>
        <target id="t_64"/>
      </span>
    </property>
  </properties>
  <opinions>
    <opinion oid="o_1">
      <opinion_holder>
        <span>
          <target id="t_23"/>
        </span>
      </opinion_holder>
      <opinion_target>
        <span>
          <target id="t_9"/>
        </span>
      </opinion_target>
      <opinion_expression polarity="positive" strength="1">
        <span>
          <target id="t_8"/>
        </span>
      </opinion_expression>
    </opinion>
    <opinion oid="o_2">
      <opinion_target>
        <span>
          <target id="t_81"/>
        </span>
      </opinion_target>
      <opinion_expression polarity="negative" strength="-1">
        <span>
          <target id="t_79"/>
        </span>
      </opinion_expression>
    </opinion>
    <opinion oid="o_3">
      <opinion_target>
        <span>
          <target id="t_115"/>
        </span>
      </opinion_target>
      <opinion_expression polarity="negative" strength="-2">
        <span>
          <target id="t_114"/>
          <target id="t_113"/>
        </span>
      </opinion_expression>
    </opinion>
    <opinion oid="o_4">
      <opinion_holder>
        <span>
          <target id="t_129"/>
        </span>
      </opinion_holder>
      <opinion_target>
        <span>
          <target id="t_127"/>
        </span>
      </opinion_target>
      <opinion_expression polarity="negative" strength="-1">
        <span>
          <target id="t_125"/>
        </span>
      </opinion_expression>
    </opinion>
    <opinion oid="o_5">
      <opinion_target>
        <span>
          <target id="t_154"/>
        </span>
      </opinion_target>
      <opinion_expression polarity="negative" strength="-1">
        <span>
          <target id="t_153"/>
        </span>
      </opinion_expression>
    </opinion>
  </opinions>
</KAF>
