<?xml version='1.0' encoding='UTF-8'?>
<KAF xml:lang="nl">
  <linguisticProcessors layer="text">
    <lp timestamp="2013-01-06T18:32:16CET" version="2.0" name="SentenceTokenizer"/>
  </linguisticProcessors>
  <linguisticProcessors layer="terms">
    <lp timestamp="2013-01-06T18:32:16CET" version="2.0" name="SentenceTokenizer"/>
    <lp timestamp="2013-01-06T18:32:16CET" version="1.0" name="SimplePolarityTagger"/>
  </linguisticProcessors>
  <linguisticProcessor layer="opinions">
    <lp timestamp="2013-01-06T18:32:16CET" version="1.0" name="SimpleOpinionDetector"/>
  </linguisticProcessor>
  <linguisticProcessor layer="properties">
    <lp timestamp="2013-01-06T18:32:16CET" version="1.0" name="SimplePropRecognizer_lookup"/>
  </linguisticProcessor>
  <linguisticProcessor layer="entities">
    <lp timestamp="2013-01-06T18:32:16CET" version="1.0" name="SimpleNER_lookup"/>
  </linguisticProcessor>
  <text>
    <wf wid="w_1" para="1" sent="1">We</wf>
    <wf wid="w_2" para="1" sent="1">zijn</wf>
    <wf wid="w_3" para="1" sent="1">1</wf>
    <wf wid="w_4" para="1" sent="1">nachtje</wf>
    <wf wid="w_5" para="1" sent="1">geweest</wf>
    <wf wid="w_6" para="1" sent="1">,</wf>
    <wf wid="w_7" para="1" sent="1">perfecte</wf>
    <wf wid="w_8" para="1" sent="1">kamer</wf>
    <wf wid="w_9" para="1" sent="1">,</wf>
    <wf wid="w_10" para="1" sent="1">modern</wf>
    <wf wid="w_11" para="1" sent="1">ingericht</wf>
    <wf wid="w_12" para="1" sent="1">met</wf>
    <wf wid="w_13" para="1" sent="1">o</wf>
    <wf wid="w_14" para="1" sent="1">.</wf>
    <wf wid="w_15" para="1" sent="2">a</wf>
    <wf wid="w_16" para="1" sent="2">.</wf>
    <wf wid="w_17" para="1" sent="3">flatscreen</wf>
    <wf wid="w_18" para="1" sent="3">,</wf>
    <wf wid="w_19" para="1" sent="3">minibar</wf>
    <wf wid="w_20" para="1" sent="3">en</wf>
    <wf wid="w_21" para="1" sent="3">prima</wf>
    <wf wid="w_22" para="1" sent="3">boxspringbed</wf>
    <wf wid="w_23" para="1" sent="3">.</wf>
    <wf wid="w_24" para="1" sent="4">De</wf>
    <wf wid="w_25" para="1" sent="4">kamer</wf>
    <wf wid="w_26" para="1" sent="4">was</wf>
    <wf wid="w_27" para="1" sent="4">toevallig</wf>
    <wf wid="w_28" para="1" sent="4">om</wf>
    <wf wid="w_29" para="1" sent="4">14.00</wf>
    <wf wid="w_30" para="1" sent="4">uur</wf>
    <wf wid="w_31" para="1" sent="4">alklaar</wf>
    <wf wid="w_32" para="1" sent="4">en</wf>
    <wf wid="w_33" para="1" sent="4">we</wf>
    <wf wid="w_34" para="1" sent="4">mochten</wf>
    <wf wid="w_35" para="1" sent="4">er</wf>
    <wf wid="w_36" para="1" sent="4">direct</wf>
    <wf wid="w_37" para="1" sent="4">in</wf>
    <wf wid="w_38" para="1" sent="4">.</wf>
    <wf wid="w_39" para="1" sent="5">Badkamer</wf>
    <wf wid="w_40" para="1" sent="5">met</wf>
    <wf wid="w_41" para="1" sent="5">bad</wf>
    <wf wid="w_42" para="1" sent="5">waarin</wf>
    <wf wid="w_43" para="1" sent="5">je</wf>
    <wf wid="w_44" para="1" sent="5">ook</wf>
    <wf wid="w_45" para="1" sent="5">kunt</wf>
    <wf wid="w_46" para="1" sent="5">douchen</wf>
    <wf wid="w_47" para="1" sent="5">.</wf>
    <wf wid="w_48" para="1" sent="6">Houdt</wf>
    <wf wid="w_49" para="1" sent="6">er</wf>
    <wf wid="w_50" para="1" sent="6">wel</wf>
    <wf wid="w_51" para="1" sent="6">rekening</wf>
    <wf wid="w_52" para="1" sent="6">mee</wf>
    <wf wid="w_53" para="1" sent="6">dat</wf>
    <wf wid="w_54" para="1" sent="6">de</wf>
    <wf wid="w_55" para="1" sent="6">parkeergarage</wf>
    <wf wid="w_56" para="1" sent="6">(</wf>
    <wf wid="w_57" para="1" sent="6">onder</wf>
    <wf wid="w_58" para="1" sent="6">het</wf>
    <wf wid="w_59" para="1" sent="6">hotel</wf>
    <wf wid="w_60" para="1" sent="6">)</wf>
    <wf wid="w_61" para="1" sent="6">apart</wf>
    <wf wid="w_62" para="1" sent="6">betaald</wf>
    <wf wid="w_63" para="1" sent="6">moet</wf>
    <wf wid="w_64" para="1" sent="6">worden</wf>
    <wf wid="w_65" para="1" sent="6">.</wf>
    <wf wid="w_66" para="1" sent="7">Binnen</wf>
    <wf wid="w_67" para="1" sent="7">10</wf>
    <wf wid="w_68" para="1" sent="7">minuten</wf>
    <wf wid="w_69" para="1" sent="7">lopen</wf>
    <wf wid="w_70" para="1" sent="7">ben</wf>
    <wf wid="w_71" para="1" sent="7">je</wf>
    <wf wid="w_72" para="1" sent="7">midden</wf>
    <wf wid="w_73" para="1" sent="7">in</wf>
    <wf wid="w_74" para="1" sent="7">het</wf>
    <wf wid="w_75" para="1" sent="7">centrum</wf>
    <wf wid="w_76" para="1" sent="7">.</wf>
    <wf wid="w_77" para="1" sent="8">De</wf>
    <wf wid="w_78" para="1" sent="8">andere</wf>
    <wf wid="w_79" para="1" sent="8">kant</wf>
    <wf wid="w_80" para="1" sent="8">op</wf>
    <wf wid="w_81" para="1" sent="8">is</wf>
    <wf wid="w_82" para="1" sent="8">het</wf>
    <wf wid="w_83" para="1" sent="8">station</wf>
    <wf wid="w_84" para="1" sent="8">.</wf>
    <wf wid="w_85" para="1" sent="9">We</wf>
    <wf wid="w_86" para="1" sent="9">hebben</wf>
    <wf wid="w_87" para="1" sent="9">de</wf>
    <wf wid="w_88" para="1" sent="9">kerstmarkt</wf>
    <wf wid="w_89" para="1" sent="9">bezocht</wf>
    <wf wid="w_90" para="1" sent="9">icm</wf>
    <wf wid="w_91" para="1" sent="9">de</wf>
    <wf wid="w_92" para="1" sent="9">stad</wf>
    <wf wid="w_93" para="1" sent="9">een</wf>
    <wf wid="w_94" para="1" sent="9">aanrader</wf>
    <wf wid="w_95" para="1" sent="9">.</wf>
    <wf wid="w_96" para="1" sent="10">Let</wf>
    <wf wid="w_97" para="1" sent="10">er</wf>
    <wf wid="w_98" para="1" sent="10">wel</wf>
    <wf wid="w_99" para="1" sent="10">op</wf>
    <wf wid="w_100" para="1" sent="10">dat</wf>
    <wf wid="w_101" para="1" sent="10">de</wf>
    <wf wid="w_102" para="1" sent="10">stad</wf>
    <wf wid="w_103" para="1" sent="10">maar</wf>
    <wf wid="w_104" para="1" sent="10">af</wf>
    <wf wid="w_105" para="1" sent="10">en</wf>
    <wf wid="w_106" para="1" sent="10">toe</wf>
    <wf wid="w_107" para="1" sent="10">op</wf>
    <wf wid="w_108" para="1" sent="10">zondag</wf>
    <wf wid="w_109" para="1" sent="10">open</wf>
    <wf wid="w_110" para="1" sent="10">is</wf>
    <wf wid="w_111" para="1" sent="10">.</wf>
    <wf wid="w_112" para="1" sent="11">We</wf>
    <wf wid="w_113" para="1" sent="11">hadden</wf>
    <wf wid="w_114" para="1" sent="11">zonder</wf>
    <wf wid="w_115" para="1" sent="11">ontbijt</wf>
    <wf wid="w_116" para="1" sent="11">geboekt</wf>
    <wf wid="w_117" para="1" sent="11">.</wf>
    <wf wid="w_118" para="1" sent="12">Bij</wf>
    <wf wid="w_119" para="1" sent="12">Konditorei</wf>
    <wf wid="w_120" para="1" sent="12">Heinemann</wf>
    <wf wid="w_121" para="1" sent="12">heb</wf>
    <wf wid="w_122" para="1" sent="12">je</wf>
    <wf wid="w_123" para="1" sent="12">volop</wf>
    <wf wid="w_124" para="1" sent="12">keuze</wf>
    <wf wid="w_125" para="1" sent="12">en</wf>
    <wf wid="w_126" para="1" sent="12">zeer</wf>
    <wf wid="w_127" para="1" sent="12">betaalbaar</wf>
    <wf wid="w_128" para="1" sent="12">.</wf>
  </text>
  <terms>
    <term tid="t_1" lemma="we" type="open">
      <span>
        <target id="w_1"/>
      </span>
    </term>
    <term tid="t_2" lemma="zijn" type="open">
      <span>
        <target id="w_2"/>
      </span>
    </term>
    <term tid="t_3" lemma="1" type="open">
      <span>
        <target id="w_3"/>
      </span>
    </term>
    <term tid="t_4" lemma="nachtje" type="open">
      <span>
        <target id="w_4"/>
      </span>
    </term>
    <term tid="t_5" lemma="geweest" type="open">
      <span>
        <target id="w_5"/>
      </span>
    </term>
    <term tid="t_6" lemma="," type="open">
      <span>
        <target id="w_6"/>
      </span>
    </term>
    <term tid="t_7" lemma="perfecte" type="open">
      <span>
        <target id="w_7"/>
      </span>
    </term>
    <term tid="t_8" lemma="kamer" type="open">
      <span>
        <target id="w_8"/>
      </span>
    </term>
    <term tid="t_9" lemma="," type="open">
      <span>
        <target id="w_9"/>
      </span>
    </term>
    <term tid="t_10" lemma="modern" type="open" pos="G">
      <span>
        <target id="w_10"/>
      </span>
      <sentiment polarity="positive" resource="VUA_olery_lexicon_nl_lmf"/>
    </term>
    <term tid="t_11" lemma="ingericht" type="open">
      <span>
        <target id="w_11"/>
      </span>
    </term>
    <term tid="t_12" lemma="met" type="open">
      <span>
        <target id="w_12"/>
      </span>
    </term>
    <term tid="t_13" lemma="o" type="open">
      <span>
        <target id="w_13"/>
      </span>
    </term>
    <term tid="t_14" lemma="." type="open">
      <span>
        <target id="w_14"/>
      </span>
    </term>
    <term tid="t_15" lemma="a" type="open">
      <span>
        <target id="w_15"/>
      </span>
    </term>
    <term tid="t_16" lemma="." type="open">
      <span>
        <target id="w_16"/>
      </span>
    </term>
    <term tid="t_17" lemma="flatscreen" type="open">
      <span>
        <target id="w_17"/>
      </span>
    </term>
    <term tid="t_18" lemma="," type="open">
      <span>
        <target id="w_18"/>
      </span>
    </term>
    <term tid="t_19" lemma="minibar" type="open">
      <span>
        <target id="w_19"/>
      </span>
    </term>
    <term tid="t_20" lemma="en" type="open">
      <span>
        <target id="w_20"/>
      </span>
    </term>
    <term tid="t_21" lemma="prima" type="open" pos="G">
      <span>
        <target id="w_21"/>
      </span>
      <sentiment polarity="positive" resource="VUA_olery_lexicon_nl_lmf"/>
    </term>
    <term tid="t_22" lemma="boxspringbed" type="open">
      <span>
        <target id="w_22"/>
      </span>
    </term>
    <term tid="t_23" lemma="." type="open">
      <span>
        <target id="w_23"/>
      </span>
    </term>
    <term tid="t_24" lemma="de" type="open">
      <span>
        <target id="w_24"/>
      </span>
    </term>
    <term tid="t_25" lemma="kamer" type="open">
      <span>
        <target id="w_25"/>
      </span>
    </term>
    <term tid="t_26" lemma="was" type="open">
      <span>
        <target id="w_26"/>
      </span>
    </term>
    <term tid="t_27" lemma="toevallig" type="open">
      <span>
        <target id="w_27"/>
      </span>
    </term>
    <term tid="t_28" lemma="om" type="open">
      <span>
        <target id="w_28"/>
      </span>
    </term>
    <term tid="t_29" lemma="14.00" type="open">
      <span>
        <target id="w_29"/>
      </span>
    </term>
    <term tid="t_30" lemma="uur" type="open">
      <span>
        <target id="w_30"/>
      </span>
    </term>
    <term tid="t_31" lemma="alklaar" type="open">
      <span>
        <target id="w_31"/>
      </span>
    </term>
    <term tid="t_32" lemma="en" type="open">
      <span>
        <target id="w_32"/>
      </span>
    </term>
    <term tid="t_33" lemma="we" type="open">
      <span>
        <target id="w_33"/>
      </span>
    </term>
    <term tid="t_34" lemma="mochten" type="open">
      <span>
        <target id="w_34"/>
      </span>
    </term>
    <term tid="t_35" lemma="er" type="open">
      <span>
        <target id="w_35"/>
      </span>
    </term>
    <term tid="t_36" lemma="direct" type="open">
      <span>
        <target id="w_36"/>
      </span>
    </term>
    <term tid="t_37" lemma="in" type="open">
      <span>
        <target id="w_37"/>
      </span>
    </term>
    <term tid="t_38" lemma="." type="open">
      <span>
        <target id="w_38"/>
      </span>
    </term>
    <term tid="t_39" lemma="badkamer" type="open">
      <span>
        <target id="w_39"/>
      </span>
    </term>
    <term tid="t_40" lemma="met" type="open">
      <span>
        <target id="w_40"/>
      </span>
    </term>
    <term tid="t_41" lemma="bad" type="open">
      <span>
        <target id="w_41"/>
      </span>
    </term>
    <term tid="t_42" lemma="waarin" type="open">
      <span>
        <target id="w_42"/>
      </span>
    </term>
    <term tid="t_43" lemma="je" type="open">
      <span>
        <target id="w_43"/>
      </span>
    </term>
    <term tid="t_44" lemma="ook" type="open">
      <span>
        <target id="w_44"/>
      </span>
    </term>
    <term tid="t_45" lemma="kunt" type="open">
      <span>
        <target id="w_45"/>
      </span>
    </term>
    <term tid="t_46" lemma="douchen" type="open">
      <span>
        <target id="w_46"/>
      </span>
    </term>
    <term tid="t_47" lemma="." type="open">
      <span>
        <target id="w_47"/>
      </span>
    </term>
    <term tid="t_48" lemma="houdt" type="open">
      <span>
        <target id="w_48"/>
      </span>
    </term>
    <term tid="t_49" lemma="er" type="open">
      <span>
        <target id="w_49"/>
      </span>
    </term>
    <term tid="t_50" lemma="wel" type="open">
      <span>
        <target id="w_50"/>
      </span>
    </term>
    <term tid="t_51" lemma="rekening" type="open">
      <span>
        <target id="w_51"/>
      </span>
    </term>
    <term tid="t_52" lemma="mee" type="open">
      <span>
        <target id="w_52"/>
      </span>
    </term>
    <term tid="t_53" lemma="dat" type="open">
      <span>
        <target id="w_53"/>
      </span>
    </term>
    <term tid="t_54" lemma="de" type="open">
      <span>
        <target id="w_54"/>
      </span>
    </term>
    <term tid="t_55" lemma="parkeergarage" type="open">
      <span>
        <target id="w_55"/>
      </span>
    </term>
    <term tid="t_56" lemma="(" type="open">
      <span>
        <target id="w_56"/>
      </span>
    </term>
    <term tid="t_57" lemma="onder" type="open">
      <span>
        <target id="w_57"/>
      </span>
    </term>
    <term tid="t_58" lemma="het" type="open">
      <span>
        <target id="w_58"/>
      </span>
    </term>
    <term tid="t_59" lemma="hotel" type="open">
      <span>
        <target id="w_59"/>
      </span>
    </term>
    <term tid="t_60" lemma=")" type="open">
      <span>
        <target id="w_60"/>
      </span>
    </term>
    <term tid="t_61" lemma="apart" type="open">
      <span>
        <target id="w_61"/>
      </span>
    </term>
    <term tid="t_62" lemma="betaald" type="open">
      <span>
        <target id="w_62"/>
      </span>
    </term>
    <term tid="t_63" lemma="moet" type="open">
      <span>
        <target id="w_63"/>
      </span>
    </term>
    <term tid="t_64" lemma="worden" type="open">
      <span>
        <target id="w_64"/>
      </span>
    </term>
    <term tid="t_65" lemma="." type="open">
      <span>
        <target id="w_65"/>
      </span>
    </term>
    <term tid="t_66" lemma="binnen" type="open">
      <span>
        <target id="w_66"/>
      </span>
    </term>
    <term tid="t_67" lemma="10" type="open">
      <span>
        <target id="w_67"/>
      </span>
    </term>
    <term tid="t_68" lemma="minuten" type="open">
      <span>
        <target id="w_68"/>
      </span>
    </term>
    <term tid="t_69" lemma="lopen" type="open">
      <span>
        <target id="w_69"/>
      </span>
    </term>
    <term tid="t_70" lemma="ben" type="open">
      <span>
        <target id="w_70"/>
      </span>
    </term>
    <term tid="t_71" lemma="je" type="open">
      <span>
        <target id="w_71"/>
      </span>
    </term>
    <term tid="t_72" lemma="midden" type="open">
      <span>
        <target id="w_72"/>
      </span>
    </term>
    <term tid="t_73" lemma="in" type="open">
      <span>
        <target id="w_73"/>
      </span>
    </term>
    <term tid="t_74" lemma="het" type="open">
      <span>
        <target id="w_74"/>
      </span>
    </term>
    <term tid="t_75" lemma="centrum" type="open">
      <span>
        <target id="w_75"/>
      </span>
    </term>
    <term tid="t_76" lemma="." type="open">
      <span>
        <target id="w_76"/>
      </span>
    </term>
    <term tid="t_77" lemma="de" type="open">
      <span>
        <target id="w_77"/>
      </span>
    </term>
    <term tid="t_78" lemma="andere" type="open">
      <span>
        <target id="w_78"/>
      </span>
    </term>
    <term tid="t_79" lemma="kant" type="open">
      <span>
        <target id="w_79"/>
      </span>
    </term>
    <term tid="t_80" lemma="op" type="open">
      <span>
        <target id="w_80"/>
      </span>
    </term>
    <term tid="t_81" lemma="is" type="open">
      <span>
        <target id="w_81"/>
      </span>
    </term>
    <term tid="t_82" lemma="het" type="open">
      <span>
        <target id="w_82"/>
      </span>
    </term>
    <term tid="t_83" lemma="station" type="open">
      <span>
        <target id="w_83"/>
      </span>
    </term>
    <term tid="t_84" lemma="." type="open">
      <span>
        <target id="w_84"/>
      </span>
    </term>
    <term tid="t_85" lemma="we" type="open">
      <span>
        <target id="w_85"/>
      </span>
    </term>
    <term tid="t_86" lemma="hebben" type="open">
      <span>
        <target id="w_86"/>
      </span>
    </term>
    <term tid="t_87" lemma="de" type="open">
      <span>
        <target id="w_87"/>
      </span>
    </term>
    <term tid="t_88" lemma="kerstmarkt" type="open">
      <span>
        <target id="w_88"/>
      </span>
    </term>
    <term tid="t_89" lemma="bezocht" type="open">
      <span>
        <target id="w_89"/>
      </span>
    </term>
    <term tid="t_90" lemma="icm" type="open">
      <span>
        <target id="w_90"/>
      </span>
    </term>
    <term tid="t_91" lemma="de" type="open">
      <span>
        <target id="w_91"/>
      </span>
    </term>
    <term tid="t_92" lemma="stad" type="open">
      <span>
        <target id="w_92"/>
      </span>
    </term>
    <term tid="t_93" lemma="een" type="open">
      <span>
        <target id="w_93"/>
      </span>
    </term>
    <term tid="t_94" lemma="aanrader" type="open" pos="N">
      <span>
        <target id="w_94"/>
      </span>
      <sentiment polarity="positive" resource="VUA_olery_lexicon_nl_lmf"/>
    </term>
    <term tid="t_95" lemma="." type="open">
      <span>
        <target id="w_95"/>
      </span>
    </term>
    <term tid="t_96" lemma="let" type="open">
      <span>
        <target id="w_96"/>
      </span>
    </term>
    <term tid="t_97" lemma="er" type="open">
      <span>
        <target id="w_97"/>
      </span>
    </term>
    <term tid="t_98" lemma="wel" type="open">
      <span>
        <target id="w_98"/>
      </span>
    </term>
    <term tid="t_99" lemma="op" type="open">
      <span>
        <target id="w_99"/>
      </span>
    </term>
    <term tid="t_100" lemma="dat" type="open">
      <span>
        <target id="w_100"/>
      </span>
    </term>
    <term tid="t_101" lemma="de" type="open">
      <span>
        <target id="w_101"/>
      </span>
    </term>
    <term tid="t_102" lemma="stad" type="open">
      <span>
        <target id="w_102"/>
      </span>
    </term>
    <term tid="t_103" lemma="maar" type="open">
      <span>
        <target id="w_103"/>
      </span>
    </term>
    <term tid="t_104" lemma="af" type="open">
      <span>
        <target id="w_104"/>
      </span>
    </term>
    <term tid="t_105" lemma="en" type="open">
      <span>
        <target id="w_105"/>
      </span>
    </term>
    <term tid="t_106" lemma="toe" type="open">
      <span>
        <target id="w_106"/>
      </span>
    </term>
    <term tid="t_107" lemma="op" type="open">
      <span>
        <target id="w_107"/>
      </span>
    </term>
    <term tid="t_108" lemma="zondag" type="open">
      <span>
        <target id="w_108"/>
      </span>
    </term>
    <term tid="t_109" lemma="open" type="open">
      <span>
        <target id="w_109"/>
      </span>
    </term>
    <term tid="t_110" lemma="is" type="open">
      <span>
        <target id="w_110"/>
      </span>
    </term>
    <term tid="t_111" lemma="." type="open">
      <span>
        <target id="w_111"/>
      </span>
    </term>
    <term tid="t_112" lemma="we" type="open">
      <span>
        <target id="w_112"/>
      </span>
    </term>
    <term tid="t_113" lemma="hadden" type="open">
      <span>
        <target id="w_113"/>
      </span>
    </term>
    <term tid="t_114" lemma="zonder" type="open">
      <span>
        <target id="w_114"/>
      </span>
      <sentiment sentiment_modifier="shifter" resource="VUA_olery_lexicon_nl_lmf"/>
    </term>
    <term tid="t_115" lemma="ontbijt" type="open">
      <span>
        <target id="w_115"/>
      </span>
    </term>
    <term tid="t_116" lemma="geboekt" type="open">
      <span>
        <target id="w_116"/>
      </span>
    </term>
    <term tid="t_117" lemma="." type="open">
      <span>
        <target id="w_117"/>
      </span>
    </term>
    <term tid="t_118" lemma="bij" type="open">
      <span>
        <target id="w_118"/>
      </span>
    </term>
    <term tid="t_119" lemma="konditorei" type="open">
      <span>
        <target id="w_119"/>
      </span>
    </term>
    <term tid="t_120" lemma="heinemann" type="open">
      <span>
        <target id="w_120"/>
      </span>
    </term>
    <term tid="t_121" lemma="heb" type="open">
      <span>
        <target id="w_121"/>
      </span>
    </term>
    <term tid="t_122" lemma="je" type="open">
      <span>
        <target id="w_122"/>
      </span>
    </term>
    <term tid="t_123" lemma="volop" type="open">
      <span>
        <target id="w_123"/>
      </span>
      <sentiment sentiment_modifier="intensifier" resource="VUA_olery_lexicon_nl_lmf"/>
    </term>
    <term tid="t_124" lemma="keuze" type="open">
      <span>
        <target id="w_124"/>
      </span>
    </term>
    <term tid="t_125" lemma="en" type="open">
      <span>
        <target id="w_125"/>
      </span>
    </term>
    <term tid="t_126" lemma="zeer" type="open">
      <span>
        <target id="w_126"/>
      </span>
      <sentiment sentiment_modifier="intensifier" resource="VUA_olery_lexicon_nl_lmf"/>
    </term>
    <term tid="t_127" lemma="betaalbaar" type="open" pos="G">
      <span>
        <target id="w_127"/>
      </span>
      <sentiment polarity="positive" resource="VUA_olery_lexicon_nl_lmf"/>
    </term>
    <term tid="t_128" lemma="." type="open">
      <span>
        <target id="w_128"/>
      </span>
    </term>
  </terms>
  <entities>
    <entity type="MISC" eid="e_1">
      <span>
        <target id="t_109"/>
      </span>
    </entity>
    <entity type="PER" eid="e_2">
      <span>
        <target id="t_48"/>
      </span>
    </entity>
    <entity type="LOC" eid="e_3">
      <span>
        <target id="t_96"/>
      </span>
    </entity>
    <entity type="PER" eid="e_4">
      <span>
        <target id="t_21"/>
      </span>
    </entity>
    <entity type="ORG" eid="e_5">
      <span>
        <target id="t_108"/>
      </span>
    </entity>
    <entity type="MISC" eid="e_6">
      <span>
        <target id="t_15"/>
      </span>
    </entity>
    <entity type="ORG" eid="e_7">
      <span>
        <target id="t_8"/>
      </span>
      <span>
        <target id="t_25"/>
      </span>
    </entity>
    <entity type="MISC" eid="e_8">
      <span>
        <target id="t_2"/>
      </span>
    </entity>
    <entity type="PER" eid="e_9">
      <span>
        <target id="t_3"/>
      </span>
    </entity>
    <entity type="PER" eid="e_10">
      <span>
        <target id="t_1"/>
      </span>
      <span>
        <target id="t_33"/>
      </span>
      <span>
        <target id="t_85"/>
      </span>
      <span>
        <target id="t_112"/>
      </span>
    </entity>
  </entities>
  <properties>
    <property type="value_for_money" pid="p_1">
      <span>
        <target id="t_51"/>
      </span>
      <span>
        <target id="t_127"/>
      </span>
    </property>
    <property type="bathroom" pid="p_2">
      <span>
        <target id="t_39"/>
      </span>
      <span>
        <target id="t_41"/>
      </span>
      <span>
        <target id="t_46"/>
      </span>
    </property>
    <property type="room" pid="p_3">
      <span>
        <target id="t_8"/>
      </span>
      <span>
        <target id="t_25"/>
      </span>
    </property>
    <property type="restaurant" pid="p_4">
      <span>
        <target id="t_115"/>
      </span>
    </property>
    <property type="facilities" pid="p_5">
      <span>
        <target id="t_17"/>
      </span>
      <span>
        <target id="t_19"/>
      </span>
    </property>
    <property type="location" pid="p_6">
      <span>
        <target id="t_75"/>
      </span>
      <span>
        <target id="t_83"/>
      </span>
      <span>
        <target id="t_92"/>
      </span>
      <span>
        <target id="t_102"/>
      </span>
    </property>
    <property type="parking" pid="p_7">
      <span>
        <target id="t_55"/>
      </span>
    </property>
  </properties>
  <opinions>
    <opinion oid="o_1">
      <opinion_holder>
        <span>
          <target id="t_1"/>
        </span>
      </opinion_holder>
      <opinion_target>
        <span>
          <target id="t_11"/>
        </span>
      </opinion_target>
      <opinion_expression polarity="positive" strength="1">
        <span>
          <target id="t_10"/>
        </span>
      </opinion_expression>
    </opinion>
    <opinion oid="o_2">
      <opinion_target>
        <span>
          <target id="t_22"/>
        </span>
      </opinion_target>
      <opinion_expression polarity="positive" strength="1">
        <span>
          <target id="t_21"/>
        </span>
      </opinion_expression>
    </opinion>
    <opinion oid="o_3">
      <opinion_holder>
        <span>
          <target id="t_85"/>
        </span>
      </opinion_holder>
      <opinion_target>
        <span>
          <target id="t_92"/>
        </span>
      </opinion_target>
      <opinion_expression polarity="positive" strength="1">
        <span>
          <target id="t_94"/>
        </span>
      </opinion_expression>
    </opinion>
    <opinion oid="o_4">
      <opinion_target>
        <span>
          <target id="t_124"/>
        </span>
      </opinion_target>
      <opinion_expression polarity="positive" strength="2">
        <span>
          <target id="t_127"/>
          <target id="t_126"/>
        </span>
      </opinion_expression>
    </opinion>
  </opinions>
</KAF>
