<?xml version='1.0' encoding='UTF-8'?>
<KAF xml:lang="nl">
  <linguisticProcessors layer="text">
    <lp timestamp="2013-01-06T18:30:09CET" version="2.0" name="SentenceTokenizer"/>
  </linguisticProcessors>
  <linguisticProcessors layer="terms">
    <lp timestamp="2013-01-06T18:30:09CET" version="2.0" name="SentenceTokenizer"/>
    <lp timestamp="2013-01-06T18:30:09CET" version="1.0" name="SimplePolarityTagger"/>
  </linguisticProcessors>
  <linguisticProcessor layer="opinions">
    <lp timestamp="2013-01-06T18:30:09CET" version="1.0" name="SimpleOpinionDetector"/>
  </linguisticProcessor>
  <linguisticProcessor layer="properties">
    <lp timestamp="2013-01-06T18:30:09CET" version="1.0" name="SimplePropRecognizer_lookup"/>
  </linguisticProcessor>
  <linguisticProcessor layer="entities">
    <lp timestamp="2013-01-06T18:30:09CET" version="1.0" name="SimpleNER_lookup"/>
  </linguisticProcessor>
  <text>
    <wf wid="w_1" para="1" sent="1">keurig</wf>
    <wf wid="w_2" para="1" sent="1">netjes</wf>
    <wf wid="w_3" para="1" sent="1">en</wf>
    <wf wid="w_4" para="1" sent="1">verzorgd</wf>
    <wf wid="w_5" para="1" sent="1">geheel</wf>
    <wf wid="w_6" para="1" sent="1">..</wf>
    <wf wid="w_7" para="1" sent="2">Minpunt</wf>
    <wf wid="w_8" para="1" sent="2">:</wf>
    <wf wid="w_9" para="1" sent="2">helemaal</wf>
    <wf wid="w_10" para="1" sent="2">geen</wf>
    <wf wid="w_11" para="1" sent="2">pesoneel</wf>
    <wf wid="w_12" para="1" sent="2">aanwezig</wf>
    <wf wid="w_13" para="1" sent="2">in</wf>
    <wf wid="w_14" para="1" sent="2">de</wf>
    <wf wid="w_15" para="1" sent="2">bar</wf>
    <wf wid="w_16" para="1" sent="2">,</wf>
    <wf wid="w_17" para="1" sent="2">dus</wf>
    <wf wid="w_18" para="1" sent="2">je</wf>
    <wf wid="w_19" para="1" sent="2">kon</wf>
    <wf wid="w_20" para="1" sent="2">er</wf>
    <wf wid="w_21" para="1" sent="2">niets</wf>
    <wf wid="w_22" para="1" sent="2">drinken</wf>
  </text>
  <terms>
    <term tid="t_1" lemma="keurig" type="open" pos="G">
      <span>
        <target id="w_1"/>
      </span>
      <sentiment polarity="positive" resource="VUA_olery_lexicon_nl_lmf"/>
    </term>
    <term tid="t_2" lemma="netjes" type="open" pos="G">
      <span>
        <target id="w_2"/>
      </span>
      <sentiment polarity="positive" resource="VUA_olery_lexicon_nl_lmf"/>
    </term>
    <term tid="t_3" lemma="en" type="open">
      <span>
        <target id="w_3"/>
      </span>
    </term>
    <term tid="t_4" lemma="verzorgd" type="open" pos="G">
      <span>
        <target id="w_4"/>
      </span>
      <sentiment polarity="positive" resource="VUA_olery_lexicon_nl_lmf"/>
    </term>
    <term tid="t_5" lemma="geheel" type="open">
      <span>
        <target id="w_5"/>
      </span>
      <sentiment sentiment_modifier="intensifier" resource="VUA_olery_lexicon_nl_lmf"/>
    </term>
    <term tid="t_6" lemma=".." type="open">
      <span>
        <target id="w_6"/>
      </span>
    </term>
    <term tid="t_7" lemma="minpunt" type="open" pos="N">
      <span>
        <target id="w_7"/>
      </span>
      <sentiment polarity="negative" resource="VUA_olery_lexicon_nl_lmf"/>
    </term>
    <term tid="t_8" lemma=":" type="open">
      <span>
        <target id="w_8"/>
      </span>
    </term>
    <term tid="t_9" lemma="helemaal" type="open">
      <span>
        <target id="w_9"/>
      </span>
      <sentiment sentiment_modifier="intensifier" resource="VUA_olery_lexicon_nl_lmf"/>
    </term>
    <term tid="t_10" lemma="geen" type="open">
      <span>
        <target id="w_10"/>
      </span>
      <sentiment sentiment_modifier="shifter" resource="VUA_olery_lexicon_nl_lmf"/>
    </term>
    <term tid="t_11" lemma="pesoneel" type="open">
      <span>
        <target id="w_11"/>
      </span>
    </term>
    <term tid="t_12" lemma="aanwezig" type="open">
      <span>
        <target id="w_12"/>
      </span>
    </term>
    <term tid="t_13" lemma="in" type="open">
      <span>
        <target id="w_13"/>
      </span>
    </term>
    <term tid="t_14" lemma="de" type="open">
      <span>
        <target id="w_14"/>
      </span>
    </term>
    <term tid="t_15" lemma="bar" type="open">
      <span>
        <target id="w_15"/>
      </span>
    </term>
    <term tid="t_16" lemma="," type="open">
      <span>
        <target id="w_16"/>
      </span>
    </term>
    <term tid="t_17" lemma="dus" type="open">
      <span>
        <target id="w_17"/>
      </span>
    </term>
    <term tid="t_18" lemma="je" type="open">
      <span>
        <target id="w_18"/>
      </span>
    </term>
    <term tid="t_19" lemma="kon" type="open">
      <span>
        <target id="w_19"/>
      </span>
    </term>
    <term tid="t_20" lemma="er" type="open">
      <span>
        <target id="w_20"/>
      </span>
    </term>
    <term tid="t_21" lemma="niets" type="open">
      <span>
        <target id="w_21"/>
      </span>
      <sentiment sentiment_modifier="shifter" resource="VUA_olery_lexicon_nl_lmf"/>
    </term>
    <term tid="t_22" lemma="drinken" type="open">
      <span>
        <target id="w_22"/>
      </span>
    </term>
  </terms>
  <entities>
    <entity type="ORG" eid="e_1">
      <span>
        <target id="t_15"/>
      </span>
    </entity>
  </entities>
  <properties>
    <property type="facilities" pid="p_1">
      <span>
        <target id="t_15"/>
      </span>
    </property>
    <property type="room" pid="p_2">
      <span>
        <target id="t_2"/>
      </span>
    </property>
    <property type="restaurant" pid="p_3">
      <span>
        <target id="t_22"/>
      </span>
    </property>
  </properties>
  <opinions>
    <opinion oid="o_1">
      <opinion_target>
        <span>
          <target id="t_5"/>
        </span>
      </opinion_target>
      <opinion_expression polarity="positive" strength="3">
        <span>
          <target id="t_1"/>
          <target id="t_2"/>
          <target id="t_4"/>
        </span>
      </opinion_expression>
    </opinion>
    <opinion oid="o_2">
      <opinion_target>
        <span>
          <target id="t_9"/>
        </span>
      </opinion_target>
      <opinion_expression polarity="negative" strength="-1">
        <span>
          <target id="t_7"/>
        </span>
      </opinion_expression>
    </opinion>
  </opinions>
</KAF>
