<?xml version='1.0' encoding='UTF-8'?>
<KAF xml:lang="nl">
  <linguisticProcessors layer="text">
    <lp timestamp="2013-01-06T18:29:34CET" version="2.0" name="SentenceTokenizer"/>
  </linguisticProcessors>
  <linguisticProcessors layer="terms">
    <lp timestamp="2013-01-06T18:29:34CET" version="2.0" name="SentenceTokenizer"/>
    <lp timestamp="2013-01-06T18:29:34CET" version="1.0" name="SimplePolarityTagger"/>
  </linguisticProcessors>
  <linguisticProcessor layer="opinions">
    <lp timestamp="2013-01-06T18:29:34CET" version="1.0" name="SimpleOpinionDetector"/>
  </linguisticProcessor>
  <linguisticProcessor layer="properties">
    <lp timestamp="2013-01-06T18:29:34CET" version="1.0" name="SimplePropRecognizer_lookup"/>
  </linguisticProcessor>
  <linguisticProcessor layer="entities">
    <lp timestamp="2013-01-06T18:29:34CET" version="1.0" name="SimpleNER_lookup"/>
  </linguisticProcessor>
  <text>
    <wf wid="w_1" para="1" sent="1">de</wf>
    <wf wid="w_2" para="1" sent="1">parking</wf>
    <wf wid="w_3" para="1" sent="1">,</wf>
    <wf wid="w_4" para="1" sent="1">een</wf>
    <wf wid="w_5" para="1" sent="1">uitgebreid</wf>
    <wf wid="w_6" para="1" sent="1">ontbijtbuffet</wf>
    <wf wid="w_7" para="1" sent="1">,</wf>
    <wf wid="w_8" para="1" sent="1">de</wf>
    <wf wid="w_9" para="1" sent="1">ontspanningsruimte</wf>
    <wf wid="w_10" para="1" sent="1">,</wf>
    <wf wid="w_11" para="1" sent="1">de</wf>
    <wf wid="w_12" para="1" sent="1">netheid</wf>
    <wf wid="w_13" para="1" sent="1">,</wf>
    <wf wid="w_14" para="1" sent="1">de</wf>
    <wf wid="w_15" para="1" sent="1">vriendelijkheid</wf>
    <wf wid="w_16" para="1" sent="1">van</wf>
    <wf wid="w_17" para="1" sent="1">het</wf>
    <wf wid="w_18" para="1" sent="1">hotelpersoneel</wf>
    <wf wid="w_19" para="1" sent="1">,</wf>
    <wf wid="w_20" para="1" sent="1">de</wf>
    <wf wid="w_21" para="1" sent="1">aanwezigheid</wf>
    <wf wid="w_22" para="1" sent="1">van</wf>
    <wf wid="w_23" para="1" sent="1">een</wf>
    <wf wid="w_24" para="1" sent="1">shuttledienst</wf>
    <wf wid="w_25" para="1" sent="1">.</wf>
  </text>
  <terms>
    <term tid="t_1" lemma="de" type="open">
      <span>
        <target id="w_1"/>
      </span>
    </term>
    <term tid="t_2" lemma="parking" type="open">
      <span>
        <target id="w_2"/>
      </span>
    </term>
    <term tid="t_3" lemma="," type="open">
      <span>
        <target id="w_3"/>
      </span>
    </term>
    <term tid="t_4" lemma="een" type="open">
      <span>
        <target id="w_4"/>
      </span>
    </term>
    <term tid="t_5" lemma="uitgebreid" type="open" pos="V">
      <span>
        <target id="w_5"/>
      </span>
      <sentiment polarity="positive" resource="VUA_olery_lexicon_nl_lmf"/>
    </term>
    <term tid="t_6" lemma="ontbijtbuffet" type="open">
      <span>
        <target id="w_6"/>
      </span>
    </term>
    <term tid="t_7" lemma="," type="open">
      <span>
        <target id="w_7"/>
      </span>
    </term>
    <term tid="t_8" lemma="de" type="open">
      <span>
        <target id="w_8"/>
      </span>
    </term>
    <term tid="t_9" lemma="ontspanningsruimte" type="open">
      <span>
        <target id="w_9"/>
      </span>
    </term>
    <term tid="t_10" lemma="," type="open">
      <span>
        <target id="w_10"/>
      </span>
    </term>
    <term tid="t_11" lemma="de" type="open">
      <span>
        <target id="w_11"/>
      </span>
    </term>
    <term tid="t_12" lemma="netheid" type="open">
      <span>
        <target id="w_12"/>
      </span>
    </term>
    <term tid="t_13" lemma="," type="open">
      <span>
        <target id="w_13"/>
      </span>
    </term>
    <term tid="t_14" lemma="de" type="open">
      <span>
        <target id="w_14"/>
      </span>
    </term>
    <term tid="t_15" lemma="vriendelijkheid" type="open" pos="N">
      <span>
        <target id="w_15"/>
      </span>
      <sentiment polarity="positive" resource="VUA_olery_lexicon_nl_lmf"/>
    </term>
    <term tid="t_16" lemma="van" type="open">
      <span>
        <target id="w_16"/>
      </span>
    </term>
    <term tid="t_17" lemma="het" type="open">
      <span>
        <target id="w_17"/>
      </span>
    </term>
    <term tid="t_18" lemma="hotelpersoneel" type="open">
      <span>
        <target id="w_18"/>
      </span>
    </term>
    <term tid="t_19" lemma="," type="open">
      <span>
        <target id="w_19"/>
      </span>
    </term>
    <term tid="t_20" lemma="de" type="open">
      <span>
        <target id="w_20"/>
      </span>
    </term>
    <term tid="t_21" lemma="aanwezigheid" type="open">
      <span>
        <target id="w_21"/>
      </span>
    </term>
    <term tid="t_22" lemma="van" type="open">
      <span>
        <target id="w_22"/>
      </span>
    </term>
    <term tid="t_23" lemma="een" type="open">
      <span>
        <target id="w_23"/>
      </span>
    </term>
    <term tid="t_24" lemma="shuttledienst" type="open">
      <span>
        <target id="w_24"/>
      </span>
    </term>
    <term tid="t_25" lemma="." type="open">
      <span>
        <target id="w_25"/>
      </span>
    </term>
  </terms>
  <properties>
    <property type="cleanliness" pid="p_1">
      <span>
        <target id="t_12"/>
      </span>
    </property>
    <property type="restaurant" pid="p_2">
      <span>
        <target id="t_5"/>
      </span>
      <span>
        <target id="t_6"/>
      </span>
    </property>
    <property type="staff" pid="p_3">
      <span>
        <target id="t_15"/>
      </span>
      <span>
        <target id="t_18"/>
      </span>
    </property>
    <property type="parking" pid="p_4">
      <span>
        <target id="t_2"/>
      </span>
    </property>
  </properties>
  <opinions>
    <opinion oid="o_1">
      <opinion_target>
        <span>
          <target id="t_6"/>
        </span>
      </opinion_target>
      <opinion_expression polarity="positive" strength="1">
        <span>
          <target id="t_5"/>
        </span>
      </opinion_expression>
    </opinion>
    <opinion oid="o_2">
      <opinion_target>
        <span>
          <target id="t_18"/>
        </span>
      </opinion_target>
      <opinion_expression polarity="positive" strength="1">
        <span>
          <target id="t_15"/>
        </span>
      </opinion_expression>
    </opinion>
  </opinions>
</KAF>
