<?xml version='1.0' encoding='UTF-8'?>
<KAF xml:lang="nl">
  <linguisticProcessors layer="text">
    <lp timestamp="2013-01-06T18:34:25CET" version="2.0" name="SentenceTokenizer"/>
  </linguisticProcessors>
  <linguisticProcessors layer="terms">
    <lp timestamp="2013-01-06T18:34:25CET" version="2.0" name="SentenceTokenizer"/>
    <lp timestamp="2013-01-06T18:34:26CET" version="1.0" name="SimplePolarityTagger"/>
  </linguisticProcessors>
  <linguisticProcessor layer="opinions">
    <lp timestamp="2013-01-06T18:34:26CET" version="1.0" name="SimpleOpinionDetector"/>
  </linguisticProcessor>
  <linguisticProcessor layer="properties">
    <lp timestamp="2013-01-06T18:34:26CET" version="1.0" name="SimplePropRecognizer_lookup"/>
  </linguisticProcessor>
  <linguisticProcessor layer="entities">
    <lp timestamp="2013-01-06T18:34:26CET" version="1.0" name="SimpleNER_lookup"/>
  </linguisticProcessor>
  <text>
    <wf wid="w_1" para="1" sent="1">de</wf>
    <wf wid="w_2" para="1" sent="1">persoonlijke</wf>
    <wf wid="w_3" para="1" sent="1">service</wf>
    <wf wid="w_4" para="1" sent="1">.</wf>
    <wf wid="w_5" para="1" sent="2">incidenteel</wf>
    <wf wid="w_6" para="1" sent="2">:</wf>
    <wf wid="w_7" para="1" sent="2">de</wf>
    <wf wid="w_8" para="1" sent="2">verwarming</wf>
    <wf wid="w_9" para="1" sent="2">van</wf>
    <wf wid="w_10" para="1" sent="2">de</wf>
    <wf wid="w_11" para="1" sent="2">kamer</wf>
    <wf wid="w_12" para="1" sent="2">was</wf>
    <wf wid="w_13" para="1" sent="2">niet</wf>
    <wf wid="w_14" para="1" sent="2">in</wf>
    <wf wid="w_15" para="1" sent="2">orde</wf>
  </text>
  <terms>
    <term tid="t_1" lemma="de" type="open">
      <span>
        <target id="w_1"/>
      </span>
    </term>
    <term tid="t_2" lemma="persoonlijke" type="open">
      <span>
        <target id="w_2"/>
      </span>
    </term>
    <term tid="t_3" lemma="service" type="open">
      <span>
        <target id="w_3"/>
      </span>
    </term>
    <term tid="t_4" lemma="." type="open">
      <span>
        <target id="w_4"/>
      </span>
    </term>
    <term tid="t_5" lemma="incidenteel" type="open">
      <span>
        <target id="w_5"/>
      </span>
    </term>
    <term tid="t_6" lemma=":" type="open">
      <span>
        <target id="w_6"/>
      </span>
    </term>
    <term tid="t_7" lemma="de" type="open">
      <span>
        <target id="w_7"/>
      </span>
    </term>
    <term tid="t_8" lemma="verwarming" type="open">
      <span>
        <target id="w_8"/>
      </span>
    </term>
    <term tid="t_9" lemma="van" type="open">
      <span>
        <target id="w_9"/>
      </span>
    </term>
    <term tid="t_10" lemma="de" type="open">
      <span>
        <target id="w_10"/>
      </span>
    </term>
    <term tid="t_11" lemma="kamer" type="open">
      <span>
        <target id="w_11"/>
      </span>
    </term>
    <term tid="t_12" lemma="was" type="open">
      <span>
        <target id="w_12"/>
      </span>
    </term>
    <term tid="t_13" lemma="niet" type="open">
      <span>
        <target id="w_13"/>
      </span>
      <sentiment sentiment_modifier="shifter" resource="VUA_olery_lexicon_nl_lmf"/>
    </term>
    <term tid="t_14" lemma="in" type="open">
      <span>
        <target id="w_14"/>
      </span>
    </term>
    <term tid="t_15" lemma="orde" type="open">
      <span>
        <target id="w_15"/>
      </span>
    </term>
  </terms>
  <entities>
    <entity type="MISC" eid="e_1">
      <span>
        <target id="t_3"/>
      </span>
    </entity>
    <entity type="ORG" eid="e_2">
      <span>
        <target id="t_11"/>
      </span>
    </entity>
  </entities>
  <properties>
    <property type="room" pid="p_1">
      <span>
        <target id="t_8"/>
      </span>
      <span>
        <target id="t_11"/>
      </span>
    </property>
    <property type="staff" pid="p_2">
      <span>
        <target id="t_3"/>
      </span>
    </property>
  </properties>
</KAF>
