<?xml version='1.0' encoding='UTF-8'?>
<KAF xml:lang="nl">
  <linguisticProcessors layer="text">
    <lp timestamp="2013-01-06T18:42:11CET" version="2.0" name="SentenceTokenizer"/>
  </linguisticProcessors>
  <linguisticProcessors layer="terms">
    <lp timestamp="2013-01-06T18:42:11CET" version="2.0" name="SentenceTokenizer"/>
    <lp timestamp="2013-01-06T18:42:11CET" version="1.0" name="SimplePolarityTagger"/>
  </linguisticProcessors>
  <linguisticProcessor layer="opinions">
    <lp timestamp="2013-01-06T18:42:11CET" version="1.0" name="SimpleOpinionDetector"/>
  </linguisticProcessor>
  <linguisticProcessor layer="properties">
    <lp timestamp="2013-01-06T18:42:11CET" version="1.0" name="SimplePropRecognizer_lookup"/>
  </linguisticProcessor>
  <linguisticProcessor layer="entities">
    <lp timestamp="2013-01-06T18:42:11CET" version="1.0" name="SimpleNER_lookup"/>
  </linguisticProcessor>
  <text>
    <wf wid="w_1" para="1" sent="1">ronduit</wf>
    <wf wid="w_2" para="1" sent="1">waardeloos</wf>
    <wf wid="w_3" para="1" sent="1">,</wf>
    <wf wid="w_4" para="1" sent="1">geen</wf>
    <wf wid="w_5" para="1" sent="1">verwarming</wf>
    <wf wid="w_6" para="1" sent="1">en</wf>
    <wf wid="w_7" para="1" sent="1">geen</wf>
    <wf wid="w_8" para="1" sent="1">beddegoed</wf>
    <wf wid="w_9" para="1" sent="1">.</wf>
    <wf wid="w_10" para="1" sent="2">te</wf>
    <wf wid="w_11" para="1" sent="2">triest</wf>
    <wf wid="w_12" para="1" sent="2">voor</wf>
    <wf wid="w_13" para="1" sent="2">woorden</wf>
    <wf wid="w_14" para="1" sent="2">.</wf>
    <wf wid="w_15" para="1" sent="3">Buiten</wf>
    <wf wid="w_16" para="1" sent="3">8</wf>
    <wf wid="w_17" para="1" sent="3">graden</wf>
    <wf wid="w_18" para="1" sent="3">celcius</wf>
    <wf wid="w_19" para="1" sent="3">en</wf>
    <wf wid="w_20" para="1" sent="3">binnen</wf>
    <wf wid="w_21" para="1" sent="3">ook</wf>
    <wf wid="w_22" para="1" sent="3">.</wf>
    <wf wid="w_23" para="1" sent="4">bij</wf>
    <wf wid="w_24" para="1" sent="4">aankomst</wf>
    <wf wid="w_25" para="1" sent="4">in</wf>
    <wf wid="w_26" para="1" sent="4">bungalow</wf>
    <wf wid="w_27" para="1" sent="4">na</wf>
    <wf wid="w_28" para="1" sent="4">21.00</wf>
    <wf wid="w_29" para="1" sent="4">uur</wf>
    <wf wid="w_30" para="1" sent="4">is</wf>
    <wf wid="w_31" para="1" sent="4">verwarming</wf>
    <wf wid="w_32" para="1" sent="4">niet</wf>
    <wf wid="w_33" para="1" sent="4">meer</wf>
    <wf wid="w_34" para="1" sent="4">te</wf>
    <wf wid="w_35" para="1" sent="4">regelen</wf>
    <wf wid="w_36" para="1" sent="4">.</wf>
    <wf wid="w_37" para="1" sent="5">Beddengoed</wf>
    <wf wid="w_38" para="1" sent="5">was</wf>
    <wf wid="w_39" para="1" sent="5">er</wf>
    <wf wid="w_40" para="1" sent="5">ook</wf>
    <wf wid="w_41" para="1" sent="5">niet</wf>
    <wf wid="w_42" para="1" sent="5">dus</wf>
    <wf wid="w_43" para="1" sent="5">dat</wf>
    <wf wid="w_44" para="1" sent="5">was</wf>
    <wf wid="w_45" para="1" sent="5">een</wf>
    <wf wid="w_46" para="1" sent="5">wwardeloze</wf>
    <wf wid="w_47" para="1" sent="5">nacht</wf>
    <wf wid="w_48" para="1" sent="5">.</wf>
  </text>
  <terms>
    <term tid="t_1" lemma="ronduit" type="open">
      <span>
        <target id="w_1"/>
      </span>
      <sentiment sentiment_modifier="intensifier" resource="VUA_olery_lexicon_nl_lmf"/>
    </term>
    <term tid="t_2" lemma="waardeloos" type="open" pos="G">
      <span>
        <target id="w_2"/>
      </span>
      <sentiment polarity="negative" resource="VUA_olery_lexicon_nl_lmf"/>
    </term>
    <term tid="t_3" lemma="," type="open">
      <span>
        <target id="w_3"/>
      </span>
    </term>
    <term tid="t_4" lemma="geen" type="open">
      <span>
        <target id="w_4"/>
      </span>
      <sentiment sentiment_modifier="shifter" resource="VUA_olery_lexicon_nl_lmf"/>
    </term>
    <term tid="t_5" lemma="verwarming" type="open">
      <span>
        <target id="w_5"/>
      </span>
    </term>
    <term tid="t_6" lemma="en" type="open">
      <span>
        <target id="w_6"/>
      </span>
    </term>
    <term tid="t_7" lemma="geen" type="open">
      <span>
        <target id="w_7"/>
      </span>
      <sentiment sentiment_modifier="shifter" resource="VUA_olery_lexicon_nl_lmf"/>
    </term>
    <term tid="t_8" lemma="beddegoed" type="open">
      <span>
        <target id="w_8"/>
      </span>
    </term>
    <term tid="t_9" lemma="." type="open">
      <span>
        <target id="w_9"/>
      </span>
    </term>
    <term tid="t_10" lemma="te" type="open">
      <span>
        <target id="w_10"/>
      </span>
    </term>
    <term tid="t_11" lemma="triest" type="open" pos="G">
      <span>
        <target id="w_11"/>
      </span>
      <sentiment polarity="negative" resource="VUA_olery_lexicon_nl_lmf"/>
    </term>
    <term tid="t_12" lemma="voor" type="open">
      <span>
        <target id="w_12"/>
      </span>
    </term>
    <term tid="t_13" lemma="woorden" type="open">
      <span>
        <target id="w_13"/>
      </span>
    </term>
    <term tid="t_14" lemma="." type="open">
      <span>
        <target id="w_14"/>
      </span>
    </term>
    <term tid="t_15" lemma="buiten" type="open">
      <span>
        <target id="w_15"/>
      </span>
    </term>
    <term tid="t_16" lemma="8" type="open">
      <span>
        <target id="w_16"/>
      </span>
    </term>
    <term tid="t_17" lemma="graden" type="open">
      <span>
        <target id="w_17"/>
      </span>
    </term>
    <term tid="t_18" lemma="celcius" type="open">
      <span>
        <target id="w_18"/>
      </span>
    </term>
    <term tid="t_19" lemma="en" type="open">
      <span>
        <target id="w_19"/>
      </span>
    </term>
    <term tid="t_20" lemma="binnen" type="open">
      <span>
        <target id="w_20"/>
      </span>
    </term>
    <term tid="t_21" lemma="ook" type="open">
      <span>
        <target id="w_21"/>
      </span>
    </term>
    <term tid="t_22" lemma="." type="open">
      <span>
        <target id="w_22"/>
      </span>
    </term>
    <term tid="t_23" lemma="bij" type="open">
      <span>
        <target id="w_23"/>
      </span>
    </term>
    <term tid="t_24" lemma="aankomst" type="open">
      <span>
        <target id="w_24"/>
      </span>
    </term>
    <term tid="t_25" lemma="in" type="open">
      <span>
        <target id="w_25"/>
      </span>
    </term>
    <term tid="t_26" lemma="bungalow" type="open">
      <span>
        <target id="w_26"/>
      </span>
    </term>
    <term tid="t_27" lemma="na" type="open">
      <span>
        <target id="w_27"/>
      </span>
    </term>
    <term tid="t_28" lemma="21.00" type="open">
      <span>
        <target id="w_28"/>
      </span>
    </term>
    <term tid="t_29" lemma="uur" type="open">
      <span>
        <target id="w_29"/>
      </span>
    </term>
    <term tid="t_30" lemma="is" type="open">
      <span>
        <target id="w_30"/>
      </span>
    </term>
    <term tid="t_31" lemma="verwarming" type="open">
      <span>
        <target id="w_31"/>
      </span>
    </term>
    <term tid="t_32" lemma="niet" type="open">
      <span>
        <target id="w_32"/>
      </span>
      <sentiment sentiment_modifier="shifter" resource="VUA_olery_lexicon_nl_lmf"/>
    </term>
    <term tid="t_33" lemma="meer" type="open">
      <span>
        <target id="w_33"/>
      </span>
    </term>
    <term tid="t_34" lemma="te" type="open">
      <span>
        <target id="w_34"/>
      </span>
    </term>
    <term tid="t_35" lemma="regelen" type="open">
      <span>
        <target id="w_35"/>
      </span>
    </term>
    <term tid="t_36" lemma="." type="open">
      <span>
        <target id="w_36"/>
      </span>
    </term>
    <term tid="t_37" lemma="beddengoed" type="open">
      <span>
        <target id="w_37"/>
      </span>
    </term>
    <term tid="t_38" lemma="was" type="open">
      <span>
        <target id="w_38"/>
      </span>
    </term>
    <term tid="t_39" lemma="er" type="open">
      <span>
        <target id="w_39"/>
      </span>
    </term>
    <term tid="t_40" lemma="ook" type="open">
      <span>
        <target id="w_40"/>
      </span>
    </term>
    <term tid="t_41" lemma="niet" type="open">
      <span>
        <target id="w_41"/>
      </span>
      <sentiment sentiment_modifier="shifter" resource="VUA_olery_lexicon_nl_lmf"/>
    </term>
    <term tid="t_42" lemma="dus" type="open">
      <span>
        <target id="w_42"/>
      </span>
    </term>
    <term tid="t_43" lemma="dat" type="open">
      <span>
        <target id="w_43"/>
      </span>
    </term>
    <term tid="t_44" lemma="was" type="open">
      <span>
        <target id="w_44"/>
      </span>
    </term>
    <term tid="t_45" lemma="een" type="open">
      <span>
        <target id="w_45"/>
      </span>
    </term>
    <term tid="t_46" lemma="wwardeloze" type="open">
      <span>
        <target id="w_46"/>
      </span>
    </term>
    <term tid="t_47" lemma="nacht" type="open">
      <span>
        <target id="w_47"/>
      </span>
    </term>
    <term tid="t_48" lemma="." type="open">
      <span>
        <target id="w_48"/>
      </span>
    </term>
  </terms>
  <properties>
    <property type="room" pid="p_1">
      <span>
        <target id="t_5"/>
      </span>
      <span>
        <target id="t_31"/>
      </span>
    </property>
    <property type="sleeping_comfort" pid="p_2">
      <span>
        <target id="t_8"/>
      </span>
      <span>
        <target id="t_37"/>
      </span>
    </property>
  </properties>
  <opinions>
    <opinion oid="o_1">
      <opinion_target>
        <span>
          <target id="t_5"/>
        </span>
      </opinion_target>
      <opinion_expression polarity="negative" strength="-2">
        <span>
          <target id="t_2"/>
          <target id="t_1"/>
        </span>
      </opinion_expression>
    </opinion>
    <opinion oid="o_2">
      <opinion_target>
        <span>
          <target id="t_13"/>
        </span>
      </opinion_target>
      <opinion_expression polarity="negative" strength="-1">
        <span>
          <target id="t_11"/>
        </span>
      </opinion_expression>
    </opinion>
  </opinions>
</KAF>
