<?xml version='1.0' encoding='UTF-8'?>
<KAF xml:lang="nl">
  <linguisticProcessors layer="text">
    <lp timestamp="2013-01-06T18:30:30CET" version="2.0" name="SentenceTokenizer"/>
  </linguisticProcessors>
  <linguisticProcessors layer="terms">
    <lp timestamp="2013-01-06T18:30:30CET" version="2.0" name="SentenceTokenizer"/>
    <lp timestamp="2013-01-06T18:30:30CET" version="1.0" name="SimplePolarityTagger"/>
  </linguisticProcessors>
  <linguisticProcessor layer="opinions">
    <lp timestamp="2013-01-06T18:30:30CET" version="1.0" name="SimpleOpinionDetector"/>
  </linguisticProcessor>
  <linguisticProcessor layer="properties">
    <lp timestamp="2013-01-06T18:30:30CET" version="1.0" name="SimplePropRecognizer_lookup"/>
  </linguisticProcessor>
  <linguisticProcessor layer="entities">
    <lp timestamp="2013-01-06T18:30:30CET" version="1.0" name="SimpleNER_lookup"/>
  </linguisticProcessor>
  <text>
    <wf wid="w_1" para="1" sent="1">Mooie</wf>
    <wf wid="w_2" para="1" sent="1">comfortabele</wf>
    <wf wid="w_3" para="1" sent="1">kamer</wf>
    <wf wid="w_4" para="1" sent="1">..</wf>
    <wf wid="w_5" para="1" sent="2">Brood</wf>
    <wf wid="w_6" para="1" sent="2">van</wf>
    <wf wid="w_7" para="1" sent="2">de</wf>
    <wf wid="w_8" para="1" sent="2">supermarkt</wf>
    <wf wid="w_9" para="1" sent="2">bij</wf>
    <wf wid="w_10" para="1" sent="2">ontbijt</wf>
    <wf wid="w_11" para="1" sent="2">..</wf>
    <wf wid="w_12" para="1" sent="3">Mag</wf>
    <wf wid="w_13" para="1" sent="3">best</wf>
    <wf wid="w_14" para="1" sent="3">beter</wf>
    <wf wid="w_15" para="1" sent="3">voor</wf>
    <wf wid="w_16" para="1" sent="3">15</wf>
    <wf wid="w_17" para="1" sent="3">euro</wf>
    <wf wid="w_18" para="1" sent="3">pp</wf>
    <wf wid="w_19" para="1" sent="3">.</wf>
    <wf wid="w_20" para="1" sent="4">Serveer</wf>
    <wf wid="w_21" para="1" sent="4">een</wf>
    <wf wid="w_22" para="1" sent="4">lekker</wf>
    <wf wid="w_23" para="1" sent="4">bruin</wf>
    <wf wid="w_24" para="1" sent="4">brood</wf>
    <wf wid="w_25" para="1" sent="4">vers</wf>
    <wf wid="w_26" para="1" sent="4">uit</wf>
    <wf wid="w_27" para="1" sent="4">de</wf>
    <wf wid="w_28" para="1" sent="4">oven</wf>
    <wf wid="w_29" para="1" sent="4">!</wf>
    <wf wid="w_30" para="1" sent="5">Dat</wf>
    <wf wid="w_31" para="1" sent="5">kan</wf>
    <wf wid="w_32" para="1" sent="5">in</wf>
    <wf wid="w_33" para="1" sent="5">goedkopere</wf>
    <wf wid="w_34" para="1" sent="5">hotels</wf>
    <wf wid="w_35" para="1" sent="5">ook</wf>
    <wf wid="w_36" para="1" sent="5">.</wf>
    <wf wid="w_37" para="1" sent="6">Op</wf>
    <wf wid="w_38" para="1" sent="6">dit</wf>
    <wf wid="w_39" para="1" sent="6">moment</wf>
    <wf wid="w_40" para="1" sent="6">is</wf>
    <wf wid="w_41" para="1" sent="6">het</wf>
    <wf wid="w_42" para="1" sent="6">uitzicht</wf>
    <wf wid="w_43" para="1" sent="6">niet</wf>
    <wf wid="w_44" para="1" sent="6">zo</wf>
    <wf wid="w_45" para="1" sent="6">.</wf>
  </text>
  <terms>
    <term tid="t_1" lemma="mooie" type="open">
      <span>
        <target id="w_1"/>
      </span>
    </term>
    <term tid="t_2" lemma="comfortabele" type="open">
      <span>
        <target id="w_2"/>
      </span>
    </term>
    <term tid="t_3" lemma="kamer" type="open">
      <span>
        <target id="w_3"/>
      </span>
    </term>
    <term tid="t_4" lemma=".." type="open">
      <span>
        <target id="w_4"/>
      </span>
    </term>
    <term tid="t_5" lemma="brood" type="open">
      <span>
        <target id="w_5"/>
      </span>
    </term>
    <term tid="t_6" lemma="van" type="open">
      <span>
        <target id="w_6"/>
      </span>
    </term>
    <term tid="t_7" lemma="de" type="open">
      <span>
        <target id="w_7"/>
      </span>
    </term>
    <term tid="t_8" lemma="supermarkt" type="open">
      <span>
        <target id="w_8"/>
      </span>
    </term>
    <term tid="t_9" lemma="bij" type="open">
      <span>
        <target id="w_9"/>
      </span>
    </term>
    <term tid="t_10" lemma="ontbijt" type="open">
      <span>
        <target id="w_10"/>
      </span>
    </term>
    <term tid="t_11" lemma=".." type="open">
      <span>
        <target id="w_11"/>
      </span>
    </term>
    <term tid="t_12" lemma="mag" type="open">
      <span>
        <target id="w_12"/>
      </span>
    </term>
    <term tid="t_13" lemma="best" type="open" pos="G">
      <span>
        <target id="w_13"/>
      </span>
      <sentiment polarity="positive" resource="VUA_olery_lexicon_nl_lmf"/>
    </term>
    <term tid="t_14" lemma="beter" type="open">
      <span>
        <target id="w_14"/>
      </span>
    </term>
    <term tid="t_15" lemma="voor" type="open">
      <span>
        <target id="w_15"/>
      </span>
    </term>
    <term tid="t_16" lemma="15" type="open">
      <span>
        <target id="w_16"/>
      </span>
    </term>
    <term tid="t_17" lemma="euro" type="open">
      <span>
        <target id="w_17"/>
      </span>
    </term>
    <term tid="t_18" lemma="pp" type="open">
      <span>
        <target id="w_18"/>
      </span>
    </term>
    <term tid="t_19" lemma="." type="open">
      <span>
        <target id="w_19"/>
      </span>
    </term>
    <term tid="t_20" lemma="serveer" type="open">
      <span>
        <target id="w_20"/>
      </span>
    </term>
    <term tid="t_21" lemma="een" type="open">
      <span>
        <target id="w_21"/>
      </span>
    </term>
    <term tid="t_22" lemma="lekker" type="open" pos="G">
      <span>
        <target id="w_22"/>
      </span>
      <sentiment polarity="positive" resource="VUA_olery_lexicon_nl_lmf"/>
    </term>
    <term tid="t_23" lemma="bruin" type="open">
      <span>
        <target id="w_23"/>
      </span>
    </term>
    <term tid="t_24" lemma="brood" type="open">
      <span>
        <target id="w_24"/>
      </span>
    </term>
    <term tid="t_25" lemma="vers" type="open" pos="N">
      <span>
        <target id="w_25"/>
      </span>
      <sentiment polarity="positive" resource="VUA_olery_lexicon_nl_lmf"/>
    </term>
    <term tid="t_26" lemma="uit" type="open">
      <span>
        <target id="w_26"/>
      </span>
    </term>
    <term tid="t_27" lemma="de" type="open">
      <span>
        <target id="w_27"/>
      </span>
    </term>
    <term tid="t_28" lemma="oven" type="open">
      <span>
        <target id="w_28"/>
      </span>
    </term>
    <term tid="t_29" lemma="!" type="open">
      <span>
        <target id="w_29"/>
      </span>
      <sentiment sentiment_modifier="intensifier" resource="VUA_olery_lexicon_nl_lmf"/>
    </term>
    <term tid="t_30" lemma="dat" type="open">
      <span>
        <target id="w_30"/>
      </span>
    </term>
    <term tid="t_31" lemma="kan" type="open">
      <span>
        <target id="w_31"/>
      </span>
    </term>
    <term tid="t_32" lemma="in" type="open">
      <span>
        <target id="w_32"/>
      </span>
    </term>
    <term tid="t_33" lemma="goedkopere" type="open">
      <span>
        <target id="w_33"/>
      </span>
    </term>
    <term tid="t_34" lemma="hotels" type="open">
      <span>
        <target id="w_34"/>
      </span>
    </term>
    <term tid="t_35" lemma="ook" type="open">
      <span>
        <target id="w_35"/>
      </span>
    </term>
    <term tid="t_36" lemma="." type="open">
      <span>
        <target id="w_36"/>
      </span>
    </term>
    <term tid="t_37" lemma="op" type="open">
      <span>
        <target id="w_37"/>
      </span>
    </term>
    <term tid="t_38" lemma="dit" type="open">
      <span>
        <target id="w_38"/>
      </span>
    </term>
    <term tid="t_39" lemma="moment" type="open">
      <span>
        <target id="w_39"/>
      </span>
    </term>
    <term tid="t_40" lemma="is" type="open">
      <span>
        <target id="w_40"/>
      </span>
    </term>
    <term tid="t_41" lemma="het" type="open">
      <span>
        <target id="w_41"/>
      </span>
    </term>
    <term tid="t_42" lemma="uitzicht" type="open">
      <span>
        <target id="w_42"/>
      </span>
    </term>
    <term tid="t_43" lemma="niet" type="open">
      <span>
        <target id="w_43"/>
      </span>
      <sentiment sentiment_modifier="shifter" resource="VUA_olery_lexicon_nl_lmf"/>
    </term>
    <term tid="t_44" lemma="zo" type="open">
      <span>
        <target id="w_44"/>
      </span>
    </term>
    <term tid="t_45" lemma="." type="open">
      <span>
        <target id="w_45"/>
      </span>
    </term>
  </terms>
  <entities>
    <entity type="ORG" eid="e_1">
      <span>
        <target id="t_3"/>
      </span>
    </entity>
    <entity type="PER" eid="e_2">
      <span>
        <target id="t_13"/>
      </span>
    </entity>
  </entities>
  <properties>
    <property type="value_for_money" pid="p_1">
      <span>
        <target id="t_17"/>
      </span>
    </property>
    <property type="location" pid="p_2">
      <span>
        <target id="t_8"/>
      </span>
    </property>
    <property type="room" pid="p_3">
      <span>
        <target id="t_3"/>
      </span>
      <span>
        <target id="t_42"/>
      </span>
    </property>
    <property type="restaurant" pid="p_4">
      <span>
        <target id="t_5"/>
      </span>
      <span>
        <target id="t_10"/>
      </span>
      <span>
        <target id="t_22"/>
      </span>
      <span>
        <target id="t_24"/>
      </span>
      <span>
        <target id="t_25"/>
      </span>
    </property>
  </properties>
  <opinions>
    <opinion oid="o_1">
      <opinion_target>
        <span>
          <target id="t_14"/>
        </span>
      </opinion_target>
      <opinion_expression polarity="positive" strength="1">
        <span>
          <target id="t_13"/>
        </span>
      </opinion_expression>
    </opinion>
    <opinion oid="o_2">
      <opinion_target>
        <span>
          <target id="t_23"/>
        </span>
      </opinion_target>
      <opinion_expression polarity="positive" strength="1">
        <span>
          <target id="t_22"/>
        </span>
      </opinion_expression>
    </opinion>
    <opinion oid="o_3">
      <opinion_target>
        <span>
          <target id="t_28"/>
        </span>
      </opinion_target>
      <opinion_expression polarity="positive" strength="1">
        <span>
          <target id="t_25"/>
        </span>
      </opinion_expression>
    </opinion>
  </opinions>
</KAF>
