<?xml version='1.0' encoding='UTF-8'?>
<KAF xml:lang="nl">
  <linguisticProcessors layer="text">
    <lp timestamp="2013-01-06T18:34:00CET" version="2.0" name="SentenceTokenizer"/>
  </linguisticProcessors>
  <linguisticProcessors layer="terms">
    <lp timestamp="2013-01-06T18:34:00CET" version="2.0" name="SentenceTokenizer"/>
    <lp timestamp="2013-01-06T18:34:00CET" version="1.0" name="SimplePolarityTagger"/>
  </linguisticProcessors>
  <linguisticProcessor layer="opinions">
    <lp timestamp="2013-01-06T18:34:00CET" version="1.0" name="SimpleOpinionDetector"/>
  </linguisticProcessor>
  <linguisticProcessor layer="properties">
    <lp timestamp="2013-01-06T18:34:00CET" version="1.0" name="SimplePropRecognizer_lookup"/>
  </linguisticProcessor>
  <linguisticProcessor layer="entities">
    <lp timestamp="2013-01-06T18:34:00CET" version="1.0" name="SimpleNER_lookup"/>
  </linguisticProcessor>
  <text>
    <wf wid="w_1" para="1" sent="1">"Dit</wf>
    <wf wid="w_2" para="1" sent="1">geweldige</wf>
    <wf wid="w_3" para="1" sent="1">familiehotel</wf>
    <wf wid="w_4" para="1" sent="1">(</wf>
    <wf wid="w_5" para="1" sent="1">ooit</wf>
    <wf wid="w_6" para="1" sent="1">bakkerij</wf>
    <wf wid="w_7" para="1" sent="1">)</wf>
    <wf wid="w_8" para="1" sent="1">is</wf>
    <wf wid="w_9" para="1" sent="1">door</wf>
    <wf wid="w_10" para="1" sent="1">de</wf>
    <wf wid="w_11" para="1" sent="1">familie</wf>
    <wf wid="w_12" para="1" sent="1">in</wf>
    <wf wid="w_13" para="1" sent="1">ere</wf>
    <wf wid="w_14" para="1" sent="1">gehouden</wf>
    <wf wid="w_15" para="1" sent="1">en</wf>
    <wf wid="w_16" para="1" sent="1">is</wf>
    <wf wid="w_17" para="1" sent="1">werkelijk</wf>
    <wf wid="w_18" para="1" sent="1">prachtig</wf>
    <wf wid="w_19" para="1" sent="1">.</wf>
    <wf wid="w_20" para="1" sent="2">Uitgegroeid</wf>
    <wf wid="w_21" para="1" sent="2">tot</wf>
    <wf wid="w_22" para="1" sent="2">een</wf>
    <wf wid="w_23" para="1" sent="2">hotel</wf>
    <wf wid="w_24" para="1" sent="2">met</wf>
    <wf wid="w_25" para="1" sent="2">topklasse</wf>
    <wf wid="w_26" para="1" sent="2">restaurant</wf>
    <wf wid="w_27" para="1" sent="2">.</wf>
    <wf wid="w_28" para="1" sent="3">En</wf>
    <wf wid="w_29" para="1" sent="3">de</wf>
    <wf wid="w_30" para="1" sent="3">eigenaren</wf>
    <wf wid="w_31" para="1" sent="3">"</wf>
    <wf wid="w_32" para="1" sent="4">"hebben</wf>
    <wf wid="w_33" para="1" sent="4">het</wf>
    <wf wid="w_34" para="1" sent="4">""</wf>
    <wf wid="w_35" para="1" sent="5">,</wf>
    <wf wid="w_36" para="1" sent="5">het</wf>
    <wf wid="w_37" para="1" sent="5">gevoel</wf>
    <wf wid="w_38" para="1" sent="5">dat</wf>
    <wf wid="w_39" para="1" sent="5">ieder</wf>
    <wf wid="w_40" para="1" sent="5">mens</wf>
    <wf wid="w_41" para="1" sent="5">van</wf>
    <wf wid="w_42" para="1" sent="5">waarde</wf>
    <wf wid="w_43" para="1" sent="5">is</wf>
    <wf wid="w_44" para="1" sent="5">,</wf>
    <wf wid="w_45" para="1" sent="5">want</wf>
    <wf wid="w_46" para="1" sent="5">de</wf>
    <wf wid="w_47" para="1" sent="5">"</wf>
    <wf wid="w_48" para="1" sent="6">"gewone</wf>
    <wf wid="w_49" para="1" sent="6">man</wf>
    <wf wid="w_50" para="1" sent="6">of</wf>
    <wf wid="w_51" para="1" sent="6">vrouw</wf>
    <wf wid="w_52" para="1" sent="6">""</wf>
    <wf wid="w_53" para="1" sent="7">wordt</wf>
    <wf wid="w_54" para="1" sent="7">er</wf>
    <wf wid="w_55" para="1" sent="7">net</wf>
    <wf wid="w_56" para="1" sent="7">zo</wf>
    <wf wid="w_57" para="1" sent="7">in</wf>
    <wf wid="w_58" para="1" sent="7">de</wf>
    <wf wid="w_59" para="1" sent="7">watten</wf>
    <wf wid="w_60" para="1" sent="7">gelegd</wf>
    <wf wid="w_61" para="1" sent="7">als</wf>
    <wf wid="w_62" para="1" sent="7">leden</wf>
    <wf wid="w_63" para="1" sent="7">van</wf>
    <wf wid="w_64" para="1" sent="7">het</wf>
    <wf wid="w_65" para="1" sent="7">Koningshuis</wf>
    <wf wid="w_66" para="1" sent="7">of</wf>
    <wf wid="w_67" para="1" sent="7">hoog</wf>
    <wf wid="w_68" para="1" sent="7">buitenlands</wf>
    <wf wid="w_69" para="1" sent="7">bezoek</wf>
    <wf wid="w_70" para="1" sent="7">.</wf>
    <wf wid="w_71" para="1" sent="8">Je</wf>
    <wf wid="w_72" para="1" sent="8">bent</wf>
    <wf wid="w_73" para="1" sent="8">er</wf>
    <wf wid="w_74" para="1" sent="8">welkom</wf>
    <wf wid="w_75" para="1" sent="8">.</wf>
    <wf wid="w_76" para="1" sent="9">Superkwaliteit</wf>
    <wf wid="w_77" para="1" sent="9">.</wf>
    <wf wid="w_78" para="1" sent="10">Een</wf>
    <wf wid="w_79" para="1" sent="10">en</wf>
    <wf wid="w_80" para="1" sent="10">al</wf>
    <wf wid="w_81" para="1" sent="10">mozaiek</wf>
    <wf wid="w_82" para="1" sent="10">en</wf>
    <wf wid="w_83" para="1" sent="10">glas</wf>
    <wf wid="w_84" para="1" sent="10">in</wf>
    <wf wid="w_85" para="1" sent="10">lood</wf>
    <wf wid="w_86" para="1" sent="10">.</wf>
    <wf wid="w_87" para="1" sent="11">Het</wf>
    <wf wid="w_88" para="1" sent="11">mooie</wf>
    <wf wid="w_89" para="1" sent="11">logo</wf>
    <wf wid="w_90" para="1" sent="11">doorgevoerd</wf>
    <wf wid="w_91" para="1" sent="11">van</wf>
    <wf wid="w_92" para="1" sent="11">mozaiek</wf>
    <wf wid="w_93" para="1" sent="11">tot</wf>
    <wf wid="w_94" para="1" sent="11">rand</wf>
    <wf wid="w_95" para="1" sent="11">van</wf>
    <wf wid="w_96" para="1" sent="11">vloerbedekking</wf>
    <wf wid="w_97" para="1" sent="11">tot</wf>
    <wf wid="w_98" para="1" sent="11">gastenzeepje</wf>
    <wf wid="w_99" para="1" sent="11">.</wf>
    <wf wid="w_100" para="1" sent="12">Veel</wf>
    <wf wid="w_101" para="1" sent="12">aandacht</wf>
    <wf wid="w_102" para="1" sent="12">zelfs</wf>
    <wf wid="w_103" para="1" sent="12">voor</wf>
    <wf wid="w_104" para="1" sent="12">kleinste</wf>
    <wf wid="w_105" para="1" sent="12">details</wf>
    <wf wid="w_106" para="1" sent="12">.</wf>
    <wf wid="w_107" para="1" sent="13">Prachtig</wf>
    <wf wid="w_108" para="1" sent="13">.</wf>
    <wf wid="w_109" para="1" sent="14">Kunst</wf>
    <wf wid="w_110" para="1" sent="14">,</wf>
    <wf wid="w_111" para="1" sent="14">muziek</wf>
    <wf wid="w_112" para="1" sent="14">en</wf>
    <wf wid="w_113" para="1" sent="14">theater</wf>
    <wf wid="w_114" para="1" sent="14">staan</wf>
    <wf wid="w_115" para="1" sent="14">hoog</wf>
    <wf wid="w_116" para="1" sent="14">in</wf>
    <wf wid="w_117" para="1" sent="14">het</wf>
    <wf wid="w_118" para="1" sent="14">vaandel</wf>
    <wf wid="w_119" para="1" sent="14">.</wf>
    <wf wid="w_120" para="1" sent="15">We</wf>
    <wf wid="w_121" para="1" sent="15">zijn</wf>
    <wf wid="w_122" para="1" sent="15">er</wf>
    <wf wid="w_123" para="1" sent="15">2x</wf>
    <wf wid="w_124" para="1" sent="15">geweest</wf>
    <wf wid="w_125" para="1" sent="15">en</wf>
    <wf wid="w_126" para="1" sent="15">het</wf>
    <wf wid="w_127" para="1" sent="15">is</wf>
    <wf wid="w_128" para="1" sent="15">telkens</wf>
    <wf wid="w_129" para="1" sent="15">een</wf>
    <wf wid="w_130" para="1" sent="15">genot</wf>
    <wf wid="w_131" para="1" sent="15">om</wf>
    <wf wid="w_132" para="1" sent="15">er</wf>
    <wf wid="w_133" para="1" sent="15">te</wf>
    <wf wid="w_134" para="1" sent="15">zijn</wf>
    <wf wid="w_135" para="1" sent="15">.</wf>
    <wf wid="w_136" para="1" sent="16">Het</wf>
    <wf wid="w_137" para="1" sent="16">ligt</wf>
    <wf wid="w_138" para="1" sent="16">ook</wf>
    <wf wid="w_139" para="1" sent="16">nog</wf>
    <wf wid="w_140" para="1" sent="16">eens</wf>
    <wf wid="w_141" para="1" sent="16">tegenover</wf>
    <wf wid="w_142" para="1" sent="16">prachtig</wf>
    <wf wid="w_143" para="1" sent="16">oud</wf>
    <wf wid="w_144" para="1" sent="16">raadhuis</wf>
    <wf wid="w_145" para="1" sent="16">en</wf>
    <wf wid="w_146" para="1" sent="16">vlakbij</wf>
    <wf wid="w_147" para="1" sent="16">het</wf>
    <wf wid="w_148" para="1" sent="16">mooie</wf>
    <wf wid="w_149" para="1" sent="16">Slot</wf>
    <wf wid="w_150" para="1" sent="16">Zeist</wf>
    <wf wid="w_151" para="1" sent="16">."</wf>
  </text>
  <terms>
    <term tid="t_1" lemma="&quot;dit" type="open">
      <span>
        <target id="w_1"/>
      </span>
    </term>
    <term tid="t_2" lemma="geweldige" type="open">
      <span>
        <target id="w_2"/>
      </span>
    </term>
    <term tid="t_3" lemma="familiehotel" type="open">
      <span>
        <target id="w_3"/>
      </span>
    </term>
    <term tid="t_4" lemma="(" type="open">
      <span>
        <target id="w_4"/>
      </span>
    </term>
    <term tid="t_5" lemma="ooit" type="open">
      <span>
        <target id="w_5"/>
      </span>
    </term>
    <term tid="t_6" lemma="bakkerij" type="open">
      <span>
        <target id="w_6"/>
      </span>
    </term>
    <term tid="t_7" lemma=")" type="open">
      <span>
        <target id="w_7"/>
      </span>
    </term>
    <term tid="t_8" lemma="is" type="open">
      <span>
        <target id="w_8"/>
      </span>
    </term>
    <term tid="t_9" lemma="door" type="open">
      <span>
        <target id="w_9"/>
      </span>
    </term>
    <term tid="t_10" lemma="de" type="open">
      <span>
        <target id="w_10"/>
      </span>
    </term>
    <term tid="t_11" lemma="familie" type="open">
      <span>
        <target id="w_11"/>
      </span>
    </term>
    <term tid="t_12" lemma="in" type="open">
      <span>
        <target id="w_12"/>
      </span>
    </term>
    <term tid="t_13" lemma="ere" type="open">
      <span>
        <target id="w_13"/>
      </span>
    </term>
    <term tid="t_14" lemma="gehouden" type="open">
      <span>
        <target id="w_14"/>
      </span>
    </term>
    <term tid="t_15" lemma="en" type="open">
      <span>
        <target id="w_15"/>
      </span>
    </term>
    <term tid="t_16" lemma="is" type="open">
      <span>
        <target id="w_16"/>
      </span>
    </term>
    <term tid="t_17" lemma="werkelijk" type="open">
      <span>
        <target id="w_17"/>
      </span>
    </term>
    <term tid="t_18" lemma="prachtig" type="open" pos="G">
      <span>
        <target id="w_18"/>
      </span>
      <sentiment polarity="positive" resource="VUA_olery_lexicon_nl_lmf"/>
    </term>
    <term tid="t_19" lemma="." type="open">
      <span>
        <target id="w_19"/>
      </span>
    </term>
    <term tid="t_20" lemma="uitgegroeid" type="open">
      <span>
        <target id="w_20"/>
      </span>
    </term>
    <term tid="t_21" lemma="tot" type="open">
      <span>
        <target id="w_21"/>
      </span>
    </term>
    <term tid="t_22" lemma="een" type="open">
      <span>
        <target id="w_22"/>
      </span>
    </term>
    <term tid="t_23" lemma="hotel" type="open">
      <span>
        <target id="w_23"/>
      </span>
    </term>
    <term tid="t_24" lemma="met" type="open">
      <span>
        <target id="w_24"/>
      </span>
    </term>
    <term tid="t_25" lemma="topklasse" type="open">
      <span>
        <target id="w_25"/>
      </span>
    </term>
    <term tid="t_26" lemma="restaurant" type="open">
      <span>
        <target id="w_26"/>
      </span>
    </term>
    <term tid="t_27" lemma="." type="open">
      <span>
        <target id="w_27"/>
      </span>
    </term>
    <term tid="t_28" lemma="en" type="open">
      <span>
        <target id="w_28"/>
      </span>
    </term>
    <term tid="t_29" lemma="de" type="open">
      <span>
        <target id="w_29"/>
      </span>
    </term>
    <term tid="t_30" lemma="eigenaren" type="open">
      <span>
        <target id="w_30"/>
      </span>
    </term>
    <term tid="t_31" lemma="&quot;" type="open">
      <span>
        <target id="w_31"/>
      </span>
    </term>
    <term tid="t_32" lemma="&quot;hebben" type="open">
      <span>
        <target id="w_32"/>
      </span>
    </term>
    <term tid="t_33" lemma="het" type="open">
      <span>
        <target id="w_33"/>
      </span>
    </term>
    <term tid="t_34" lemma="&quot;&quot;" type="open">
      <span>
        <target id="w_34"/>
      </span>
    </term>
    <term tid="t_35" lemma="," type="open">
      <span>
        <target id="w_35"/>
      </span>
    </term>
    <term tid="t_36" lemma="het" type="open">
      <span>
        <target id="w_36"/>
      </span>
    </term>
    <term tid="t_37" lemma="gevoel" type="open">
      <span>
        <target id="w_37"/>
      </span>
    </term>
    <term tid="t_38" lemma="dat" type="open">
      <span>
        <target id="w_38"/>
      </span>
    </term>
    <term tid="t_39" lemma="ieder" type="open">
      <span>
        <target id="w_39"/>
      </span>
    </term>
    <term tid="t_40" lemma="mens" type="open">
      <span>
        <target id="w_40"/>
      </span>
    </term>
    <term tid="t_41" lemma="van" type="open">
      <span>
        <target id="w_41"/>
      </span>
    </term>
    <term tid="t_42" lemma="waarde" type="open">
      <span>
        <target id="w_42"/>
      </span>
    </term>
    <term tid="t_43" lemma="is" type="open">
      <span>
        <target id="w_43"/>
      </span>
    </term>
    <term tid="t_44" lemma="," type="open">
      <span>
        <target id="w_44"/>
      </span>
    </term>
    <term tid="t_45" lemma="want" type="open">
      <span>
        <target id="w_45"/>
      </span>
    </term>
    <term tid="t_46" lemma="de" type="open">
      <span>
        <target id="w_46"/>
      </span>
    </term>
    <term tid="t_47" lemma="&quot;" type="open">
      <span>
        <target id="w_47"/>
      </span>
    </term>
    <term tid="t_48" lemma="&quot;gewone" type="open">
      <span>
        <target id="w_48"/>
      </span>
    </term>
    <term tid="t_49" lemma="man" type="open">
      <span>
        <target id="w_49"/>
      </span>
    </term>
    <term tid="t_50" lemma="of" type="open">
      <span>
        <target id="w_50"/>
      </span>
    </term>
    <term tid="t_51" lemma="vrouw" type="open">
      <span>
        <target id="w_51"/>
      </span>
    </term>
    <term tid="t_52" lemma="&quot;&quot;" type="open">
      <span>
        <target id="w_52"/>
      </span>
    </term>
    <term tid="t_53" lemma="wordt" type="open">
      <span>
        <target id="w_53"/>
      </span>
    </term>
    <term tid="t_54" lemma="er" type="open">
      <span>
        <target id="w_54"/>
      </span>
    </term>
    <term tid="t_55" lemma="net" type="open" pos="G">
      <span>
        <target id="w_55"/>
      </span>
      <sentiment polarity="positive" resource="VUA_olery_lexicon_nl_lmf"/>
    </term>
    <term tid="t_56" lemma="zo" type="open">
      <span>
        <target id="w_56"/>
      </span>
    </term>
    <term tid="t_57" lemma="in" type="open">
      <span>
        <target id="w_57"/>
      </span>
    </term>
    <term tid="t_58" lemma="de" type="open">
      <span>
        <target id="w_58"/>
      </span>
    </term>
    <term tid="t_59" lemma="watten" type="open">
      <span>
        <target id="w_59"/>
      </span>
    </term>
    <term tid="t_60" lemma="gelegd" type="open">
      <span>
        <target id="w_60"/>
      </span>
    </term>
    <term tid="t_61" lemma="als" type="open">
      <span>
        <target id="w_61"/>
      </span>
    </term>
    <term tid="t_62" lemma="leden" type="open">
      <span>
        <target id="w_62"/>
      </span>
    </term>
    <term tid="t_63" lemma="van" type="open">
      <span>
        <target id="w_63"/>
      </span>
    </term>
    <term tid="t_64" lemma="het" type="open">
      <span>
        <target id="w_64"/>
      </span>
    </term>
    <term tid="t_65" lemma="koningshuis" type="open">
      <span>
        <target id="w_65"/>
      </span>
    </term>
    <term tid="t_66" lemma="of" type="open">
      <span>
        <target id="w_66"/>
      </span>
    </term>
    <term tid="t_67" lemma="hoog" type="open" pos="G">
      <span>
        <target id="w_67"/>
      </span>
      <sentiment polarity="negative" resource="VUA_olery_lexicon_nl_lmf"/>
    </term>
    <term tid="t_68" lemma="buitenlands" type="open">
      <span>
        <target id="w_68"/>
      </span>
    </term>
    <term tid="t_69" lemma="bezoek" type="open">
      <span>
        <target id="w_69"/>
      </span>
    </term>
    <term tid="t_70" lemma="." type="open">
      <span>
        <target id="w_70"/>
      </span>
    </term>
    <term tid="t_71" lemma="je" type="open">
      <span>
        <target id="w_71"/>
      </span>
    </term>
    <term tid="t_72" lemma="bent" type="open">
      <span>
        <target id="w_72"/>
      </span>
    </term>
    <term tid="t_73" lemma="er" type="open">
      <span>
        <target id="w_73"/>
      </span>
    </term>
    <term tid="t_74" lemma="welkom" type="open" pos="G">
      <span>
        <target id="w_74"/>
      </span>
      <sentiment polarity="positive" resource="VUA_olery_lexicon_nl_lmf"/>
    </term>
    <term tid="t_75" lemma="." type="open">
      <span>
        <target id="w_75"/>
      </span>
    </term>
    <term tid="t_76" lemma="superkwaliteit" type="open">
      <span>
        <target id="w_76"/>
      </span>
    </term>
    <term tid="t_77" lemma="." type="open">
      <span>
        <target id="w_77"/>
      </span>
    </term>
    <term tid="t_78" lemma="een" type="open">
      <span>
        <target id="w_78"/>
      </span>
    </term>
    <term tid="t_79" lemma="en" type="open">
      <span>
        <target id="w_79"/>
      </span>
    </term>
    <term tid="t_80" lemma="al" type="open">
      <span>
        <target id="w_80"/>
      </span>
    </term>
    <term tid="t_81" lemma="mozaiek" type="open">
      <span>
        <target id="w_81"/>
      </span>
    </term>
    <term tid="t_82" lemma="en" type="open">
      <span>
        <target id="w_82"/>
      </span>
    </term>
    <term tid="t_83" lemma="glas" type="open">
      <span>
        <target id="w_83"/>
      </span>
    </term>
    <term tid="t_84" lemma="in" type="open">
      <span>
        <target id="w_84"/>
      </span>
    </term>
    <term tid="t_85" lemma="lood" type="open">
      <span>
        <target id="w_85"/>
      </span>
    </term>
    <term tid="t_86" lemma="." type="open">
      <span>
        <target id="w_86"/>
      </span>
    </term>
    <term tid="t_87" lemma="het" type="open">
      <span>
        <target id="w_87"/>
      </span>
    </term>
    <term tid="t_88" lemma="mooie" type="open">
      <span>
        <target id="w_88"/>
      </span>
    </term>
    <term tid="t_89" lemma="logo" type="open">
      <span>
        <target id="w_89"/>
      </span>
    </term>
    <term tid="t_90" lemma="doorgevoerd" type="open">
      <span>
        <target id="w_90"/>
      </span>
    </term>
    <term tid="t_91" lemma="van" type="open">
      <span>
        <target id="w_91"/>
      </span>
    </term>
    <term tid="t_92" lemma="mozaiek" type="open">
      <span>
        <target id="w_92"/>
      </span>
    </term>
    <term tid="t_93" lemma="tot" type="open">
      <span>
        <target id="w_93"/>
      </span>
    </term>
    <term tid="t_94" lemma="rand" type="open">
      <span>
        <target id="w_94"/>
      </span>
    </term>
    <term tid="t_95" lemma="van" type="open">
      <span>
        <target id="w_95"/>
      </span>
    </term>
    <term tid="t_96" lemma="vloerbedekking" type="open">
      <span>
        <target id="w_96"/>
      </span>
    </term>
    <term tid="t_97" lemma="tot" type="open">
      <span>
        <target id="w_97"/>
      </span>
    </term>
    <term tid="t_98" lemma="gastenzeepje" type="open">
      <span>
        <target id="w_98"/>
      </span>
    </term>
    <term tid="t_99" lemma="." type="open">
      <span>
        <target id="w_99"/>
      </span>
    </term>
    <term tid="t_100" lemma="veel" type="open">
      <span>
        <target id="w_100"/>
      </span>
    </term>
    <term tid="t_101" lemma="aandacht" type="open">
      <span>
        <target id="w_101"/>
      </span>
    </term>
    <term tid="t_102" lemma="zelfs" type="open">
      <span>
        <target id="w_102"/>
      </span>
    </term>
    <term tid="t_103" lemma="voor" type="open">
      <span>
        <target id="w_103"/>
      </span>
    </term>
    <term tid="t_104" lemma="kleinste" type="open">
      <span>
        <target id="w_104"/>
      </span>
    </term>
    <term tid="t_105" lemma="details" type="open">
      <span>
        <target id="w_105"/>
      </span>
    </term>
    <term tid="t_106" lemma="." type="open">
      <span>
        <target id="w_106"/>
      </span>
    </term>
    <term tid="t_107" lemma="prachtig" type="open" pos="G">
      <span>
        <target id="w_107"/>
      </span>
      <sentiment polarity="positive" resource="VUA_olery_lexicon_nl_lmf"/>
    </term>
    <term tid="t_108" lemma="." type="open">
      <span>
        <target id="w_108"/>
      </span>
    </term>
    <term tid="t_109" lemma="kunst" type="open">
      <span>
        <target id="w_109"/>
      </span>
    </term>
    <term tid="t_110" lemma="," type="open">
      <span>
        <target id="w_110"/>
      </span>
    </term>
    <term tid="t_111" lemma="muziek" type="open">
      <span>
        <target id="w_111"/>
      </span>
    </term>
    <term tid="t_112" lemma="en" type="open">
      <span>
        <target id="w_112"/>
      </span>
    </term>
    <term tid="t_113" lemma="theater" type="open">
      <span>
        <target id="w_113"/>
      </span>
    </term>
    <term tid="t_114" lemma="staan" type="open">
      <span>
        <target id="w_114"/>
      </span>
    </term>
    <term tid="t_115" lemma="hoog" type="open" pos="G">
      <span>
        <target id="w_115"/>
      </span>
      <sentiment polarity="negative" resource="VUA_olery_lexicon_nl_lmf"/>
    </term>
    <term tid="t_116" lemma="in" type="open">
      <span>
        <target id="w_116"/>
      </span>
    </term>
    <term tid="t_117" lemma="het" type="open">
      <span>
        <target id="w_117"/>
      </span>
    </term>
    <term tid="t_118" lemma="vaandel" type="open">
      <span>
        <target id="w_118"/>
      </span>
    </term>
    <term tid="t_119" lemma="." type="open">
      <span>
        <target id="w_119"/>
      </span>
    </term>
    <term tid="t_120" lemma="we" type="open">
      <span>
        <target id="w_120"/>
      </span>
    </term>
    <term tid="t_121" lemma="zijn" type="open">
      <span>
        <target id="w_121"/>
      </span>
    </term>
    <term tid="t_122" lemma="er" type="open">
      <span>
        <target id="w_122"/>
      </span>
    </term>
    <term tid="t_123" lemma="2x" type="open">
      <span>
        <target id="w_123"/>
      </span>
    </term>
    <term tid="t_124" lemma="geweest" type="open">
      <span>
        <target id="w_124"/>
      </span>
    </term>
    <term tid="t_125" lemma="en" type="open">
      <span>
        <target id="w_125"/>
      </span>
    </term>
    <term tid="t_126" lemma="het" type="open">
      <span>
        <target id="w_126"/>
      </span>
    </term>
    <term tid="t_127" lemma="is" type="open">
      <span>
        <target id="w_127"/>
      </span>
    </term>
    <term tid="t_128" lemma="telkens" type="open">
      <span>
        <target id="w_128"/>
      </span>
    </term>
    <term tid="t_129" lemma="een" type="open">
      <span>
        <target id="w_129"/>
      </span>
    </term>
    <term tid="t_130" lemma="genot" type="open" pos="N">
      <span>
        <target id="w_130"/>
      </span>
      <sentiment polarity="positive" resource="VUA_olery_lexicon_nl_lmf"/>
    </term>
    <term tid="t_131" lemma="om" type="open">
      <span>
        <target id="w_131"/>
      </span>
    </term>
    <term tid="t_132" lemma="er" type="open">
      <span>
        <target id="w_132"/>
      </span>
    </term>
    <term tid="t_133" lemma="te" type="open">
      <span>
        <target id="w_133"/>
      </span>
    </term>
    <term tid="t_134" lemma="zijn" type="open">
      <span>
        <target id="w_134"/>
      </span>
    </term>
    <term tid="t_135" lemma="." type="open">
      <span>
        <target id="w_135"/>
      </span>
    </term>
    <term tid="t_136" lemma="het" type="open">
      <span>
        <target id="w_136"/>
      </span>
    </term>
    <term tid="t_137" lemma="ligt" type="open">
      <span>
        <target id="w_137"/>
      </span>
    </term>
    <term tid="t_138" lemma="ook" type="open">
      <span>
        <target id="w_138"/>
      </span>
    </term>
    <term tid="t_139" lemma="nog" type="open">
      <span>
        <target id="w_139"/>
      </span>
    </term>
    <term tid="t_140" lemma="eens" type="open">
      <span>
        <target id="w_140"/>
      </span>
    </term>
    <term tid="t_141" lemma="tegenover" type="open">
      <span>
        <target id="w_141"/>
      </span>
    </term>
    <term tid="t_142" lemma="prachtig" type="open" pos="G">
      <span>
        <target id="w_142"/>
      </span>
      <sentiment polarity="positive" resource="VUA_olery_lexicon_nl_lmf"/>
    </term>
    <term tid="t_143" lemma="oud" type="open">
      <span>
        <target id="w_143"/>
      </span>
    </term>
    <term tid="t_144" lemma="raadhuis" type="open">
      <span>
        <target id="w_144"/>
      </span>
    </term>
    <term tid="t_145" lemma="en" type="open">
      <span>
        <target id="w_145"/>
      </span>
    </term>
    <term tid="t_146" lemma="vlakbij" type="open" pos="G">
      <span>
        <target id="w_146"/>
      </span>
      <sentiment polarity="positive" resource="VUA_olery_lexicon_nl_lmf"/>
    </term>
    <term tid="t_147" lemma="het" type="open">
      <span>
        <target id="w_147"/>
      </span>
    </term>
    <term tid="t_148" lemma="mooie" type="open">
      <span>
        <target id="w_148"/>
      </span>
    </term>
    <term tid="t_149" lemma="slot" type="open">
      <span>
        <target id="w_149"/>
      </span>
    </term>
    <term tid="t_150" lemma="zeist" type="open">
      <span>
        <target id="w_150"/>
      </span>
    </term>
    <term tid="t_151" lemma=".&quot;" type="open">
      <span>
        <target id="w_151"/>
      </span>
    </term>
  </terms>
  <entities>
    <entity type="MISC" eid="e_1">
      <span>
        <target id="t_121"/>
      </span>
      <span>
        <target id="t_134"/>
      </span>
    </entity>
    <entity type="PER" eid="e_2">
      <span>
        <target id="t_120"/>
      </span>
    </entity>
  </entities>
  <properties>
    <property type="bathroom" pid="p_1">
      <span>
        <target id="t_59"/>
      </span>
    </property>
    <property type="room" pid="p_2">
      <span>
        <target id="t_96"/>
      </span>
      <span>
        <target id="t_149"/>
      </span>
    </property>
    <property type="restaurant" pid="p_3">
      <span>
        <target id="t_26"/>
      </span>
    </property>
    <property type="cleanliness" pid="p_4">
      <span>
        <target id="t_55"/>
      </span>
    </property>
    <property type="location" pid="p_5">
      <span>
        <target id="t_113"/>
      </span>
      <span>
        <target id="t_141"/>
      </span>
      <span>
        <target id="t_146"/>
      </span>
    </property>
    <property type="staff" pid="p_6">
      <span>
        <target id="t_74"/>
      </span>
      <span>
        <target id="t_101"/>
      </span>
    </property>
  </properties>
  <opinions>
    <opinion oid="o_1">
      <opinion_target>
        <span>
          <target id="t_17"/>
        </span>
      </opinion_target>
      <opinion_expression polarity="positive" strength="1">
        <span>
          <target id="t_18"/>
        </span>
      </opinion_expression>
    </opinion>
    <opinion oid="o_2">
      <opinion_target>
        <span>
          <target id="t_68"/>
        </span>
      </opinion_target>
      <opinion_expression polarity="negative" strength="-1">
        <span>
          <target id="t_67"/>
        </span>
      </opinion_expression>
    </opinion>
    <opinion oid="o_3">
      <opinion_target>
        <span>
          <target id="t_72"/>
        </span>
      </opinion_target>
      <opinion_expression polarity="positive" strength="1">
        <span>
          <target id="t_74"/>
        </span>
      </opinion_expression>
    </opinion>
    <opinion oid="o_4">
      <opinion_target>
        <span>
          <target id="t_118"/>
        </span>
      </opinion_target>
      <opinion_expression polarity="negative" strength="-1">
        <span>
          <target id="t_115"/>
        </span>
      </opinion_expression>
    </opinion>
    <opinion oid="o_5">
      <opinion_holder>
        <span>
          <target id="t_120"/>
        </span>
      </opinion_holder>
      <opinion_target>
        <span>
          <target id="t_128"/>
        </span>
      </opinion_target>
      <opinion_expression polarity="positive" strength="1">
        <span>
          <target id="t_130"/>
        </span>
      </opinion_expression>
    </opinion>
    <opinion oid="o_6">
      <opinion_target>
        <span>
          <target id="t_143"/>
        </span>
      </opinion_target>
      <opinion_expression polarity="positive" strength="1">
        <span>
          <target id="t_142"/>
        </span>
      </opinion_expression>
    </opinion>
    <opinion oid="o_7">
      <opinion_target>
        <span>
          <target id="t_148"/>
        </span>
      </opinion_target>
      <opinion_expression polarity="positive" strength="1">
        <span>
          <target id="t_146"/>
        </span>
      </opinion_expression>
    </opinion>
  </opinions>
</KAF>
