<?xml version='1.0' encoding='UTF-8'?>
<KAF xml:lang="nl">
  <linguisticProcessors layer="text">
    <lp timestamp="2013-01-06T18:34:24CET" version="2.0" name="SentenceTokenizer"/>
  </linguisticProcessors>
  <linguisticProcessors layer="terms">
    <lp timestamp="2013-01-06T18:34:24CET" version="2.0" name="SentenceTokenizer"/>
    <lp timestamp="2013-01-06T18:34:24CET" version="1.0" name="SimplePolarityTagger"/>
  </linguisticProcessors>
  <linguisticProcessor layer="opinions">
    <lp timestamp="2013-01-06T18:34:24CET" version="1.0" name="SimpleOpinionDetector"/>
  </linguisticProcessor>
  <linguisticProcessor layer="properties">
    <lp timestamp="2013-01-06T18:34:24CET" version="1.0" name="SimplePropRecognizer_lookup"/>
  </linguisticProcessor>
  <linguisticProcessor layer="entities">
    <lp timestamp="2013-01-06T18:34:24CET" version="1.0" name="SimpleNER_lookup"/>
  </linguisticProcessor>
  <text>
    <wf wid="w_1" para="1" sent="1">Upgrade</wf>
    <wf wid="w_2" para="1" sent="1">naar</wf>
    <wf wid="w_3" para="1" sent="1">luxe</wf>
    <wf wid="w_4" para="1" sent="1">kamer</wf>
    <wf wid="w_5" para="1" sent="1">.</wf>
    <wf wid="w_6" para="1" sent="2">Rustige</wf>
    <wf wid="w_7" para="1" sent="2">kamer</wf>
    <wf wid="w_8" para="1" sent="2">,</wf>
    <wf wid="w_9" para="1" sent="2">Nespresso</wf>
    <wf wid="w_10" para="1" sent="2">!</wf>
    <wf wid="w_11" para="1" sent="3">Yamazato</wf>
    <wf wid="w_12" para="1" sent="3">excellent</wf>
    <wf wid="w_13" para="1" sent="3">restaurant</wf>
    <wf wid="w_14" para="1" sent="3">.</wf>
    <wf wid="w_15" para="1" sent="4">Fantastisch</wf>
    <wf wid="w_16" para="1" sent="4">bed</wf>
    <wf wid="w_17" para="1" sent="4">..</wf>
    <wf wid="w_18" para="1" sent="5">Kamer</wf>
    <wf wid="w_19" para="1" sent="5">niet</wf>
    <wf wid="w_20" para="1" sent="5">helemaal</wf>
    <wf wid="w_21" para="1" sent="5">goed</wf>
    <wf wid="w_22" para="1" sent="5">schoon</wf>
    <wf wid="w_23" para="1" sent="5">gemaakt</wf>
  </text>
  <terms>
    <term tid="t_1" lemma="upgrade" type="open">
      <span>
        <target id="w_1"/>
      </span>
    </term>
    <term tid="t_2" lemma="naar" type="open" pos="G">
      <span>
        <target id="w_2"/>
      </span>
      <sentiment polarity="negative" resource="VUA_olery_lexicon_nl_lmf"/>
    </term>
    <term tid="t_3" lemma="luxe" type="open" pos="N">
      <span>
        <target id="w_3"/>
      </span>
      <sentiment polarity="positive" resource="VUA_olery_lexicon_nl_lmf"/>
    </term>
    <term tid="t_4" lemma="kamer" type="open">
      <span>
        <target id="w_4"/>
      </span>
    </term>
    <term tid="t_5" lemma="." type="open">
      <span>
        <target id="w_5"/>
      </span>
    </term>
    <term tid="t_6" lemma="rustige" type="open">
      <span>
        <target id="w_6"/>
      </span>
    </term>
    <term tid="t_7" lemma="kamer" type="open">
      <span>
        <target id="w_7"/>
      </span>
    </term>
    <term tid="t_8" lemma="," type="open">
      <span>
        <target id="w_8"/>
      </span>
    </term>
    <term tid="t_9" lemma="nespresso" type="open">
      <span>
        <target id="w_9"/>
      </span>
    </term>
    <term tid="t_10" lemma="!" type="open">
      <span>
        <target id="w_10"/>
      </span>
      <sentiment sentiment_modifier="intensifier" resource="VUA_olery_lexicon_nl_lmf"/>
    </term>
    <term tid="t_11" lemma="yamazato" type="open">
      <span>
        <target id="w_11"/>
      </span>
    </term>
    <term tid="t_12" lemma="excellent" type="open" pos="G">
      <span>
        <target id="w_12"/>
      </span>
      <sentiment polarity="positive" resource="VUA_olery_lexicon_nl_lmf"/>
    </term>
    <term tid="t_13" lemma="restaurant" type="open">
      <span>
        <target id="w_13"/>
      </span>
    </term>
    <term tid="t_14" lemma="." type="open">
      <span>
        <target id="w_14"/>
      </span>
    </term>
    <term tid="t_15" lemma="fantastisch" type="open" pos="G">
      <span>
        <target id="w_15"/>
      </span>
      <sentiment polarity="positive" resource="VUA_olery_lexicon_nl_lmf"/>
    </term>
    <term tid="t_16" lemma="bed" type="open">
      <span>
        <target id="w_16"/>
      </span>
    </term>
    <term tid="t_17" lemma=".." type="open">
      <span>
        <target id="w_17"/>
      </span>
    </term>
    <term tid="t_18" lemma="kamer" type="open">
      <span>
        <target id="w_18"/>
      </span>
    </term>
    <term tid="t_19" lemma="niet" type="open">
      <span>
        <target id="w_19"/>
      </span>
      <sentiment sentiment_modifier="shifter" resource="VUA_olery_lexicon_nl_lmf"/>
    </term>
    <term tid="t_20" lemma="helemaal" type="open">
      <span>
        <target id="w_20"/>
      </span>
      <sentiment sentiment_modifier="intensifier" resource="VUA_olery_lexicon_nl_lmf"/>
    </term>
    <term tid="t_21" lemma="goed" type="open" pos="G">
      <span>
        <target id="w_21"/>
      </span>
      <sentiment polarity="positive" resource="VUA_olery_lexicon_nl_lmf"/>
    </term>
    <term tid="t_22" lemma="schoon" type="open" pos="G">
      <span>
        <target id="w_22"/>
      </span>
      <sentiment polarity="positive" resource="VUA_olery_lexicon_nl_lmf"/>
    </term>
    <term tid="t_23" lemma="gemaakt" type="open">
      <span>
        <target id="w_23"/>
      </span>
    </term>
  </terms>
  <entities>
    <entity type="ORG" eid="e_1">
      <span>
        <target id="t_4"/>
      </span>
      <span>
        <target id="t_7"/>
      </span>
      <span>
        <target id="t_18"/>
      </span>
    </entity>
  </entities>
  <properties>
    <property type="cleanliness" pid="p_1">
      <span>
        <target id="t_22"/>
      </span>
    </property>
    <property type="breakfast" pid="p_2">
      <span>
        <target id="t_9"/>
      </span>
    </property>
    <property type="room" pid="p_3">
      <span>
        <target id="t_4"/>
      </span>
      <span>
        <target id="t_7"/>
      </span>
      <span>
        <target id="t_18"/>
      </span>
    </property>
    <property type="sleeping_comfort" pid="p_4">
      <span>
        <target id="t_16"/>
      </span>
    </property>
    <property type="restaurant" pid="p_5">
      <span>
        <target id="t_13"/>
      </span>
    </property>
  </properties>
  <opinions>
    <opinion oid="o_1">
      <opinion_target>
        <span>
          <target id="t_13"/>
        </span>
      </opinion_target>
      <opinion_expression polarity="positive" strength="1">
        <span>
          <target id="t_12"/>
        </span>
      </opinion_expression>
    </opinion>
    <opinion oid="o_2">
      <opinion_target>
        <span>
          <target id="t_16"/>
        </span>
      </opinion_target>
      <opinion_expression polarity="positive" strength="1">
        <span>
          <target id="t_15"/>
        </span>
      </opinion_expression>
    </opinion>
    <opinion oid="o_3">
      <opinion_target>
        <span>
          <target id="t_23"/>
        </span>
      </opinion_target>
      <opinion_expression polarity="negative" strength="-1">
        <span>
          <target id="t_21"/>
          <target id="t_20"/>
          <target id="t_19"/>
          <target id="t_22"/>
        </span>
      </opinion_expression>
    </opinion>
  </opinions>
</KAF>
