<?xml version='1.0' encoding='UTF-8'?>
<KAF xml:lang="nl">
  <linguisticProcessors layer="text">
    <lp timestamp="2013-01-06T18:33:09CET" version="2.0" name="SentenceTokenizer"/>
  </linguisticProcessors>
  <linguisticProcessors layer="terms">
    <lp timestamp="2013-01-06T18:33:09CET" version="2.0" name="SentenceTokenizer"/>
    <lp timestamp="2013-01-06T18:33:09CET" version="1.0" name="SimplePolarityTagger"/>
  </linguisticProcessors>
  <linguisticProcessor layer="opinions">
    <lp timestamp="2013-01-06T18:33:10CET" version="1.0" name="SimpleOpinionDetector"/>
  </linguisticProcessor>
  <linguisticProcessor layer="properties">
    <lp timestamp="2013-01-06T18:33:10CET" version="1.0" name="SimplePropRecognizer_lookup"/>
  </linguisticProcessor>
  <linguisticProcessor layer="entities">
    <lp timestamp="2013-01-06T18:33:09CET" version="1.0" name="SimpleNER_lookup"/>
  </linguisticProcessor>
  <text>
    <wf wid="w_1" para="1" sent="1">Het</wf>
    <wf wid="w_2" para="1" sent="1">hotel</wf>
    <wf wid="w_3" para="1" sent="1">is</wf>
    <wf wid="w_4" para="1" sent="1">imposant</wf>
    <wf wid="w_5" para="1" sent="1">en</wf>
    <wf wid="w_6" para="1" sent="1">de</wf>
    <wf wid="w_7" para="1" sent="1">kamers</wf>
    <wf wid="w_8" para="1" sent="1">zijn</wf>
    <wf wid="w_9" para="1" sent="1">geweldig</wf>
    <wf wid="w_10" para="1" sent="1">.</wf>
    <wf wid="w_11" para="1" sent="2">Dit</wf>
    <wf wid="w_12" para="1" sent="2">hotel</wf>
    <wf wid="w_13" para="1" sent="2">kun</wf>
    <wf wid="w_14" para="1" sent="2">en</wf>
    <wf wid="w_15" para="1" sent="2">moet</wf>
    <wf wid="w_16" para="1" sent="2">je</wf>
    <wf wid="w_17" para="1" sent="2">niet</wf>
    <wf wid="w_18" para="1" sent="2">met</wf>
    <wf wid="w_19" para="1" sent="2">een</wf>
    <wf wid="w_20" para="1" sent="2">ander</wf>
    <wf wid="w_21" para="1" sent="2">hotel</wf>
    <wf wid="w_22" para="1" sent="2">vergelijken</wf>
    <wf wid="w_23" para="1" sent="2">.</wf>
    <wf wid="w_24" para="1" sent="3">We</wf>
    <wf wid="w_25" para="1" sent="3">zijn</wf>
    <wf wid="w_26" para="1" sent="3">er</wf>
    <wf wid="w_27" para="1" sent="3">vorig</wf>
    <wf wid="w_28" para="1" sent="3">jaar</wf>
    <wf wid="w_29" para="1" sent="3">1</wf>
    <wf wid="w_30" para="1" sent="3">nacht</wf>
    <wf wid="w_31" para="1" sent="3">verbleven</wf>
    <wf wid="w_32" para="1" sent="3">en</wf>
    <wf wid="w_33" para="1" sent="3">vonden</wf>
    <wf wid="w_34" para="1" sent="3">het</wf>
    <wf wid="w_35" para="1" sent="3">1</wf>
    <wf wid="w_36" para="1" sent="3">groot</wf>
    <wf wid="w_37" para="1" sent="3">feest</wf>
    <wf wid="w_38" para="1" sent="3">.</wf>
    <wf wid="w_39" para="1" sent="4">We</wf>
    <wf wid="w_40" para="1" sent="4">zijn</wf>
    <wf wid="w_41" para="1" sent="4">de</wf>
    <wf wid="w_42" para="1" sent="4">hele</wf>
    <wf wid="w_43" para="1" sent="4">24</wf>
    <wf wid="w_44" para="1" sent="4">uur</wf>
    <wf wid="w_45" para="1" sent="4">in</wf>
    <wf wid="w_46" para="1" sent="4">en</wf>
    <wf wid="w_47" para="1" sent="4">om</wf>
    <wf wid="w_48" para="1" sent="4">het</wf>
    <wf wid="w_49" para="1" sent="4">hotel</wf>
    <wf wid="w_50" para="1" sent="4">geweest</wf>
    <wf wid="w_51" para="1" sent="4">.</wf>
    <wf wid="w_52" para="1" sent="5">Het</wf>
    <wf wid="w_53" para="1" sent="5">ontbijt</wf>
    <wf wid="w_54" para="1" sent="5">en</wf>
    <wf wid="w_55" para="1" sent="5">was</wf>
    <wf wid="w_56" para="1" sent="5">ronduit</wf>
    <wf wid="w_57" para="1" sent="5">geweldig</wf>
    <wf wid="w_58" para="1" sent="5">en</wf>
    <wf wid="w_59" para="1" sent="5">we</wf>
    <wf wid="w_60" para="1" sent="5">hebben</wf>
    <wf wid="w_61" para="1" sent="5">bovenin</wf>
    <wf wid="w_62" para="1" sent="5">gegeten</wf>
    <wf wid="w_63" para="1" sent="5">,</wf>
    <wf wid="w_64" para="1" sent="5">ook</wf>
    <wf wid="w_65" para="1" sent="5">dit</wf>
    <wf wid="w_66" para="1" sent="5">was</wf>
    <wf wid="w_67" para="1" sent="5">geweldig</wf>
    <wf wid="w_68" para="1" sent="5">.</wf>
    <wf wid="w_69" para="1" sent="6">De</wf>
    <wf wid="w_70" para="1" sent="6">prijs</wf>
    <wf wid="w_71" para="1" sent="6">is</wf>
    <wf wid="w_72" para="1" sent="6">hoog</wf>
    <wf wid="w_73" para="1" sent="6">maar</wf>
    <wf wid="w_74" para="1" sent="6">je</wf>
    <wf wid="w_75" para="1" sent="6">krijgt</wf>
    <wf wid="w_76" para="1" sent="6">wel</wf>
    <wf wid="w_77" para="1" sent="6">waar</wf>
    <wf wid="w_78" para="1" sent="6">voor</wf>
    <wf wid="w_79" para="1" sent="6">je</wf>
    <wf wid="w_80" para="1" sent="6">geld</wf>
    <wf wid="w_81" para="1" sent="6">.</wf>
    <wf wid="w_82" para="1" sent="7">Van</wf>
    <wf wid="w_83" para="1" sent="7">de</wf>
    <wf wid="w_84" para="1" sent="7">parfum</wf>
    <wf wid="w_85" para="1" sent="7">ed</wf>
    <wf wid="w_86" para="1" sent="7">geniet</wf>
    <wf wid="w_87" para="1" sent="7">ik</wf>
    <wf wid="w_88" para="1" sent="7">nog</wf>
    <wf wid="w_89" para="1" sent="7">elke</wf>
    <wf wid="w_90" para="1" sent="7">dag</wf>
    <wf wid="w_91" para="1" sent="7">en</wf>
    <wf wid="w_92" para="1" sent="7">als</wf>
    <wf wid="w_93" para="1" sent="7">ik</wf>
    <wf wid="w_94" para="1" sent="7">Merveilleux</wf>
    <wf wid="w_95" para="1" sent="7">op</wf>
    <wf wid="w_96" para="1" sent="7">me</wf>
    <wf wid="w_97" para="1" sent="7">spuit</wf>
    <wf wid="w_98" para="1" sent="7">voel</wf>
    <wf wid="w_99" para="1" sent="7">ik</wf>
    <wf wid="w_100" para="1" sent="7">me</wf>
    <wf wid="w_101" para="1" sent="7">weer</wf>
    <wf wid="w_102" para="1" sent="7">even</wf>
    <wf wid="w_103" para="1" sent="7">een</wf>
    <wf wid="w_104" para="1" sent="7">prinses</wf>
    <wf wid="w_105" para="1" sent="7">..</wf>
  </text>
  <terms>
    <term tid="t_1" lemma="het" type="open">
      <span>
        <target id="w_1"/>
      </span>
    </term>
    <term tid="t_2" lemma="hotel" type="open">
      <span>
        <target id="w_2"/>
      </span>
    </term>
    <term tid="t_3" lemma="is" type="open">
      <span>
        <target id="w_3"/>
      </span>
    </term>
    <term tid="t_4" lemma="imposant" type="open">
      <span>
        <target id="w_4"/>
      </span>
    </term>
    <term tid="t_5" lemma="en" type="open">
      <span>
        <target id="w_5"/>
      </span>
    </term>
    <term tid="t_6" lemma="de" type="open">
      <span>
        <target id="w_6"/>
      </span>
    </term>
    <term tid="t_7" lemma="kamers" type="open">
      <span>
        <target id="w_7"/>
      </span>
    </term>
    <term tid="t_8" lemma="zijn" type="open">
      <span>
        <target id="w_8"/>
      </span>
    </term>
    <term tid="t_9" lemma="geweldig" type="open" pos="N">
      <span>
        <target id="w_9"/>
      </span>
      <sentiment polarity="positive" resource="VUA_olery_lexicon_nl_lmf"/>
    </term>
    <term tid="t_10" lemma="." type="open">
      <span>
        <target id="w_10"/>
      </span>
    </term>
    <term tid="t_11" lemma="dit" type="open">
      <span>
        <target id="w_11"/>
      </span>
    </term>
    <term tid="t_12" lemma="hotel" type="open">
      <span>
        <target id="w_12"/>
      </span>
    </term>
    <term tid="t_13" lemma="kun" type="open">
      <span>
        <target id="w_13"/>
      </span>
    </term>
    <term tid="t_14" lemma="en" type="open">
      <span>
        <target id="w_14"/>
      </span>
    </term>
    <term tid="t_15" lemma="moet" type="open">
      <span>
        <target id="w_15"/>
      </span>
    </term>
    <term tid="t_16" lemma="je" type="open">
      <span>
        <target id="w_16"/>
      </span>
    </term>
    <term tid="t_17" lemma="niet" type="open">
      <span>
        <target id="w_17"/>
      </span>
      <sentiment sentiment_modifier="shifter" resource="VUA_olery_lexicon_nl_lmf"/>
    </term>
    <term tid="t_18" lemma="met" type="open">
      <span>
        <target id="w_18"/>
      </span>
    </term>
    <term tid="t_19" lemma="een" type="open">
      <span>
        <target id="w_19"/>
      </span>
    </term>
    <term tid="t_20" lemma="ander" type="open">
      <span>
        <target id="w_20"/>
      </span>
    </term>
    <term tid="t_21" lemma="hotel" type="open">
      <span>
        <target id="w_21"/>
      </span>
    </term>
    <term tid="t_22" lemma="vergelijken" type="open">
      <span>
        <target id="w_22"/>
      </span>
    </term>
    <term tid="t_23" lemma="." type="open">
      <span>
        <target id="w_23"/>
      </span>
    </term>
    <term tid="t_24" lemma="we" type="open">
      <span>
        <target id="w_24"/>
      </span>
    </term>
    <term tid="t_25" lemma="zijn" type="open">
      <span>
        <target id="w_25"/>
      </span>
    </term>
    <term tid="t_26" lemma="er" type="open">
      <span>
        <target id="w_26"/>
      </span>
    </term>
    <term tid="t_27" lemma="vorig" type="open">
      <span>
        <target id="w_27"/>
      </span>
    </term>
    <term tid="t_28" lemma="jaar" type="open">
      <span>
        <target id="w_28"/>
      </span>
    </term>
    <term tid="t_29" lemma="1" type="open">
      <span>
        <target id="w_29"/>
      </span>
    </term>
    <term tid="t_30" lemma="nacht" type="open">
      <span>
        <target id="w_30"/>
      </span>
    </term>
    <term tid="t_31" lemma="verbleven" type="open">
      <span>
        <target id="w_31"/>
      </span>
    </term>
    <term tid="t_32" lemma="en" type="open">
      <span>
        <target id="w_32"/>
      </span>
    </term>
    <term tid="t_33" lemma="vonden" type="open">
      <span>
        <target id="w_33"/>
      </span>
    </term>
    <term tid="t_34" lemma="het" type="open">
      <span>
        <target id="w_34"/>
      </span>
    </term>
    <term tid="t_35" lemma="1" type="open">
      <span>
        <target id="w_35"/>
      </span>
    </term>
    <term tid="t_36" lemma="groot" type="open">
      <span>
        <target id="w_36"/>
      </span>
    </term>
    <term tid="t_37" lemma="feest" type="open">
      <span>
        <target id="w_37"/>
      </span>
    </term>
    <term tid="t_38" lemma="." type="open">
      <span>
        <target id="w_38"/>
      </span>
    </term>
    <term tid="t_39" lemma="we" type="open">
      <span>
        <target id="w_39"/>
      </span>
    </term>
    <term tid="t_40" lemma="zijn" type="open">
      <span>
        <target id="w_40"/>
      </span>
    </term>
    <term tid="t_41" lemma="de" type="open">
      <span>
        <target id="w_41"/>
      </span>
    </term>
    <term tid="t_42" lemma="hele" type="open">
      <span>
        <target id="w_42"/>
      </span>
    </term>
    <term tid="t_43" lemma="24" type="open">
      <span>
        <target id="w_43"/>
      </span>
    </term>
    <term tid="t_44" lemma="uur" type="open">
      <span>
        <target id="w_44"/>
      </span>
    </term>
    <term tid="t_45" lemma="in" type="open">
      <span>
        <target id="w_45"/>
      </span>
    </term>
    <term tid="t_46" lemma="en" type="open">
      <span>
        <target id="w_46"/>
      </span>
    </term>
    <term tid="t_47" lemma="om" type="open">
      <span>
        <target id="w_47"/>
      </span>
    </term>
    <term tid="t_48" lemma="het" type="open">
      <span>
        <target id="w_48"/>
      </span>
    </term>
    <term tid="t_49" lemma="hotel" type="open">
      <span>
        <target id="w_49"/>
      </span>
    </term>
    <term tid="t_50" lemma="geweest" type="open">
      <span>
        <target id="w_50"/>
      </span>
    </term>
    <term tid="t_51" lemma="." type="open">
      <span>
        <target id="w_51"/>
      </span>
    </term>
    <term tid="t_52" lemma="het" type="open">
      <span>
        <target id="w_52"/>
      </span>
    </term>
    <term tid="t_53" lemma="ontbijt" type="open">
      <span>
        <target id="w_53"/>
      </span>
    </term>
    <term tid="t_54" lemma="en" type="open">
      <span>
        <target id="w_54"/>
      </span>
    </term>
    <term tid="t_55" lemma="was" type="open">
      <span>
        <target id="w_55"/>
      </span>
    </term>
    <term tid="t_56" lemma="ronduit" type="open">
      <span>
        <target id="w_56"/>
      </span>
      <sentiment sentiment_modifier="intensifier" resource="VUA_olery_lexicon_nl_lmf"/>
    </term>
    <term tid="t_57" lemma="geweldig" type="open" pos="N">
      <span>
        <target id="w_57"/>
      </span>
      <sentiment polarity="positive" resource="VUA_olery_lexicon_nl_lmf"/>
    </term>
    <term tid="t_58" lemma="en" type="open">
      <span>
        <target id="w_58"/>
      </span>
    </term>
    <term tid="t_59" lemma="we" type="open">
      <span>
        <target id="w_59"/>
      </span>
    </term>
    <term tid="t_60" lemma="hebben" type="open">
      <span>
        <target id="w_60"/>
      </span>
    </term>
    <term tid="t_61" lemma="bovenin" type="open">
      <span>
        <target id="w_61"/>
      </span>
    </term>
    <term tid="t_62" lemma="gegeten" type="open">
      <span>
        <target id="w_62"/>
      </span>
    </term>
    <term tid="t_63" lemma="," type="open">
      <span>
        <target id="w_63"/>
      </span>
    </term>
    <term tid="t_64" lemma="ook" type="open">
      <span>
        <target id="w_64"/>
      </span>
    </term>
    <term tid="t_65" lemma="dit" type="open">
      <span>
        <target id="w_65"/>
      </span>
    </term>
    <term tid="t_66" lemma="was" type="open">
      <span>
        <target id="w_66"/>
      </span>
    </term>
    <term tid="t_67" lemma="geweldig" type="open" pos="N">
      <span>
        <target id="w_67"/>
      </span>
      <sentiment polarity="positive" resource="VUA_olery_lexicon_nl_lmf"/>
    </term>
    <term tid="t_68" lemma="." type="open">
      <span>
        <target id="w_68"/>
      </span>
    </term>
    <term tid="t_69" lemma="de" type="open">
      <span>
        <target id="w_69"/>
      </span>
    </term>
    <term tid="t_70" lemma="prijs" type="open">
      <span>
        <target id="w_70"/>
      </span>
    </term>
    <term tid="t_71" lemma="is" type="open">
      <span>
        <target id="w_71"/>
      </span>
    </term>
    <term tid="t_72" lemma="hoog" type="open" pos="G">
      <span>
        <target id="w_72"/>
      </span>
      <sentiment polarity="negative" resource="VUA_olery_lexicon_nl_lmf"/>
    </term>
    <term tid="t_73" lemma="maar" type="open">
      <span>
        <target id="w_73"/>
      </span>
    </term>
    <term tid="t_74" lemma="je" type="open">
      <span>
        <target id="w_74"/>
      </span>
    </term>
    <term tid="t_75" lemma="krijgt" type="open">
      <span>
        <target id="w_75"/>
      </span>
    </term>
    <term tid="t_76" lemma="wel" type="open">
      <span>
        <target id="w_76"/>
      </span>
    </term>
    <term tid="t_77" lemma="waar" type="open">
      <span>
        <target id="w_77"/>
      </span>
    </term>
    <term tid="t_78" lemma="voor" type="open">
      <span>
        <target id="w_78"/>
      </span>
    </term>
    <term tid="t_79" lemma="je" type="open">
      <span>
        <target id="w_79"/>
      </span>
    </term>
    <term tid="t_80" lemma="geld" type="open">
      <span>
        <target id="w_80"/>
      </span>
    </term>
    <term tid="t_81" lemma="." type="open">
      <span>
        <target id="w_81"/>
      </span>
    </term>
    <term tid="t_82" lemma="van" type="open">
      <span>
        <target id="w_82"/>
      </span>
    </term>
    <term tid="t_83" lemma="de" type="open">
      <span>
        <target id="w_83"/>
      </span>
    </term>
    <term tid="t_84" lemma="parfum" type="open">
      <span>
        <target id="w_84"/>
      </span>
    </term>
    <term tid="t_85" lemma="ed" type="open">
      <span>
        <target id="w_85"/>
      </span>
    </term>
    <term tid="t_86" lemma="geniet" type="open">
      <span>
        <target id="w_86"/>
      </span>
    </term>
    <term tid="t_87" lemma="ik" type="open">
      <span>
        <target id="w_87"/>
      </span>
    </term>
    <term tid="t_88" lemma="nog" type="open">
      <span>
        <target id="w_88"/>
      </span>
    </term>
    <term tid="t_89" lemma="elke" type="open">
      <span>
        <target id="w_89"/>
      </span>
    </term>
    <term tid="t_90" lemma="dag" type="open">
      <span>
        <target id="w_90"/>
      </span>
    </term>
    <term tid="t_91" lemma="en" type="open">
      <span>
        <target id="w_91"/>
      </span>
    </term>
    <term tid="t_92" lemma="als" type="open">
      <span>
        <target id="w_92"/>
      </span>
    </term>
    <term tid="t_93" lemma="ik" type="open">
      <span>
        <target id="w_93"/>
      </span>
    </term>
    <term tid="t_94" lemma="merveilleux" type="open">
      <span>
        <target id="w_94"/>
      </span>
    </term>
    <term tid="t_95" lemma="op" type="open">
      <span>
        <target id="w_95"/>
      </span>
    </term>
    <term tid="t_96" lemma="me" type="open">
      <span>
        <target id="w_96"/>
      </span>
    </term>
    <term tid="t_97" lemma="spuit" type="open">
      <span>
        <target id="w_97"/>
      </span>
    </term>
    <term tid="t_98" lemma="voel" type="open">
      <span>
        <target id="w_98"/>
      </span>
    </term>
    <term tid="t_99" lemma="ik" type="open">
      <span>
        <target id="w_99"/>
      </span>
    </term>
    <term tid="t_100" lemma="me" type="open">
      <span>
        <target id="w_100"/>
      </span>
    </term>
    <term tid="t_101" lemma="weer" type="open">
      <span>
        <target id="w_101"/>
      </span>
    </term>
    <term tid="t_102" lemma="even" type="open">
      <span>
        <target id="w_102"/>
      </span>
    </term>
    <term tid="t_103" lemma="een" type="open">
      <span>
        <target id="w_103"/>
      </span>
    </term>
    <term tid="t_104" lemma="prinses" type="open">
      <span>
        <target id="w_104"/>
      </span>
    </term>
    <term tid="t_105" lemma=".." type="open">
      <span>
        <target id="w_105"/>
      </span>
    </term>
  </terms>
  <entities>
    <entity type="MISC" eid="e_1">
      <span>
        <target id="t_8"/>
      </span>
      <span>
        <target id="t_25"/>
      </span>
      <span>
        <target id="t_40"/>
      </span>
    </entity>
    <entity type="PER" eid="e_2">
      <span>
        <target id="t_29"/>
      </span>
      <span>
        <target id="t_35"/>
      </span>
    </entity>
    <entity type="PER" eid="e_3">
      <span>
        <target id="t_24"/>
      </span>
      <span>
        <target id="t_39"/>
      </span>
      <span>
        <target id="t_59"/>
      </span>
    </entity>
    <entity type="PER" eid="e_4">
      <span>
        <target id="t_13"/>
      </span>
    </entity>
  </entities>
  <properties>
    <property type="value_for_money" pid="p_1">
      <span>
        <target id="t_70"/>
      </span>
      <span>
        <target id="t_80"/>
      </span>
    </property>
    <property type="restaurant" pid="p_2">
      <span>
        <target id="t_53"/>
      </span>
    </property>
  </properties>
  <opinions>
    <opinion oid="o_1">
      <opinion_target>
        <span>
          <target id="t_7"/>
        </span>
      </opinion_target>
      <opinion_expression polarity="positive" strength="1">
        <span>
          <target id="t_9"/>
        </span>
      </opinion_expression>
    </opinion>
    <opinion oid="o_2">
      <opinion_holder>
        <span>
          <target id="t_59"/>
        </span>
      </opinion_holder>
      <opinion_target>
        <span>
          <target id="t_53"/>
        </span>
      </opinion_target>
      <opinion_expression polarity="positive" strength="2">
        <span>
          <target id="t_57"/>
          <target id="t_56"/>
        </span>
      </opinion_expression>
    </opinion>
    <opinion oid="o_3">
      <opinion_target>
        <span>
          <target id="t_75"/>
        </span>
      </opinion_target>
      <opinion_expression polarity="negative" strength="-1">
        <span>
          <target id="t_72"/>
        </span>
      </opinion_expression>
    </opinion>
  </opinions>
</KAF>
