<?xml version='1.0' encoding='UTF-8'?>
<KAF xml:lang="nl">
  <linguisticProcessors layer="text">
    <lp timestamp="2013-01-06T18:38:00CET" version="2.0" name="SentenceTokenizer"/>
  </linguisticProcessors>
  <linguisticProcessors layer="terms">
    <lp timestamp="2013-01-06T18:38:00CET" version="2.0" name="SentenceTokenizer"/>
    <lp timestamp="2013-01-06T18:38:00CET" version="1.0" name="SimplePolarityTagger"/>
  </linguisticProcessors>
  <linguisticProcessor layer="opinions">
    <lp timestamp="2013-01-06T18:38:00CET" version="1.0" name="SimpleOpinionDetector"/>
  </linguisticProcessor>
  <linguisticProcessor layer="properties">
    <lp timestamp="2013-01-06T18:38:00CET" version="1.0" name="SimplePropRecognizer_lookup"/>
  </linguisticProcessor>
  <linguisticProcessor layer="entities">
    <lp timestamp="2013-01-06T18:38:00CET" version="1.0" name="SimpleNER_lookup"/>
  </linguisticProcessor>
  <text>
    <wf wid="w_1" para="1" sent="1">Sfeervol</wf>
    <wf wid="w_2" para="1" sent="1">,</wf>
    <wf wid="w_3" para="1" sent="1">smaakvol</wf>
    <wf wid="w_4" para="1" sent="1">en</wf>
    <wf wid="w_5" para="1" sent="1">zeer</wf>
    <wf wid="w_6" para="1" sent="1">gastvrij</wf>
    <wf wid="w_7" para="1" sent="1">..</wf>
    <wf wid="w_8" para="1" sent="2">Prachtig</wf>
    <wf wid="w_9" para="1" sent="2">smaakvol</wf>
    <wf wid="w_10" para="1" sent="2">ingericht</wf>
    <wf wid="w_11" para="1" sent="2">hotel</wf>
    <wf wid="w_12" para="1" sent="2">.Bijzonder</wf>
    <wf wid="w_13" para="1" sent="2">vriendelijk</wf>
    <wf wid="w_14" para="1" sent="2">en</wf>
    <wf wid="w_15" para="1" sent="2">adequaat</wf>
    <wf wid="w_16" para="1" sent="2">personeel</wf>
    <wf wid="w_17" para="1" sent="2">.Dit</wf>
    <wf wid="w_18" para="1" sent="2">was</wf>
    <wf wid="w_19" para="1" sent="2">onze</wf>
    <wf wid="w_20" para="1" sent="2">eerste</wf>
    <wf wid="w_21" para="1" sent="2">kennismaking</wf>
    <wf wid="w_22" para="1" sent="2">met</wf>
    <wf wid="w_23" para="1" sent="2">een</wf>
    <wf wid="w_24" para="1" sent="2">Sandton</wf>
    <wf wid="w_25" para="1" sent="2">Hotel</wf>
    <wf wid="w_26" para="1" sent="2">en</wf>
    <wf wid="w_27" para="1" sent="2">we</wf>
    <wf wid="w_28" para="1" sent="2">zijn</wf>
    <wf wid="w_29" para="1" sent="2">benieuwd</wf>
    <wf wid="w_30" para="1" sent="2">naar</wf>
    <wf wid="w_31" para="1" sent="2">de</wf>
    <wf wid="w_32" para="1" sent="2">anderen</wf>
    <wf wid="w_33" para="1" sent="2">uit</wf>
    <wf wid="w_34" para="1" sent="2">de</wf>
    <wf wid="w_35" para="1" sent="2">keten</wf>
    <wf wid="w_36" para="1" sent="2">,</wf>
    <wf wid="w_37" para="1" sent="2">omdat</wf>
    <wf wid="w_38" para="1" sent="2">de</wf>
    <wf wid="w_39" para="1" sent="2">lat</wf>
    <wf wid="w_40" para="1" sent="2">door</wf>
    <wf wid="w_41" para="1" sent="2">Pillows</wf>
    <wf wid="w_42" para="1" sent="2">hoog</wf>
    <wf wid="w_43" para="1" sent="2">is</wf>
    <wf wid="w_44" para="1" sent="2">gelegd</wf>
    <wf wid="w_45" para="1" sent="2">.</wf>
    <wf wid="w_46" para="1" sent="3">Als</wf>
    <wf wid="w_47" para="1" sent="3">we</wf>
    <wf wid="w_48" para="1" sent="3">weer</wf>
    <wf wid="w_49" para="1" sent="3">eens</wf>
    <wf wid="w_50" para="1" sent="3">in</wf>
    <wf wid="w_51" para="1" sent="3">Zwolle</wf>
    <wf wid="w_52" para="1" sent="3">zijn</wf>
    <wf wid="w_53" para="1" sent="3">,</wf>
    <wf wid="w_54" para="1" sent="3">staat</wf>
    <wf wid="w_55" para="1" sent="3">Pillows</wf>
    <wf wid="w_56" para="1" sent="3">zeker</wf>
    <wf wid="w_57" para="1" sent="3">op</wf>
    <wf wid="w_58" para="1" sent="3">onze</wf>
    <wf wid="w_59" para="1" sent="3">lijst</wf>
    <wf wid="w_60" para="1" sent="3">..</wf>
    <wf wid="w_61" para="1" sent="4">We</wf>
    <wf wid="w_62" para="1" sent="4">kunnen</wf>
    <wf wid="w_63" para="1" sent="4">zo</wf>
    <wf wid="w_64" para="1" sent="4">niets</wf>
    <wf wid="w_65" para="1" sent="4">bedenken</wf>
    <wf wid="w_66" para="1" sent="4">dat</wf>
    <wf wid="w_67" para="1" sent="4">als</wf>
    <wf wid="w_68" para="1" sent="4">minpuntje</wf>
    <wf wid="w_69" para="1" sent="4">kan</wf>
    <wf wid="w_70" para="1" sent="4">worden</wf>
    <wf wid="w_71" para="1" sent="4">aangemerkt</wf>
    <wf wid="w_72" para="1" sent="4">,</wf>
    <wf wid="w_73" para="1" sent="4">of</wf>
    <wf wid="w_74" para="1" sent="4">het</wf>
    <wf wid="w_75" para="1" sent="4">moet</wf>
    <wf wid="w_76" para="1" sent="4">zijn</wf>
    <wf wid="w_77" para="1" sent="4">dat</wf>
    <wf wid="w_78" para="1" sent="4">je</wf>
    <wf wid="w_79" para="1" sent="4">niet</wf>
    <wf wid="w_80" para="1" sent="4">kan</wf>
    <wf wid="w_81" para="1" sent="4">zien</wf>
    <wf wid="w_82" para="1" sent="4">of</wf>
    <wf wid="w_83" para="1" sent="4">de</wf>
    <wf wid="w_84" para="1" sent="4">parkeerplaats</wf>
    <wf wid="w_85" para="1" sent="4">achter</wf>
    <wf wid="w_86" para="1" sent="4">het</wf>
    <wf wid="w_87" para="1" sent="4">hotel</wf>
    <wf wid="w_88" para="1" sent="4">vol</wf>
    <wf wid="w_89" para="1" sent="4">is</wf>
    <wf wid="w_90" para="1" sent="4">of</wf>
    <wf wid="w_91" para="1" sent="4">niet</wf>
    <wf wid="w_92" para="1" sent="4">.</wf>
    <wf wid="w_93" para="1" sent="5">We</wf>
    <wf wid="w_94" para="1" sent="5">zijn</wf>
    <wf wid="w_95" para="1" sent="5">echter</wf>
    <wf wid="w_96" para="1" sent="5">keurig</wf>
    <wf wid="w_97" para="1" sent="5">doorverwezen</wf>
    <wf wid="w_98" para="1" sent="5">naar</wf>
    <wf wid="w_99" para="1" sent="5">de</wf>
    <wf wid="w_100" para="1" sent="5">parkeerplaats</wf>
    <wf wid="w_101" para="1" sent="5">aan</wf>
    <wf wid="w_102" para="1" sent="5">de</wf>
    <wf wid="w_103" para="1" sent="5">overkant</wf>
    <wf wid="w_104" para="1" sent="5">van</wf>
    <wf wid="w_105" para="1" sent="5">de</wf>
    <wf wid="w_106" para="1" sent="5">straat</wf>
    <wf wid="w_107" para="1" sent="5">,</wf>
    <wf wid="w_108" para="1" sent="5">dus</wf>
    <wf wid="w_109" para="1" sent="5">als</wf>
    <wf wid="w_110" para="1" sent="5">je</wf>
    <wf wid="w_111" para="1" sent="5">het</wf>
    <wf wid="w_112" para="1" sent="5">al</wf>
    <wf wid="w_113" para="1" sent="5">een</wf>
    <wf wid="w_114" para="1" sent="5">minpuntje</wf>
    <wf wid="w_115" para="1" sent="5">zou</wf>
    <wf wid="w_116" para="1" sent="5">kunnen</wf>
    <wf wid="w_117" para="1" sent="5">noemen</wf>
    <wf wid="w_118" para="1" sent="5">,</wf>
    <wf wid="w_119" para="1" sent="5">is</wf>
    <wf wid="w_120" para="1" sent="5">het</wf>
    <wf wid="w_121" para="1" sent="5">keurig</wf>
    <wf wid="w_122" para="1" sent="5">opgelost</wf>
    <wf wid="w_123" para="1" sent="5">.</wf>
  </text>
  <terms>
    <term tid="t_1" lemma="sfeervol" type="open" pos="G">
      <span>
        <target id="w_1"/>
      </span>
      <sentiment polarity="positive" resource="VUA_olery_lexicon_nl_lmf"/>
    </term>
    <term tid="t_2" lemma="," type="open">
      <span>
        <target id="w_2"/>
      </span>
    </term>
    <term tid="t_3" lemma="smaakvol" type="open" pos="G">
      <span>
        <target id="w_3"/>
      </span>
      <sentiment polarity="positive" resource="VUA_olery_lexicon_nl_lmf"/>
    </term>
    <term tid="t_4" lemma="en" type="open">
      <span>
        <target id="w_4"/>
      </span>
    </term>
    <term tid="t_5" lemma="zeer" type="open">
      <span>
        <target id="w_5"/>
      </span>
      <sentiment sentiment_modifier="intensifier" resource="VUA_olery_lexicon_nl_lmf"/>
    </term>
    <term tid="t_6" lemma="gastvrij" type="open" pos="N">
      <span>
        <target id="w_6"/>
      </span>
      <sentiment polarity="positive" resource="VUA_olery_lexicon_nl_lmf"/>
    </term>
    <term tid="t_7" lemma=".." type="open">
      <span>
        <target id="w_7"/>
      </span>
    </term>
    <term tid="t_8" lemma="prachtig" type="open" pos="G">
      <span>
        <target id="w_8"/>
      </span>
      <sentiment polarity="positive" resource="VUA_olery_lexicon_nl_lmf"/>
    </term>
    <term tid="t_9" lemma="smaakvol" type="open" pos="G">
      <span>
        <target id="w_9"/>
      </span>
      <sentiment polarity="positive" resource="VUA_olery_lexicon_nl_lmf"/>
    </term>
    <term tid="t_10" lemma="ingericht" type="open">
      <span>
        <target id="w_10"/>
      </span>
    </term>
    <term tid="t_11" lemma="hotel" type="open">
      <span>
        <target id="w_11"/>
      </span>
    </term>
    <term tid="t_12" lemma=".bijzonder" type="open">
      <span>
        <target id="w_12"/>
      </span>
    </term>
    <term tid="t_13" lemma="vriendelijk" type="open" pos="G">
      <span>
        <target id="w_13"/>
      </span>
      <sentiment polarity="positive" resource="VUA_olery_lexicon_nl_lmf"/>
    </term>
    <term tid="t_14" lemma="en" type="open">
      <span>
        <target id="w_14"/>
      </span>
    </term>
    <term tid="t_15" lemma="adequaat" type="open" pos="G">
      <span>
        <target id="w_15"/>
      </span>
      <sentiment polarity="positive" resource="VUA_olery_lexicon_nl_lmf"/>
    </term>
    <term tid="t_16" lemma="personeel" type="open">
      <span>
        <target id="w_16"/>
      </span>
    </term>
    <term tid="t_17" lemma=".dit" type="open">
      <span>
        <target id="w_17"/>
      </span>
    </term>
    <term tid="t_18" lemma="was" type="open">
      <span>
        <target id="w_18"/>
      </span>
    </term>
    <term tid="t_19" lemma="onze" type="open">
      <span>
        <target id="w_19"/>
      </span>
    </term>
    <term tid="t_20" lemma="eerste" type="open">
      <span>
        <target id="w_20"/>
      </span>
    </term>
    <term tid="t_21" lemma="kennismaking" type="open">
      <span>
        <target id="w_21"/>
      </span>
    </term>
    <term tid="t_22" lemma="met" type="open">
      <span>
        <target id="w_22"/>
      </span>
    </term>
    <term tid="t_23" lemma="een" type="open">
      <span>
        <target id="w_23"/>
      </span>
    </term>
    <term tid="t_24" lemma="sandton" type="open">
      <span>
        <target id="w_24"/>
      </span>
    </term>
    <term tid="t_25" lemma="hotel" type="open">
      <span>
        <target id="w_25"/>
      </span>
    </term>
    <term tid="t_26" lemma="en" type="open">
      <span>
        <target id="w_26"/>
      </span>
    </term>
    <term tid="t_27" lemma="we" type="open">
      <span>
        <target id="w_27"/>
      </span>
    </term>
    <term tid="t_28" lemma="zijn" type="open">
      <span>
        <target id="w_28"/>
      </span>
    </term>
    <term tid="t_29" lemma="benieuwd" type="open">
      <span>
        <target id="w_29"/>
      </span>
    </term>
    <term tid="t_30" lemma="naar" type="open" pos="G">
      <span>
        <target id="w_30"/>
      </span>
      <sentiment polarity="negative" resource="VUA_olery_lexicon_nl_lmf"/>
    </term>
    <term tid="t_31" lemma="de" type="open">
      <span>
        <target id="w_31"/>
      </span>
    </term>
    <term tid="t_32" lemma="anderen" type="open">
      <span>
        <target id="w_32"/>
      </span>
    </term>
    <term tid="t_33" lemma="uit" type="open">
      <span>
        <target id="w_33"/>
      </span>
    </term>
    <term tid="t_34" lemma="de" type="open">
      <span>
        <target id="w_34"/>
      </span>
    </term>
    <term tid="t_35" lemma="keten" type="open">
      <span>
        <target id="w_35"/>
      </span>
    </term>
    <term tid="t_36" lemma="," type="open">
      <span>
        <target id="w_36"/>
      </span>
    </term>
    <term tid="t_37" lemma="omdat" type="open">
      <span>
        <target id="w_37"/>
      </span>
    </term>
    <term tid="t_38" lemma="de" type="open">
      <span>
        <target id="w_38"/>
      </span>
    </term>
    <term tid="t_39" lemma="lat" type="open">
      <span>
        <target id="w_39"/>
      </span>
    </term>
    <term tid="t_40" lemma="door" type="open">
      <span>
        <target id="w_40"/>
      </span>
    </term>
    <term tid="t_41" lemma="pillows" type="open">
      <span>
        <target id="w_41"/>
      </span>
    </term>
    <term tid="t_42" lemma="hoog" type="open" pos="G">
      <span>
        <target id="w_42"/>
      </span>
      <sentiment polarity="negative" resource="VUA_olery_lexicon_nl_lmf"/>
    </term>
    <term tid="t_43" lemma="is" type="open">
      <span>
        <target id="w_43"/>
      </span>
    </term>
    <term tid="t_44" lemma="gelegd" type="open">
      <span>
        <target id="w_44"/>
      </span>
    </term>
    <term tid="t_45" lemma="." type="open">
      <span>
        <target id="w_45"/>
      </span>
    </term>
    <term tid="t_46" lemma="als" type="open">
      <span>
        <target id="w_46"/>
      </span>
    </term>
    <term tid="t_47" lemma="we" type="open">
      <span>
        <target id="w_47"/>
      </span>
    </term>
    <term tid="t_48" lemma="weer" type="open">
      <span>
        <target id="w_48"/>
      </span>
    </term>
    <term tid="t_49" lemma="eens" type="open">
      <span>
        <target id="w_49"/>
      </span>
    </term>
    <term tid="t_50" lemma="in" type="open">
      <span>
        <target id="w_50"/>
      </span>
    </term>
    <term tid="t_51" lemma="zwolle" type="open">
      <span>
        <target id="w_51"/>
      </span>
    </term>
    <term tid="t_52" lemma="zijn" type="open">
      <span>
        <target id="w_52"/>
      </span>
    </term>
    <term tid="t_53" lemma="," type="open">
      <span>
        <target id="w_53"/>
      </span>
    </term>
    <term tid="t_54" lemma="staat" type="open">
      <span>
        <target id="w_54"/>
      </span>
    </term>
    <term tid="t_55" lemma="pillows" type="open">
      <span>
        <target id="w_55"/>
      </span>
    </term>
    <term tid="t_56" lemma="zeker" type="open">
      <span>
        <target id="w_56"/>
      </span>
    </term>
    <term tid="t_57" lemma="op" type="open">
      <span>
        <target id="w_57"/>
      </span>
    </term>
    <term tid="t_58" lemma="onze" type="open">
      <span>
        <target id="w_58"/>
      </span>
    </term>
    <term tid="t_59" lemma="lijst" type="open">
      <span>
        <target id="w_59"/>
      </span>
    </term>
    <term tid="t_60" lemma=".." type="open">
      <span>
        <target id="w_60"/>
      </span>
    </term>
    <term tid="t_61" lemma="we" type="open">
      <span>
        <target id="w_61"/>
      </span>
    </term>
    <term tid="t_62" lemma="kunnen" type="open">
      <span>
        <target id="w_62"/>
      </span>
    </term>
    <term tid="t_63" lemma="zo" type="open">
      <span>
        <target id="w_63"/>
      </span>
    </term>
    <term tid="t_64" lemma="niets" type="open">
      <span>
        <target id="w_64"/>
      </span>
      <sentiment sentiment_modifier="shifter" resource="VUA_olery_lexicon_nl_lmf"/>
    </term>
    <term tid="t_65" lemma="bedenken" type="open">
      <span>
        <target id="w_65"/>
      </span>
    </term>
    <term tid="t_66" lemma="dat" type="open">
      <span>
        <target id="w_66"/>
      </span>
    </term>
    <term tid="t_67" lemma="als" type="open">
      <span>
        <target id="w_67"/>
      </span>
    </term>
    <term tid="t_68" lemma="minpuntje" type="open" pos="N">
      <span>
        <target id="w_68"/>
      </span>
      <sentiment polarity="negative" resource="VUA_olery_lexicon_nl_lmf"/>
    </term>
    <term tid="t_69" lemma="kan" type="open">
      <span>
        <target id="w_69"/>
      </span>
    </term>
    <term tid="t_70" lemma="worden" type="open">
      <span>
        <target id="w_70"/>
      </span>
    </term>
    <term tid="t_71" lemma="aangemerkt" type="open">
      <span>
        <target id="w_71"/>
      </span>
    </term>
    <term tid="t_72" lemma="," type="open">
      <span>
        <target id="w_72"/>
      </span>
    </term>
    <term tid="t_73" lemma="of" type="open">
      <span>
        <target id="w_73"/>
      </span>
    </term>
    <term tid="t_74" lemma="het" type="open">
      <span>
        <target id="w_74"/>
      </span>
    </term>
    <term tid="t_75" lemma="moet" type="open">
      <span>
        <target id="w_75"/>
      </span>
    </term>
    <term tid="t_76" lemma="zijn" type="open">
      <span>
        <target id="w_76"/>
      </span>
    </term>
    <term tid="t_77" lemma="dat" type="open">
      <span>
        <target id="w_77"/>
      </span>
    </term>
    <term tid="t_78" lemma="je" type="open">
      <span>
        <target id="w_78"/>
      </span>
    </term>
    <term tid="t_79" lemma="niet" type="open">
      <span>
        <target id="w_79"/>
      </span>
      <sentiment sentiment_modifier="shifter" resource="VUA_olery_lexicon_nl_lmf"/>
    </term>
    <term tid="t_80" lemma="kan" type="open">
      <span>
        <target id="w_80"/>
      </span>
    </term>
    <term tid="t_81" lemma="zien" type="open">
      <span>
        <target id="w_81"/>
      </span>
    </term>
    <term tid="t_82" lemma="of" type="open">
      <span>
        <target id="w_82"/>
      </span>
    </term>
    <term tid="t_83" lemma="de" type="open">
      <span>
        <target id="w_83"/>
      </span>
    </term>
    <term tid="t_84" lemma="parkeerplaats" type="open">
      <span>
        <target id="w_84"/>
      </span>
    </term>
    <term tid="t_85" lemma="achter" type="open">
      <span>
        <target id="w_85"/>
      </span>
    </term>
    <term tid="t_86" lemma="het" type="open">
      <span>
        <target id="w_86"/>
      </span>
    </term>
    <term tid="t_87" lemma="hotel" type="open">
      <span>
        <target id="w_87"/>
      </span>
    </term>
    <term tid="t_88" lemma="vol" type="open">
      <span>
        <target id="w_88"/>
      </span>
    </term>
    <term tid="t_89" lemma="is" type="open">
      <span>
        <target id="w_89"/>
      </span>
    </term>
    <term tid="t_90" lemma="of" type="open">
      <span>
        <target id="w_90"/>
      </span>
    </term>
    <term tid="t_91" lemma="niet" type="open">
      <span>
        <target id="w_91"/>
      </span>
      <sentiment sentiment_modifier="shifter" resource="VUA_olery_lexicon_nl_lmf"/>
    </term>
    <term tid="t_92" lemma="." type="open">
      <span>
        <target id="w_92"/>
      </span>
    </term>
    <term tid="t_93" lemma="we" type="open">
      <span>
        <target id="w_93"/>
      </span>
    </term>
    <term tid="t_94" lemma="zijn" type="open">
      <span>
        <target id="w_94"/>
      </span>
    </term>
    <term tid="t_95" lemma="echter" type="open">
      <span>
        <target id="w_95"/>
      </span>
    </term>
    <term tid="t_96" lemma="keurig" type="open" pos="G">
      <span>
        <target id="w_96"/>
      </span>
      <sentiment polarity="positive" resource="VUA_olery_lexicon_nl_lmf"/>
    </term>
    <term tid="t_97" lemma="doorverwezen" type="open">
      <span>
        <target id="w_97"/>
      </span>
    </term>
    <term tid="t_98" lemma="naar" type="open" pos="G">
      <span>
        <target id="w_98"/>
      </span>
      <sentiment polarity="negative" resource="VUA_olery_lexicon_nl_lmf"/>
    </term>
    <term tid="t_99" lemma="de" type="open">
      <span>
        <target id="w_99"/>
      </span>
    </term>
    <term tid="t_100" lemma="parkeerplaats" type="open">
      <span>
        <target id="w_100"/>
      </span>
    </term>
    <term tid="t_101" lemma="aan" type="open">
      <span>
        <target id="w_101"/>
      </span>
    </term>
    <term tid="t_102" lemma="de" type="open">
      <span>
        <target id="w_102"/>
      </span>
    </term>
    <term tid="t_103" lemma="overkant" type="open">
      <span>
        <target id="w_103"/>
      </span>
    </term>
    <term tid="t_104" lemma="van" type="open">
      <span>
        <target id="w_104"/>
      </span>
    </term>
    <term tid="t_105" lemma="de" type="open">
      <span>
        <target id="w_105"/>
      </span>
    </term>
    <term tid="t_106" lemma="straat" type="open">
      <span>
        <target id="w_106"/>
      </span>
    </term>
    <term tid="t_107" lemma="," type="open">
      <span>
        <target id="w_107"/>
      </span>
    </term>
    <term tid="t_108" lemma="dus" type="open">
      <span>
        <target id="w_108"/>
      </span>
    </term>
    <term tid="t_109" lemma="als" type="open">
      <span>
        <target id="w_109"/>
      </span>
    </term>
    <term tid="t_110" lemma="je" type="open">
      <span>
        <target id="w_110"/>
      </span>
    </term>
    <term tid="t_111" lemma="het" type="open">
      <span>
        <target id="w_111"/>
      </span>
    </term>
    <term tid="t_112" lemma="al" type="open">
      <span>
        <target id="w_112"/>
      </span>
    </term>
    <term tid="t_113" lemma="een" type="open">
      <span>
        <target id="w_113"/>
      </span>
    </term>
    <term tid="t_114" lemma="minpuntje" type="open" pos="N">
      <span>
        <target id="w_114"/>
      </span>
      <sentiment polarity="negative" resource="VUA_olery_lexicon_nl_lmf"/>
    </term>
    <term tid="t_115" lemma="zou" type="open">
      <span>
        <target id="w_115"/>
      </span>
    </term>
    <term tid="t_116" lemma="kunnen" type="open">
      <span>
        <target id="w_116"/>
      </span>
    </term>
    <term tid="t_117" lemma="noemen" type="open">
      <span>
        <target id="w_117"/>
      </span>
    </term>
    <term tid="t_118" lemma="," type="open">
      <span>
        <target id="w_118"/>
      </span>
    </term>
    <term tid="t_119" lemma="is" type="open">
      <span>
        <target id="w_119"/>
      </span>
    </term>
    <term tid="t_120" lemma="het" type="open">
      <span>
        <target id="w_120"/>
      </span>
    </term>
    <term tid="t_121" lemma="keurig" type="open" pos="G">
      <span>
        <target id="w_121"/>
      </span>
      <sentiment polarity="positive" resource="VUA_olery_lexicon_nl_lmf"/>
    </term>
    <term tid="t_122" lemma="opgelost" type="open">
      <span>
        <target id="w_122"/>
      </span>
    </term>
    <term tid="t_123" lemma="." type="open">
      <span>
        <target id="w_123"/>
      </span>
    </term>
  </terms>
  <entities>
    <entity type="MISC" eid="e_1">
      <span>
        <target id="t_28"/>
      </span>
      <span>
        <target id="t_52"/>
      </span>
      <span>
        <target id="t_76"/>
      </span>
      <span>
        <target id="t_94"/>
      </span>
    </entity>
    <entity type="PER" eid="e_2">
      <span>
        <target id="t_27"/>
      </span>
      <span>
        <target id="t_47"/>
      </span>
      <span>
        <target id="t_61"/>
      </span>
      <span>
        <target id="t_93"/>
      </span>
    </entity>
  </entities>
  <properties>
    <property type="parking" pid="p_1">
      <span>
        <target id="t_84"/>
      </span>
      <span>
        <target id="t_100"/>
      </span>
    </property>
    <property type="location" pid="p_2">
      <span>
        <target id="t_103"/>
      </span>
      <span>
        <target id="t_106"/>
      </span>
    </property>
    <property type="staff" pid="p_3">
      <span>
        <target id="t_6"/>
      </span>
      <span>
        <target id="t_13"/>
      </span>
      <span>
        <target id="t_16"/>
      </span>
    </property>
  </properties>
  <opinions>
    <opinion oid="o_1">
      <opinion_holder>
        <span>
          <target id="t_27"/>
        </span>
      </opinion_holder>
      <opinion_target>
        <span>
          <target id="t_10"/>
        </span>
      </opinion_target>
      <opinion_expression polarity="positive" strength="2">
        <span>
          <target id="t_8"/>
          <target id="t_9"/>
        </span>
      </opinion_expression>
    </opinion>
    <opinion oid="o_2">
      <opinion_holder>
        <span>
          <target id="t_27"/>
        </span>
      </opinion_holder>
      <opinion_target>
        <span>
          <target id="t_16"/>
        </span>
      </opinion_target>
      <opinion_expression polarity="positive" strength="2">
        <span>
          <target id="t_13"/>
          <target id="t_15"/>
        </span>
      </opinion_expression>
    </opinion>
    <opinion oid="o_3">
      <opinion_holder>
        <span>
          <target id="t_27"/>
        </span>
      </opinion_holder>
      <opinion_target>
        <span>
          <target id="t_32"/>
        </span>
      </opinion_target>
      <opinion_expression polarity="negative" strength="-1">
        <span>
          <target id="t_30"/>
        </span>
      </opinion_expression>
    </opinion>
    <opinion oid="o_4">
      <opinion_holder>
        <span>
          <target id="t_27"/>
        </span>
      </opinion_holder>
      <opinion_target>
        <span>
          <target id="t_44"/>
        </span>
      </opinion_target>
      <opinion_expression polarity="negative" strength="-1">
        <span>
          <target id="t_42"/>
        </span>
      </opinion_expression>
    </opinion>
    <opinion oid="o_5">
      <opinion_holder>
        <span>
          <target id="t_61"/>
        </span>
      </opinion_holder>
      <opinion_target>
        <span>
          <target id="t_71"/>
        </span>
      </opinion_target>
      <opinion_expression polarity="negative" strength="-1">
        <span>
          <target id="t_68"/>
        </span>
      </opinion_expression>
    </opinion>
    <opinion oid="o_6">
      <opinion_holder>
        <span>
          <target id="t_93"/>
        </span>
      </opinion_holder>
      <opinion_target>
        <span>
          <target id="t_97"/>
        </span>
      </opinion_target>
      <opinion_expression polarity="positive" strength="1">
        <span>
          <target id="t_96"/>
        </span>
      </opinion_expression>
    </opinion>
    <opinion oid="o_7">
      <opinion_holder>
        <span>
          <target id="t_93"/>
        </span>
      </opinion_holder>
      <opinion_target>
        <span>
          <target id="t_100"/>
        </span>
      </opinion_target>
      <opinion_expression polarity="negative" strength="-1">
        <span>
          <target id="t_98"/>
        </span>
      </opinion_expression>
    </opinion>
    <opinion oid="o_8">
      <opinion_holder>
        <span>
          <target id="t_93"/>
        </span>
      </opinion_holder>
      <opinion_target>
        <span>
          <target id="t_117"/>
        </span>
      </opinion_target>
      <opinion_expression polarity="negative" strength="-1">
        <span>
          <target id="t_114"/>
        </span>
      </opinion_expression>
    </opinion>
    <opinion oid="o_9">
      <opinion_holder>
        <span>
          <target id="t_93"/>
        </span>
      </opinion_holder>
      <opinion_target>
        <span>
          <target id="t_122"/>
        </span>
      </opinion_target>
      <opinion_expression polarity="positive" strength="1">
        <span>
          <target id="t_121"/>
        </span>
      </opinion_expression>
    </opinion>
  </opinions>
</KAF>
