<?xml version='1.0' encoding='UTF-8'?>
<KAF xml:lang="nl">
  <linguisticProcessors layer="text">
    <lp timestamp="2013-01-06T18:45:11CET" version="2.0" name="SentenceTokenizer"/>
  </linguisticProcessors>
  <linguisticProcessors layer="terms">
    <lp timestamp="2013-01-06T18:45:11CET" version="2.0" name="SentenceTokenizer"/>
    <lp timestamp="2013-01-06T18:45:11CET" version="1.0" name="SimplePolarityTagger"/>
  </linguisticProcessors>
  <linguisticProcessor layer="opinions">
    <lp timestamp="2013-01-06T18:45:11CET" version="1.0" name="SimpleOpinionDetector"/>
  </linguisticProcessor>
  <linguisticProcessor layer="properties">
    <lp timestamp="2013-01-06T18:45:11CET" version="1.0" name="SimplePropRecognizer_lookup"/>
  </linguisticProcessor>
  <linguisticProcessor layer="entities">
    <lp timestamp="2013-01-06T18:45:11CET" version="1.0" name="SimpleNER_lookup"/>
  </linguisticProcessor>
  <text>
    <wf wid="w_1" para="1" sent="1">onvriendelijk</wf>
    <wf wid="w_2" para="1" sent="1">,</wf>
    <wf wid="w_3" para="1" sent="1">ongezellig</wf>
    <wf wid="w_4" para="1" sent="1">,</wf>
    <wf wid="w_5" para="1" sent="1">slechte</wf>
    <wf wid="w_6" para="1" sent="1">kamers</wf>
    <wf wid="w_7" para="1" sent="1">.</wf>
    <wf wid="w_8" para="1" sent="2">wij</wf>
    <wf wid="w_9" para="1" sent="2">hadden</wf>
    <wf wid="w_10" para="1" sent="2">twee</wf>
    <wf wid="w_11" para="1" sent="2">kamers</wf>
    <wf wid="w_12" para="1" sent="2">,</wf>
    <wf wid="w_13" para="1" sent="2">1</wf>
    <wf wid="w_14" para="1" sent="2">badkamer</wf>
    <wf wid="w_15" para="1" sent="2">rook</wf>
    <wf wid="w_16" para="1" sent="2">sterk</wf>
    <wf wid="w_17" para="1" sent="2">naar</wf>
    <wf wid="w_18" para="1" sent="2">urine</wf>
    <wf wid="w_19" para="1" sent="2">,</wf>
    <wf wid="w_20" para="1" sent="2">en</wf>
    <wf wid="w_21" para="1" sent="2">werd</wf>
    <wf wid="w_22" para="1" sent="2">niet</wf>
    <wf wid="w_23" para="1" sent="2">verholpen</wf>
    <wf wid="w_24" para="1" sent="2">,</wf>
    <wf wid="w_25" para="1" sent="2">alleen</wf>
    <wf wid="w_26" para="1" sent="2">een</wf>
    <wf wid="w_27" para="1" sent="2">geurspuitbus</wf>
    <wf wid="w_28" para="1" sent="2">,</wf>
    <wf wid="w_29" para="1" sent="2">de</wf>
    <wf wid="w_30" para="1" sent="2">twee</wf>
    <wf wid="w_31" para="1" sent="2">kamers</wf>
    <wf wid="w_32" para="1" sent="2">lagen</wf>
    <wf wid="w_33" para="1" sent="2">boven</wf>
    <wf wid="w_34" para="1" sent="2">de</wf>
    <wf wid="w_35" para="1" sent="2">afzuiging</wf>
    <wf wid="w_36" para="1" sent="2">of</wf>
    <wf wid="w_37" para="1" sent="2">airco</wf>
    <wf wid="w_38" para="1" sent="2">van</wf>
    <wf wid="w_39" para="1" sent="2">de</wf>
    <wf wid="w_40" para="1" sent="2">keuken</wf>
    <wf wid="w_41" para="1" sent="2">zodat</wf>
    <wf wid="w_42" para="1" sent="2">slapen</wf>
    <wf wid="w_43" para="1" sent="2">onmogelijk</wf>
    <wf wid="w_44" para="1" sent="2">was</wf>
    <wf wid="w_45" para="1" sent="2">met</wf>
    <wf wid="w_46" para="1" sent="2">de</wf>
    <wf wid="w_47" para="1" sent="2">ramen</wf>
    <wf wid="w_48" para="1" sent="2">open</wf>
    <wf wid="w_49" para="1" sent="2">,</wf>
    <wf wid="w_50" para="1" sent="2">dit</wf>
    <wf wid="w_51" para="1" sent="2">was</wf>
    <wf wid="w_52" para="1" sent="2">in</wf>
    <wf wid="w_53" para="1" sent="2">het</wf>
    <wf wid="w_54" para="1" sent="2">oude</wf>
    <wf wid="w_55" para="1" sent="2">gedeelte</wf>
    <wf wid="w_56" para="1" sent="2">.</wf>
  </text>
  <terms>
    <term tid="t_1" lemma="onvriendelijk" type="open" pos="G">
      <span>
        <target id="w_1"/>
      </span>
      <sentiment polarity="negative" resource="VUA_olery_lexicon_nl_lmf"/>
    </term>
    <term tid="t_2" lemma="," type="open">
      <span>
        <target id="w_2"/>
      </span>
    </term>
    <term tid="t_3" lemma="ongezellig" type="open" pos="G">
      <span>
        <target id="w_3"/>
      </span>
      <sentiment polarity="negative" resource="VUA_olery_lexicon_nl_lmf"/>
    </term>
    <term tid="t_4" lemma="," type="open">
      <span>
        <target id="w_4"/>
      </span>
    </term>
    <term tid="t_5" lemma="slechte" type="open">
      <span>
        <target id="w_5"/>
      </span>
    </term>
    <term tid="t_6" lemma="kamers" type="open">
      <span>
        <target id="w_6"/>
      </span>
    </term>
    <term tid="t_7" lemma="." type="open">
      <span>
        <target id="w_7"/>
      </span>
    </term>
    <term tid="t_8" lemma="wij" type="open">
      <span>
        <target id="w_8"/>
      </span>
    </term>
    <term tid="t_9" lemma="hadden" type="open">
      <span>
        <target id="w_9"/>
      </span>
    </term>
    <term tid="t_10" lemma="twee" type="open">
      <span>
        <target id="w_10"/>
      </span>
    </term>
    <term tid="t_11" lemma="kamers" type="open">
      <span>
        <target id="w_11"/>
      </span>
    </term>
    <term tid="t_12" lemma="," type="open">
      <span>
        <target id="w_12"/>
      </span>
    </term>
    <term tid="t_13" lemma="1" type="open">
      <span>
        <target id="w_13"/>
      </span>
    </term>
    <term tid="t_14" lemma="badkamer" type="open">
      <span>
        <target id="w_14"/>
      </span>
    </term>
    <term tid="t_15" lemma="rook" type="open" pos="N">
      <span>
        <target id="w_15"/>
      </span>
      <sentiment polarity="negative" resource="VUA_olery_lexicon_nl_lmf"/>
    </term>
    <term tid="t_16" lemma="sterk" type="open">
      <span>
        <target id="w_16"/>
      </span>
      <sentiment sentiment_modifier="intensifier" resource="VUA_olery_lexicon_nl_lmf"/>
    </term>
    <term tid="t_17" lemma="naar" type="open" pos="G">
      <span>
        <target id="w_17"/>
      </span>
      <sentiment polarity="negative" resource="VUA_olery_lexicon_nl_lmf"/>
    </term>
    <term tid="t_18" lemma="urine" type="open">
      <span>
        <target id="w_18"/>
      </span>
    </term>
    <term tid="t_19" lemma="," type="open">
      <span>
        <target id="w_19"/>
      </span>
    </term>
    <term tid="t_20" lemma="en" type="open">
      <span>
        <target id="w_20"/>
      </span>
    </term>
    <term tid="t_21" lemma="werd" type="open">
      <span>
        <target id="w_21"/>
      </span>
    </term>
    <term tid="t_22" lemma="niet" type="open">
      <span>
        <target id="w_22"/>
      </span>
      <sentiment sentiment_modifier="shifter" resource="VUA_olery_lexicon_nl_lmf"/>
    </term>
    <term tid="t_23" lemma="verholpen" type="open">
      <span>
        <target id="w_23"/>
      </span>
    </term>
    <term tid="t_24" lemma="," type="open">
      <span>
        <target id="w_24"/>
      </span>
    </term>
    <term tid="t_25" lemma="alleen" type="open">
      <span>
        <target id="w_25"/>
      </span>
    </term>
    <term tid="t_26" lemma="een" type="open">
      <span>
        <target id="w_26"/>
      </span>
    </term>
    <term tid="t_27" lemma="geurspuitbus" type="open">
      <span>
        <target id="w_27"/>
      </span>
    </term>
    <term tid="t_28" lemma="," type="open">
      <span>
        <target id="w_28"/>
      </span>
    </term>
    <term tid="t_29" lemma="de" type="open">
      <span>
        <target id="w_29"/>
      </span>
    </term>
    <term tid="t_30" lemma="twee" type="open">
      <span>
        <target id="w_30"/>
      </span>
    </term>
    <term tid="t_31" lemma="kamers" type="open">
      <span>
        <target id="w_31"/>
      </span>
    </term>
    <term tid="t_32" lemma="lagen" type="open">
      <span>
        <target id="w_32"/>
      </span>
    </term>
    <term tid="t_33" lemma="boven" type="open">
      <span>
        <target id="w_33"/>
      </span>
    </term>
    <term tid="t_34" lemma="de" type="open">
      <span>
        <target id="w_34"/>
      </span>
    </term>
    <term tid="t_35" lemma="afzuiging" type="open">
      <span>
        <target id="w_35"/>
      </span>
    </term>
    <term tid="t_36" lemma="of" type="open">
      <span>
        <target id="w_36"/>
      </span>
    </term>
    <term tid="t_37" lemma="airco" type="open">
      <span>
        <target id="w_37"/>
      </span>
    </term>
    <term tid="t_38" lemma="van" type="open">
      <span>
        <target id="w_38"/>
      </span>
    </term>
    <term tid="t_39" lemma="de" type="open">
      <span>
        <target id="w_39"/>
      </span>
    </term>
    <term tid="t_40" lemma="keuken" type="open">
      <span>
        <target id="w_40"/>
      </span>
    </term>
    <term tid="t_41" lemma="zodat" type="open">
      <span>
        <target id="w_41"/>
      </span>
    </term>
    <term tid="t_42" lemma="slapen" type="open">
      <span>
        <target id="w_42"/>
      </span>
    </term>
    <term tid="t_43" lemma="onmogelijk" type="open" pos="G">
      <span>
        <target id="w_43"/>
      </span>
      <sentiment polarity="negative" resource="VUA_olery_lexicon_nl_lmf"/>
    </term>
    <term tid="t_44" lemma="was" type="open">
      <span>
        <target id="w_44"/>
      </span>
    </term>
    <term tid="t_45" lemma="met" type="open">
      <span>
        <target id="w_45"/>
      </span>
    </term>
    <term tid="t_46" lemma="de" type="open">
      <span>
        <target id="w_46"/>
      </span>
    </term>
    <term tid="t_47" lemma="ramen" type="open">
      <span>
        <target id="w_47"/>
      </span>
    </term>
    <term tid="t_48" lemma="open" type="open">
      <span>
        <target id="w_48"/>
      </span>
    </term>
    <term tid="t_49" lemma="," type="open">
      <span>
        <target id="w_49"/>
      </span>
    </term>
    <term tid="t_50" lemma="dit" type="open">
      <span>
        <target id="w_50"/>
      </span>
    </term>
    <term tid="t_51" lemma="was" type="open">
      <span>
        <target id="w_51"/>
      </span>
    </term>
    <term tid="t_52" lemma="in" type="open">
      <span>
        <target id="w_52"/>
      </span>
    </term>
    <term tid="t_53" lemma="het" type="open">
      <span>
        <target id="w_53"/>
      </span>
    </term>
    <term tid="t_54" lemma="oude" type="open">
      <span>
        <target id="w_54"/>
      </span>
    </term>
    <term tid="t_55" lemma="gedeelte" type="open">
      <span>
        <target id="w_55"/>
      </span>
    </term>
    <term tid="t_56" lemma="." type="open">
      <span>
        <target id="w_56"/>
      </span>
    </term>
  </terms>
  <entities>
    <entity type="PER" eid="e_1">
      <span>
        <target id="t_33"/>
      </span>
    </entity>
    <entity type="PER" eid="e_2">
      <span>
        <target id="t_13"/>
      </span>
    </entity>
    <entity type="MISC" eid="e_3">
      <span>
        <target id="t_48"/>
      </span>
    </entity>
  </entities>
  <properties>
    <property type="cleanliness" pid="p_1">
      <span>
        <target id="t_15"/>
      </span>
    </property>
    <property type="bathroom" pid="p_2">
      <span>
        <target id="t_14"/>
      </span>
    </property>
    <property type="room" pid="p_3">
      <span>
        <target id="t_37"/>
      </span>
    </property>
    <property type="sleeping_comfort" pid="p_4">
      <span>
        <target id="t_42"/>
      </span>
    </property>
    <property type="staff" pid="p_5">
      <span>
        <target id="t_1"/>
      </span>
    </property>
  </properties>
  <opinions>
    <opinion oid="o_1">
      <opinion_target>
        <span>
          <target id="t_5"/>
        </span>
      </opinion_target>
      <opinion_expression polarity="negative" strength="-2">
        <span>
          <target id="t_1"/>
          <target id="t_3"/>
        </span>
      </opinion_expression>
    </opinion>
    <opinion oid="o_2">
      <opinion_target>
        <span>
          <target id="t_18"/>
        </span>
      </opinion_target>
      <opinion_expression polarity="negative" strength="-1">
        <span>
          <target id="t_15"/>
        </span>
      </opinion_expression>
    </opinion>
    <opinion oid="o_3">
      <opinion_target>
        <span>
          <target id="t_14"/>
        </span>
      </opinion_target>
      <opinion_expression polarity="negative" strength="-2">
        <span>
          <target id="t_17"/>
          <target id="t_16"/>
        </span>
      </opinion_expression>
    </opinion>
    <opinion oid="o_4">
      <opinion_target>
        <span>
          <target id="t_42"/>
        </span>
      </opinion_target>
      <opinion_expression polarity="negative" strength="-1">
        <span>
          <target id="t_43"/>
        </span>
      </opinion_expression>
    </opinion>
  </opinions>
</KAF>
