<?xml version='1.0' encoding='UTF-8'?>
<KAF xml:lang="nl">
  <linguisticProcessors layer="text">
    <lp timestamp="2013-01-06T18:32:52CET" version="2.0" name="SentenceTokenizer"/>
  </linguisticProcessors>
  <linguisticProcessors layer="terms">
    <lp timestamp="2013-01-06T18:32:52CET" version="2.0" name="SentenceTokenizer"/>
    <lp timestamp="2013-01-06T18:32:53CET" version="1.0" name="SimplePolarityTagger"/>
  </linguisticProcessors>
  <linguisticProcessor layer="opinions">
    <lp timestamp="2013-01-06T18:32:53CET" version="1.0" name="SimpleOpinionDetector"/>
  </linguisticProcessor>
  <linguisticProcessor layer="properties">
    <lp timestamp="2013-01-06T18:32:53CET" version="1.0" name="SimplePropRecognizer_lookup"/>
  </linguisticProcessor>
  <linguisticProcessor layer="entities">
    <lp timestamp="2013-01-06T18:32:53CET" version="1.0" name="SimpleNER_lookup"/>
  </linguisticProcessor>
  <text>
    <wf wid="w_1" para="1" sent="1">goede</wf>
    <wf wid="w_2" para="1" sent="1">ligging</wf>
    <wf wid="w_3" para="1" sent="1">.</wf>
    <wf wid="w_4" para="1" sent="2">vlakbij</wf>
    <wf wid="w_5" para="1" sent="2">Russel</wf>
    <wf wid="w_6" para="1" sent="2">square</wf>
    <wf wid="w_7" para="1" sent="2">(</wf>
    <wf wid="w_8" para="1" sent="2">metro</wf>
    <wf wid="w_9" para="1" sent="2">)</wf>
    <wf wid="w_10" para="1" sent="2">vlakbij</wf>
    <wf wid="w_11" para="1" sent="2">het</wf>
    <wf wid="w_12" para="1" sent="2">Brittisch</wf>
    <wf wid="w_13" para="1" sent="2">museumgoede</wf>
    <wf wid="w_14" para="1" sent="2">kamers</wf>
    <wf wid="w_15" para="1" sent="2">.</wf>
    <wf wid="w_16" para="1" sent="3">enige</wf>
    <wf wid="w_17" para="1" sent="3">minpunt</wf>
    <wf wid="w_18" para="1" sent="3">was</wf>
    <wf wid="w_19" para="1" sent="3">het</wf>
    <wf wid="w_20" para="1" sent="3">ontbijt</wf>
    <wf wid="w_21" para="1" sent="3">.</wf>
    <wf wid="w_22" para="1" sent="4">broodjes</wf>
    <wf wid="w_23" para="1" sent="4">waren</wf>
    <wf wid="w_24" para="1" sent="4">oud</wf>
    <wf wid="w_25" para="1" sent="4">en</wf>
    <wf wid="w_26" para="1" sent="4">hard</wf>
    <wf wid="w_27" para="1" sent="4">.</wf>
    <wf wid="w_28" para="1" sent="5">en</wf>
    <wf wid="w_29" para="1" sent="5">als</wf>
    <wf wid="w_30" para="1" sent="5">je</wf>
    <wf wid="w_31" para="1" sent="5">een</wf>
    <wf wid="w_32" para="1" sent="5">typisch</wf>
    <wf wid="w_33" para="1" sent="5">engels</wf>
    <wf wid="w_34" para="1" sent="5">ontbijt</wf>
    <wf wid="w_35" para="1" sent="5">wou</wf>
    <wf wid="w_36" para="1" sent="5">moest</wf>
    <wf wid="w_37" para="1" sent="5">je</wf>
    <wf wid="w_38" para="1" sent="5">alsnog</wf>
    <wf wid="w_39" para="1" sent="5">bij</wf>
    <wf wid="w_40" para="1" sent="5">betalen</wf>
    <wf wid="w_41" para="1" sent="5">(</wf>
    <wf wid="w_42" para="1" sent="5">ook</wf>
    <wf wid="w_43" para="1" sent="5">als</wf>
    <wf wid="w_44" para="1" sent="5">je</wf>
    <wf wid="w_45" para="1" sent="5">ontbijt</wf>
    <wf wid="w_46" para="1" sent="5">erbij</wf>
    <wf wid="w_47" para="1" sent="5">hebt</wf>
    <wf wid="w_48" para="1" sent="5">geboekt</wf>
    <wf wid="w_49" para="1" sent="5">)</wf>
  </text>
  <terms>
    <term tid="t_1" lemma="goede" type="open" pos="G">
      <span>
        <target id="w_1"/>
      </span>
      <sentiment polarity="positive" resource="VUA_olery_lexicon_nl_lmf"/>
    </term>
    <term tid="t_2" lemma="ligging" type="open">
      <span>
        <target id="w_2"/>
      </span>
    </term>
    <term tid="t_3" lemma="." type="open">
      <span>
        <target id="w_3"/>
      </span>
    </term>
    <term tid="t_4" lemma="vlakbij" type="open" pos="G">
      <span>
        <target id="w_4"/>
      </span>
      <sentiment polarity="positive" resource="VUA_olery_lexicon_nl_lmf"/>
    </term>
    <term tid="t_5" lemma="russel" type="open">
      <span>
        <target id="w_5"/>
      </span>
    </term>
    <term tid="t_6" lemma="square" type="open">
      <span>
        <target id="w_6"/>
      </span>
    </term>
    <term tid="t_7" lemma="(" type="open">
      <span>
        <target id="w_7"/>
      </span>
    </term>
    <term tid="t_8" lemma="metro" type="open">
      <span>
        <target id="w_8"/>
      </span>
    </term>
    <term tid="t_9" lemma=")" type="open">
      <span>
        <target id="w_9"/>
      </span>
    </term>
    <term tid="t_10" lemma="vlakbij" type="open" pos="G">
      <span>
        <target id="w_10"/>
      </span>
      <sentiment polarity="positive" resource="VUA_olery_lexicon_nl_lmf"/>
    </term>
    <term tid="t_11" lemma="het" type="open">
      <span>
        <target id="w_11"/>
      </span>
    </term>
    <term tid="t_12" lemma="brittisch" type="open">
      <span>
        <target id="w_12"/>
      </span>
    </term>
    <term tid="t_13" lemma="museumgoede" type="open">
      <span>
        <target id="w_13"/>
      </span>
    </term>
    <term tid="t_14" lemma="kamers" type="open">
      <span>
        <target id="w_14"/>
      </span>
    </term>
    <term tid="t_15" lemma="." type="open">
      <span>
        <target id="w_15"/>
      </span>
    </term>
    <term tid="t_16" lemma="enige" type="open">
      <span>
        <target id="w_16"/>
      </span>
    </term>
    <term tid="t_17" lemma="minpunt" type="open" pos="N">
      <span>
        <target id="w_17"/>
      </span>
      <sentiment polarity="negative" resource="VUA_olery_lexicon_nl_lmf"/>
    </term>
    <term tid="t_18" lemma="was" type="open">
      <span>
        <target id="w_18"/>
      </span>
    </term>
    <term tid="t_19" lemma="het" type="open">
      <span>
        <target id="w_19"/>
      </span>
    </term>
    <term tid="t_20" lemma="ontbijt" type="open">
      <span>
        <target id="w_20"/>
      </span>
    </term>
    <term tid="t_21" lemma="." type="open">
      <span>
        <target id="w_21"/>
      </span>
    </term>
    <term tid="t_22" lemma="broodjes" type="open">
      <span>
        <target id="w_22"/>
      </span>
    </term>
    <term tid="t_23" lemma="waren" type="open">
      <span>
        <target id="w_23"/>
      </span>
    </term>
    <term tid="t_24" lemma="oud" type="open">
      <span>
        <target id="w_24"/>
      </span>
    </term>
    <term tid="t_25" lemma="en" type="open">
      <span>
        <target id="w_25"/>
      </span>
    </term>
    <term tid="t_26" lemma="hard" type="open" pos="G">
      <span>
        <target id="w_26"/>
      </span>
      <sentiment polarity="negative" resource="VUA_olery_lexicon_nl_lmf"/>
    </term>
    <term tid="t_27" lemma="." type="open">
      <span>
        <target id="w_27"/>
      </span>
    </term>
    <term tid="t_28" lemma="en" type="open">
      <span>
        <target id="w_28"/>
      </span>
    </term>
    <term tid="t_29" lemma="als" type="open">
      <span>
        <target id="w_29"/>
      </span>
    </term>
    <term tid="t_30" lemma="je" type="open">
      <span>
        <target id="w_30"/>
      </span>
    </term>
    <term tid="t_31" lemma="een" type="open">
      <span>
        <target id="w_31"/>
      </span>
    </term>
    <term tid="t_32" lemma="typisch" type="open">
      <span>
        <target id="w_32"/>
      </span>
    </term>
    <term tid="t_33" lemma="engels" type="open">
      <span>
        <target id="w_33"/>
      </span>
    </term>
    <term tid="t_34" lemma="ontbijt" type="open">
      <span>
        <target id="w_34"/>
      </span>
    </term>
    <term tid="t_35" lemma="wou" type="open">
      <span>
        <target id="w_35"/>
      </span>
    </term>
    <term tid="t_36" lemma="moest" type="open">
      <span>
        <target id="w_36"/>
      </span>
    </term>
    <term tid="t_37" lemma="je" type="open">
      <span>
        <target id="w_37"/>
      </span>
    </term>
    <term tid="t_38" lemma="alsnog" type="open">
      <span>
        <target id="w_38"/>
      </span>
    </term>
    <term tid="t_39" lemma="bij" type="open">
      <span>
        <target id="w_39"/>
      </span>
    </term>
    <term tid="t_40" lemma="betalen" type="open">
      <span>
        <target id="w_40"/>
      </span>
    </term>
    <term tid="t_41" lemma="(" type="open">
      <span>
        <target id="w_41"/>
      </span>
    </term>
    <term tid="t_42" lemma="ook" type="open">
      <span>
        <target id="w_42"/>
      </span>
    </term>
    <term tid="t_43" lemma="als" type="open">
      <span>
        <target id="w_43"/>
      </span>
    </term>
    <term tid="t_44" lemma="je" type="open">
      <span>
        <target id="w_44"/>
      </span>
    </term>
    <term tid="t_45" lemma="ontbijt" type="open">
      <span>
        <target id="w_45"/>
      </span>
    </term>
    <term tid="t_46" lemma="erbij" type="open">
      <span>
        <target id="w_46"/>
      </span>
    </term>
    <term tid="t_47" lemma="hebt" type="open">
      <span>
        <target id="w_47"/>
      </span>
    </term>
    <term tid="t_48" lemma="geboekt" type="open">
      <span>
        <target id="w_48"/>
      </span>
    </term>
    <term tid="t_49" lemma=")" type="open">
      <span>
        <target id="w_49"/>
      </span>
    </term>
  </terms>
  <entities>
    <entity type="ORG" eid="e_1">
      <span>
        <target id="t_8"/>
      </span>
    </entity>
    <entity type="MISC" eid="e_2">
      <span>
        <target id="t_33"/>
      </span>
    </entity>
  </entities>
  <properties>
    <property type="value_for_money" pid="p_1">
      <span>
        <target id="t_40"/>
      </span>
    </property>
    <property type="location" pid="p_2">
      <span>
        <target id="t_2"/>
      </span>
      <span>
        <target id="t_4"/>
      </span>
      <span>
        <target id="t_8"/>
      </span>
      <span>
        <target id="t_10"/>
      </span>
    </property>
    <property type="restaurant" pid="p_3">
      <span>
        <target id="t_20"/>
      </span>
      <span>
        <target id="t_34"/>
      </span>
      <span>
        <target id="t_45"/>
      </span>
    </property>
  </properties>
  <opinions>
    <opinion oid="o_1">
      <opinion_target>
        <span>
          <target id="t_2"/>
        </span>
      </opinion_target>
      <opinion_expression polarity="positive" strength="1">
        <span>
          <target id="t_1"/>
        </span>
      </opinion_expression>
    </opinion>
    <opinion oid="o_2">
      <opinion_target>
        <span>
          <target id="t_5"/>
        </span>
      </opinion_target>
      <opinion_expression polarity="positive" strength="1">
        <span>
          <target id="t_4"/>
        </span>
      </opinion_expression>
    </opinion>
    <opinion oid="o_3">
      <opinion_target>
        <span>
          <target id="t_12"/>
        </span>
      </opinion_target>
      <opinion_expression polarity="positive" strength="1">
        <span>
          <target id="t_10"/>
        </span>
      </opinion_expression>
    </opinion>
    <opinion oid="o_4">
      <opinion_target>
        <span>
          <target id="t_20"/>
        </span>
      </opinion_target>
      <opinion_expression polarity="negative" strength="-1">
        <span>
          <target id="t_17"/>
        </span>
      </opinion_expression>
    </opinion>
    <opinion oid="o_5">
      <opinion_target>
        <span>
          <target id="t_24"/>
        </span>
      </opinion_target>
      <opinion_expression polarity="negative" strength="-1">
        <span>
          <target id="t_26"/>
        </span>
      </opinion_expression>
    </opinion>
  </opinions>
</KAF>
