<?xml version='1.0' encoding='UTF-8'?>
<KAF xml:lang="nl">
  <linguisticProcessors layer="text">
    <lp timestamp="2013-01-06T18:44:08CET" version="2.0" name="SentenceTokenizer"/>
  </linguisticProcessors>
  <linguisticProcessors layer="terms">
    <lp timestamp="2013-01-06T18:44:08CET" version="2.0" name="SentenceTokenizer"/>
    <lp timestamp="2013-01-06T18:44:08CET" version="1.0" name="SimplePolarityTagger"/>
  </linguisticProcessors>
  <linguisticProcessor layer="opinions">
    <lp timestamp="2013-01-06T18:44:08CET" version="1.0" name="SimpleOpinionDetector"/>
  </linguisticProcessor>
  <linguisticProcessor layer="properties">
    <lp timestamp="2013-01-06T18:44:08CET" version="1.0" name="SimplePropRecognizer_lookup"/>
  </linguisticProcessor>
  <linguisticProcessor layer="entities">
    <lp timestamp="2013-01-06T18:44:08CET" version="1.0" name="SimpleNER_lookup"/>
  </linguisticProcessor>
  <text>
    <wf wid="w_1" para="1" sent="1">Gevaarlijk</wf>
    <wf wid="w_2" para="1" sent="1">voor</wf>
    <wf wid="w_3" para="1" sent="1">kinderen</wf>
    <wf wid="w_4" para="1" sent="1">.</wf>
    <wf wid="w_5" para="1" sent="2">Leuke</wf>
    <wf wid="w_6" para="1" sent="2">locatie</wf>
    <wf wid="w_7" para="1" sent="2">,</wf>
    <wf wid="w_8" para="1" sent="2">zeer</wf>
    <wf wid="w_9" para="1" sent="2">goed</wf>
    <wf wid="w_10" para="1" sent="2">restaurant</wf>
    <wf wid="w_11" para="1" sent="2">,</wf>
    <wf wid="w_12" para="1" sent="2">goed</wf>
    <wf wid="w_13" para="1" sent="2">hotel</wf>
    <wf wid="w_14" para="1" sent="2">,</wf>
    <wf wid="w_15" para="1" sent="2">maar</wf>
    <wf wid="w_16" para="1" sent="2">levensgevaarlijk</wf>
    <wf wid="w_17" para="1" sent="2">voor</wf>
    <wf wid="w_18" para="1" sent="2">kinderen</wf>
    <wf wid="w_19" para="1" sent="2">.</wf>
    <wf wid="w_20" para="1" sent="3">Ze</wf>
    <wf wid="w_21" para="1" sent="3">hebben</wf>
    <wf wid="w_22" para="1" sent="3">ons</wf>
    <wf wid="w_23" para="1" sent="3">een</wf>
    <wf wid="w_24" para="1" sent="3">kinderbed</wf>
    <wf wid="w_25" para="1" sent="3">gegeven</wf>
    <wf wid="w_26" para="1" sent="3">waarvan</wf>
    <wf wid="w_27" para="1" sent="3">ze</wf>
    <wf wid="w_28" para="1" sent="3">wisten</wf>
    <wf wid="w_29" para="1" sent="3">dat</wf>
    <wf wid="w_30" para="1" sent="3">het</wf>
    <wf wid="w_31" para="1" sent="3">stuk</wf>
    <wf wid="w_32" para="1" sent="3">was</wf>
    <wf wid="w_33" para="1" sent="3">.</wf>
    <wf wid="w_34" para="1" sent="4">Midden</wf>
    <wf wid="w_35" para="1" sent="4">in</wf>
    <wf wid="w_36" para="1" sent="4">de</wf>
    <wf wid="w_37" para="1" sent="4">nacht</wf>
    <wf wid="w_38" para="1" sent="4">is</wf>
    <wf wid="w_39" para="1" sent="4">ons</wf>
    <wf wid="w_40" para="1" sent="4">kind</wf>
    <wf wid="w_41" para="1" sent="4">erdoor</wf>
    <wf wid="w_42" para="1" sent="4">gevallen</wf>
    <wf wid="w_43" para="1" sent="4">en</wf>
    <wf wid="w_44" para="1" sent="4">hebben</wf>
    <wf wid="w_45" para="1" sent="4">we</wf>
    <wf wid="w_46" para="1" sent="4">gezien</wf>
    <wf wid="w_47" para="1" sent="4">dat</wf>
    <wf wid="w_48" para="1" sent="4">ze</wf>
    <wf wid="w_49" para="1" sent="4">de</wf>
    <wf wid="w_50" para="1" sent="4">lattenbodem</wf>
    <wf wid="w_51" para="1" sent="4">al</wf>
    <wf wid="w_52" para="1" sent="4">met</wf>
    <wf wid="w_53" para="1" sent="4">plakband</wf>
    <wf wid="w_54" para="1" sent="4">hadden</wf>
    <wf wid="w_55" para="1" sent="4">vastgemaakt</wf>
    <wf wid="w_56" para="1" sent="4">!</wf>
    <wf wid="w_57" para="1" sent="5">Onvoorstelbaar</wf>
    <wf wid="w_58" para="1" sent="5">voor</wf>
    <wf wid="w_59" para="1" sent="5">zo</wf>
    <wf wid="w_60" para="1" sent="5">'n</wf>
    <wf wid="w_61" para="1" sent="5">hotelketen</wf>
    <wf wid="w_62" para="1" sent="5">.</wf>
  </text>
  <terms>
    <term tid="t_1" lemma="gevaarlijk" type="open" pos="G">
      <span>
        <target id="w_1"/>
      </span>
      <sentiment polarity="negative" resource="VUA_olery_lexicon_nl_lmf"/>
    </term>
    <term tid="t_2" lemma="voor" type="open">
      <span>
        <target id="w_2"/>
      </span>
    </term>
    <term tid="t_3" lemma="kinderen" type="open">
      <span>
        <target id="w_3"/>
      </span>
    </term>
    <term tid="t_4" lemma="." type="open">
      <span>
        <target id="w_4"/>
      </span>
    </term>
    <term tid="t_5" lemma="leuke" type="open">
      <span>
        <target id="w_5"/>
      </span>
    </term>
    <term tid="t_6" lemma="locatie" type="open">
      <span>
        <target id="w_6"/>
      </span>
    </term>
    <term tid="t_7" lemma="," type="open">
      <span>
        <target id="w_7"/>
      </span>
    </term>
    <term tid="t_8" lemma="zeer" type="open">
      <span>
        <target id="w_8"/>
      </span>
      <sentiment sentiment_modifier="intensifier" resource="VUA_olery_lexicon_nl_lmf"/>
    </term>
    <term tid="t_9" lemma="goed" type="open" pos="G">
      <span>
        <target id="w_9"/>
      </span>
      <sentiment polarity="positive" resource="VUA_olery_lexicon_nl_lmf"/>
    </term>
    <term tid="t_10" lemma="restaurant" type="open">
      <span>
        <target id="w_10"/>
      </span>
    </term>
    <term tid="t_11" lemma="," type="open">
      <span>
        <target id="w_11"/>
      </span>
    </term>
    <term tid="t_12" lemma="goed" type="open" pos="G">
      <span>
        <target id="w_12"/>
      </span>
      <sentiment polarity="positive" resource="VUA_olery_lexicon_nl_lmf"/>
    </term>
    <term tid="t_13" lemma="hotel" type="open">
      <span>
        <target id="w_13"/>
      </span>
    </term>
    <term tid="t_14" lemma="," type="open">
      <span>
        <target id="w_14"/>
      </span>
    </term>
    <term tid="t_15" lemma="maar" type="open">
      <span>
        <target id="w_15"/>
      </span>
    </term>
    <term tid="t_16" lemma="levensgevaarlijk" type="open" pos="G">
      <span>
        <target id="w_16"/>
      </span>
      <sentiment polarity="negative" resource="VUA_olery_lexicon_nl_lmf"/>
    </term>
    <term tid="t_17" lemma="voor" type="open">
      <span>
        <target id="w_17"/>
      </span>
    </term>
    <term tid="t_18" lemma="kinderen" type="open">
      <span>
        <target id="w_18"/>
      </span>
    </term>
    <term tid="t_19" lemma="." type="open">
      <span>
        <target id="w_19"/>
      </span>
    </term>
    <term tid="t_20" lemma="ze" type="open">
      <span>
        <target id="w_20"/>
      </span>
    </term>
    <term tid="t_21" lemma="hebben" type="open">
      <span>
        <target id="w_21"/>
      </span>
    </term>
    <term tid="t_22" lemma="ons" type="open">
      <span>
        <target id="w_22"/>
      </span>
    </term>
    <term tid="t_23" lemma="een" type="open">
      <span>
        <target id="w_23"/>
      </span>
    </term>
    <term tid="t_24" lemma="kinderbed" type="open">
      <span>
        <target id="w_24"/>
      </span>
    </term>
    <term tid="t_25" lemma="gegeven" type="open">
      <span>
        <target id="w_25"/>
      </span>
    </term>
    <term tid="t_26" lemma="waarvan" type="open">
      <span>
        <target id="w_26"/>
      </span>
    </term>
    <term tid="t_27" lemma="ze" type="open">
      <span>
        <target id="w_27"/>
      </span>
    </term>
    <term tid="t_28" lemma="wisten" type="open">
      <span>
        <target id="w_28"/>
      </span>
    </term>
    <term tid="t_29" lemma="dat" type="open">
      <span>
        <target id="w_29"/>
      </span>
    </term>
    <term tid="t_30" lemma="het" type="open">
      <span>
        <target id="w_30"/>
      </span>
    </term>
    <term tid="t_31" lemma="stuk" type="open">
      <span>
        <target id="w_31"/>
      </span>
    </term>
    <term tid="t_32" lemma="was" type="open">
      <span>
        <target id="w_32"/>
      </span>
    </term>
    <term tid="t_33" lemma="." type="open">
      <span>
        <target id="w_33"/>
      </span>
    </term>
    <term tid="t_34" lemma="midden" type="open">
      <span>
        <target id="w_34"/>
      </span>
    </term>
    <term tid="t_35" lemma="in" type="open">
      <span>
        <target id="w_35"/>
      </span>
    </term>
    <term tid="t_36" lemma="de" type="open">
      <span>
        <target id="w_36"/>
      </span>
    </term>
    <term tid="t_37" lemma="nacht" type="open">
      <span>
        <target id="w_37"/>
      </span>
    </term>
    <term tid="t_38" lemma="is" type="open">
      <span>
        <target id="w_38"/>
      </span>
    </term>
    <term tid="t_39" lemma="ons" type="open">
      <span>
        <target id="w_39"/>
      </span>
    </term>
    <term tid="t_40" lemma="kind" type="open">
      <span>
        <target id="w_40"/>
      </span>
    </term>
    <term tid="t_41" lemma="erdoor" type="open">
      <span>
        <target id="w_41"/>
      </span>
    </term>
    <term tid="t_42" lemma="gevallen" type="open">
      <span>
        <target id="w_42"/>
      </span>
    </term>
    <term tid="t_43" lemma="en" type="open">
      <span>
        <target id="w_43"/>
      </span>
    </term>
    <term tid="t_44" lemma="hebben" type="open">
      <span>
        <target id="w_44"/>
      </span>
    </term>
    <term tid="t_45" lemma="we" type="open">
      <span>
        <target id="w_45"/>
      </span>
    </term>
    <term tid="t_46" lemma="gezien" type="open">
      <span>
        <target id="w_46"/>
      </span>
    </term>
    <term tid="t_47" lemma="dat" type="open">
      <span>
        <target id="w_47"/>
      </span>
    </term>
    <term tid="t_48" lemma="ze" type="open">
      <span>
        <target id="w_48"/>
      </span>
    </term>
    <term tid="t_49" lemma="de" type="open">
      <span>
        <target id="w_49"/>
      </span>
    </term>
    <term tid="t_50" lemma="lattenbodem" type="open">
      <span>
        <target id="w_50"/>
      </span>
    </term>
    <term tid="t_51" lemma="al" type="open">
      <span>
        <target id="w_51"/>
      </span>
    </term>
    <term tid="t_52" lemma="met" type="open">
      <span>
        <target id="w_52"/>
      </span>
    </term>
    <term tid="t_53" lemma="plakband" type="open">
      <span>
        <target id="w_53"/>
      </span>
    </term>
    <term tid="t_54" lemma="hadden" type="open">
      <span>
        <target id="w_54"/>
      </span>
    </term>
    <term tid="t_55" lemma="vastgemaakt" type="open">
      <span>
        <target id="w_55"/>
      </span>
    </term>
    <term tid="t_56" lemma="!" type="open">
      <span>
        <target id="w_56"/>
      </span>
      <sentiment sentiment_modifier="intensifier" resource="VUA_olery_lexicon_nl_lmf"/>
    </term>
    <term tid="t_57" lemma="onvoorstelbaar" type="open" pos="G">
      <span>
        <target id="w_57"/>
      </span>
      <sentiment polarity="negative" resource="VUA_olery_lexicon_nl_lmf"/>
    </term>
    <term tid="t_58" lemma="voor" type="open">
      <span>
        <target id="w_58"/>
      </span>
    </term>
    <term tid="t_59" lemma="zo" type="open">
      <span>
        <target id="w_59"/>
      </span>
    </term>
    <term tid="t_60" lemma="'n" type="open">
      <span>
        <target id="w_60"/>
      </span>
    </term>
    <term tid="t_61" lemma="hotelketen" type="open">
      <span>
        <target id="w_61"/>
      </span>
    </term>
    <term tid="t_62" lemma="." type="open">
      <span>
        <target id="w_62"/>
      </span>
    </term>
  </terms>
  <entities>
    <entity type="PER" eid="e_1">
      <span>
        <target id="t_45"/>
      </span>
    </entity>
  </entities>
  <properties>
    <property type="location" pid="p_1">
      <span>
        <target id="t_6"/>
      </span>
    </property>
    <property type="sleeping_comfort" pid="p_2">
      <span>
        <target id="t_24"/>
      </span>
    </property>
    <property type="restaurant" pid="p_3">
      <span>
        <target id="t_10"/>
      </span>
    </property>
  </properties>
  <opinions>
    <opinion oid="o_1">
      <opinion_target>
        <span>
          <target id="t_3"/>
        </span>
      </opinion_target>
      <opinion_expression polarity="negative" strength="-1">
        <span>
          <target id="t_1"/>
        </span>
      </opinion_expression>
    </opinion>
    <opinion oid="o_2">
      <opinion_target>
        <span>
          <target id="t_10"/>
        </span>
      </opinion_target>
      <opinion_expression polarity="positive" strength="2">
        <span>
          <target id="t_9"/>
          <target id="t_8"/>
        </span>
      </opinion_expression>
    </opinion>
    <opinion oid="o_3">
      <opinion_target>
        <span>
          <target id="t_13"/>
        </span>
      </opinion_target>
      <opinion_expression polarity="positive" strength="1">
        <span>
          <target id="t_12"/>
        </span>
      </opinion_expression>
    </opinion>
    <opinion oid="o_4">
      <opinion_target>
        <span>
          <target id="t_18"/>
        </span>
      </opinion_target>
      <opinion_expression polarity="negative" strength="-1">
        <span>
          <target id="t_16"/>
        </span>
      </opinion_expression>
    </opinion>
  </opinions>
</KAF>
