<?xml version='1.0' encoding='UTF-8'?>
<KAF xml:lang="nl">
  <linguisticProcessors layer="text">
    <lp timestamp="2013-01-06T18:33:13CET" version="2.0" name="SentenceTokenizer"/>
  </linguisticProcessors>
  <linguisticProcessors layer="terms">
    <lp timestamp="2013-01-06T18:33:13CET" version="2.0" name="SentenceTokenizer"/>
    <lp timestamp="2013-01-06T18:33:13CET" version="1.0" name="SimplePolarityTagger"/>
  </linguisticProcessors>
  <linguisticProcessor layer="opinions">
    <lp timestamp="2013-01-06T18:33:13CET" version="1.0" name="SimpleOpinionDetector"/>
  </linguisticProcessor>
  <linguisticProcessor layer="properties">
    <lp timestamp="2013-01-06T18:33:13CET" version="1.0" name="SimplePropRecognizer_lookup"/>
  </linguisticProcessor>
  <linguisticProcessor layer="entities">
    <lp timestamp="2013-01-06T18:33:13CET" version="1.0" name="SimpleNER_lookup"/>
  </linguisticProcessor>
  <text>
    <wf wid="w_1" para="1" sent="1">Wij</wf>
    <wf wid="w_2" para="1" sent="1">zijn</wf>
    <wf wid="w_3" para="1" sent="1">hier</wf>
    <wf wid="w_4" para="1" sent="1">begin</wf>
    <wf wid="w_5" para="1" sent="1">Oktober</wf>
    <wf wid="w_6" para="1" sent="1">geweest</wf>
    <wf wid="w_7" para="1" sent="1">.</wf>
    <wf wid="w_8" para="1" sent="2">Het</wf>
    <wf wid="w_9" para="1" sent="2">personeel</wf>
    <wf wid="w_10" para="1" sent="2">is</wf>
    <wf wid="w_11" para="1" sent="2">super</wf>
    <wf wid="w_12" para="1" sent="2">netjes</wf>
    <wf wid="w_13" para="1" sent="2">Je</wf>
    <wf wid="w_14" para="1" sent="2">kan</wf>
    <wf wid="w_15" para="1" sent="2">met</wf>
    <wf wid="w_16" para="1" sent="2">een</wf>
    <wf wid="w_17" para="1" sent="2">gratis</wf>
    <wf wid="w_18" para="1" sent="2">shuttelservice</wf>
    <wf wid="w_19" para="1" sent="2">naar</wf>
    <wf wid="w_20" para="1" sent="2">diverse</wf>
    <wf wid="w_21" para="1" sent="2">winkelcentra</wf>
    <wf wid="w_22" para="1" sent="2">.</wf>
    <wf wid="w_23" para="1" sent="3">Het</wf>
    <wf wid="w_24" para="1" sent="3">hotel</wf>
    <wf wid="w_25" para="1" sent="3">zit</wf>
    <wf wid="w_26" para="1" sent="3">aan</wf>
    <wf wid="w_27" para="1" sent="3">een</wf>
    <wf wid="w_28" para="1" sent="3">gezellige</wf>
    <wf wid="w_29" para="1" sent="3">boulevard</wf>
    <wf wid="w_30" para="1" sent="3">´the</wf>
    <wf wid="w_31" para="1" sent="3">walk</wf>
    <wf wid="w_32" para="1" sent="3">`</wf>
    <wf wid="w_33" para="1" sent="3">genaamd</wf>
    <wf wid="w_34" para="1" sent="3">.</wf>
    <wf wid="w_35" para="1" sent="4">Wij</wf>
    <wf wid="w_36" para="1" sent="4">hebben</wf>
    <wf wid="w_37" para="1" sent="4">niet</wf>
    <wf wid="w_38" para="1" sent="4">in</wf>
    <wf wid="w_39" para="1" sent="4">het</wf>
    <wf wid="w_40" para="1" sent="4">Hotel</wf>
    <wf wid="w_41" para="1" sent="4">gegeten</wf>
    <wf wid="w_42" para="1" sent="4">,</wf>
    <wf wid="w_43" para="1" sent="4">omdat</wf>
    <wf wid="w_44" para="1" sent="4">er</wf>
    <wf wid="w_45" para="1" sent="4">veel</wf>
    <wf wid="w_46" para="1" sent="4">gezellige</wf>
    <wf wid="w_47" para="1" sent="4">,</wf>
    <wf wid="w_48" para="1" sent="4">goede</wf>
    <wf wid="w_49" para="1" sent="4">en</wf>
    <wf wid="w_50" para="1" sent="4">betaalbare</wf>
    <wf wid="w_51" para="1" sent="4">eetgelegenheden</wf>
    <wf wid="w_52" para="1" sent="4">naast</wf>
    <wf wid="w_53" para="1" sent="4">het</wf>
    <wf wid="w_54" para="1" sent="4">Hotel</wf>
    <wf wid="w_55" para="1" sent="4">zijn</wf>
    <wf wid="w_56" para="1" sent="4">.</wf>
    <wf wid="w_57" para="1" sent="5">Bier</wf>
    <wf wid="w_58" para="1" sent="5">en</wf>
    <wf wid="w_59" para="1" sent="5">wijn</wf>
    <wf wid="w_60" para="1" sent="5">is</wf>
    <wf wid="w_61" para="1" sent="5">beperkt</wf>
    <wf wid="w_62" para="1" sent="5">verkrijgbaar</wf>
    <wf wid="w_63" para="1" sent="5">.</wf>
    <wf wid="w_64" para="1" sent="6">Het</wf>
    <wf wid="w_65" para="1" sent="6">strand</wf>
    <wf wid="w_66" para="1" sent="6">is</wf>
    <wf wid="w_67" para="1" sent="6">lekker</wf>
    <wf wid="w_68" para="1" sent="6">en</wf>
    <wf wid="w_69" para="1" sent="6">het</wf>
    <wf wid="w_70" para="1" sent="6">zwembad</wf>
    <wf wid="w_71" para="1" sent="6">bij</wf>
    <wf wid="w_72" para="1" sent="6">het</wf>
    <wf wid="w_73" para="1" sent="6">Hotel</wf>
    <wf wid="w_74" para="1" sent="6">wat</wf>
    <wf wid="w_75" para="1" sent="6">klein</wf>
    <wf wid="w_76" para="1" sent="6">.</wf>
    <wf wid="w_77" para="1" sent="7">Veel</wf>
    <wf wid="w_78" para="1" sent="7">bezienswaardigheden</wf>
    <wf wid="w_79" para="1" sent="7">zijn</wf>
    <wf wid="w_80" para="1" sent="7">met</wf>
    <wf wid="w_81" para="1" sent="7">de</wf>
    <wf wid="w_82" para="1" sent="7">bus</wf>
    <wf wid="w_83" para="1" sent="7">of</wf>
    <wf wid="w_84" para="1" sent="7">taxi</wf>
    <wf wid="w_85" para="1" sent="7">goed</wf>
    <wf wid="w_86" para="1" sent="7">te</wf>
    <wf wid="w_87" para="1" sent="7">bereiken</wf>
    <wf wid="w_88" para="1" sent="7">.</wf>
  </text>
  <terms>
    <term tid="t_1" lemma="wij" type="open">
      <span>
        <target id="w_1"/>
      </span>
    </term>
    <term tid="t_2" lemma="zijn" type="open">
      <span>
        <target id="w_2"/>
      </span>
    </term>
    <term tid="t_3" lemma="hier" type="open">
      <span>
        <target id="w_3"/>
      </span>
    </term>
    <term tid="t_4" lemma="begin" type="open">
      <span>
        <target id="w_4"/>
      </span>
    </term>
    <term tid="t_5" lemma="oktober" type="open">
      <span>
        <target id="w_5"/>
      </span>
    </term>
    <term tid="t_6" lemma="geweest" type="open">
      <span>
        <target id="w_6"/>
      </span>
    </term>
    <term tid="t_7" lemma="." type="open">
      <span>
        <target id="w_7"/>
      </span>
    </term>
    <term tid="t_8" lemma="het" type="open">
      <span>
        <target id="w_8"/>
      </span>
    </term>
    <term tid="t_9" lemma="personeel" type="open">
      <span>
        <target id="w_9"/>
      </span>
    </term>
    <term tid="t_10" lemma="is" type="open">
      <span>
        <target id="w_10"/>
      </span>
    </term>
    <term tid="t_11" lemma="super" type="open" pos="N">
      <span>
        <target id="w_11"/>
      </span>
      <sentiment polarity="positive" resource="VUA_olery_lexicon_nl_lmf"/>
    </term>
    <term tid="t_12" lemma="netjes" type="open" pos="G">
      <span>
        <target id="w_12"/>
      </span>
      <sentiment polarity="positive" resource="VUA_olery_lexicon_nl_lmf"/>
    </term>
    <term tid="t_13" lemma="je" type="open">
      <span>
        <target id="w_13"/>
      </span>
    </term>
    <term tid="t_14" lemma="kan" type="open">
      <span>
        <target id="w_14"/>
      </span>
    </term>
    <term tid="t_15" lemma="met" type="open">
      <span>
        <target id="w_15"/>
      </span>
    </term>
    <term tid="t_16" lemma="een" type="open">
      <span>
        <target id="w_16"/>
      </span>
    </term>
    <term tid="t_17" lemma="gratis" type="open" pos="G">
      <span>
        <target id="w_17"/>
      </span>
      <sentiment polarity="positive" resource="VUA_olery_lexicon_nl_lmf"/>
    </term>
    <term tid="t_18" lemma="shuttelservice" type="open">
      <span>
        <target id="w_18"/>
      </span>
    </term>
    <term tid="t_19" lemma="naar" type="open" pos="G">
      <span>
        <target id="w_19"/>
      </span>
      <sentiment polarity="negative" resource="VUA_olery_lexicon_nl_lmf"/>
    </term>
    <term tid="t_20" lemma="diverse" type="open">
      <span>
        <target id="w_20"/>
      </span>
    </term>
    <term tid="t_21" lemma="winkelcentra" type="open">
      <span>
        <target id="w_21"/>
      </span>
    </term>
    <term tid="t_22" lemma="." type="open">
      <span>
        <target id="w_22"/>
      </span>
    </term>
    <term tid="t_23" lemma="het" type="open">
      <span>
        <target id="w_23"/>
      </span>
    </term>
    <term tid="t_24" lemma="hotel" type="open">
      <span>
        <target id="w_24"/>
      </span>
    </term>
    <term tid="t_25" lemma="zit" type="open">
      <span>
        <target id="w_25"/>
      </span>
    </term>
    <term tid="t_26" lemma="aan" type="open">
      <span>
        <target id="w_26"/>
      </span>
    </term>
    <term tid="t_27" lemma="een" type="open">
      <span>
        <target id="w_27"/>
      </span>
    </term>
    <term tid="t_28" lemma="gezellige" type="open">
      <span>
        <target id="w_28"/>
      </span>
    </term>
    <term tid="t_29" lemma="boulevard" type="open">
      <span>
        <target id="w_29"/>
      </span>
    </term>
    <term tid="t_30" lemma="´the" type="open">
      <span>
        <target id="w_30"/>
      </span>
    </term>
    <term tid="t_31" lemma="walk" type="open">
      <span>
        <target id="w_31"/>
      </span>
    </term>
    <term tid="t_32" lemma="`" type="open">
      <span>
        <target id="w_32"/>
      </span>
    </term>
    <term tid="t_33" lemma="genaamd" type="open">
      <span>
        <target id="w_33"/>
      </span>
    </term>
    <term tid="t_34" lemma="." type="open">
      <span>
        <target id="w_34"/>
      </span>
    </term>
    <term tid="t_35" lemma="wij" type="open">
      <span>
        <target id="w_35"/>
      </span>
    </term>
    <term tid="t_36" lemma="hebben" type="open">
      <span>
        <target id="w_36"/>
      </span>
    </term>
    <term tid="t_37" lemma="niet" type="open">
      <span>
        <target id="w_37"/>
      </span>
      <sentiment sentiment_modifier="shifter" resource="VUA_olery_lexicon_nl_lmf"/>
    </term>
    <term tid="t_38" lemma="in" type="open">
      <span>
        <target id="w_38"/>
      </span>
    </term>
    <term tid="t_39" lemma="het" type="open">
      <span>
        <target id="w_39"/>
      </span>
    </term>
    <term tid="t_40" lemma="hotel" type="open">
      <span>
        <target id="w_40"/>
      </span>
    </term>
    <term tid="t_41" lemma="gegeten" type="open">
      <span>
        <target id="w_41"/>
      </span>
    </term>
    <term tid="t_42" lemma="," type="open">
      <span>
        <target id="w_42"/>
      </span>
    </term>
    <term tid="t_43" lemma="omdat" type="open">
      <span>
        <target id="w_43"/>
      </span>
    </term>
    <term tid="t_44" lemma="er" type="open">
      <span>
        <target id="w_44"/>
      </span>
    </term>
    <term tid="t_45" lemma="veel" type="open">
      <span>
        <target id="w_45"/>
      </span>
    </term>
    <term tid="t_46" lemma="gezellige" type="open">
      <span>
        <target id="w_46"/>
      </span>
    </term>
    <term tid="t_47" lemma="," type="open">
      <span>
        <target id="w_47"/>
      </span>
    </term>
    <term tid="t_48" lemma="goede" type="open" pos="G">
      <span>
        <target id="w_48"/>
      </span>
      <sentiment polarity="positive" resource="VUA_olery_lexicon_nl_lmf"/>
    </term>
    <term tid="t_49" lemma="en" type="open">
      <span>
        <target id="w_49"/>
      </span>
    </term>
    <term tid="t_50" lemma="betaalbare" type="open">
      <span>
        <target id="w_50"/>
      </span>
    </term>
    <term tid="t_51" lemma="eetgelegenheden" type="open">
      <span>
        <target id="w_51"/>
      </span>
    </term>
    <term tid="t_52" lemma="naast" type="open">
      <span>
        <target id="w_52"/>
      </span>
    </term>
    <term tid="t_53" lemma="het" type="open">
      <span>
        <target id="w_53"/>
      </span>
    </term>
    <term tid="t_54" lemma="hotel" type="open">
      <span>
        <target id="w_54"/>
      </span>
    </term>
    <term tid="t_55" lemma="zijn" type="open">
      <span>
        <target id="w_55"/>
      </span>
    </term>
    <term tid="t_56" lemma="." type="open">
      <span>
        <target id="w_56"/>
      </span>
    </term>
    <term tid="t_57" lemma="bier" type="open">
      <span>
        <target id="w_57"/>
      </span>
    </term>
    <term tid="t_58" lemma="en" type="open">
      <span>
        <target id="w_58"/>
      </span>
    </term>
    <term tid="t_59" lemma="wijn" type="open">
      <span>
        <target id="w_59"/>
      </span>
    </term>
    <term tid="t_60" lemma="is" type="open">
      <span>
        <target id="w_60"/>
      </span>
    </term>
    <term tid="t_61" lemma="beperkt" type="open" pos="G">
      <span>
        <target id="w_61"/>
      </span>
      <sentiment polarity="negative" resource="VUA_olery_lexicon_nl_lmf"/>
    </term>
    <term tid="t_62" lemma="verkrijgbaar" type="open">
      <span>
        <target id="w_62"/>
      </span>
    </term>
    <term tid="t_63" lemma="." type="open">
      <span>
        <target id="w_63"/>
      </span>
    </term>
    <term tid="t_64" lemma="het" type="open">
      <span>
        <target id="w_64"/>
      </span>
    </term>
    <term tid="t_65" lemma="strand" type="open">
      <span>
        <target id="w_65"/>
      </span>
    </term>
    <term tid="t_66" lemma="is" type="open">
      <span>
        <target id="w_66"/>
      </span>
    </term>
    <term tid="t_67" lemma="lekker" type="open" pos="G">
      <span>
        <target id="w_67"/>
      </span>
      <sentiment polarity="positive" resource="VUA_olery_lexicon_nl_lmf"/>
    </term>
    <term tid="t_68" lemma="en" type="open">
      <span>
        <target id="w_68"/>
      </span>
    </term>
    <term tid="t_69" lemma="het" type="open">
      <span>
        <target id="w_69"/>
      </span>
    </term>
    <term tid="t_70" lemma="zwembad" type="open">
      <span>
        <target id="w_70"/>
      </span>
    </term>
    <term tid="t_71" lemma="bij" type="open">
      <span>
        <target id="w_71"/>
      </span>
    </term>
    <term tid="t_72" lemma="het" type="open">
      <span>
        <target id="w_72"/>
      </span>
    </term>
    <term tid="t_73" lemma="hotel" type="open">
      <span>
        <target id="w_73"/>
      </span>
    </term>
    <term tid="t_74" lemma="wat" type="open">
      <span>
        <target id="w_74"/>
      </span>
    </term>
    <term tid="t_75" lemma="klein" type="open">
      <span>
        <target id="w_75"/>
      </span>
    </term>
    <term tid="t_76" lemma="." type="open">
      <span>
        <target id="w_76"/>
      </span>
    </term>
    <term tid="t_77" lemma="veel" type="open">
      <span>
        <target id="w_77"/>
      </span>
    </term>
    <term tid="t_78" lemma="bezienswaardigheden" type="open">
      <span>
        <target id="w_78"/>
      </span>
    </term>
    <term tid="t_79" lemma="zijn" type="open">
      <span>
        <target id="w_79"/>
      </span>
    </term>
    <term tid="t_80" lemma="met" type="open">
      <span>
        <target id="w_80"/>
      </span>
    </term>
    <term tid="t_81" lemma="de" type="open">
      <span>
        <target id="w_81"/>
      </span>
    </term>
    <term tid="t_82" lemma="bus" type="open">
      <span>
        <target id="w_82"/>
      </span>
    </term>
    <term tid="t_83" lemma="of" type="open">
      <span>
        <target id="w_83"/>
      </span>
    </term>
    <term tid="t_84" lemma="taxi" type="open">
      <span>
        <target id="w_84"/>
      </span>
    </term>
    <term tid="t_85" lemma="goed" type="open" pos="G">
      <span>
        <target id="w_85"/>
      </span>
      <sentiment polarity="positive" resource="VUA_olery_lexicon_nl_lmf"/>
    </term>
    <term tid="t_86" lemma="te" type="open">
      <span>
        <target id="w_86"/>
      </span>
    </term>
    <term tid="t_87" lemma="bereiken" type="open" pos="V">
      <span>
        <target id="w_87"/>
      </span>
      <sentiment polarity="positive" resource="VUA_olery_lexicon_nl_lmf"/>
    </term>
    <term tid="t_88" lemma="." type="open">
      <span>
        <target id="w_88"/>
      </span>
    </term>
  </terms>
  <entities>
    <entity type="MISC" eid="e_1">
      <span>
        <target id="t_2"/>
      </span>
      <span>
        <target id="t_55"/>
      </span>
      <span>
        <target id="t_79"/>
      </span>
    </entity>
  </entities>
  <properties>
    <property type="value_for_money" pid="p_1">
      <span>
        <target id="t_17"/>
      </span>
    </property>
    <property type="room" pid="p_2">
      <span>
        <target id="t_12"/>
      </span>
    </property>
    <property type="restaurant" pid="p_3">
      <span>
        <target id="t_57"/>
      </span>
      <span>
        <target id="t_59"/>
      </span>
      <span>
        <target id="t_67"/>
      </span>
    </property>
    <property type="facilities" pid="p_4">
      <span>
        <target id="t_65"/>
      </span>
      <span>
        <target id="t_84"/>
      </span>
    </property>
    <property type="swimming_pool" pid="p_5">
      <span>
        <target id="t_70"/>
      </span>
    </property>
    <property type="location" pid="p_6">
      <span>
        <target id="t_29"/>
      </span>
      <span>
        <target id="t_82"/>
      </span>
    </property>
    <property type="staff" pid="p_7">
      <span>
        <target id="t_9"/>
      </span>
    </property>
  </properties>
  <opinions>
    <opinion oid="o_1">
      <opinion_target>
        <span>
          <target id="t_9"/>
        </span>
      </opinion_target>
      <opinion_expression polarity="positive" strength="2">
        <span>
          <target id="t_11"/>
          <target id="t_12"/>
        </span>
      </opinion_expression>
    </opinion>
    <opinion oid="o_2">
      <opinion_target>
        <span>
          <target id="t_18"/>
        </span>
      </opinion_target>
      <opinion_expression polarity="positive" strength="1">
        <span>
          <target id="t_17"/>
        </span>
      </opinion_expression>
    </opinion>
    <opinion oid="o_3">
      <opinion_target>
        <span>
          <target id="t_20"/>
        </span>
      </opinion_target>
      <opinion_expression polarity="negative" strength="-1">
        <span>
          <target id="t_19"/>
        </span>
      </opinion_expression>
    </opinion>
    <opinion oid="o_4">
      <opinion_target>
        <span>
          <target id="t_50"/>
        </span>
      </opinion_target>
      <opinion_expression polarity="positive" strength="1">
        <span>
          <target id="t_48"/>
        </span>
      </opinion_expression>
    </opinion>
    <opinion oid="o_5">
      <opinion_target>
        <span>
          <target id="t_62"/>
        </span>
      </opinion_target>
      <opinion_expression polarity="negative" strength="-1">
        <span>
          <target id="t_61"/>
        </span>
      </opinion_expression>
    </opinion>
    <opinion oid="o_6">
      <opinion_target>
        <span>
          <target id="t_70"/>
        </span>
      </opinion_target>
      <opinion_expression polarity="positive" strength="1">
        <span>
          <target id="t_67"/>
        </span>
      </opinion_expression>
    </opinion>
    <opinion oid="o_7">
      <opinion_target>
        <span>
          <target id="t_84"/>
        </span>
      </opinion_target>
      <opinion_expression polarity="positive" strength="1">
        <span>
          <target id="t_85"/>
        </span>
      </opinion_expression>
    </opinion>
  </opinions>
</KAF>
