<?xml version='1.0' encoding='UTF-8'?>
<KAF xml:lang="nl">
  <linguisticProcessors layer="text">
    <lp timestamp="2013-01-06T18:32:31CET" version="2.0" name="SentenceTokenizer"/>
  </linguisticProcessors>
  <linguisticProcessors layer="terms">
    <lp timestamp="2013-01-06T18:32:31CET" version="2.0" name="SentenceTokenizer"/>
    <lp timestamp="2013-01-06T18:32:32CET" version="1.0" name="SimplePolarityTagger"/>
  </linguisticProcessors>
  <linguisticProcessor layer="opinions">
    <lp timestamp="2013-01-06T18:32:32CET" version="1.0" name="SimpleOpinionDetector"/>
  </linguisticProcessor>
  <linguisticProcessor layer="properties">
    <lp timestamp="2013-01-06T18:32:32CET" version="1.0" name="SimplePropRecognizer_lookup"/>
  </linguisticProcessor>
  <linguisticProcessor layer="entities">
    <lp timestamp="2013-01-06T18:32:32CET" version="1.0" name="SimpleNER_lookup"/>
  </linguisticProcessor>
  <text>
    <wf wid="w_1" para="1" sent="1">Net</wf>
    <wf wid="w_2" para="1" sent="1">terug</wf>
    <wf wid="w_3" para="1" sent="1">van</wf>
    <wf wid="w_4" para="1" sent="1">een</wf>
    <wf wid="w_5" para="1" sent="1">week</wf>
    <wf wid="w_6" para="1" sent="1">Curacao</wf>
    <wf wid="w_7" para="1" sent="1">.</wf>
    <wf wid="w_8" para="1" sent="2">We</wf>
    <wf wid="w_9" para="1" sent="2">hebben</wf>
    <wf wid="w_10" para="1" sent="2">gelogeerd</wf>
    <wf wid="w_11" para="1" sent="2">in</wf>
    <wf wid="w_12" para="1" sent="2">het</wf>
    <wf wid="w_13" para="1" sent="2">Floris</wf>
    <wf wid="w_14" para="1" sent="2">Suite</wf>
    <wf wid="w_15" para="1" sent="2">hotel</wf>
    <wf wid="w_16" para="1" sent="2">en</wf>
    <wf wid="w_17" para="1" sent="2">het</wf>
    <wf wid="w_18" para="1" sent="2">was</wf>
    <wf wid="w_19" para="1" sent="2">heerlijk</wf>
    <wf wid="w_20" para="1" sent="2">.</wf>
    <wf wid="w_21" para="1" sent="3">Prachtig</wf>
    <wf wid="w_22" para="1" sent="3">hotel</wf>
    <wf wid="w_23" para="1" sent="3">met</wf>
    <wf wid="w_24" para="1" sent="3">een</wf>
    <wf wid="w_25" para="1" sent="3">moderne</wf>
    <wf wid="w_26" para="1" sent="3">inrichting</wf>
    <wf wid="w_27" para="1" sent="3">.</wf>
    <wf wid="w_28" para="1" sent="4">Kamer</wf>
    <wf wid="w_29" para="1" sent="4">was</wf>
    <wf wid="w_30" para="1" sent="4">ruim</wf>
    <wf wid="w_31" para="1" sent="4">met</wf>
    <wf wid="w_32" para="1" sent="4">prima</wf>
    <wf wid="w_33" para="1" sent="4">bedden</wf>
    <wf wid="w_34" para="1" sent="4">.</wf>
    <wf wid="w_35" para="1" sent="5">Ontbijt</wf>
    <wf wid="w_36" para="1" sent="5">zeer</wf>
    <wf wid="w_37" para="1" sent="5">uitgebereid</wf>
    <wf wid="w_38" para="1" sent="5">.</wf>
    <wf wid="w_39" para="1" sent="6">Bijzonder</wf>
    <wf wid="w_40" para="1" sent="6">vriendelijk</wf>
    <wf wid="w_41" para="1" sent="6">personeel</wf>
    <wf wid="w_42" para="1" sent="6">,</wf>
    <wf wid="w_43" para="1" sent="6">zeer</wf>
    <wf wid="w_44" para="1" sent="6">behulpzaam</wf>
    <wf wid="w_45" para="1" sent="6">en</wf>
    <wf wid="w_46" para="1" sent="6">attent</wf>
    <wf wid="w_47" para="1" sent="6">.</wf>
    <wf wid="w_48" para="1" sent="7">Hook</wf>
    <wf wid="w_49" para="1" sent="7">'</wf>
    <wf wid="w_50" para="1" sent="7">s</wf>
    <wf wid="w_51" para="1" sent="7">Hut</wf>
    <wf wid="w_52" para="1" sent="7">(</wf>
    <wf wid="w_53" para="1" sent="7">op</wf>
    <wf wid="w_54" para="1" sent="7">loopafstand</wf>
    <wf wid="w_55" para="1" sent="7">)</wf>
    <wf wid="w_56" para="1" sent="7">is</wf>
    <wf wid="w_57" para="1" sent="7">zeker</wf>
    <wf wid="w_58" para="1" sent="7">de</wf>
    <wf wid="w_59" para="1" sent="7">moeite</wf>
    <wf wid="w_60" para="1" sent="7">waard</wf>
    <wf wid="w_61" para="1" sent="7">om</wf>
    <wf wid="w_62" para="1" sent="7">een</wf>
    <wf wid="w_63" para="1" sent="7">drankje</wf>
    <wf wid="w_64" para="1" sent="7">te</wf>
    <wf wid="w_65" para="1" sent="7">doen</wf>
    <wf wid="w_66" para="1" sent="7">en</wf>
    <wf wid="w_67" para="1" sent="7">je</wf>
    <wf wid="w_68" para="1" sent="7">kunt</wf>
    <wf wid="w_69" para="1" sent="7">er</wf>
    <wf wid="w_70" para="1" sent="7">prima</wf>
    <wf wid="w_71" para="1" sent="7">eten</wf>
    <wf wid="w_72" para="1" sent="7">.</wf>
    <wf wid="w_73" para="1" sent="8">Tafels</wf>
    <wf wid="w_74" para="1" sent="8">staan</wf>
    <wf wid="w_75" para="1" sent="8">op</wf>
    <wf wid="w_76" para="1" sent="8">het</wf>
    <wf wid="w_77" para="1" sent="8">strand</wf>
    <wf wid="w_78" para="1" sent="8">.</wf>
    <wf wid="w_79" para="1" sent="9">Het</wf>
    <wf wid="w_80" para="1" sent="9">ultime</wf>
    <wf wid="w_81" para="1" sent="9">vakantie</wf>
    <wf wid="w_82" para="1" sent="9">gevoel</wf>
    <wf wid="w_83" para="1" sent="9">.</wf>
    <wf wid="w_84" para="1" sent="10">Kortom</wf>
    <wf wid="w_85" para="1" sent="10">wat</wf>
    <wf wid="w_86" para="1" sent="10">ons</wf>
    <wf wid="w_87" para="1" sent="10">getreft</wf>
    <wf wid="w_88" para="1" sent="10">is</wf>
    <wf wid="w_89" para="1" sent="10">Floris</wf>
    <wf wid="w_90" para="1" sent="10">suite</wf>
    <wf wid="w_91" para="1" sent="10">een</wf>
    <wf wid="w_92" para="1" sent="10">aanrader</wf>
    <wf wid="w_93" para="1" sent="10">.</wf>
    <wf wid="w_94" para="1" sent="11">We</wf>
    <wf wid="w_95" para="1" sent="11">een</wf>
    <wf wid="w_96" para="1" sent="11">auto</wf>
    <wf wid="w_97" para="1" sent="11">huren</wf>
    <wf wid="w_98" para="1" sent="11">!</wf>
  </text>
  <terms>
    <term tid="t_1" lemma="net" type="open" pos="G">
      <span>
        <target id="w_1"/>
      </span>
      <sentiment polarity="positive" resource="VUA_olery_lexicon_nl_lmf"/>
    </term>
    <term tid="t_2" lemma="terug" type="open">
      <span>
        <target id="w_2"/>
      </span>
    </term>
    <term tid="t_3" lemma="van" type="open">
      <span>
        <target id="w_3"/>
      </span>
    </term>
    <term tid="t_4" lemma="een" type="open">
      <span>
        <target id="w_4"/>
      </span>
    </term>
    <term tid="t_5" lemma="week" type="open">
      <span>
        <target id="w_5"/>
      </span>
    </term>
    <term tid="t_6" lemma="curacao" type="open">
      <span>
        <target id="w_6"/>
      </span>
    </term>
    <term tid="t_7" lemma="." type="open">
      <span>
        <target id="w_7"/>
      </span>
    </term>
    <term tid="t_8" lemma="we" type="open">
      <span>
        <target id="w_8"/>
      </span>
    </term>
    <term tid="t_9" lemma="hebben" type="open">
      <span>
        <target id="w_9"/>
      </span>
    </term>
    <term tid="t_10" lemma="gelogeerd" type="open">
      <span>
        <target id="w_10"/>
      </span>
    </term>
    <term tid="t_11" lemma="in" type="open">
      <span>
        <target id="w_11"/>
      </span>
    </term>
    <term tid="t_12" lemma="het" type="open">
      <span>
        <target id="w_12"/>
      </span>
    </term>
    <term tid="t_13" lemma="floris" type="open">
      <span>
        <target id="w_13"/>
      </span>
    </term>
    <term tid="t_14" lemma="suite" type="open">
      <span>
        <target id="w_14"/>
      </span>
    </term>
    <term tid="t_15" lemma="hotel" type="open">
      <span>
        <target id="w_15"/>
      </span>
    </term>
    <term tid="t_16" lemma="en" type="open">
      <span>
        <target id="w_16"/>
      </span>
    </term>
    <term tid="t_17" lemma="het" type="open">
      <span>
        <target id="w_17"/>
      </span>
    </term>
    <term tid="t_18" lemma="was" type="open">
      <span>
        <target id="w_18"/>
      </span>
    </term>
    <term tid="t_19" lemma="heerlijk" type="open" pos="G">
      <span>
        <target id="w_19"/>
      </span>
      <sentiment polarity="positive" resource="VUA_olery_lexicon_nl_lmf"/>
    </term>
    <term tid="t_20" lemma="." type="open">
      <span>
        <target id="w_20"/>
      </span>
    </term>
    <term tid="t_21" lemma="prachtig" type="open" pos="G">
      <span>
        <target id="w_21"/>
      </span>
      <sentiment polarity="positive" resource="VUA_olery_lexicon_nl_lmf"/>
    </term>
    <term tid="t_22" lemma="hotel" type="open">
      <span>
        <target id="w_22"/>
      </span>
    </term>
    <term tid="t_23" lemma="met" type="open">
      <span>
        <target id="w_23"/>
      </span>
    </term>
    <term tid="t_24" lemma="een" type="open">
      <span>
        <target id="w_24"/>
      </span>
    </term>
    <term tid="t_25" lemma="moderne" type="open">
      <span>
        <target id="w_25"/>
      </span>
    </term>
    <term tid="t_26" lemma="inrichting" type="open">
      <span>
        <target id="w_26"/>
      </span>
    </term>
    <term tid="t_27" lemma="." type="open">
      <span>
        <target id="w_27"/>
      </span>
    </term>
    <term tid="t_28" lemma="kamer" type="open">
      <span>
        <target id="w_28"/>
      </span>
    </term>
    <term tid="t_29" lemma="was" type="open">
      <span>
        <target id="w_29"/>
      </span>
    </term>
    <term tid="t_30" lemma="ruim" type="open">
      <span>
        <target id="w_30"/>
      </span>
    </term>
    <term tid="t_31" lemma="met" type="open">
      <span>
        <target id="w_31"/>
      </span>
    </term>
    <term tid="t_32" lemma="prima" type="open" pos="G">
      <span>
        <target id="w_32"/>
      </span>
      <sentiment polarity="positive" resource="VUA_olery_lexicon_nl_lmf"/>
    </term>
    <term tid="t_33" lemma="bedden" type="open">
      <span>
        <target id="w_33"/>
      </span>
    </term>
    <term tid="t_34" lemma="." type="open">
      <span>
        <target id="w_34"/>
      </span>
    </term>
    <term tid="t_35" lemma="ontbijt" type="open">
      <span>
        <target id="w_35"/>
      </span>
    </term>
    <term tid="t_36" lemma="zeer" type="open">
      <span>
        <target id="w_36"/>
      </span>
      <sentiment sentiment_modifier="intensifier" resource="VUA_olery_lexicon_nl_lmf"/>
    </term>
    <term tid="t_37" lemma="uitgebereid" type="open">
      <span>
        <target id="w_37"/>
      </span>
    </term>
    <term tid="t_38" lemma="." type="open">
      <span>
        <target id="w_38"/>
      </span>
    </term>
    <term tid="t_39" lemma="bijzonder" type="open">
      <span>
        <target id="w_39"/>
      </span>
      <sentiment sentiment_modifier="intensifier" resource="VUA_olery_lexicon_nl_lmf"/>
    </term>
    <term tid="t_40" lemma="vriendelijk" type="open" pos="G">
      <span>
        <target id="w_40"/>
      </span>
      <sentiment polarity="positive" resource="VUA_olery_lexicon_nl_lmf"/>
    </term>
    <term tid="t_41" lemma="personeel" type="open">
      <span>
        <target id="w_41"/>
      </span>
    </term>
    <term tid="t_42" lemma="," type="open">
      <span>
        <target id="w_42"/>
      </span>
    </term>
    <term tid="t_43" lemma="zeer" type="open">
      <span>
        <target id="w_43"/>
      </span>
      <sentiment sentiment_modifier="intensifier" resource="VUA_olery_lexicon_nl_lmf"/>
    </term>
    <term tid="t_44" lemma="behulpzaam" type="open" pos="G">
      <span>
        <target id="w_44"/>
      </span>
      <sentiment polarity="positive" resource="VUA_olery_lexicon_nl_lmf"/>
    </term>
    <term tid="t_45" lemma="en" type="open">
      <span>
        <target id="w_45"/>
      </span>
    </term>
    <term tid="t_46" lemma="attent" type="open" pos="G">
      <span>
        <target id="w_46"/>
      </span>
      <sentiment polarity="positive" resource="VUA_olery_lexicon_nl_lmf"/>
    </term>
    <term tid="t_47" lemma="." type="open">
      <span>
        <target id="w_47"/>
      </span>
    </term>
    <term tid="t_48" lemma="hook" type="open">
      <span>
        <target id="w_48"/>
      </span>
    </term>
    <term tid="t_49" lemma="'" type="open">
      <span>
        <target id="w_49"/>
      </span>
    </term>
    <term tid="t_50" lemma="s" type="open">
      <span>
        <target id="w_50"/>
      </span>
    </term>
    <term tid="t_51" lemma="hut" type="open">
      <span>
        <target id="w_51"/>
      </span>
    </term>
    <term tid="t_52" lemma="(" type="open">
      <span>
        <target id="w_52"/>
      </span>
    </term>
    <term tid="t_53" lemma="op" type="open">
      <span>
        <target id="w_53"/>
      </span>
    </term>
    <term tid="t_54" lemma="loopafstand" type="open" pos="N">
      <span>
        <target id="w_54"/>
      </span>
      <sentiment polarity="positive" resource="VUA_olery_lexicon_nl_lmf"/>
    </term>
    <term tid="t_55" lemma=")" type="open">
      <span>
        <target id="w_55"/>
      </span>
    </term>
    <term tid="t_56" lemma="is" type="open">
      <span>
        <target id="w_56"/>
      </span>
    </term>
    <term tid="t_57" lemma="zeker" type="open">
      <span>
        <target id="w_57"/>
      </span>
    </term>
    <term tid="t_58" lemma="de" type="open">
      <span>
        <target id="w_58"/>
      </span>
    </term>
    <term tid="t_59" lemma="moeite" type="open" pos="N">
      <span>
        <target id="w_59"/>
      </span>
      <sentiment polarity="negative" resource="VUA_olery_lexicon_nl_lmf"/>
    </term>
    <term tid="t_60" lemma="waard" type="open">
      <span>
        <target id="w_60"/>
      </span>
    </term>
    <term tid="t_61" lemma="om" type="open">
      <span>
        <target id="w_61"/>
      </span>
    </term>
    <term tid="t_62" lemma="een" type="open">
      <span>
        <target id="w_62"/>
      </span>
    </term>
    <term tid="t_63" lemma="drankje" type="open">
      <span>
        <target id="w_63"/>
      </span>
    </term>
    <term tid="t_64" lemma="te" type="open">
      <span>
        <target id="w_64"/>
      </span>
    </term>
    <term tid="t_65" lemma="doen" type="open">
      <span>
        <target id="w_65"/>
      </span>
    </term>
    <term tid="t_66" lemma="en" type="open">
      <span>
        <target id="w_66"/>
      </span>
    </term>
    <term tid="t_67" lemma="je" type="open">
      <span>
        <target id="w_67"/>
      </span>
    </term>
    <term tid="t_68" lemma="kunt" type="open">
      <span>
        <target id="w_68"/>
      </span>
    </term>
    <term tid="t_69" lemma="er" type="open">
      <span>
        <target id="w_69"/>
      </span>
    </term>
    <term tid="t_70" lemma="prima" type="open" pos="G">
      <span>
        <target id="w_70"/>
      </span>
      <sentiment polarity="positive" resource="VUA_olery_lexicon_nl_lmf"/>
    </term>
    <term tid="t_71" lemma="eten" type="open">
      <span>
        <target id="w_71"/>
      </span>
    </term>
    <term tid="t_72" lemma="." type="open">
      <span>
        <target id="w_72"/>
      </span>
    </term>
    <term tid="t_73" lemma="tafels" type="open">
      <span>
        <target id="w_73"/>
      </span>
    </term>
    <term tid="t_74" lemma="staan" type="open">
      <span>
        <target id="w_74"/>
      </span>
    </term>
    <term tid="t_75" lemma="op" type="open">
      <span>
        <target id="w_75"/>
      </span>
    </term>
    <term tid="t_76" lemma="het" type="open">
      <span>
        <target id="w_76"/>
      </span>
    </term>
    <term tid="t_77" lemma="strand" type="open">
      <span>
        <target id="w_77"/>
      </span>
    </term>
    <term tid="t_78" lemma="." type="open">
      <span>
        <target id="w_78"/>
      </span>
    </term>
    <term tid="t_79" lemma="het" type="open">
      <span>
        <target id="w_79"/>
      </span>
    </term>
    <term tid="t_80" lemma="ultime" type="open">
      <span>
        <target id="w_80"/>
      </span>
    </term>
    <term tid="t_81" lemma="vakantie" type="open">
      <span>
        <target id="w_81"/>
      </span>
    </term>
    <term tid="t_82" lemma="gevoel" type="open">
      <span>
        <target id="w_82"/>
      </span>
    </term>
    <term tid="t_83" lemma="." type="open">
      <span>
        <target id="w_83"/>
      </span>
    </term>
    <term tid="t_84" lemma="kortom" type="open">
      <span>
        <target id="w_84"/>
      </span>
    </term>
    <term tid="t_85" lemma="wat" type="open">
      <span>
        <target id="w_85"/>
      </span>
    </term>
    <term tid="t_86" lemma="ons" type="open">
      <span>
        <target id="w_86"/>
      </span>
    </term>
    <term tid="t_87" lemma="getreft" type="open">
      <span>
        <target id="w_87"/>
      </span>
    </term>
    <term tid="t_88" lemma="is" type="open">
      <span>
        <target id="w_88"/>
      </span>
    </term>
    <term tid="t_89" lemma="floris" type="open">
      <span>
        <target id="w_89"/>
      </span>
    </term>
    <term tid="t_90" lemma="suite" type="open">
      <span>
        <target id="w_90"/>
      </span>
    </term>
    <term tid="t_91" lemma="een" type="open">
      <span>
        <target id="w_91"/>
      </span>
    </term>
    <term tid="t_92" lemma="aanrader" type="open" pos="N">
      <span>
        <target id="w_92"/>
      </span>
      <sentiment polarity="positive" resource="VUA_olery_lexicon_nl_lmf"/>
    </term>
    <term tid="t_93" lemma="." type="open">
      <span>
        <target id="w_93"/>
      </span>
    </term>
    <term tid="t_94" lemma="we" type="open">
      <span>
        <target id="w_94"/>
      </span>
    </term>
    <term tid="t_95" lemma="een" type="open">
      <span>
        <target id="w_95"/>
      </span>
    </term>
    <term tid="t_96" lemma="auto" type="open">
      <span>
        <target id="w_96"/>
      </span>
    </term>
    <term tid="t_97" lemma="huren" type="open">
      <span>
        <target id="w_97"/>
      </span>
    </term>
    <term tid="t_98" lemma="!" type="open">
      <span>
        <target id="w_98"/>
      </span>
      <sentiment sentiment_modifier="intensifier" resource="VUA_olery_lexicon_nl_lmf"/>
    </term>
  </terms>
  <entities>
    <entity type="PER" eid="e_1">
      <span>
        <target id="t_8"/>
      </span>
      <span>
        <target id="t_94"/>
      </span>
    </entity>
    <entity type="ORG" eid="e_2">
      <span>
        <target id="t_28"/>
      </span>
    </entity>
    <entity type="PER" eid="e_3">
      <span>
        <target id="t_32"/>
      </span>
      <span>
        <target id="t_70"/>
      </span>
    </entity>
  </entities>
  <properties>
    <property type="room" pid="p_1">
      <span>
        <target id="t_14"/>
      </span>
      <span>
        <target id="t_28"/>
      </span>
      <span>
        <target id="t_90"/>
      </span>
    </property>
    <property type="restaurant" pid="p_2">
      <span>
        <target id="t_35"/>
      </span>
      <span>
        <target id="t_63"/>
      </span>
      <span>
        <target id="t_71"/>
      </span>
    </property>
    <property type="cleanliness" pid="p_3">
      <span>
        <target id="t_1"/>
      </span>
    </property>
    <property type="facilities" pid="p_4">
      <span>
        <target id="t_77"/>
      </span>
    </property>
    <property type="location" pid="p_5">
      <span>
        <target id="t_54"/>
      </span>
    </property>
    <property type="staff" pid="p_6">
      <span>
        <target id="t_40"/>
      </span>
      <span>
        <target id="t_41"/>
      </span>
      <span>
        <target id="t_44"/>
      </span>
      <span>
        <target id="t_46"/>
      </span>
    </property>
  </properties>
  <opinions>
    <opinion oid="o_1">
      <opinion_target>
        <span>
          <target id="t_2"/>
        </span>
      </opinion_target>
      <opinion_expression polarity="positive" strength="1">
        <span>
          <target id="t_1"/>
        </span>
      </opinion_expression>
    </opinion>
    <opinion oid="o_2">
      <opinion_holder>
        <span>
          <target id="t_8"/>
        </span>
      </opinion_holder>
      <opinion_target>
        <span>
          <target id="t_15"/>
        </span>
      </opinion_target>
      <opinion_expression polarity="positive" strength="1">
        <span>
          <target id="t_19"/>
        </span>
      </opinion_expression>
    </opinion>
    <opinion oid="o_3">
      <opinion_target>
        <span>
          <target id="t_22"/>
        </span>
      </opinion_target>
      <opinion_expression polarity="positive" strength="1">
        <span>
          <target id="t_21"/>
        </span>
      </opinion_expression>
    </opinion>
    <opinion oid="o_4">
      <opinion_target>
        <span>
          <target id="t_33"/>
        </span>
      </opinion_target>
      <opinion_expression polarity="positive" strength="1">
        <span>
          <target id="t_32"/>
        </span>
      </opinion_expression>
    </opinion>
    <opinion oid="o_5">
      <opinion_target>
        <span>
          <target id="t_41"/>
        </span>
      </opinion_target>
      <opinion_expression polarity="positive" strength="2">
        <span>
          <target id="t_40"/>
          <target id="t_39"/>
        </span>
      </opinion_expression>
    </opinion>
    <opinion oid="o_6">
      <opinion_target>
        <span>
          <target id="t_57"/>
        </span>
      </opinion_target>
      <opinion_expression polarity="positive" strength="1">
        <span>
          <target id="t_54"/>
        </span>
      </opinion_expression>
    </opinion>
    <opinion oid="o_7">
      <opinion_target>
        <span>
          <target id="t_60"/>
        </span>
      </opinion_target>
      <opinion_expression polarity="negative" strength="-1">
        <span>
          <target id="t_59"/>
        </span>
      </opinion_expression>
    </opinion>
    <opinion oid="o_8">
      <opinion_target>
        <span>
          <target id="t_71"/>
        </span>
      </opinion_target>
      <opinion_expression polarity="positive" strength="1">
        <span>
          <target id="t_70"/>
        </span>
      </opinion_expression>
    </opinion>
    <opinion oid="o_9">
      <opinion_target>
        <span>
          <target id="t_90"/>
        </span>
      </opinion_target>
      <opinion_expression polarity="positive" strength="1">
        <span>
          <target id="t_92"/>
        </span>
      </opinion_expression>
    </opinion>
  </opinions>
</KAF>
