<?xml version='1.0' encoding='UTF-8'?>
<KAF xml:lang="nl">
  <linguisticProcessors layer="text">
    <lp timestamp="2013-01-06T18:45:22CET" version="2.0" name="SentenceTokenizer"/>
  </linguisticProcessors>
  <linguisticProcessors layer="terms">
    <lp timestamp="2013-01-06T18:45:22CET" version="2.0" name="SentenceTokenizer"/>
    <lp timestamp="2013-01-06T18:45:22CET" version="1.0" name="SimplePolarityTagger"/>
  </linguisticProcessors>
  <linguisticProcessor layer="opinions">
    <lp timestamp="2013-01-06T18:45:22CET" version="1.0" name="SimpleOpinionDetector"/>
  </linguisticProcessor>
  <linguisticProcessor layer="properties">
    <lp timestamp="2013-01-06T18:45:22CET" version="1.0" name="SimplePropRecognizer_lookup"/>
  </linguisticProcessor>
  <linguisticProcessor layer="entities">
    <lp timestamp="2013-01-06T18:45:22CET" version="1.0" name="SimpleNER_lookup"/>
  </linguisticProcessor>
  <text>
    <wf wid="w_1" para="1" sent="1">Hotel</wf>
    <wf wid="w_2" para="1" sent="1">dringend</wf>
    <wf wid="w_3" para="1" sent="1">aan</wf>
    <wf wid="w_4" para="1" sent="1">vernieuwing</wf>
    <wf wid="w_5" para="1" sent="1">toe</wf>
    <wf wid="w_6" para="1" sent="1">.</wf>
    <wf wid="w_7" para="1" sent="2">Teleurstellend</wf>
    <wf wid="w_8" para="1" sent="2">voor</wf>
    <wf wid="w_9" para="1" sent="2">een</wf>
    <wf wid="w_10" para="1" sent="2">4</wf>
    <wf wid="w_11" para="1" sent="2">sterren</wf>
    <wf wid="w_12" para="1" sent="2">hotel</wf>
    <wf wid="w_13" para="1" sent="2">.</wf>
    <wf wid="w_14" para="1" sent="3">Kamers</wf>
    <wf wid="w_15" para="1" sent="3">zijn</wf>
    <wf wid="w_16" para="1" sent="3">aan</wf>
    <wf wid="w_17" para="1" sent="3">een</wf>
    <wf wid="w_18" para="1" sent="3">grondige</wf>
    <wf wid="w_19" para="1" sent="3">opknapbeurt</wf>
    <wf wid="w_20" para="1" sent="3">toe</wf>
    <wf wid="w_21" para="1" sent="3">.</wf>
    <wf wid="w_22" para="1" sent="4">Geen</wf>
    <wf wid="w_23" para="1" sent="4">airco</wf>
    <wf wid="w_24" para="1" sent="4">.</wf>
    <wf wid="w_25" para="1" sent="5">De</wf>
    <wf wid="w_26" para="1" sent="5">kamers</wf>
    <wf wid="w_27" para="1" sent="5">roken</wf>
    <wf wid="w_28" para="1" sent="5">muf</wf>
    <wf wid="w_29" para="1" sent="5">.</wf>
    <wf wid="w_30" para="1" sent="6">In</wf>
    <wf wid="w_31" para="1" sent="6">de</wf>
    <wf wid="w_32" para="1" sent="6">badkamer</wf>
    <wf wid="w_33" para="1" sent="6">geen</wf>
    <wf wid="w_34" para="1" sent="6">luxe</wf>
    <wf wid="w_35" para="1" sent="6">producten</wf>
    <wf wid="w_36" para="1" sent="6">meer</wf>
    <wf wid="w_37" para="1" sent="6">te</wf>
    <wf wid="w_38" para="1" sent="6">zien</wf>
    <wf wid="w_39" para="1" sent="6">.</wf>
    <wf wid="w_40" para="1" sent="7">Ontbijt</wf>
    <wf wid="w_41" para="1" sent="7">was</wf>
    <wf wid="w_42" para="1" sent="7">goed</wf>
    <wf wid="w_43" para="1" sent="7">.</wf>
    <wf wid="w_44" para="1" sent="8">Personeel</wf>
    <wf wid="w_45" para="1" sent="8">vriendelijk</wf>
    <wf wid="w_46" para="1" sent="8">en</wf>
    <wf wid="w_47" para="1" sent="8">behulpzaam</wf>
    <wf wid="w_48" para="1" sent="8">.</wf>
  </text>
  <terms>
    <term tid="t_1" lemma="hotel" type="open">
      <span>
        <target id="w_1"/>
      </span>
    </term>
    <term tid="t_2" lemma="dringend" type="open">
      <span>
        <target id="w_2"/>
      </span>
    </term>
    <term tid="t_3" lemma="aan" type="open">
      <span>
        <target id="w_3"/>
      </span>
    </term>
    <term tid="t_4" lemma="vernieuwing" type="open">
      <span>
        <target id="w_4"/>
      </span>
    </term>
    <term tid="t_5" lemma="toe" type="open">
      <span>
        <target id="w_5"/>
      </span>
    </term>
    <term tid="t_6" lemma="." type="open">
      <span>
        <target id="w_6"/>
      </span>
    </term>
    <term tid="t_7" lemma="teleurstellend" type="open">
      <span>
        <target id="w_7"/>
      </span>
    </term>
    <term tid="t_8" lemma="voor" type="open">
      <span>
        <target id="w_8"/>
      </span>
    </term>
    <term tid="t_9" lemma="een" type="open">
      <span>
        <target id="w_9"/>
      </span>
    </term>
    <term tid="t_10" lemma="4" type="open">
      <span>
        <target id="w_10"/>
      </span>
    </term>
    <term tid="t_11" lemma="sterren" type="open">
      <span>
        <target id="w_11"/>
      </span>
    </term>
    <term tid="t_12" lemma="hotel" type="open">
      <span>
        <target id="w_12"/>
      </span>
    </term>
    <term tid="t_13" lemma="." type="open">
      <span>
        <target id="w_13"/>
      </span>
    </term>
    <term tid="t_14" lemma="kamers" type="open">
      <span>
        <target id="w_14"/>
      </span>
    </term>
    <term tid="t_15" lemma="zijn" type="open">
      <span>
        <target id="w_15"/>
      </span>
    </term>
    <term tid="t_16" lemma="aan" type="open">
      <span>
        <target id="w_16"/>
      </span>
    </term>
    <term tid="t_17" lemma="een" type="open">
      <span>
        <target id="w_17"/>
      </span>
    </term>
    <term tid="t_18" lemma="grondige" type="open">
      <span>
        <target id="w_18"/>
      </span>
    </term>
    <term tid="t_19" lemma="opknapbeurt" type="open">
      <span>
        <target id="w_19"/>
      </span>
    </term>
    <term tid="t_20" lemma="toe" type="open">
      <span>
        <target id="w_20"/>
      </span>
    </term>
    <term tid="t_21" lemma="." type="open">
      <span>
        <target id="w_21"/>
      </span>
    </term>
    <term tid="t_22" lemma="geen" type="open">
      <span>
        <target id="w_22"/>
      </span>
      <sentiment sentiment_modifier="shifter" resource="VUA_olery_lexicon_nl_lmf"/>
    </term>
    <term tid="t_23" lemma="airco" type="open">
      <span>
        <target id="w_23"/>
      </span>
    </term>
    <term tid="t_24" lemma="." type="open">
      <span>
        <target id="w_24"/>
      </span>
    </term>
    <term tid="t_25" lemma="de" type="open">
      <span>
        <target id="w_25"/>
      </span>
    </term>
    <term tid="t_26" lemma="kamers" type="open">
      <span>
        <target id="w_26"/>
      </span>
    </term>
    <term tid="t_27" lemma="roken" type="open">
      <span>
        <target id="w_27"/>
      </span>
    </term>
    <term tid="t_28" lemma="muf" type="open" pos="G">
      <span>
        <target id="w_28"/>
      </span>
      <sentiment polarity="negative" resource="VUA_olery_lexicon_nl_lmf"/>
    </term>
    <term tid="t_29" lemma="." type="open">
      <span>
        <target id="w_29"/>
      </span>
    </term>
    <term tid="t_30" lemma="in" type="open">
      <span>
        <target id="w_30"/>
      </span>
    </term>
    <term tid="t_31" lemma="de" type="open">
      <span>
        <target id="w_31"/>
      </span>
    </term>
    <term tid="t_32" lemma="badkamer" type="open">
      <span>
        <target id="w_32"/>
      </span>
    </term>
    <term tid="t_33" lemma="geen" type="open">
      <span>
        <target id="w_33"/>
      </span>
      <sentiment sentiment_modifier="shifter" resource="VUA_olery_lexicon_nl_lmf"/>
    </term>
    <term tid="t_34" lemma="luxe" type="open" pos="N">
      <span>
        <target id="w_34"/>
      </span>
      <sentiment polarity="positive" resource="VUA_olery_lexicon_nl_lmf"/>
    </term>
    <term tid="t_35" lemma="producten" type="open">
      <span>
        <target id="w_35"/>
      </span>
    </term>
    <term tid="t_36" lemma="meer" type="open">
      <span>
        <target id="w_36"/>
      </span>
    </term>
    <term tid="t_37" lemma="te" type="open">
      <span>
        <target id="w_37"/>
      </span>
    </term>
    <term tid="t_38" lemma="zien" type="open">
      <span>
        <target id="w_38"/>
      </span>
    </term>
    <term tid="t_39" lemma="." type="open">
      <span>
        <target id="w_39"/>
      </span>
    </term>
    <term tid="t_40" lemma="ontbijt" type="open">
      <span>
        <target id="w_40"/>
      </span>
    </term>
    <term tid="t_41" lemma="was" type="open">
      <span>
        <target id="w_41"/>
      </span>
    </term>
    <term tid="t_42" lemma="goed" type="open" pos="G">
      <span>
        <target id="w_42"/>
      </span>
      <sentiment polarity="positive" resource="VUA_olery_lexicon_nl_lmf"/>
    </term>
    <term tid="t_43" lemma="." type="open">
      <span>
        <target id="w_43"/>
      </span>
    </term>
    <term tid="t_44" lemma="personeel" type="open">
      <span>
        <target id="w_44"/>
      </span>
    </term>
    <term tid="t_45" lemma="vriendelijk" type="open" pos="G">
      <span>
        <target id="w_45"/>
      </span>
      <sentiment polarity="positive" resource="VUA_olery_lexicon_nl_lmf"/>
    </term>
    <term tid="t_46" lemma="en" type="open">
      <span>
        <target id="w_46"/>
      </span>
    </term>
    <term tid="t_47" lemma="behulpzaam" type="open" pos="G">
      <span>
        <target id="w_47"/>
      </span>
      <sentiment polarity="positive" resource="VUA_olery_lexicon_nl_lmf"/>
    </term>
    <term tid="t_48" lemma="." type="open">
      <span>
        <target id="w_48"/>
      </span>
    </term>
  </terms>
  <entities>
    <entity type="MISC" eid="e_1">
      <span>
        <target id="t_15"/>
      </span>
    </entity>
  </entities>
  <properties>
    <property type="facilities" pid="p_1">
      <span>
        <target id="t_27"/>
      </span>
    </property>
    <property type="bathroom" pid="p_2">
      <span>
        <target id="t_32"/>
      </span>
    </property>
    <property type="staff" pid="p_3">
      <span>
        <target id="t_44"/>
      </span>
      <span>
        <target id="t_45"/>
      </span>
      <span>
        <target id="t_47"/>
      </span>
    </property>
    <property type="room" pid="p_4">
      <span>
        <target id="t_23"/>
      </span>
    </property>
    <property type="restaurant" pid="p_5">
      <span>
        <target id="t_40"/>
      </span>
    </property>
  </properties>
  <opinions>
    <opinion oid="o_1">
      <opinion_target>
        <span>
          <target id="t_27"/>
        </span>
      </opinion_target>
      <opinion_expression polarity="negative" strength="-1">
        <span>
          <target id="t_28"/>
        </span>
      </opinion_expression>
    </opinion>
    <opinion oid="o_2">
      <opinion_target>
        <span>
          <target id="t_35"/>
        </span>
      </opinion_target>
      <opinion_expression polarity="negative" strength="-1">
        <span>
          <target id="t_34"/>
          <target id="t_33"/>
        </span>
      </opinion_expression>
    </opinion>
    <opinion oid="o_3">
      <opinion_target>
        <span>
          <target id="t_40"/>
        </span>
      </opinion_target>
      <opinion_expression polarity="positive" strength="1">
        <span>
          <target id="t_42"/>
        </span>
      </opinion_expression>
    </opinion>
    <opinion oid="o_4">
      <opinion_target>
        <span>
          <target id="t_44"/>
        </span>
      </opinion_target>
      <opinion_expression polarity="positive" strength="2">
        <span>
          <target id="t_45"/>
          <target id="t_47"/>
        </span>
      </opinion_expression>
    </opinion>
  </opinions>
</KAF>
