<?xml version='1.0' encoding='UTF-8'?>
<KAF xml:lang="nl">
  <linguisticProcessors layer="text">
    <lp timestamp="2013-01-06T18:43:39CET" version="2.0" name="SentenceTokenizer"/>
  </linguisticProcessors>
  <linguisticProcessors layer="terms">
    <lp timestamp="2013-01-06T18:43:39CET" version="2.0" name="SentenceTokenizer"/>
    <lp timestamp="2013-01-06T18:43:39CET" version="1.0" name="SimplePolarityTagger"/>
  </linguisticProcessors>
  <linguisticProcessor layer="opinions">
    <lp timestamp="2013-01-06T18:43:39CET" version="1.0" name="SimpleOpinionDetector"/>
  </linguisticProcessor>
  <linguisticProcessor layer="properties">
    <lp timestamp="2013-01-06T18:43:39CET" version="1.0" name="SimplePropRecognizer_lookup"/>
  </linguisticProcessor>
  <linguisticProcessor layer="entities">
    <lp timestamp="2013-01-06T18:43:39CET" version="1.0" name="SimpleNER_lookup"/>
  </linguisticProcessor>
  <text>
    <wf wid="w_1" para="1" sent="1">Een</wf>
    <wf wid="w_2" para="1" sent="1">keer</wf>
    <wf wid="w_3" para="1" sent="1">maar</wf>
    <wf wid="w_4" para="1" sent="1">nooit</wf>
    <wf wid="w_5" para="1" sent="1">weer</wf>
    <wf wid="w_6" para="1" sent="1">.</wf>
    <wf wid="w_7" para="1" sent="2">We</wf>
    <wf wid="w_8" para="1" sent="2">hadden</wf>
    <wf wid="w_9" para="1" sent="2">hoge</wf>
    <wf wid="w_10" para="1" sent="2">verwachtingen</wf>
    <wf wid="w_11" para="1" sent="2">van</wf>
    <wf wid="w_12" para="1" sent="2">dit</wf>
    <wf wid="w_13" para="1" sent="2">hotel</wf>
    <wf wid="w_14" para="1" sent="2">,</wf>
    <wf wid="w_15" para="1" sent="2">gezien</wf>
    <wf wid="w_16" para="1" sent="2">de</wf>
    <wf wid="w_17" para="1" sent="2">prijs</wf>
    <wf wid="w_18" para="1" sent="2">en</wf>
    <wf wid="w_19" para="1" sent="2">dat</wf>
    <wf wid="w_20" para="1" sent="2">het</wf>
    <wf wid="w_21" para="1" sent="2">vier</wf>
    <wf wid="w_22" para="1" sent="2">sterren</wf>
    <wf wid="w_23" para="1" sent="2">bezit</wf>
    <wf wid="w_24" para="1" sent="2">en</wf>
    <wf wid="w_25" para="1" sent="2">we</wf>
    <wf wid="w_26" para="1" sent="2">hadden</wf>
    <wf wid="w_27" para="1" sent="2">een</wf>
    <wf wid="w_28" para="1" sent="2">superieure</wf>
    <wf wid="w_29" para="1" sent="2">kamer</wf>
    <wf wid="w_30" para="1" sent="2">genomen</wf>
    <wf wid="w_31" para="1" sent="2">.</wf>
    <wf wid="w_32" para="1" sent="3">Maar</wf>
    <wf wid="w_33" para="1" sent="3">helaas</wf>
    <wf wid="w_34" para="1" sent="3">zijn</wf>
    <wf wid="w_35" para="1" sent="3">die</wf>
    <wf wid="w_36" para="1" sent="3">niet</wf>
    <wf wid="w_37" para="1" sent="3">uitgekomen</wf>
    <wf wid="w_38" para="1" sent="3">,</wf>
    <wf wid="w_39" para="1" sent="3">de</wf>
    <wf wid="w_40" para="1" sent="3">minpunten</wf>
    <wf wid="w_41" para="1" sent="3">waren</wf>
    <wf wid="w_42" para="1" sent="3">:</wf>
    <wf wid="w_43" para="1" sent="3">-slechte</wf>
    <wf wid="w_44" para="1" sent="3">service</wf>
    <wf wid="w_45" para="1" sent="3">,</wf>
    <wf wid="w_46" para="1" sent="3">we</wf>
    <wf wid="w_47" para="1" sent="3">moesten</wf>
    <wf wid="w_48" para="1" sent="3">zelf</wf>
    <wf wid="w_49" para="1" sent="3">met</wf>
    <wf wid="w_50" para="1" sent="3">alle</wf>
    <wf wid="w_51" para="1" sent="3">tassen</wf>
    <wf wid="w_52" para="1" sent="3">slepen</wf>
    <wf wid="w_53" para="1" sent="3">ergens</wf>
    <wf wid="w_54" para="1" sent="3">vanachter</wf>
    <wf wid="w_55" para="1" sent="3">een</wf>
    <wf wid="w_56" para="1" sent="3">zwembad</wf>
    <wf wid="w_57" para="1" sent="3">naar</wf>
    <wf wid="w_58" para="1" sent="3">de</wf>
    <wf wid="w_59" para="1" sent="3">kamer</wf>
    <wf wid="w_60" para="1" sent="3">-onaardig</wf>
    <wf wid="w_61" para="1" sent="3">personeel</wf>
    <wf wid="w_62" para="1" sent="3">,</wf>
    <wf wid="w_63" para="1" sent="3">als</wf>
    <wf wid="w_64" para="1" sent="3">we</wf>
    <wf wid="w_65" para="1" sent="3">iets</wf>
    <wf wid="w_66" para="1" sent="3">vroegen</wf>
    <wf wid="w_67" para="1" sent="3">reageerden</wf>
    <wf wid="w_68" para="1" sent="3">ze</wf>
    <wf wid="w_69" para="1" sent="3">heel</wf>
    <wf wid="w_70" para="1" sent="3">arrogant</wf>
    <wf wid="w_71" para="1" sent="3">en</wf>
    <wf wid="w_72" para="1" sent="3">kortaf</wf>
    <wf wid="w_73" para="1" sent="3">,</wf>
    <wf wid="w_74" para="1" sent="3">ze</wf>
    <wf wid="w_75" para="1" sent="3">hebben</wf>
    <wf wid="w_76" para="1" sent="3">ons</wf>
    <wf wid="w_77" para="1" sent="3">niet</wf>
    <wf wid="w_78" para="1" sent="3">EEN</wf>
    <wf wid="w_79" para="1" sent="3">keer</wf>
    <wf wid="w_80" para="1" sent="3">aardig</wf>
    <wf wid="w_81" para="1" sent="3">benaderd</wf>
    <wf wid="w_82" para="1" sent="3">(hoeveel</wf>
    <wf wid="w_83" para="1" sent="3">moeite</wf>
    <wf wid="w_84" para="1" sent="3">is</wf>
    <wf wid="w_85" para="1" sent="3">het</wf>
    <wf wid="w_86" para="1" sent="3">om</wf>
    <wf wid="w_87" para="1" sent="3">ons</wf>
    <wf wid="w_88" para="1" sent="3">te</wf>
    <wf wid="w_89" para="1" sent="3">bedanken</wf>
    <wf wid="w_90" para="1" sent="3">voor</wf>
    <wf wid="w_91" para="1" sent="3">het</wf>
    <wf wid="w_92" para="1" sent="3">verblijf</wf>
    <wf wid="w_93" para="1" sent="3">,</wf>
    <wf wid="w_94" para="1" sent="3">of</wf>
    <wf wid="w_95" para="1" sent="3">ons</wf>
    <wf wid="w_96" para="1" sent="3">uberhaupt</wf>
    <wf wid="w_97" para="1" sent="3">welkom</wf>
    <wf wid="w_98" para="1" sent="3">te</wf>
    <wf wid="w_99" para="1" sent="3">heten</wf>
    <wf wid="w_100" para="1" sent="3">in</wf>
    <wf wid="w_101" para="1" sent="3">het</wf>
    <wf wid="w_102" para="1" sent="3">hotel</wf>
    <wf wid="w_103" para="1" sent="3">..</wf>
    <wf wid="w_104" para="1" sent="4">of</wf>
    <wf wid="w_105" para="1" sent="4">alleen</wf>
    <wf wid="w_106" para="1" sent="4">een</wf>
    <wf wid="w_107" para="1" sent="4">glimlach</wf>
    <wf wid="w_108" para="1" sent="4">in</wf>
    <wf wid="w_109" para="1" sent="4">plaats</wf>
    <wf wid="w_110" para="1" sent="4">van</wf>
    <wf wid="w_111" para="1" sent="4">een</wf>
    <wf wid="w_112" para="1" sent="4">bitse</wf>
    <wf wid="w_113" para="1" sent="4">bek</wf>
    <wf wid="w_114" para="1" sent="4">)</wf>
    <wf wid="w_115" para="1" sent="4">-kamers</wf>
    <wf wid="w_116" para="1" sent="4">waren</wf>
    <wf wid="w_117" para="1" sent="4">minimaal</wf>
    <wf wid="w_118" para="1" sent="4">ingericht</wf>
    <wf wid="w_119" para="1" sent="4">,</wf>
    <wf wid="w_120" para="1" sent="4">geen</wf>
    <wf wid="w_121" para="1" sent="4">minibar</wf>
    <wf wid="w_122" para="1" sent="4">,</wf>
    <wf wid="w_123" para="1" sent="4">of</wf>
    <wf wid="w_124" para="1" sent="4">koffie</wf>
    <wf wid="w_125" para="1" sent="4">en</wf>
    <wf wid="w_126" para="1" sent="4">thee</wf>
    <wf wid="w_127" para="1" sent="4">,</wf>
    <wf wid="w_128" para="1" sent="4">we</wf>
    <wf wid="w_129" para="1" sent="4">waren</wf>
    <wf wid="w_130" para="1" sent="4">met</wf>
    <wf wid="w_131" para="1" sent="4">zn</wf>
    <wf wid="w_132" para="1" sent="4">3</wf>
    <wf wid="w_133" para="1" sent="4">-en</wf>
    <wf wid="w_134" para="1" sent="4">en</wf>
    <wf wid="w_135" para="1" sent="4">er</wf>
    <wf wid="w_136" para="1" sent="4">zou</wf>
    <wf wid="w_137" para="1" sent="4">een</wf>
    <wf wid="w_138" para="1" sent="4">bed</wf>
    <wf wid="w_139" para="1" sent="4">bijgezet</wf>
    <wf wid="w_140" para="1" sent="4">worden</wf>
    <wf wid="w_141" para="1" sent="4">..</wf>
    <wf wid="w_142" para="1" sent="5">helaas</wf>
    <wf wid="w_143" para="1" sent="5">moest</wf>
    <wf wid="w_144" para="1" sent="5">diegene</wf>
    <wf wid="w_145" para="1" sent="5">gewoon</wf>
    <wf wid="w_146" para="1" sent="5">op</wf>
    <wf wid="w_147" para="1" sent="5">een</wf>
    <wf wid="w_148" para="1" sent="5">keiharde</wf>
    <wf wid="w_149" para="1" sent="5">stoel</wf>
    <wf wid="w_150" para="1" sent="5">slapen</wf>
    <wf wid="w_151" para="1" sent="5">,</wf>
    <wf wid="w_152" para="1" sent="5">sanitair</wf>
    <wf wid="w_153" para="1" sent="5">heeft</wf>
    <wf wid="w_154" para="1" sent="5">zn</wf>
    <wf wid="w_155" para="1" sent="5">beste</wf>
    <wf wid="w_156" para="1" sent="5">tijd</wf>
    <wf wid="w_157" para="1" sent="5">gehad</wf>
    <wf wid="w_158" para="1" sent="5">,</wf>
    <wf wid="w_159" para="1" sent="5">geen</wf>
    <wf wid="w_160" para="1" sent="5">airco</wf>
    <wf wid="w_161" para="1" sent="5">,</wf>
    <wf wid="w_162" para="1" sent="5">dus</wf>
    <wf wid="w_163" para="1" sent="5">bloedheet</wf>
    <wf wid="w_164" para="1" sent="5">op</wf>
    <wf wid="w_165" para="1" sent="5">de</wf>
    <wf wid="w_166" para="1" sent="5">kamer</wf>
    <wf wid="w_167" para="1" sent="5">,</wf>
    <wf wid="w_168" para="1" sent="5">en</wf>
    <wf wid="w_169" para="1" sent="5">wij</wf>
    <wf wid="w_170" para="1" sent="5">hadden</wf>
    <wf wid="w_171" para="1" sent="5">kamer</wf>
    <wf wid="w_172" para="1" sent="5">503</wf>
    <wf wid="w_173" para="1" sent="5">die</wf>
    <wf wid="w_174" para="1" sent="5">zich</wf>
    <wf wid="w_175" para="1" sent="5">precies</wf>
    <wf wid="w_176" para="1" sent="5">boven</wf>
    <wf wid="w_177" para="1" sent="5">het</wf>
    <wf wid="w_178" para="1" sent="5">laadpunt</wf>
    <wf wid="w_179" para="1" sent="5">van</wf>
    <wf wid="w_180" para="1" sent="5">vrachtwagens</wf>
    <wf wid="w_181" para="1" sent="5">bevindt</wf>
    <wf wid="w_182" para="1" sent="5">(lees</wf>
    <wf wid="w_183" para="1" sent="5">:</wf>
    <wf wid="w_184" para="1" sent="5">om</wf>
    <wf wid="w_185" para="1" sent="5">8</wf>
    <wf wid="w_186" para="1" sent="5">uur</wf>
    <wf wid="w_187" para="1" sent="5">sochtends</wf>
    <wf wid="w_188" para="1" sent="5">worden</wf>
    <wf wid="w_189" para="1" sent="5">alle</wf>
    <wf wid="w_190" para="1" sent="5">diepvriesproducten</wf>
    <wf wid="w_191" para="1" sent="5">met</wf>
    <wf wid="w_192" para="1" sent="5">een</wf>
    <wf wid="w_193" para="1" sent="5">stationair</wf>
    <wf wid="w_194" para="1" sent="5">draaiende</wf>
    <wf wid="w_195" para="1" sent="5">vrachtwagen</wf>
    <wf wid="w_196" para="1" sent="5">afgeleverd</wf>
    <wf wid="w_197" para="1" sent="5">en</wf>
    <wf wid="w_198" para="1" sent="5">de</wf>
    <wf wid="w_199" para="1" sent="5">glasbak</wf>
    <wf wid="w_200" para="1" sent="5">geleegd</wf>
    <wf wid="w_201" para="1" sent="5">)</wf>
    <wf wid="w_202" para="1" sent="5">-zwembad</wf>
    <wf wid="w_203" para="1" sent="5">stelt</wf>
    <wf wid="w_204" para="1" sent="5">niet</wf>
    <wf wid="w_205" para="1" sent="5">veel</wf>
    <wf wid="w_206" para="1" sent="5">voor</wf>
    <wf wid="w_207" para="1" sent="5">-ontbijtzaal</wf>
    <wf wid="w_208" para="1" sent="5">was</wf>
    <wf wid="w_209" para="1" sent="5">erg</wf>
    <wf wid="w_210" para="1" sent="5">druk</wf>
    <wf wid="w_211" para="1" sent="5">,</wf>
    <wf wid="w_212" para="1" sent="5">waardoor</wf>
    <wf wid="w_213" para="1" sent="5">heel</wf>
    <wf wid="w_214" para="1" sent="5">veel</wf>
    <wf wid="w_215" para="1" sent="5">brood</wf>
    <wf wid="w_216" para="1" sent="5">en</wf>
    <wf wid="w_217" para="1" sent="5">andere</wf>
    <wf wid="w_218" para="1" sent="5">producten</wf>
    <wf wid="w_219" para="1" sent="5">snel</wf>
    <wf wid="w_220" para="1" sent="5">op</wf>
    <wf wid="w_221" para="1" sent="5">waren</wf>
    <wf wid="w_222" para="1" sent="5">Kortom</wf>
    <wf wid="w_223" para="1" sent="5">:</wf>
    <wf wid="w_224" para="1" sent="5">waar</wf>
    <wf wid="w_225" para="1" sent="5">ze</wf>
    <wf wid="w_226" para="1" sent="5">die</wf>
    <wf wid="w_227" para="1" sent="5">vier</wf>
    <wf wid="w_228" para="1" sent="5">sterren</wf>
    <wf wid="w_229" para="1" sent="5">vandaan</wf>
    <wf wid="w_230" para="1" sent="5">halen</wf>
    <wf wid="w_231" para="1" sent="5">??</wf>
    <wf wid="w_232" para="1" sent="6">Wij</wf>
    <wf wid="w_233" para="1" sent="6">hebben</wf>
    <wf wid="w_234" para="1" sent="6">ons</wf>
    <wf wid="w_235" para="1" sent="6">echt</wf>
    <wf wid="w_236" para="1" sent="6">verbaasd</wf>
    <wf wid="w_237" para="1" sent="6">over</wf>
    <wf wid="w_238" para="1" sent="6">dit</wf>
    <wf wid="w_239" para="1" sent="6">hotel</wf>
    <wf wid="w_240" para="1" sent="6">en</wf>
    <wf wid="w_241" para="1" sent="6">zijn</wf>
    <wf wid="w_242" para="1" sent="6">hierover</wf>
    <wf wid="w_243" para="1" sent="6">echt</wf>
    <wf wid="w_244" para="1" sent="6">teleurgesteld</wf>
    <wf wid="w_245" para="1" sent="6">.</wf>
    <wf wid="w_246" para="1" sent="7">Als</wf>
    <wf wid="w_247" para="1" sent="7">je</wf>
    <wf wid="w_248" para="1" sent="7">hier</wf>
    <wf wid="w_249" para="1" sent="7">toch</wf>
    <wf wid="w_250" para="1" sent="7">heen</wf>
    <wf wid="w_251" para="1" sent="7">wilt</wf>
    <wf wid="w_252" para="1" sent="7">is</wf>
    <wf wid="w_253" para="1" sent="7">het</wf>
    <wf wid="w_254" para="1" sent="7">in</wf>
    <wf wid="w_255" para="1" sent="7">eerste</wf>
    <wf wid="w_256" para="1" sent="7">instantie</wf>
    <wf wid="w_257" para="1" sent="7">denk</wf>
    <wf wid="w_258" para="1" sent="7">ik</wf>
    <wf wid="w_259" para="1" sent="7">een</wf>
    <wf wid="w_260" para="1" sent="7">goed</wf>
    <wf wid="w_261" para="1" sent="7">idee</wf>
    <wf wid="w_262" para="1" sent="7">om</wf>
    <wf wid="w_263" para="1" sent="7">de</wf>
    <wf wid="w_264" para="1" sent="7">kamers</wf>
    <wf wid="w_265" para="1" sent="7">met</wf>
    <wf wid="w_266" para="1" sent="7">zeezicht</wf>
    <wf wid="w_267" para="1" sent="7">te</wf>
    <wf wid="w_268" para="1" sent="7">nemen</wf>
    <wf wid="w_269" para="1" sent="7">,</wf>
    <wf wid="w_270" para="1" sent="7">want</wf>
    <wf wid="w_271" para="1" sent="7">die</wf>
    <wf wid="w_272" para="1" sent="7">bevinden</wf>
    <wf wid="w_273" para="1" sent="7">zich</wf>
    <wf wid="w_274" para="1" sent="7">niet</wf>
    <wf wid="w_275" para="1" sent="7">boven</wf>
    <wf wid="w_276" para="1" sent="7">de</wf>
    <wf wid="w_277" para="1" sent="7">vuilnisstort</wf>
    <wf wid="w_278" para="1" sent="7">en</wf>
    <wf wid="w_279" para="1" sent="7">het</wf>
    <wf wid="w_280" para="1" sent="7">zwembad</wf>
  </text>
  <terms>
    <term tid="t_1" lemma="een" type="open">
      <span>
        <target id="w_1"/>
      </span>
    </term>
    <term tid="t_2" lemma="keer" type="open">
      <span>
        <target id="w_2"/>
      </span>
    </term>
    <term tid="t_3" lemma="maar" type="open">
      <span>
        <target id="w_3"/>
      </span>
    </term>
    <term tid="t_4" lemma="nooit" type="open">
      <span>
        <target id="w_4"/>
      </span>
      <sentiment sentiment_modifier="shifter" resource="VUA_olery_lexicon_nl_lmf"/>
    </term>
    <term tid="t_5" lemma="weer" type="open">
      <span>
        <target id="w_5"/>
      </span>
    </term>
    <term tid="t_6" lemma="." type="open">
      <span>
        <target id="w_6"/>
      </span>
    </term>
    <term tid="t_7" lemma="we" type="open">
      <span>
        <target id="w_7"/>
      </span>
    </term>
    <term tid="t_8" lemma="hadden" type="open">
      <span>
        <target id="w_8"/>
      </span>
    </term>
    <term tid="t_9" lemma="hoge" type="open">
      <span>
        <target id="w_9"/>
      </span>
    </term>
    <term tid="t_10" lemma="verwachtingen" type="open">
      <span>
        <target id="w_10"/>
      </span>
    </term>
    <term tid="t_11" lemma="van" type="open">
      <span>
        <target id="w_11"/>
      </span>
    </term>
    <term tid="t_12" lemma="dit" type="open">
      <span>
        <target id="w_12"/>
      </span>
    </term>
    <term tid="t_13" lemma="hotel" type="open">
      <span>
        <target id="w_13"/>
      </span>
    </term>
    <term tid="t_14" lemma="," type="open">
      <span>
        <target id="w_14"/>
      </span>
    </term>
    <term tid="t_15" lemma="gezien" type="open">
      <span>
        <target id="w_15"/>
      </span>
    </term>
    <term tid="t_16" lemma="de" type="open">
      <span>
        <target id="w_16"/>
      </span>
    </term>
    <term tid="t_17" lemma="prijs" type="open">
      <span>
        <target id="w_17"/>
      </span>
    </term>
    <term tid="t_18" lemma="en" type="open">
      <span>
        <target id="w_18"/>
      </span>
    </term>
    <term tid="t_19" lemma="dat" type="open">
      <span>
        <target id="w_19"/>
      </span>
    </term>
    <term tid="t_20" lemma="het" type="open">
      <span>
        <target id="w_20"/>
      </span>
    </term>
    <term tid="t_21" lemma="vier" type="open">
      <span>
        <target id="w_21"/>
      </span>
    </term>
    <term tid="t_22" lemma="sterren" type="open">
      <span>
        <target id="w_22"/>
      </span>
    </term>
    <term tid="t_23" lemma="bezit" type="open">
      <span>
        <target id="w_23"/>
      </span>
    </term>
    <term tid="t_24" lemma="en" type="open">
      <span>
        <target id="w_24"/>
      </span>
    </term>
    <term tid="t_25" lemma="we" type="open">
      <span>
        <target id="w_25"/>
      </span>
    </term>
    <term tid="t_26" lemma="hadden" type="open">
      <span>
        <target id="w_26"/>
      </span>
    </term>
    <term tid="t_27" lemma="een" type="open">
      <span>
        <target id="w_27"/>
      </span>
    </term>
    <term tid="t_28" lemma="superieure" type="open">
      <span>
        <target id="w_28"/>
      </span>
    </term>
    <term tid="t_29" lemma="kamer" type="open">
      <span>
        <target id="w_29"/>
      </span>
    </term>
    <term tid="t_30" lemma="genomen" type="open">
      <span>
        <target id="w_30"/>
      </span>
    </term>
    <term tid="t_31" lemma="." type="open">
      <span>
        <target id="w_31"/>
      </span>
    </term>
    <term tid="t_32" lemma="maar" type="open">
      <span>
        <target id="w_32"/>
      </span>
    </term>
    <term tid="t_33" lemma="helaas" type="open" pos="A">
      <span>
        <target id="w_33"/>
      </span>
      <sentiment polarity="negative" resource="VUA_olery_lexicon_nl_lmf"/>
    </term>
    <term tid="t_34" lemma="zijn" type="open">
      <span>
        <target id="w_34"/>
      </span>
    </term>
    <term tid="t_35" lemma="die" type="open">
      <span>
        <target id="w_35"/>
      </span>
    </term>
    <term tid="t_36" lemma="niet" type="open">
      <span>
        <target id="w_36"/>
      </span>
      <sentiment sentiment_modifier="shifter" resource="VUA_olery_lexicon_nl_lmf"/>
    </term>
    <term tid="t_37" lemma="uitgekomen" type="open">
      <span>
        <target id="w_37"/>
      </span>
    </term>
    <term tid="t_38" lemma="," type="open">
      <span>
        <target id="w_38"/>
      </span>
    </term>
    <term tid="t_39" lemma="de" type="open">
      <span>
        <target id="w_39"/>
      </span>
    </term>
    <term tid="t_40" lemma="minpunten" type="open">
      <span>
        <target id="w_40"/>
      </span>
    </term>
    <term tid="t_41" lemma="waren" type="open">
      <span>
        <target id="w_41"/>
      </span>
    </term>
    <term tid="t_42" lemma=":" type="open">
      <span>
        <target id="w_42"/>
      </span>
    </term>
    <term tid="t_43" lemma="-slechte" type="open">
      <span>
        <target id="w_43"/>
      </span>
    </term>
    <term tid="t_44" lemma="service" type="open">
      <span>
        <target id="w_44"/>
      </span>
    </term>
    <term tid="t_45" lemma="," type="open">
      <span>
        <target id="w_45"/>
      </span>
    </term>
    <term tid="t_46" lemma="we" type="open">
      <span>
        <target id="w_46"/>
      </span>
    </term>
    <term tid="t_47" lemma="moesten" type="open">
      <span>
        <target id="w_47"/>
      </span>
    </term>
    <term tid="t_48" lemma="zelf" type="open">
      <span>
        <target id="w_48"/>
      </span>
    </term>
    <term tid="t_49" lemma="met" type="open">
      <span>
        <target id="w_49"/>
      </span>
    </term>
    <term tid="t_50" lemma="alle" type="open">
      <span>
        <target id="w_50"/>
      </span>
    </term>
    <term tid="t_51" lemma="tassen" type="open">
      <span>
        <target id="w_51"/>
      </span>
    </term>
    <term tid="t_52" lemma="slepen" type="open">
      <span>
        <target id="w_52"/>
      </span>
    </term>
    <term tid="t_53" lemma="ergens" type="open">
      <span>
        <target id="w_53"/>
      </span>
    </term>
    <term tid="t_54" lemma="vanachter" type="open">
      <span>
        <target id="w_54"/>
      </span>
    </term>
    <term tid="t_55" lemma="een" type="open">
      <span>
        <target id="w_55"/>
      </span>
    </term>
    <term tid="t_56" lemma="zwembad" type="open">
      <span>
        <target id="w_56"/>
      </span>
    </term>
    <term tid="t_57" lemma="naar" type="open" pos="G">
      <span>
        <target id="w_57"/>
      </span>
      <sentiment polarity="negative" resource="VUA_olery_lexicon_nl_lmf"/>
    </term>
    <term tid="t_58" lemma="de" type="open">
      <span>
        <target id="w_58"/>
      </span>
    </term>
    <term tid="t_59" lemma="kamer" type="open">
      <span>
        <target id="w_59"/>
      </span>
    </term>
    <term tid="t_60" lemma="-onaardig" type="open">
      <span>
        <target id="w_60"/>
      </span>
    </term>
    <term tid="t_61" lemma="personeel" type="open">
      <span>
        <target id="w_61"/>
      </span>
    </term>
    <term tid="t_62" lemma="," type="open">
      <span>
        <target id="w_62"/>
      </span>
    </term>
    <term tid="t_63" lemma="als" type="open">
      <span>
        <target id="w_63"/>
      </span>
    </term>
    <term tid="t_64" lemma="we" type="open">
      <span>
        <target id="w_64"/>
      </span>
    </term>
    <term tid="t_65" lemma="iets" type="open">
      <span>
        <target id="w_65"/>
      </span>
    </term>
    <term tid="t_66" lemma="vroegen" type="open">
      <span>
        <target id="w_66"/>
      </span>
    </term>
    <term tid="t_67" lemma="reageerden" type="open">
      <span>
        <target id="w_67"/>
      </span>
    </term>
    <term tid="t_68" lemma="ze" type="open">
      <span>
        <target id="w_68"/>
      </span>
    </term>
    <term tid="t_69" lemma="heel" type="open">
      <span>
        <target id="w_69"/>
      </span>
      <sentiment sentiment_modifier="intensifier" resource="VUA_olery_lexicon_nl_lmf"/>
    </term>
    <term tid="t_70" lemma="arrogant" type="open" pos="G">
      <span>
        <target id="w_70"/>
      </span>
      <sentiment polarity="negative" resource="VUA_olery_lexicon_nl_lmf"/>
    </term>
    <term tid="t_71" lemma="en" type="open">
      <span>
        <target id="w_71"/>
      </span>
    </term>
    <term tid="t_72" lemma="kortaf" type="open" pos="G">
      <span>
        <target id="w_72"/>
      </span>
      <sentiment polarity="negative" resource="VUA_olery_lexicon_nl_lmf"/>
    </term>
    <term tid="t_73" lemma="," type="open">
      <span>
        <target id="w_73"/>
      </span>
    </term>
    <term tid="t_74" lemma="ze" type="open">
      <span>
        <target id="w_74"/>
      </span>
    </term>
    <term tid="t_75" lemma="hebben" type="open">
      <span>
        <target id="w_75"/>
      </span>
    </term>
    <term tid="t_76" lemma="ons" type="open">
      <span>
        <target id="w_76"/>
      </span>
    </term>
    <term tid="t_77" lemma="niet" type="open">
      <span>
        <target id="w_77"/>
      </span>
      <sentiment sentiment_modifier="shifter" resource="VUA_olery_lexicon_nl_lmf"/>
    </term>
    <term tid="t_78" lemma="een" type="open">
      <span>
        <target id="w_78"/>
      </span>
    </term>
    <term tid="t_79" lemma="keer" type="open">
      <span>
        <target id="w_79"/>
      </span>
    </term>
    <term tid="t_80" lemma="aardig" type="open" pos="G">
      <span>
        <target id="w_80"/>
      </span>
      <sentiment polarity="positive" resource="VUA_olery_lexicon_nl_lmf"/>
    </term>
    <term tid="t_81" lemma="benaderd" type="open">
      <span>
        <target id="w_81"/>
      </span>
    </term>
    <term tid="t_82" lemma="(hoeveel" type="open">
      <span>
        <target id="w_82"/>
      </span>
    </term>
    <term tid="t_83" lemma="moeite" type="open" pos="N">
      <span>
        <target id="w_83"/>
      </span>
      <sentiment polarity="negative" resource="VUA_olery_lexicon_nl_lmf"/>
    </term>
    <term tid="t_84" lemma="is" type="open">
      <span>
        <target id="w_84"/>
      </span>
    </term>
    <term tid="t_85" lemma="het" type="open">
      <span>
        <target id="w_85"/>
      </span>
    </term>
    <term tid="t_86" lemma="om" type="open">
      <span>
        <target id="w_86"/>
      </span>
    </term>
    <term tid="t_87" lemma="ons" type="open">
      <span>
        <target id="w_87"/>
      </span>
    </term>
    <term tid="t_88" lemma="te" type="open">
      <span>
        <target id="w_88"/>
      </span>
    </term>
    <term tid="t_89" lemma="bedanken" type="open" pos="V">
      <span>
        <target id="w_89"/>
      </span>
      <sentiment polarity="positive" resource="VUA_olery_lexicon_nl_lmf"/>
    </term>
    <term tid="t_90" lemma="voor" type="open">
      <span>
        <target id="w_90"/>
      </span>
    </term>
    <term tid="t_91" lemma="het" type="open">
      <span>
        <target id="w_91"/>
      </span>
    </term>
    <term tid="t_92" lemma="verblijf" type="open">
      <span>
        <target id="w_92"/>
      </span>
    </term>
    <term tid="t_93" lemma="," type="open">
      <span>
        <target id="w_93"/>
      </span>
    </term>
    <term tid="t_94" lemma="of" type="open">
      <span>
        <target id="w_94"/>
      </span>
    </term>
    <term tid="t_95" lemma="ons" type="open">
      <span>
        <target id="w_95"/>
      </span>
    </term>
    <term tid="t_96" lemma="uberhaupt" type="open">
      <span>
        <target id="w_96"/>
      </span>
    </term>
    <term tid="t_97" lemma="welkom" type="open" pos="G">
      <span>
        <target id="w_97"/>
      </span>
      <sentiment polarity="positive" resource="VUA_olery_lexicon_nl_lmf"/>
    </term>
    <term tid="t_98" lemma="te" type="open">
      <span>
        <target id="w_98"/>
      </span>
    </term>
    <term tid="t_99" lemma="heten" type="open">
      <span>
        <target id="w_99"/>
      </span>
    </term>
    <term tid="t_100" lemma="in" type="open">
      <span>
        <target id="w_100"/>
      </span>
    </term>
    <term tid="t_101" lemma="het" type="open">
      <span>
        <target id="w_101"/>
      </span>
    </term>
    <term tid="t_102" lemma="hotel" type="open">
      <span>
        <target id="w_102"/>
      </span>
    </term>
    <term tid="t_103" lemma=".." type="open">
      <span>
        <target id="w_103"/>
      </span>
    </term>
    <term tid="t_104" lemma="of" type="open">
      <span>
        <target id="w_104"/>
      </span>
    </term>
    <term tid="t_105" lemma="alleen" type="open">
      <span>
        <target id="w_105"/>
      </span>
    </term>
    <term tid="t_106" lemma="een" type="open">
      <span>
        <target id="w_106"/>
      </span>
    </term>
    <term tid="t_107" lemma="glimlach" type="open" pos="N">
      <span>
        <target id="w_107"/>
      </span>
      <sentiment polarity="positive" resource="VUA_olery_lexicon_nl_lmf"/>
    </term>
    <term tid="t_108" lemma="in" type="open">
      <span>
        <target id="w_108"/>
      </span>
    </term>
    <term tid="t_109" lemma="plaats" type="open">
      <span>
        <target id="w_109"/>
      </span>
    </term>
    <term tid="t_110" lemma="van" type="open">
      <span>
        <target id="w_110"/>
      </span>
    </term>
    <term tid="t_111" lemma="een" type="open">
      <span>
        <target id="w_111"/>
      </span>
    </term>
    <term tid="t_112" lemma="bitse" type="open">
      <span>
        <target id="w_112"/>
      </span>
    </term>
    <term tid="t_113" lemma="bek" type="open">
      <span>
        <target id="w_113"/>
      </span>
    </term>
    <term tid="t_114" lemma=")" type="open">
      <span>
        <target id="w_114"/>
      </span>
    </term>
    <term tid="t_115" lemma="-kamers" type="open">
      <span>
        <target id="w_115"/>
      </span>
    </term>
    <term tid="t_116" lemma="waren" type="open">
      <span>
        <target id="w_116"/>
      </span>
    </term>
    <term tid="t_117" lemma="minimaal" type="open">
      <span>
        <target id="w_117"/>
      </span>
    </term>
    <term tid="t_118" lemma="ingericht" type="open">
      <span>
        <target id="w_118"/>
      </span>
    </term>
    <term tid="t_119" lemma="," type="open">
      <span>
        <target id="w_119"/>
      </span>
    </term>
    <term tid="t_120" lemma="geen" type="open">
      <span>
        <target id="w_120"/>
      </span>
      <sentiment sentiment_modifier="shifter" resource="VUA_olery_lexicon_nl_lmf"/>
    </term>
    <term tid="t_121" lemma="minibar" type="open">
      <span>
        <target id="w_121"/>
      </span>
    </term>
    <term tid="t_122" lemma="," type="open">
      <span>
        <target id="w_122"/>
      </span>
    </term>
    <term tid="t_123" lemma="of" type="open">
      <span>
        <target id="w_123"/>
      </span>
    </term>
    <term tid="t_124" lemma="koffie" type="open">
      <span>
        <target id="w_124"/>
      </span>
    </term>
    <term tid="t_125" lemma="en" type="open">
      <span>
        <target id="w_125"/>
      </span>
    </term>
    <term tid="t_126" lemma="thee" type="open">
      <span>
        <target id="w_126"/>
      </span>
    </term>
    <term tid="t_127" lemma="," type="open">
      <span>
        <target id="w_127"/>
      </span>
    </term>
    <term tid="t_128" lemma="we" type="open">
      <span>
        <target id="w_128"/>
      </span>
    </term>
    <term tid="t_129" lemma="waren" type="open">
      <span>
        <target id="w_129"/>
      </span>
    </term>
    <term tid="t_130" lemma="met" type="open">
      <span>
        <target id="w_130"/>
      </span>
    </term>
    <term tid="t_131" lemma="zn" type="open">
      <span>
        <target id="w_131"/>
      </span>
    </term>
    <term tid="t_132" lemma="3" type="open">
      <span>
        <target id="w_132"/>
      </span>
    </term>
    <term tid="t_133" lemma="-en" type="open">
      <span>
        <target id="w_133"/>
      </span>
    </term>
    <term tid="t_134" lemma="en" type="open">
      <span>
        <target id="w_134"/>
      </span>
    </term>
    <term tid="t_135" lemma="er" type="open">
      <span>
        <target id="w_135"/>
      </span>
    </term>
    <term tid="t_136" lemma="zou" type="open">
      <span>
        <target id="w_136"/>
      </span>
    </term>
    <term tid="t_137" lemma="een" type="open">
      <span>
        <target id="w_137"/>
      </span>
    </term>
    <term tid="t_138" lemma="bed" type="open">
      <span>
        <target id="w_138"/>
      </span>
    </term>
    <term tid="t_139" lemma="bijgezet" type="open">
      <span>
        <target id="w_139"/>
      </span>
    </term>
    <term tid="t_140" lemma="worden" type="open">
      <span>
        <target id="w_140"/>
      </span>
    </term>
    <term tid="t_141" lemma=".." type="open">
      <span>
        <target id="w_141"/>
      </span>
    </term>
    <term tid="t_142" lemma="helaas" type="open" pos="A">
      <span>
        <target id="w_142"/>
      </span>
      <sentiment polarity="negative" resource="VUA_olery_lexicon_nl_lmf"/>
    </term>
    <term tid="t_143" lemma="moest" type="open">
      <span>
        <target id="w_143"/>
      </span>
    </term>
    <term tid="t_144" lemma="diegene" type="open">
      <span>
        <target id="w_144"/>
      </span>
    </term>
    <term tid="t_145" lemma="gewoon" type="open">
      <span>
        <target id="w_145"/>
      </span>
    </term>
    <term tid="t_146" lemma="op" type="open">
      <span>
        <target id="w_146"/>
      </span>
    </term>
    <term tid="t_147" lemma="een" type="open">
      <span>
        <target id="w_147"/>
      </span>
    </term>
    <term tid="t_148" lemma="keiharde" type="open">
      <span>
        <target id="w_148"/>
      </span>
    </term>
    <term tid="t_149" lemma="stoel" type="open">
      <span>
        <target id="w_149"/>
      </span>
    </term>
    <term tid="t_150" lemma="slapen" type="open">
      <span>
        <target id="w_150"/>
      </span>
    </term>
    <term tid="t_151" lemma="," type="open">
      <span>
        <target id="w_151"/>
      </span>
    </term>
    <term tid="t_152" lemma="sanitair" type="open">
      <span>
        <target id="w_152"/>
      </span>
    </term>
    <term tid="t_153" lemma="heeft" type="open">
      <span>
        <target id="w_153"/>
      </span>
    </term>
    <term tid="t_154" lemma="zn" type="open">
      <span>
        <target id="w_154"/>
      </span>
    </term>
    <term tid="t_155" lemma="beste" type="open">
      <span>
        <target id="w_155"/>
      </span>
    </term>
    <term tid="t_156" lemma="tijd" type="open">
      <span>
        <target id="w_156"/>
      </span>
    </term>
    <term tid="t_157" lemma="gehad" type="open">
      <span>
        <target id="w_157"/>
      </span>
    </term>
    <term tid="t_158" lemma="," type="open">
      <span>
        <target id="w_158"/>
      </span>
    </term>
    <term tid="t_159" lemma="geen" type="open">
      <span>
        <target id="w_159"/>
      </span>
      <sentiment sentiment_modifier="shifter" resource="VUA_olery_lexicon_nl_lmf"/>
    </term>
    <term tid="t_160" lemma="airco" type="open">
      <span>
        <target id="w_160"/>
      </span>
    </term>
    <term tid="t_161" lemma="," type="open">
      <span>
        <target id="w_161"/>
      </span>
    </term>
    <term tid="t_162" lemma="dus" type="open">
      <span>
        <target id="w_162"/>
      </span>
    </term>
    <term tid="t_163" lemma="bloedheet" type="open" pos="G">
      <span>
        <target id="w_163"/>
      </span>
      <sentiment polarity="negative" resource="VUA_olery_lexicon_nl_lmf"/>
    </term>
    <term tid="t_164" lemma="op" type="open">
      <span>
        <target id="w_164"/>
      </span>
    </term>
    <term tid="t_165" lemma="de" type="open">
      <span>
        <target id="w_165"/>
      </span>
    </term>
    <term tid="t_166" lemma="kamer" type="open">
      <span>
        <target id="w_166"/>
      </span>
    </term>
    <term tid="t_167" lemma="," type="open">
      <span>
        <target id="w_167"/>
      </span>
    </term>
    <term tid="t_168" lemma="en" type="open">
      <span>
        <target id="w_168"/>
      </span>
    </term>
    <term tid="t_169" lemma="wij" type="open">
      <span>
        <target id="w_169"/>
      </span>
    </term>
    <term tid="t_170" lemma="hadden" type="open">
      <span>
        <target id="w_170"/>
      </span>
    </term>
    <term tid="t_171" lemma="kamer" type="open">
      <span>
        <target id="w_171"/>
      </span>
    </term>
    <term tid="t_172" lemma="503" type="open">
      <span>
        <target id="w_172"/>
      </span>
    </term>
    <term tid="t_173" lemma="die" type="open">
      <span>
        <target id="w_173"/>
      </span>
    </term>
    <term tid="t_174" lemma="zich" type="open">
      <span>
        <target id="w_174"/>
      </span>
    </term>
    <term tid="t_175" lemma="precies" type="open">
      <span>
        <target id="w_175"/>
      </span>
    </term>
    <term tid="t_176" lemma="boven" type="open">
      <span>
        <target id="w_176"/>
      </span>
    </term>
    <term tid="t_177" lemma="het" type="open">
      <span>
        <target id="w_177"/>
      </span>
    </term>
    <term tid="t_178" lemma="laadpunt" type="open">
      <span>
        <target id="w_178"/>
      </span>
    </term>
    <term tid="t_179" lemma="van" type="open">
      <span>
        <target id="w_179"/>
      </span>
    </term>
    <term tid="t_180" lemma="vrachtwagens" type="open">
      <span>
        <target id="w_180"/>
      </span>
    </term>
    <term tid="t_181" lemma="bevindt" type="open">
      <span>
        <target id="w_181"/>
      </span>
    </term>
    <term tid="t_182" lemma="(lees" type="open">
      <span>
        <target id="w_182"/>
      </span>
    </term>
    <term tid="t_183" lemma=":" type="open">
      <span>
        <target id="w_183"/>
      </span>
    </term>
    <term tid="t_184" lemma="om" type="open">
      <span>
        <target id="w_184"/>
      </span>
    </term>
    <term tid="t_185" lemma="8" type="open">
      <span>
        <target id="w_185"/>
      </span>
    </term>
    <term tid="t_186" lemma="uur" type="open">
      <span>
        <target id="w_186"/>
      </span>
    </term>
    <term tid="t_187" lemma="sochtends" type="open">
      <span>
        <target id="w_187"/>
      </span>
    </term>
    <term tid="t_188" lemma="worden" type="open">
      <span>
        <target id="w_188"/>
      </span>
    </term>
    <term tid="t_189" lemma="alle" type="open">
      <span>
        <target id="w_189"/>
      </span>
    </term>
    <term tid="t_190" lemma="diepvriesproducten" type="open">
      <span>
        <target id="w_190"/>
      </span>
    </term>
    <term tid="t_191" lemma="met" type="open">
      <span>
        <target id="w_191"/>
      </span>
    </term>
    <term tid="t_192" lemma="een" type="open">
      <span>
        <target id="w_192"/>
      </span>
    </term>
    <term tid="t_193" lemma="stationair" type="open">
      <span>
        <target id="w_193"/>
      </span>
    </term>
    <term tid="t_194" lemma="draaiende" type="open">
      <span>
        <target id="w_194"/>
      </span>
    </term>
    <term tid="t_195" lemma="vrachtwagen" type="open">
      <span>
        <target id="w_195"/>
      </span>
    </term>
    <term tid="t_196" lemma="afgeleverd" type="open">
      <span>
        <target id="w_196"/>
      </span>
    </term>
    <term tid="t_197" lemma="en" type="open">
      <span>
        <target id="w_197"/>
      </span>
    </term>
    <term tid="t_198" lemma="de" type="open">
      <span>
        <target id="w_198"/>
      </span>
    </term>
    <term tid="t_199" lemma="glasbak" type="open">
      <span>
        <target id="w_199"/>
      </span>
    </term>
    <term tid="t_200" lemma="geleegd" type="open">
      <span>
        <target id="w_200"/>
      </span>
    </term>
    <term tid="t_201" lemma=")" type="open">
      <span>
        <target id="w_201"/>
      </span>
    </term>
    <term tid="t_202" lemma="-zwembad" type="open">
      <span>
        <target id="w_202"/>
      </span>
    </term>
    <term tid="t_203" lemma="stelt" type="open">
      <span>
        <target id="w_203"/>
      </span>
    </term>
    <term tid="t_204" lemma="niet" type="open">
      <span>
        <target id="w_204"/>
      </span>
      <sentiment sentiment_modifier="shifter" resource="VUA_olery_lexicon_nl_lmf"/>
    </term>
    <term tid="t_205" lemma="veel" type="open">
      <span>
        <target id="w_205"/>
      </span>
    </term>
    <term tid="t_206" lemma="voor" type="open">
      <span>
        <target id="w_206"/>
      </span>
    </term>
    <term tid="t_207" lemma="-ontbijtzaal" type="open">
      <span>
        <target id="w_207"/>
      </span>
    </term>
    <term tid="t_208" lemma="was" type="open">
      <span>
        <target id="w_208"/>
      </span>
    </term>
    <term tid="t_209" lemma="erg" type="open">
      <span>
        <target id="w_209"/>
      </span>
      <sentiment sentiment_modifier="intensifier" resource="VUA_olery_lexicon_nl_lmf"/>
    </term>
    <term tid="t_210" lemma="druk" type="open">
      <span>
        <target id="w_210"/>
      </span>
    </term>
    <term tid="t_211" lemma="," type="open">
      <span>
        <target id="w_211"/>
      </span>
    </term>
    <term tid="t_212" lemma="waardoor" type="open">
      <span>
        <target id="w_212"/>
      </span>
    </term>
    <term tid="t_213" lemma="heel" type="open">
      <span>
        <target id="w_213"/>
      </span>
      <sentiment sentiment_modifier="intensifier" resource="VUA_olery_lexicon_nl_lmf"/>
    </term>
    <term tid="t_214" lemma="veel" type="open">
      <span>
        <target id="w_214"/>
      </span>
    </term>
    <term tid="t_215" lemma="brood" type="open">
      <span>
        <target id="w_215"/>
      </span>
    </term>
    <term tid="t_216" lemma="en" type="open">
      <span>
        <target id="w_216"/>
      </span>
    </term>
    <term tid="t_217" lemma="andere" type="open">
      <span>
        <target id="w_217"/>
      </span>
    </term>
    <term tid="t_218" lemma="producten" type="open">
      <span>
        <target id="w_218"/>
      </span>
    </term>
    <term tid="t_219" lemma="snel" type="open">
      <span>
        <target id="w_219"/>
      </span>
    </term>
    <term tid="t_220" lemma="op" type="open">
      <span>
        <target id="w_220"/>
      </span>
    </term>
    <term tid="t_221" lemma="waren" type="open">
      <span>
        <target id="w_221"/>
      </span>
    </term>
    <term tid="t_222" lemma="kortom" type="open">
      <span>
        <target id="w_222"/>
      </span>
    </term>
    <term tid="t_223" lemma=":" type="open">
      <span>
        <target id="w_223"/>
      </span>
    </term>
    <term tid="t_224" lemma="waar" type="open">
      <span>
        <target id="w_224"/>
      </span>
    </term>
    <term tid="t_225" lemma="ze" type="open">
      <span>
        <target id="w_225"/>
      </span>
    </term>
    <term tid="t_226" lemma="die" type="open">
      <span>
        <target id="w_226"/>
      </span>
    </term>
    <term tid="t_227" lemma="vier" type="open">
      <span>
        <target id="w_227"/>
      </span>
    </term>
    <term tid="t_228" lemma="sterren" type="open">
      <span>
        <target id="w_228"/>
      </span>
    </term>
    <term tid="t_229" lemma="vandaan" type="open">
      <span>
        <target id="w_229"/>
      </span>
    </term>
    <term tid="t_230" lemma="halen" type="open">
      <span>
        <target id="w_230"/>
      </span>
    </term>
    <term tid="t_231" lemma="??" type="open">
      <span>
        <target id="w_231"/>
      </span>
    </term>
    <term tid="t_232" lemma="wij" type="open">
      <span>
        <target id="w_232"/>
      </span>
    </term>
    <term tid="t_233" lemma="hebben" type="open">
      <span>
        <target id="w_233"/>
      </span>
    </term>
    <term tid="t_234" lemma="ons" type="open">
      <span>
        <target id="w_234"/>
      </span>
    </term>
    <term tid="t_235" lemma="echt" type="open">
      <span>
        <target id="w_235"/>
      </span>
      <sentiment sentiment_modifier="intensifier" resource="VUA_olery_lexicon_nl_lmf"/>
    </term>
    <term tid="t_236" lemma="verbaasd" type="open">
      <span>
        <target id="w_236"/>
      </span>
    </term>
    <term tid="t_237" lemma="over" type="open">
      <span>
        <target id="w_237"/>
      </span>
    </term>
    <term tid="t_238" lemma="dit" type="open">
      <span>
        <target id="w_238"/>
      </span>
    </term>
    <term tid="t_239" lemma="hotel" type="open">
      <span>
        <target id="w_239"/>
      </span>
    </term>
    <term tid="t_240" lemma="en" type="open">
      <span>
        <target id="w_240"/>
      </span>
    </term>
    <term tid="t_241" lemma="zijn" type="open">
      <span>
        <target id="w_241"/>
      </span>
    </term>
    <term tid="t_242" lemma="hierover" type="open">
      <span>
        <target id="w_242"/>
      </span>
    </term>
    <term tid="t_243" lemma="echt" type="open">
      <span>
        <target id="w_243"/>
      </span>
      <sentiment sentiment_modifier="intensifier" resource="VUA_olery_lexicon_nl_lmf"/>
    </term>
    <term tid="t_244" lemma="teleurgesteld" type="open">
      <span>
        <target id="w_244"/>
      </span>
    </term>
    <term tid="t_245" lemma="." type="open">
      <span>
        <target id="w_245"/>
      </span>
    </term>
    <term tid="t_246" lemma="als" type="open">
      <span>
        <target id="w_246"/>
      </span>
    </term>
    <term tid="t_247" lemma="je" type="open">
      <span>
        <target id="w_247"/>
      </span>
    </term>
    <term tid="t_248" lemma="hier" type="open">
      <span>
        <target id="w_248"/>
      </span>
    </term>
    <term tid="t_249" lemma="toch" type="open">
      <span>
        <target id="w_249"/>
      </span>
    </term>
    <term tid="t_250" lemma="heen" type="open">
      <span>
        <target id="w_250"/>
      </span>
    </term>
    <term tid="t_251" lemma="wilt" type="open">
      <span>
        <target id="w_251"/>
      </span>
    </term>
    <term tid="t_252" lemma="is" type="open">
      <span>
        <target id="w_252"/>
      </span>
    </term>
    <term tid="t_253" lemma="het" type="open">
      <span>
        <target id="w_253"/>
      </span>
    </term>
    <term tid="t_254" lemma="in" type="open">
      <span>
        <target id="w_254"/>
      </span>
    </term>
    <term tid="t_255" lemma="eerste" type="open">
      <span>
        <target id="w_255"/>
      </span>
    </term>
    <term tid="t_256" lemma="instantie" type="open">
      <span>
        <target id="w_256"/>
      </span>
    </term>
    <term tid="t_257" lemma="denk" type="open">
      <span>
        <target id="w_257"/>
      </span>
    </term>
    <term tid="t_258" lemma="ik" type="open">
      <span>
        <target id="w_258"/>
      </span>
    </term>
    <term tid="t_259" lemma="een" type="open">
      <span>
        <target id="w_259"/>
      </span>
    </term>
    <term tid="t_260" lemma="goed" type="open" pos="G">
      <span>
        <target id="w_260"/>
      </span>
      <sentiment polarity="positive" resource="VUA_olery_lexicon_nl_lmf"/>
    </term>
    <term tid="t_261" lemma="idee" type="open" pos="N">
      <span>
        <target id="w_261"/>
      </span>
      <sentiment polarity="positive" resource="VUA_olery_lexicon_nl_lmf"/>
    </term>
    <term tid="t_262" lemma="om" type="open">
      <span>
        <target id="w_262"/>
      </span>
    </term>
    <term tid="t_263" lemma="de" type="open">
      <span>
        <target id="w_263"/>
      </span>
    </term>
    <term tid="t_264" lemma="kamers" type="open">
      <span>
        <target id="w_264"/>
      </span>
    </term>
    <term tid="t_265" lemma="met" type="open">
      <span>
        <target id="w_265"/>
      </span>
    </term>
    <term tid="t_266" lemma="zeezicht" type="open">
      <span>
        <target id="w_266"/>
      </span>
    </term>
    <term tid="t_267" lemma="te" type="open">
      <span>
        <target id="w_267"/>
      </span>
    </term>
    <term tid="t_268" lemma="nemen" type="open">
      <span>
        <target id="w_268"/>
      </span>
    </term>
    <term tid="t_269" lemma="," type="open">
      <span>
        <target id="w_269"/>
      </span>
    </term>
    <term tid="t_270" lemma="want" type="open">
      <span>
        <target id="w_270"/>
      </span>
    </term>
    <term tid="t_271" lemma="die" type="open">
      <span>
        <target id="w_271"/>
      </span>
    </term>
    <term tid="t_272" lemma="bevinden" type="open">
      <span>
        <target id="w_272"/>
      </span>
    </term>
    <term tid="t_273" lemma="zich" type="open">
      <span>
        <target id="w_273"/>
      </span>
    </term>
    <term tid="t_274" lemma="niet" type="open">
      <span>
        <target id="w_274"/>
      </span>
      <sentiment sentiment_modifier="shifter" resource="VUA_olery_lexicon_nl_lmf"/>
    </term>
    <term tid="t_275" lemma="boven" type="open">
      <span>
        <target id="w_275"/>
      </span>
    </term>
    <term tid="t_276" lemma="de" type="open">
      <span>
        <target id="w_276"/>
      </span>
    </term>
    <term tid="t_277" lemma="vuilnisstort" type="open">
      <span>
        <target id="w_277"/>
      </span>
    </term>
    <term tid="t_278" lemma="en" type="open">
      <span>
        <target id="w_278"/>
      </span>
    </term>
    <term tid="t_279" lemma="het" type="open">
      <span>
        <target id="w_279"/>
      </span>
    </term>
    <term tid="t_280" lemma="zwembad" type="open">
      <span>
        <target id="w_280"/>
      </span>
    </term>
  </terms>
  <entities>
    <entity type="MISC" eid="e_1">
      <span>
        <target id="t_34"/>
      </span>
      <span>
        <target id="t_241"/>
      </span>
    </entity>
    <entity type="MISC" eid="e_2">
      <span>
        <target id="t_44"/>
      </span>
    </entity>
    <entity type="PER" eid="e_3">
      <span>
        <target id="t_7"/>
      </span>
      <span>
        <target id="t_25"/>
      </span>
      <span>
        <target id="t_46"/>
      </span>
      <span>
        <target id="t_64"/>
      </span>
      <span>
        <target id="t_128"/>
      </span>
    </entity>
    <entity type="ORG" eid="e_4">
      <span>
        <target id="t_29"/>
      </span>
      <span>
        <target id="t_59"/>
      </span>
      <span>
        <target id="t_166"/>
      </span>
      <span>
        <target id="t_171"/>
      </span>
    </entity>
    <entity type="PER" eid="e_5">
      <span>
        <target id="t_176"/>
      </span>
      <span>
        <target id="t_275"/>
      </span>
    </entity>
  </entities>
  <properties>
    <property type="value_for_money" pid="p_1">
      <span>
        <target id="t_17"/>
      </span>
    </property>
    <property type="bathroom" pid="p_2">
      <span>
        <target id="t_152"/>
      </span>
    </property>
    <property type="facilities" pid="p_3">
      <span>
        <target id="t_121"/>
      </span>
    </property>
    <property type="room" pid="p_4">
      <span>
        <target id="t_29"/>
      </span>
      <span>
        <target id="t_59"/>
      </span>
      <span>
        <target id="t_160"/>
      </span>
      <span>
        <target id="t_166"/>
      </span>
      <span>
        <target id="t_171"/>
      </span>
      <span>
        <target id="t_266"/>
      </span>
    </property>
    <property type="restaurant" pid="p_5">
      <span>
        <target id="t_124"/>
      </span>
      <span>
        <target id="t_126"/>
      </span>
      <span>
        <target id="t_215"/>
      </span>
    </property>
    <property type="sleeping_comfort" pid="p_6">
      <span>
        <target id="t_138"/>
      </span>
      <span>
        <target id="t_150"/>
      </span>
    </property>
    <property type="swimming_pool" pid="p_7">
      <span>
        <target id="t_56"/>
      </span>
      <span>
        <target id="t_280"/>
      </span>
    </property>
    <property type="staff" pid="p_8">
      <span>
        <target id="t_44"/>
      </span>
      <span>
        <target id="t_61"/>
      </span>
      <span>
        <target id="t_70"/>
      </span>
      <span>
        <target id="t_72"/>
      </span>
      <span>
        <target id="t_80"/>
      </span>
      <span>
        <target id="t_97"/>
      </span>
      <span>
        <target id="t_107"/>
      </span>
    </property>
  </properties>
  <opinions>
    <opinion oid="o_1">
      <opinion_holder>
        <span>
          <target id="t_46"/>
        </span>
      </opinion_holder>
      <opinion_target>
        <span>
          <target id="t_59"/>
        </span>
      </opinion_target>
      <opinion_expression polarity="negative" strength="-1">
        <span>
          <target id="t_57"/>
        </span>
      </opinion_expression>
    </opinion>
    <opinion oid="o_2">
      <opinion_holder>
        <span>
          <target id="t_46"/>
        </span>
      </opinion_holder>
      <opinion_target>
        <span>
          <target id="t_67"/>
        </span>
      </opinion_target>
      <opinion_expression polarity="negative" strength="-3">
        <span>
          <target id="t_70"/>
          <target id="t_69"/>
          <target id="t_72"/>
        </span>
      </opinion_expression>
    </opinion>
    <opinion oid="o_3">
      <opinion_holder>
        <span>
          <target id="t_46"/>
        </span>
      </opinion_holder>
      <opinion_target>
        <span>
          <target id="t_81"/>
        </span>
      </opinion_target>
      <opinion_expression polarity="positive" strength="1">
        <span>
          <target id="t_80"/>
        </span>
      </opinion_expression>
    </opinion>
    <opinion oid="o_4">
      <opinion_holder>
        <span>
          <target id="t_46"/>
        </span>
      </opinion_holder>
      <opinion_target>
        <span>
          <target id="t_82"/>
        </span>
      </opinion_target>
      <opinion_expression polarity="negative" strength="-1">
        <span>
          <target id="t_83"/>
        </span>
      </opinion_expression>
    </opinion>
    <opinion oid="o_5">
      <opinion_holder>
        <span>
          <target id="t_46"/>
        </span>
      </opinion_holder>
      <opinion_target>
        <span>
          <target id="t_92"/>
        </span>
      </opinion_target>
      <opinion_expression polarity="positive" strength="1">
        <span>
          <target id="t_89"/>
        </span>
      </opinion_expression>
    </opinion>
    <opinion oid="o_6">
      <opinion_holder>
        <span>
          <target id="t_46"/>
        </span>
      </opinion_holder>
      <opinion_target>
        <span>
          <target id="t_99"/>
        </span>
      </opinion_target>
      <opinion_expression polarity="positive" strength="1">
        <span>
          <target id="t_97"/>
        </span>
      </opinion_expression>
    </opinion>
    <opinion oid="o_7">
      <opinion_holder>
        <span>
          <target id="t_128"/>
        </span>
      </opinion_holder>
      <opinion_target>
        <span>
          <target id="t_109"/>
        </span>
      </opinion_target>
      <opinion_expression polarity="positive" strength="1">
        <span>
          <target id="t_107"/>
        </span>
      </opinion_expression>
    </opinion>
    <opinion oid="o_8">
      <opinion_target>
        <span>
          <target id="t_143"/>
        </span>
      </opinion_target>
      <opinion_expression polarity="negative" strength="-1">
        <span>
          <target id="t_142"/>
        </span>
      </opinion_expression>
    </opinion>
    <opinion oid="o_9">
      <opinion_target>
        <span>
          <target id="t_166"/>
        </span>
      </opinion_target>
      <opinion_expression polarity="negative" strength="-1">
        <span>
          <target id="t_163"/>
        </span>
      </opinion_expression>
    </opinion>
    <opinion oid="o_10">
      <opinion_holder>
        <span>
          <target id="t_258"/>
        </span>
      </opinion_holder>
      <opinion_target>
        <span>
          <target id="t_264"/>
        </span>
      </opinion_target>
      <opinion_expression polarity="positive" strength="2">
        <span>
          <target id="t_260"/>
          <target id="t_261"/>
        </span>
      </opinion_expression>
    </opinion>
  </opinions>
</KAF>
