<?xml version='1.0' encoding='UTF-8'?>
<KAF xml:lang="nl">
  <linguisticProcessors layer="text">
    <lp timestamp="2013-01-06T18:33:38CET" version="2.0" name="SentenceTokenizer"/>
  </linguisticProcessors>
  <linguisticProcessors layer="terms">
    <lp timestamp="2013-01-06T18:33:38CET" version="2.0" name="SentenceTokenizer"/>
    <lp timestamp="2013-01-06T18:33:38CET" version="1.0" name="SimplePolarityTagger"/>
  </linguisticProcessors>
  <linguisticProcessor layer="opinions">
    <lp timestamp="2013-01-06T18:33:38CET" version="1.0" name="SimpleOpinionDetector"/>
  </linguisticProcessor>
  <linguisticProcessor layer="properties">
    <lp timestamp="2013-01-06T18:33:38CET" version="1.0" name="SimplePropRecognizer_lookup"/>
  </linguisticProcessor>
  <linguisticProcessor layer="entities">
    <lp timestamp="2013-01-06T18:33:38CET" version="1.0" name="SimpleNER_lookup"/>
  </linguisticProcessor>
  <text>
    <wf wid="w_1" para="1" sent="1">De</wf>
    <wf wid="w_2" para="1" sent="1">kamer</wf>
    <wf wid="w_3" para="1" sent="1">was</wf>
    <wf wid="w_4" para="1" sent="1">erg</wf>
    <wf wid="w_5" para="1" sent="1">ruim</wf>
    <wf wid="w_6" para="1" sent="1">en</wf>
    <wf wid="w_7" para="1" sent="1">van</wf>
    <wf wid="w_8" para="1" sent="1">velen</wf>
    <wf wid="w_9" para="1" sent="1">extra</wf>
    <wf wid="w_10" para="1" sent="1">'s</wf>
    <wf wid="w_11" para="1" sent="1">voorzien</wf>
    <wf wid="w_12" para="1" sent="1">.</wf>
    <wf wid="w_13" para="1" sent="2">Een</wf>
    <wf wid="w_14" para="1" sent="2">heel</wf>
    <wf wid="w_15" para="1" sent="2">mooi</wf>
    <wf wid="w_16" para="1" sent="2">uitzicht</wf>
    <wf wid="w_17" para="1" sent="2">ook</wf>
    <wf wid="w_18" para="1" sent="2">!</wf>
    <wf wid="w_19" para="1" sent="3">De</wf>
    <wf wid="w_20" para="1" sent="3">bar</wf>
    <wf wid="w_21" para="1" sent="3">op</wf>
    <wf wid="w_22" para="1" sent="3">de</wf>
    <wf wid="w_23" para="1" sent="3">23e</wf>
    <wf wid="w_24" para="1" sent="3">verdieping</wf>
    <wf wid="w_25" para="1" sent="3">is</wf>
    <wf wid="w_26" para="1" sent="3">een</wf>
    <wf wid="w_27" para="1" sent="3">leuke</wf>
    <wf wid="w_28" para="1" sent="3">afsluiter</wf>
    <wf wid="w_29" para="1" sent="3">van</wf>
    <wf wid="w_30" para="1" sent="3">de</wf>
    <wf wid="w_31" para="1" sent="3">avond</wf>
    <wf wid="w_32" para="1" sent="3">.</wf>
  </text>
  <terms>
    <term tid="t_1" lemma="de" type="open">
      <span>
        <target id="w_1"/>
      </span>
    </term>
    <term tid="t_2" lemma="kamer" type="open">
      <span>
        <target id="w_2"/>
      </span>
    </term>
    <term tid="t_3" lemma="was" type="open">
      <span>
        <target id="w_3"/>
      </span>
    </term>
    <term tid="t_4" lemma="erg" type="open">
      <span>
        <target id="w_4"/>
      </span>
      <sentiment sentiment_modifier="intensifier" resource="VUA_olery_lexicon_nl_lmf"/>
    </term>
    <term tid="t_5" lemma="ruim" type="open">
      <span>
        <target id="w_5"/>
      </span>
    </term>
    <term tid="t_6" lemma="en" type="open">
      <span>
        <target id="w_6"/>
      </span>
    </term>
    <term tid="t_7" lemma="van" type="open">
      <span>
        <target id="w_7"/>
      </span>
    </term>
    <term tid="t_8" lemma="velen" type="open">
      <span>
        <target id="w_8"/>
      </span>
    </term>
    <term tid="t_9" lemma="extra" type="open">
      <span>
        <target id="w_9"/>
      </span>
    </term>
    <term tid="t_10" lemma="'s" type="open">
      <span>
        <target id="w_10"/>
      </span>
    </term>
    <term tid="t_11" lemma="voorzien" type="open">
      <span>
        <target id="w_11"/>
      </span>
    </term>
    <term tid="t_12" lemma="." type="open">
      <span>
        <target id="w_12"/>
      </span>
    </term>
    <term tid="t_13" lemma="een" type="open">
      <span>
        <target id="w_13"/>
      </span>
    </term>
    <term tid="t_14" lemma="heel" type="open">
      <span>
        <target id="w_14"/>
      </span>
      <sentiment sentiment_modifier="intensifier" resource="VUA_olery_lexicon_nl_lmf"/>
    </term>
    <term tid="t_15" lemma="mooi" type="open" pos="G">
      <span>
        <target id="w_15"/>
      </span>
      <sentiment polarity="positive" resource="VUA_olery_lexicon_nl_lmf"/>
    </term>
    <term tid="t_16" lemma="uitzicht" type="open">
      <span>
        <target id="w_16"/>
      </span>
    </term>
    <term tid="t_17" lemma="ook" type="open">
      <span>
        <target id="w_17"/>
      </span>
    </term>
    <term tid="t_18" lemma="!" type="open">
      <span>
        <target id="w_18"/>
      </span>
      <sentiment sentiment_modifier="intensifier" resource="VUA_olery_lexicon_nl_lmf"/>
    </term>
    <term tid="t_19" lemma="de" type="open">
      <span>
        <target id="w_19"/>
      </span>
    </term>
    <term tid="t_20" lemma="bar" type="open">
      <span>
        <target id="w_20"/>
      </span>
    </term>
    <term tid="t_21" lemma="op" type="open">
      <span>
        <target id="w_21"/>
      </span>
    </term>
    <term tid="t_22" lemma="de" type="open">
      <span>
        <target id="w_22"/>
      </span>
    </term>
    <term tid="t_23" lemma="23e" type="open">
      <span>
        <target id="w_23"/>
      </span>
    </term>
    <term tid="t_24" lemma="verdieping" type="open">
      <span>
        <target id="w_24"/>
      </span>
    </term>
    <term tid="t_25" lemma="is" type="open">
      <span>
        <target id="w_25"/>
      </span>
    </term>
    <term tid="t_26" lemma="een" type="open">
      <span>
        <target id="w_26"/>
      </span>
    </term>
    <term tid="t_27" lemma="leuke" type="open">
      <span>
        <target id="w_27"/>
      </span>
    </term>
    <term tid="t_28" lemma="afsluiter" type="open">
      <span>
        <target id="w_28"/>
      </span>
    </term>
    <term tid="t_29" lemma="van" type="open">
      <span>
        <target id="w_29"/>
      </span>
    </term>
    <term tid="t_30" lemma="de" type="open">
      <span>
        <target id="w_30"/>
      </span>
    </term>
    <term tid="t_31" lemma="avond" type="open">
      <span>
        <target id="w_31"/>
      </span>
    </term>
    <term tid="t_32" lemma="." type="open">
      <span>
        <target id="w_32"/>
      </span>
    </term>
  </terms>
  <entities>
    <entity type="ORG" eid="e_1">
      <span>
        <target id="t_20"/>
      </span>
    </entity>
    <entity type="ORG" eid="e_2">
      <span>
        <target id="t_2"/>
      </span>
    </entity>
  </entities>
  <properties>
    <property type="facilities" pid="p_1">
      <span>
        <target id="t_20"/>
      </span>
    </property>
    <property type="room" pid="p_2">
      <span>
        <target id="t_2"/>
      </span>
      <span>
        <target id="t_16"/>
      </span>
    </property>
  </properties>
  <opinions>
    <opinion oid="o_1">
      <opinion_target>
        <span>
          <target id="t_16"/>
        </span>
      </opinion_target>
      <opinion_expression polarity="positive" strength="2">
        <span>
          <target id="t_15"/>
          <target id="t_14"/>
        </span>
      </opinion_expression>
    </opinion>
  </opinions>
</KAF>
