<?xml version='1.0' encoding='UTF-8'?>
<KAF xml:lang="nl">
  <linguisticProcessors layer="text">
    <lp timestamp="2013-01-06T18:31:53CET" version="2.0" name="SentenceTokenizer"/>
  </linguisticProcessors>
  <linguisticProcessors layer="terms">
    <lp timestamp="2013-01-06T18:31:53CET" version="2.0" name="SentenceTokenizer"/>
    <lp timestamp="2013-01-06T18:31:53CET" version="1.0" name="SimplePolarityTagger"/>
  </linguisticProcessors>
  <linguisticProcessor layer="opinions">
    <lp timestamp="2013-01-06T18:31:54CET" version="1.0" name="SimpleOpinionDetector"/>
  </linguisticProcessor>
  <linguisticProcessor layer="properties">
    <lp timestamp="2013-01-06T18:31:54CET" version="1.0" name="SimplePropRecognizer_lookup"/>
  </linguisticProcessor>
  <linguisticProcessor layer="entities">
    <lp timestamp="2013-01-06T18:31:53CET" version="1.0" name="SimpleNER_lookup"/>
  </linguisticProcessor>
  <text>
    <wf wid="w_1" para="1" sent="1">We</wf>
    <wf wid="w_2" para="1" sent="1">zijn</wf>
    <wf wid="w_3" para="1" sent="1">vorige</wf>
    <wf wid="w_4" para="1" sent="1">maand</wf>
    <wf wid="w_5" para="1" sent="1">in</wf>
    <wf wid="w_6" para="1" sent="1">dit</wf>
    <wf wid="w_7" para="1" sent="1">ontzettend</wf>
    <wf wid="w_8" para="1" sent="1">leuke</wf>
    <wf wid="w_9" para="1" sent="1">hotelletje</wf>
    <wf wid="w_10" para="1" sent="1">geweest</wf>
    <wf wid="w_11" para="1" sent="1">.</wf>
    <wf wid="w_12" para="1" sent="2">Kleinschalig</wf>
    <wf wid="w_13" para="1" sent="2">dus</wf>
    <wf wid="w_14" para="1" sent="2">persoonlijk</wf>
    <wf wid="w_15" para="1" sent="2">contact</wf>
    <wf wid="w_16" para="1" sent="2">met</wf>
    <wf wid="w_17" para="1" sent="2">het</wf>
    <wf wid="w_18" para="1" sent="2">hele</wf>
    <wf wid="w_19" para="1" sent="2">leuke</wf>
    <wf wid="w_20" para="1" sent="2">personeel</wf>
    <wf wid="w_21" para="1" sent="2">.</wf>
    <wf wid="w_22" para="1" sent="3">Aan</wf>
    <wf wid="w_23" para="1" sent="3">het</wf>
    <wf wid="w_24" para="1" sent="3">eind</wf>
    <wf wid="w_25" para="1" sent="3">van</wf>
    <wf wid="w_26" para="1" sent="3">de</wf>
    <wf wid="w_27" para="1" sent="3">middag</wf>
    <wf wid="w_28" para="1" sent="3">gezellig</wf>
    <wf wid="w_29" para="1" sent="3">een</wf>
    <wf wid="w_30" para="1" sent="3">borreltje</wf>
    <wf wid="w_31" para="1" sent="3">drinken</wf>
    <wf wid="w_32" para="1" sent="3">in</wf>
    <wf wid="w_33" para="1" sent="3">het</wf>
    <wf wid="w_34" para="1" sent="3">knusse</wf>
    <wf wid="w_35" para="1" sent="3">hotelbarretje</wf>
    <wf wid="w_36" para="1" sent="3">waarna</wf>
    <wf wid="w_37" para="1" sent="3">je</wf>
    <wf wid="w_38" para="1" sent="3">heerlijk</wf>
    <wf wid="w_39" para="1" sent="3">kunt</wf>
    <wf wid="w_40" para="1" sent="3">eten</wf>
    <wf wid="w_41" para="1" sent="3">in</wf>
    <wf wid="w_42" para="1" sent="3">Restaurant</wf>
    <wf wid="w_43" para="1" sent="3">Helder</wf>
    <wf wid="w_44" para="1" sent="3">(</wf>
    <wf wid="w_45" para="1" sent="3">hoort</wf>
    <wf wid="w_46" para="1" sent="3">bij</wf>
    <wf wid="w_47" para="1" sent="3">het</wf>
    <wf wid="w_48" para="1" sent="3">hotel</wf>
    <wf wid="w_49" para="1" sent="3">)</wf>
    <wf wid="w_50" para="1" sent="3">.</wf>
    <wf wid="w_51" para="1" sent="4">Heel</wf>
    <wf wid="w_52" para="1" sent="4">geslaagd</wf>
    <wf wid="w_53" para="1" sent="4">weekend</wf>
    <wf wid="w_54" para="1" sent="4">en</wf>
    <wf wid="w_55" para="1" sent="4">zeker</wf>
    <wf wid="w_56" para="1" sent="4">aan</wf>
    <wf wid="w_57" para="1" sent="4">te</wf>
    <wf wid="w_58" para="1" sent="4">raden</wf>
    <wf wid="w_59" para="1" sent="4">!</wf>
  </text>
  <terms>
    <term tid="t_1" lemma="we" type="open">
      <span>
        <target id="w_1"/>
      </span>
    </term>
    <term tid="t_2" lemma="zijn" type="open">
      <span>
        <target id="w_2"/>
      </span>
    </term>
    <term tid="t_3" lemma="vorige" type="open">
      <span>
        <target id="w_3"/>
      </span>
    </term>
    <term tid="t_4" lemma="maand" type="open">
      <span>
        <target id="w_4"/>
      </span>
    </term>
    <term tid="t_5" lemma="in" type="open">
      <span>
        <target id="w_5"/>
      </span>
    </term>
    <term tid="t_6" lemma="dit" type="open">
      <span>
        <target id="w_6"/>
      </span>
    </term>
    <term tid="t_7" lemma="ontzettend" type="open">
      <span>
        <target id="w_7"/>
      </span>
      <sentiment sentiment_modifier="intensifier" resource="VUA_olery_lexicon_nl_lmf"/>
    </term>
    <term tid="t_8" lemma="leuke" type="open">
      <span>
        <target id="w_8"/>
      </span>
    </term>
    <term tid="t_9" lemma="hotelletje" type="open">
      <span>
        <target id="w_9"/>
      </span>
    </term>
    <term tid="t_10" lemma="geweest" type="open">
      <span>
        <target id="w_10"/>
      </span>
    </term>
    <term tid="t_11" lemma="." type="open">
      <span>
        <target id="w_11"/>
      </span>
    </term>
    <term tid="t_12" lemma="kleinschalig" type="open" pos="G">
      <span>
        <target id="w_12"/>
      </span>
      <sentiment polarity="positive" resource="VUA_olery_lexicon_nl_lmf"/>
    </term>
    <term tid="t_13" lemma="dus" type="open">
      <span>
        <target id="w_13"/>
      </span>
    </term>
    <term tid="t_14" lemma="persoonlijk" type="open">
      <span>
        <target id="w_14"/>
      </span>
    </term>
    <term tid="t_15" lemma="contact" type="open">
      <span>
        <target id="w_15"/>
      </span>
    </term>
    <term tid="t_16" lemma="met" type="open">
      <span>
        <target id="w_16"/>
      </span>
    </term>
    <term tid="t_17" lemma="het" type="open">
      <span>
        <target id="w_17"/>
      </span>
    </term>
    <term tid="t_18" lemma="hele" type="open">
      <span>
        <target id="w_18"/>
      </span>
    </term>
    <term tid="t_19" lemma="leuke" type="open">
      <span>
        <target id="w_19"/>
      </span>
    </term>
    <term tid="t_20" lemma="personeel" type="open">
      <span>
        <target id="w_20"/>
      </span>
    </term>
    <term tid="t_21" lemma="." type="open">
      <span>
        <target id="w_21"/>
      </span>
    </term>
    <term tid="t_22" lemma="aan" type="open">
      <span>
        <target id="w_22"/>
      </span>
    </term>
    <term tid="t_23" lemma="het" type="open">
      <span>
        <target id="w_23"/>
      </span>
    </term>
    <term tid="t_24" lemma="eind" type="open">
      <span>
        <target id="w_24"/>
      </span>
    </term>
    <term tid="t_25" lemma="van" type="open">
      <span>
        <target id="w_25"/>
      </span>
    </term>
    <term tid="t_26" lemma="de" type="open">
      <span>
        <target id="w_26"/>
      </span>
    </term>
    <term tid="t_27" lemma="middag" type="open">
      <span>
        <target id="w_27"/>
      </span>
    </term>
    <term tid="t_28" lemma="gezellig" type="open" pos="G">
      <span>
        <target id="w_28"/>
      </span>
      <sentiment polarity="positive" resource="VUA_olery_lexicon_nl_lmf"/>
    </term>
    <term tid="t_29" lemma="een" type="open">
      <span>
        <target id="w_29"/>
      </span>
    </term>
    <term tid="t_30" lemma="borreltje" type="open">
      <span>
        <target id="w_30"/>
      </span>
    </term>
    <term tid="t_31" lemma="drinken" type="open">
      <span>
        <target id="w_31"/>
      </span>
    </term>
    <term tid="t_32" lemma="in" type="open">
      <span>
        <target id="w_32"/>
      </span>
    </term>
    <term tid="t_33" lemma="het" type="open">
      <span>
        <target id="w_33"/>
      </span>
    </term>
    <term tid="t_34" lemma="knusse" type="open">
      <span>
        <target id="w_34"/>
      </span>
    </term>
    <term tid="t_35" lemma="hotelbarretje" type="open">
      <span>
        <target id="w_35"/>
      </span>
    </term>
    <term tid="t_36" lemma="waarna" type="open">
      <span>
        <target id="w_36"/>
      </span>
    </term>
    <term tid="t_37" lemma="je" type="open">
      <span>
        <target id="w_37"/>
      </span>
    </term>
    <term tid="t_38" lemma="heerlijk" type="open" pos="G">
      <span>
        <target id="w_38"/>
      </span>
      <sentiment polarity="positive" resource="VUA_olery_lexicon_nl_lmf"/>
    </term>
    <term tid="t_39" lemma="kunt" type="open">
      <span>
        <target id="w_39"/>
      </span>
    </term>
    <term tid="t_40" lemma="eten" type="open">
      <span>
        <target id="w_40"/>
      </span>
    </term>
    <term tid="t_41" lemma="in" type="open">
      <span>
        <target id="w_41"/>
      </span>
    </term>
    <term tid="t_42" lemma="restaurant" type="open">
      <span>
        <target id="w_42"/>
      </span>
    </term>
    <term tid="t_43" lemma="helder" type="open" pos="G">
      <span>
        <target id="w_43"/>
      </span>
      <sentiment polarity="positive" resource="VUA_olery_lexicon_nl_lmf"/>
    </term>
    <term tid="t_44" lemma="(" type="open">
      <span>
        <target id="w_44"/>
      </span>
    </term>
    <term tid="t_45" lemma="hoort" type="open">
      <span>
        <target id="w_45"/>
      </span>
    </term>
    <term tid="t_46" lemma="bij" type="open">
      <span>
        <target id="w_46"/>
      </span>
    </term>
    <term tid="t_47" lemma="het" type="open">
      <span>
        <target id="w_47"/>
      </span>
    </term>
    <term tid="t_48" lemma="hotel" type="open">
      <span>
        <target id="w_48"/>
      </span>
    </term>
    <term tid="t_49" lemma=")" type="open">
      <span>
        <target id="w_49"/>
      </span>
    </term>
    <term tid="t_50" lemma="." type="open">
      <span>
        <target id="w_50"/>
      </span>
    </term>
    <term tid="t_51" lemma="heel" type="open">
      <span>
        <target id="w_51"/>
      </span>
      <sentiment sentiment_modifier="intensifier" resource="VUA_olery_lexicon_nl_lmf"/>
    </term>
    <term tid="t_52" lemma="geslaagd" type="open" pos="G">
      <span>
        <target id="w_52"/>
      </span>
      <sentiment polarity="positive" resource="VUA_olery_lexicon_nl_lmf"/>
    </term>
    <term tid="t_53" lemma="weekend" type="open">
      <span>
        <target id="w_53"/>
      </span>
    </term>
    <term tid="t_54" lemma="en" type="open">
      <span>
        <target id="w_54"/>
      </span>
    </term>
    <term tid="t_55" lemma="zeker" type="open">
      <span>
        <target id="w_55"/>
      </span>
    </term>
    <term tid="t_56" lemma="aan" type="open">
      <span>
        <target id="w_56"/>
      </span>
    </term>
    <term tid="t_57" lemma="te" type="open">
      <span>
        <target id="w_57"/>
      </span>
    </term>
    <term tid="t_58" lemma="raden" type="open">
      <span>
        <target id="w_58"/>
      </span>
    </term>
    <term tid="t_59" lemma="!" type="open">
      <span>
        <target id="w_59"/>
      </span>
      <sentiment sentiment_modifier="intensifier" resource="VUA_olery_lexicon_nl_lmf"/>
    </term>
  </terms>
  <entities>
    <entity type="MISC" eid="e_1">
      <span>
        <target id="t_2"/>
      </span>
    </entity>
    <entity type="PER" eid="e_2">
      <span>
        <target id="t_1"/>
      </span>
    </entity>
  </entities>
  <properties>
    <property type="restaurant" pid="p_1">
      <span>
        <target id="t_31"/>
      </span>
      <span>
        <target id="t_40"/>
      </span>
      <span>
        <target id="t_42"/>
      </span>
    </property>
    <property type="staff" pid="p_2">
      <span>
        <target id="t_20"/>
      </span>
    </property>
  </properties>
  <opinions>
    <opinion oid="o_1">
      <opinion_target>
        <span>
          <target id="t_14"/>
        </span>
      </opinion_target>
      <opinion_expression polarity="positive" strength="1">
        <span>
          <target id="t_12"/>
        </span>
      </opinion_expression>
    </opinion>
    <opinion oid="o_2">
      <opinion_target>
        <span>
          <target id="t_30"/>
        </span>
      </opinion_target>
      <opinion_expression polarity="positive" strength="1">
        <span>
          <target id="t_28"/>
        </span>
      </opinion_expression>
    </opinion>
    <opinion oid="o_3">
      <opinion_target>
        <span>
          <target id="t_39"/>
        </span>
      </opinion_target>
      <opinion_expression polarity="positive" strength="1">
        <span>
          <target id="t_38"/>
        </span>
      </opinion_expression>
    </opinion>
    <opinion oid="o_4">
      <opinion_target>
        <span>
          <target id="t_45"/>
        </span>
      </opinion_target>
      <opinion_expression polarity="positive" strength="1">
        <span>
          <target id="t_43"/>
        </span>
      </opinion_expression>
    </opinion>
    <opinion oid="o_5">
      <opinion_target>
        <span>
          <target id="t_53"/>
        </span>
      </opinion_target>
      <opinion_expression polarity="positive" strength="2">
        <span>
          <target id="t_52"/>
          <target id="t_51"/>
        </span>
      </opinion_expression>
    </opinion>
  </opinions>
</KAF>
