<?xml version='1.0' encoding='UTF-8'?>
<KAF xml:lang="nl">
  <linguisticProcessors layer="text">
    <lp timestamp="2013-01-06T18:31:39CET" version="2.0" name="SentenceTokenizer"/>
  </linguisticProcessors>
  <linguisticProcessors layer="terms">
    <lp timestamp="2013-01-06T18:31:39CET" version="2.0" name="SentenceTokenizer"/>
    <lp timestamp="2013-01-06T18:31:40CET" version="1.0" name="SimplePolarityTagger"/>
  </linguisticProcessors>
  <linguisticProcessor layer="opinions">
    <lp timestamp="2013-01-06T18:31:40CET" version="1.0" name="SimpleOpinionDetector"/>
  </linguisticProcessor>
  <linguisticProcessor layer="properties">
    <lp timestamp="2013-01-06T18:31:40CET" version="1.0" name="SimplePropRecognizer_lookup"/>
  </linguisticProcessor>
  <linguisticProcessor layer="entities">
    <lp timestamp="2013-01-06T18:31:40CET" version="1.0" name="SimpleNER_lookup"/>
  </linguisticProcessor>
  <text>
    <wf wid="w_1" para="1" sent="1">Prima</wf>
    <wf wid="w_2" para="1" sent="1">sfeer</wf>
    <wf wid="w_3" para="1" sent="1">,</wf>
    <wf wid="w_4" para="1" sent="1">zeer</wf>
    <wf wid="w_5" para="1" sent="1">vriendelijk</wf>
    <wf wid="w_6" para="1" sent="1">personeel</wf>
    <wf wid="w_7" para="1" sent="1">en</wf>
    <wf wid="w_8" para="1" sent="1">erg</wf>
    <wf wid="w_9" para="1" sent="1">behulpzaam</wf>
    <wf wid="w_10" para="1" sent="1">.</wf>
    <wf wid="w_11" para="1" sent="2">Hotel</wf>
    <wf wid="w_12" para="1" sent="2">en</wf>
    <wf wid="w_13" para="1" sent="2">kamers</wf>
    <wf wid="w_14" para="1" sent="2">meer</wf>
    <wf wid="w_15" para="1" sent="2">dan</wf>
    <wf wid="w_16" para="1" sent="2">prima</wf>
    <wf wid="w_17" para="1" sent="2">.</wf>
    <wf wid="w_18" para="1" sent="3">Ontbijt</wf>
    <wf wid="w_19" para="1" sent="3">uitgebreid</wf>
    <wf wid="w_20" para="1" sent="3">en</wf>
    <wf wid="w_21" para="1" sent="3">lekker</wf>
    <wf wid="w_22" para="1" sent="3">.</wf>
    <wf wid="w_23" para="1" sent="4">Service</wf>
    <wf wid="w_24" para="1" sent="4">hartsikke</wf>
    <wf wid="w_25" para="1" sent="4">goed</wf>
    <wf wid="w_26" para="1" sent="4">!</wf>
    <wf wid="w_27" para="1" sent="5">Oftewel</wf>
    <wf wid="w_28" para="1" sent="5">uitstekend</wf>
    <wf wid="w_29" para="1" sent="5">hotel</wf>
    <wf wid="w_30" para="1" sent="5">!</wf>
    <wf wid="w_31" para="1" sent="6">Echt</wf>
    <wf wid="w_32" para="1" sent="6">een</wf>
    <wf wid="w_33" para="1" sent="6">aanrader</wf>
    <wf wid="w_34" para="1" sent="6">!</wf>
    <wf wid="w_35" para="1" sent="7">Wij</wf>
    <wf wid="w_36" para="1" sent="7">zijn</wf>
    <wf wid="w_37" para="1" sent="7">er</wf>
    <wf wid="w_38" para="1" sent="7">de</wf>
    <wf wid="w_39" para="1" sent="7">afgelopen</wf>
    <wf wid="w_40" para="1" sent="7">5</wf>
    <wf wid="w_41" para="1" sent="7">jr</wf>
    <wf wid="w_42" para="1" sent="7">al</wf>
    <wf wid="w_43" para="1" sent="7">3x</wf>
    <wf wid="w_44" para="1" sent="7">geweest</wf>
    <wf wid="w_45" para="1" sent="7">en</wf>
    <wf wid="w_46" para="1" sent="7">het</wf>
    <wf wid="w_47" para="1" sent="7">hotel</wf>
    <wf wid="w_48" para="1" sent="7">blijft</wf>
    <wf wid="w_49" para="1" sent="7">van</wf>
    <wf wid="w_50" para="1" sent="7">een</wf>
    <wf wid="w_51" para="1" sent="7">hoog</wf>
    <wf wid="w_52" para="1" sent="7">niveau</wf>
  </text>
  <terms>
    <term tid="t_1" lemma="prima" type="open" pos="G">
      <span>
        <target id="w_1"/>
      </span>
      <sentiment polarity="positive" resource="VUA_olery_lexicon_nl_lmf"/>
    </term>
    <term tid="t_2" lemma="sfeer" type="open" pos="N">
      <span>
        <target id="w_2"/>
      </span>
      <sentiment polarity="positive" resource="VUA_olery_lexicon_nl_lmf"/>
    </term>
    <term tid="t_3" lemma="," type="open">
      <span>
        <target id="w_3"/>
      </span>
    </term>
    <term tid="t_4" lemma="zeer" type="open">
      <span>
        <target id="w_4"/>
      </span>
      <sentiment sentiment_modifier="intensifier" resource="VUA_olery_lexicon_nl_lmf"/>
    </term>
    <term tid="t_5" lemma="vriendelijk" type="open" pos="G">
      <span>
        <target id="w_5"/>
      </span>
      <sentiment polarity="positive" resource="VUA_olery_lexicon_nl_lmf"/>
    </term>
    <term tid="t_6" lemma="personeel" type="open">
      <span>
        <target id="w_6"/>
      </span>
    </term>
    <term tid="t_7" lemma="en" type="open">
      <span>
        <target id="w_7"/>
      </span>
    </term>
    <term tid="t_8" lemma="erg" type="open">
      <span>
        <target id="w_8"/>
      </span>
      <sentiment sentiment_modifier="intensifier" resource="VUA_olery_lexicon_nl_lmf"/>
    </term>
    <term tid="t_9" lemma="behulpzaam" type="open" pos="G">
      <span>
        <target id="w_9"/>
      </span>
      <sentiment polarity="positive" resource="VUA_olery_lexicon_nl_lmf"/>
    </term>
    <term tid="t_10" lemma="." type="open">
      <span>
        <target id="w_10"/>
      </span>
    </term>
    <term tid="t_11" lemma="hotel" type="open">
      <span>
        <target id="w_11"/>
      </span>
    </term>
    <term tid="t_12" lemma="en" type="open">
      <span>
        <target id="w_12"/>
      </span>
    </term>
    <term tid="t_13" lemma="kamers" type="open">
      <span>
        <target id="w_13"/>
      </span>
    </term>
    <term tid="t_14" lemma="meer" type="open">
      <span>
        <target id="w_14"/>
      </span>
    </term>
    <term tid="t_15" lemma="dan" type="open">
      <span>
        <target id="w_15"/>
      </span>
    </term>
    <term tid="t_16" lemma="prima" type="open" pos="G">
      <span>
        <target id="w_16"/>
      </span>
      <sentiment polarity="positive" resource="VUA_olery_lexicon_nl_lmf"/>
    </term>
    <term tid="t_17" lemma="." type="open">
      <span>
        <target id="w_17"/>
      </span>
    </term>
    <term tid="t_18" lemma="ontbijt" type="open">
      <span>
        <target id="w_18"/>
      </span>
    </term>
    <term tid="t_19" lemma="uitgebreid" type="open" pos="V">
      <span>
        <target id="w_19"/>
      </span>
      <sentiment polarity="positive" resource="VUA_olery_lexicon_nl_lmf"/>
    </term>
    <term tid="t_20" lemma="en" type="open">
      <span>
        <target id="w_20"/>
      </span>
    </term>
    <term tid="t_21" lemma="lekker" type="open" pos="G">
      <span>
        <target id="w_21"/>
      </span>
      <sentiment polarity="positive" resource="VUA_olery_lexicon_nl_lmf"/>
    </term>
    <term tid="t_22" lemma="." type="open">
      <span>
        <target id="w_22"/>
      </span>
    </term>
    <term tid="t_23" lemma="service" type="open">
      <span>
        <target id="w_23"/>
      </span>
    </term>
    <term tid="t_24" lemma="hartsikke" type="open">
      <span>
        <target id="w_24"/>
      </span>
    </term>
    <term tid="t_25" lemma="goed" type="open" pos="G">
      <span>
        <target id="w_25"/>
      </span>
      <sentiment polarity="positive" resource="VUA_olery_lexicon_nl_lmf"/>
    </term>
    <term tid="t_26" lemma="!" type="open">
      <span>
        <target id="w_26"/>
      </span>
      <sentiment sentiment_modifier="intensifier" resource="VUA_olery_lexicon_nl_lmf"/>
    </term>
    <term tid="t_27" lemma="oftewel" type="open">
      <span>
        <target id="w_27"/>
      </span>
    </term>
    <term tid="t_28" lemma="uitstekend" type="open" pos="G">
      <span>
        <target id="w_28"/>
      </span>
      <sentiment polarity="positive" resource="VUA_olery_lexicon_nl_lmf"/>
    </term>
    <term tid="t_29" lemma="hotel" type="open">
      <span>
        <target id="w_29"/>
      </span>
    </term>
    <term tid="t_30" lemma="!" type="open">
      <span>
        <target id="w_30"/>
      </span>
      <sentiment sentiment_modifier="intensifier" resource="VUA_olery_lexicon_nl_lmf"/>
    </term>
    <term tid="t_31" lemma="echt" type="open">
      <span>
        <target id="w_31"/>
      </span>
      <sentiment sentiment_modifier="intensifier" resource="VUA_olery_lexicon_nl_lmf"/>
    </term>
    <term tid="t_32" lemma="een" type="open">
      <span>
        <target id="w_32"/>
      </span>
    </term>
    <term tid="t_33" lemma="aanrader" type="open" pos="N">
      <span>
        <target id="w_33"/>
      </span>
      <sentiment polarity="positive" resource="VUA_olery_lexicon_nl_lmf"/>
    </term>
    <term tid="t_34" lemma="!" type="open">
      <span>
        <target id="w_34"/>
      </span>
      <sentiment sentiment_modifier="intensifier" resource="VUA_olery_lexicon_nl_lmf"/>
    </term>
    <term tid="t_35" lemma="wij" type="open">
      <span>
        <target id="w_35"/>
      </span>
    </term>
    <term tid="t_36" lemma="zijn" type="open">
      <span>
        <target id="w_36"/>
      </span>
    </term>
    <term tid="t_37" lemma="er" type="open">
      <span>
        <target id="w_37"/>
      </span>
    </term>
    <term tid="t_38" lemma="de" type="open">
      <span>
        <target id="w_38"/>
      </span>
    </term>
    <term tid="t_39" lemma="afgelopen" type="open">
      <span>
        <target id="w_39"/>
      </span>
    </term>
    <term tid="t_40" lemma="5" type="open">
      <span>
        <target id="w_40"/>
      </span>
    </term>
    <term tid="t_41" lemma="jr" type="open">
      <span>
        <target id="w_41"/>
      </span>
    </term>
    <term tid="t_42" lemma="al" type="open">
      <span>
        <target id="w_42"/>
      </span>
    </term>
    <term tid="t_43" lemma="3x" type="open">
      <span>
        <target id="w_43"/>
      </span>
    </term>
    <term tid="t_44" lemma="geweest" type="open">
      <span>
        <target id="w_44"/>
      </span>
    </term>
    <term tid="t_45" lemma="en" type="open">
      <span>
        <target id="w_45"/>
      </span>
    </term>
    <term tid="t_46" lemma="het" type="open">
      <span>
        <target id="w_46"/>
      </span>
    </term>
    <term tid="t_47" lemma="hotel" type="open">
      <span>
        <target id="w_47"/>
      </span>
    </term>
    <term tid="t_48" lemma="blijft" type="open">
      <span>
        <target id="w_48"/>
      </span>
    </term>
    <term tid="t_49" lemma="van" type="open">
      <span>
        <target id="w_49"/>
      </span>
    </term>
    <term tid="t_50" lemma="een" type="open">
      <span>
        <target id="w_50"/>
      </span>
    </term>
    <term tid="t_51" lemma="hoog" type="open" pos="G">
      <span>
        <target id="w_51"/>
      </span>
      <sentiment polarity="negative" resource="VUA_olery_lexicon_nl_lmf"/>
    </term>
    <term tid="t_52" lemma="niveau" type="open">
      <span>
        <target id="w_52"/>
      </span>
    </term>
  </terms>
  <entities>
    <entity type="MISC" eid="e_1">
      <span>
        <target id="t_36"/>
      </span>
    </entity>
    <entity type="MISC" eid="e_2">
      <span>
        <target id="t_23"/>
      </span>
    </entity>
    <entity type="PER" eid="e_3">
      <span>
        <target id="t_1"/>
      </span>
      <span>
        <target id="t_16"/>
      </span>
    </entity>
  </entities>
  <properties>
    <property type="restaurant" pid="p_1">
      <span>
        <target id="t_18"/>
      </span>
      <span>
        <target id="t_19"/>
      </span>
      <span>
        <target id="t_21"/>
      </span>
    </property>
    <property type="staff" pid="p_2">
      <span>
        <target id="t_5"/>
      </span>
      <span>
        <target id="t_6"/>
      </span>
      <span>
        <target id="t_9"/>
      </span>
      <span>
        <target id="t_23"/>
      </span>
    </property>
  </properties>
  <opinions>
    <opinion oid="o_1">
      <opinion_target>
        <span>
          <target id="t_6"/>
        </span>
      </opinion_target>
      <opinion_expression polarity="positive" strength="2">
        <span>
          <target id="t_5"/>
          <target id="t_4"/>
        </span>
      </opinion_expression>
    </opinion>
    <opinion oid="o_2">
      <opinion_target>
        <span>
          <target id="t_13"/>
        </span>
      </opinion_target>
      <opinion_expression polarity="positive" strength="1">
        <span>
          <target id="t_16"/>
        </span>
      </opinion_expression>
    </opinion>
    <opinion oid="o_3">
      <opinion_target>
        <span>
          <target id="t_18"/>
        </span>
      </opinion_target>
      <opinion_expression polarity="positive" strength="2">
        <span>
          <target id="t_19"/>
          <target id="t_21"/>
        </span>
      </opinion_expression>
    </opinion>
    <opinion oid="o_4">
      <opinion_target>
        <span>
          <target id="t_24"/>
        </span>
      </opinion_target>
      <opinion_expression polarity="positive" strength="1">
        <span>
          <target id="t_25"/>
        </span>
      </opinion_expression>
    </opinion>
    <opinion oid="o_5">
      <opinion_target>
        <span>
          <target id="t_29"/>
        </span>
      </opinion_target>
      <opinion_expression polarity="positive" strength="1">
        <span>
          <target id="t_28"/>
        </span>
      </opinion_expression>
    </opinion>
    <opinion oid="o_6">
      <opinion_target>
        <span>
          <target id="t_31"/>
        </span>
      </opinion_target>
      <opinion_expression polarity="positive" strength="1">
        <span>
          <target id="t_33"/>
        </span>
      </opinion_expression>
    </opinion>
    <opinion oid="o_7">
      <opinion_target>
        <span>
          <target id="t_52"/>
        </span>
      </opinion_target>
      <opinion_expression polarity="negative" strength="-1">
        <span>
          <target id="t_51"/>
        </span>
      </opinion_expression>
    </opinion>
  </opinions>
</KAF>
