<?xml version='1.0' encoding='UTF-8'?>
<KAF xml:lang="nl">
  <linguisticProcessors layer="text">
    <lp timestamp="2013-01-06T18:43:35CET" version="2.0" name="SentenceTokenizer"/>
  </linguisticProcessors>
  <linguisticProcessors layer="terms">
    <lp timestamp="2013-01-06T18:43:35CET" version="2.0" name="SentenceTokenizer"/>
    <lp timestamp="2013-01-06T18:43:36CET" version="1.0" name="SimplePolarityTagger"/>
  </linguisticProcessors>
  <linguisticProcessor layer="opinions">
    <lp timestamp="2013-01-06T18:43:36CET" version="1.0" name="SimpleOpinionDetector"/>
  </linguisticProcessor>
  <linguisticProcessor layer="properties">
    <lp timestamp="2013-01-06T18:43:36CET" version="1.0" name="SimplePropRecognizer_lookup"/>
  </linguisticProcessor>
  <linguisticProcessor layer="entities">
    <lp timestamp="2013-01-06T18:43:36CET" version="1.0" name="SimpleNER_lookup"/>
  </linguisticProcessor>
  <text>
    <wf wid="w_1" para="1" sent="1">ongezellige</wf>
    <wf wid="w_2" para="1" sent="1">kazerne</wf>
    <wf wid="w_3" para="1" sent="1">.</wf>
    <wf wid="w_4" para="1" sent="2">Dit</wf>
    <wf wid="w_5" para="1" sent="2">hotel</wf>
    <wf wid="w_6" para="1" sent="2">is</wf>
    <wf wid="w_7" para="1" sent="2">in</wf>
    <wf wid="w_8" para="1" sent="2">de</wf>
    <wf wid="w_9" para="1" sent="2">jaren</wf>
    <wf wid="w_10" para="1" sent="2">uitgegroeid</wf>
    <wf wid="w_11" para="1" sent="2">van</wf>
    <wf wid="w_12" para="1" sent="2">een</wf>
    <wf wid="w_13" para="1" sent="2">beschaafd</wf>
    <wf wid="w_14" para="1" sent="2">klein</wf>
    <wf wid="w_15" para="1" sent="2">hotel</wf>
    <wf wid="w_16" para="1" sent="2">tot</wf>
    <wf wid="w_17" para="1" sent="2">een</wf>
    <wf wid="w_18" para="1" sent="2">enorm</wf>
    <wf wid="w_19" para="1" sent="2">cluster</wf>
    <wf wid="w_20" para="1" sent="2">van</wf>
    <wf wid="w_21" para="1" sent="2">hoofd</wf>
    <wf wid="w_22" para="1" sent="2">-</wf>
    <wf wid="w_23" para="1" sent="2">en</wf>
    <wf wid="w_24" para="1" sent="2">bijgebouwen</wf>
    <wf wid="w_25" para="1" sent="2">,</wf>
    <wf wid="w_26" para="1" sent="2">met</wf>
    <wf wid="w_27" para="1" sent="2">elkaar</wf>
    <wf wid="w_28" para="1" sent="2">verbonden</wf>
    <wf wid="w_29" para="1" sent="2">door</wf>
    <wf wid="w_30" para="1" sent="2">lange</wf>
    <wf wid="w_31" para="1" sent="2">gangen</wf>
    <wf wid="w_32" para="1" sent="2">die</wf>
    <wf wid="w_33" para="1" sent="2">nog</wf>
    <wf wid="w_34" para="1" sent="2">het</wf>
    <wf wid="w_35" para="1" sent="2">meest</wf>
    <wf wid="w_36" para="1" sent="2">aan</wf>
    <wf wid="w_37" para="1" sent="2">een</wf>
    <wf wid="w_38" para="1" sent="2">ziekenhuis</wf>
    <wf wid="w_39" para="1" sent="2">doen</wf>
    <wf wid="w_40" para="1" sent="2">denken</wf>
    <wf wid="w_41" para="1" sent="2">.</wf>
    <wf wid="w_42" para="1" sent="3">Ook</wf>
    <wf wid="w_43" para="1" sent="3">de</wf>
    <wf wid="w_44" para="1" sent="3">kamers</wf>
    <wf wid="w_45" para="1" sent="3">hebben</wf>
    <wf wid="w_46" para="1" sent="3">een</wf>
    <wf wid="w_47" para="1" sent="3">uitstraling</wf>
    <wf wid="w_48" para="1" sent="3">die</wf>
    <wf wid="w_49" para="1" sent="3">nog</wf>
    <wf wid="w_50" para="1" sent="3">het</wf>
    <wf wid="w_51" para="1" sent="3">beste</wf>
    <wf wid="w_52" para="1" sent="3">bij</wf>
    <wf wid="w_53" para="1" sent="3">een</wf>
    <wf wid="w_54" para="1" sent="3">verzorgingstehuis</wf>
    <wf wid="w_55" para="1" sent="3">past</wf>
    <wf wid="w_56" para="1" sent="3">.</wf>
    <wf wid="w_57" para="1" sent="4">Hoewel</wf>
    <wf wid="w_58" para="1" sent="4">ze</wf>
    <wf wid="w_59" para="1" sent="4">wel</wf>
    <wf wid="w_60" para="1" sent="4">ruim</wf>
    <wf wid="w_61" para="1" sent="4">zijn</wf>
    <wf wid="w_62" para="1" sent="4">,</wf>
    <wf wid="w_63" para="1" sent="4">is</wf>
    <wf wid="w_64" para="1" sent="4">werkelijk</wf>
    <wf wid="w_65" para="1" sent="4">geen</wf>
    <wf wid="w_66" para="1" sent="4">greintje</wf>
    <wf wid="w_67" para="1" sent="4">sfeer</wf>
    <wf wid="w_68" para="1" sent="4">te</wf>
    <wf wid="w_69" para="1" sent="4">ontdekken</wf>
    <wf wid="w_70" para="1" sent="4">.</wf>
    <wf wid="w_71" para="1" sent="5">Het</wf>
    <wf wid="w_72" para="1" sent="5">zwembad</wf>
    <wf wid="w_73" para="1" sent="5">en</wf>
    <wf wid="w_74" para="1" sent="5">sauna</wf>
    <wf wid="w_75" para="1" sent="5">zijn</wf>
    <wf wid="w_76" para="1" sent="5">niet</wf>
    <wf wid="w_77" para="1" sent="5">meegegroeid</wf>
    <wf wid="w_78" para="1" sent="5">met</wf>
    <wf wid="w_79" para="1" sent="5">het</wf>
    <wf wid="w_80" para="1" sent="5">hotel</wf>
    <wf wid="w_81" para="1" sent="5">en</wf>
    <wf wid="w_82" para="1" sent="5">dus</wf>
    <wf wid="w_83" para="1" sent="5">klein</wf>
    <wf wid="w_84" para="1" sent="5">en</wf>
    <wf wid="w_85" para="1" sent="5">treurig</wf>
    <wf wid="w_86" para="1" sent="5">.</wf>
    <wf wid="w_87" para="1" sent="6">Vergeet</wf>
    <wf wid="w_88" para="1" sent="6">comfort</wf>
    <wf wid="w_89" para="1" sent="6">,</wf>
    <wf wid="w_90" para="1" sent="6">dit</wf>
    <wf wid="w_91" para="1" sent="6">is</wf>
    <wf wid="w_92" para="1" sent="6">echt</wf>
    <wf wid="w_93" para="1" sent="6">back</wf>
    <wf wid="w_94" para="1" sent="6">to</wf>
    <wf wid="w_95" para="1" sent="6">basics</wf>
    <wf wid="w_96" para="1" sent="6">.</wf>
    <wf wid="w_97" para="1" sent="7">Een</wf>
    <wf wid="w_98" para="1" sent="7">bubbelbad</wf>
    <wf wid="w_99" para="1" sent="7">zonder</wf>
    <wf wid="w_100" para="1" sent="7">bubbels</wf>
    <wf wid="w_101" para="1" sent="7">en</wf>
    <wf wid="w_102" para="1" sent="7">een</wf>
    <wf wid="w_103" para="1" sent="7">vloer</wf>
    <wf wid="w_104" para="1" sent="7">waar</wf>
    <wf wid="w_105" para="1" sent="7">genoeg</wf>
    <wf wid="w_106" para="1" sent="7">haren</wf>
    <wf wid="w_107" para="1" sent="7">op</wf>
    <wf wid="w_108" para="1" sent="7">liggen</wf>
    <wf wid="w_109" para="1" sent="7">om</wf>
    <wf wid="w_110" para="1" sent="7">een</wf>
    <wf wid="w_111" para="1" sent="7">aardige</wf>
    <wf wid="w_112" para="1" sent="7">haarstuk</wf>
    <wf wid="w_113" para="1" sent="7">van</wf>
    <wf wid="w_114" para="1" sent="7">te</wf>
    <wf wid="w_115" para="1" sent="7">maken</wf>
    <wf wid="w_116" para="1" sent="7">.</wf>
    <wf wid="w_117" para="1" sent="8">Word</wf>
    <wf wid="w_118" para="1" sent="8">je</wf>
    <wf wid="w_119" para="1" sent="8">wakker</wf>
    <wf wid="w_120" para="1" sent="8">?</wf>
    <wf wid="w_121" para="1" sent="9">draai</wf>
    <wf wid="w_122" para="1" sent="9">je</wf>
    <wf wid="w_123" para="1" sent="9">nog</wf>
    <wf wid="w_124" para="1" sent="9">een</wf>
    <wf wid="w_125" para="1" sent="9">keer</wf>
    <wf wid="w_126" para="1" sent="9">om</wf>
    <wf wid="w_127" para="1" sent="9">,</wf>
    <wf wid="w_128" para="1" sent="9">het</wf>
    <wf wid="w_129" para="1" sent="9">ontbijt</wf>
    <wf wid="w_130" para="1" sent="9">wil</wf>
    <wf wid="w_131" para="1" sent="9">je</wf>
    <wf wid="w_132" para="1" sent="9">best</wf>
    <wf wid="w_133" para="1" sent="9">missen</wf>
    <wf wid="w_134" para="1" sent="9">.</wf>
    <wf wid="w_135" para="1" sent="10">Het</wf>
    <wf wid="w_136" para="1" sent="10">heeft</wf>
    <wf wid="w_137" para="1" sent="10">iets</wf>
    <wf wid="w_138" para="1" sent="10">weg</wf>
    <wf wid="w_139" para="1" sent="10">van</wf>
    <wf wid="w_140" para="1" sent="10">een</wf>
    <wf wid="w_141" para="1" sent="10">universiteitsmensa</wf>
    <wf wid="w_142" para="1" sent="10">uit</wf>
    <wf wid="w_143" para="1" sent="10">1980</wf>
    <wf wid="w_144" para="1" sent="10">of</wf>
    <wf wid="w_145" para="1" sent="10">de</wf>
    <wf wid="w_146" para="1" sent="10">kantine</wf>
    <wf wid="w_147" para="1" sent="10">van</wf>
    <wf wid="w_148" para="1" sent="10">een</wf>
    <wf wid="w_149" para="1" sent="10">marinefregat</wf>
    <wf wid="w_150" para="1" sent="10">:</wf>
    <wf wid="w_151" para="1" sent="10">massaal</wf>
    <wf wid="w_152" para="1" sent="10">en</wf>
    <wf wid="w_153" para="1" sent="10">sfeerloos</wf>
    <wf wid="w_154" para="1" sent="10">ongezellig</wf>
    <wf wid="w_155" para="1" sent="10">.</wf>
    <wf wid="w_156" para="1" sent="11">Het</wf>
    <wf wid="w_157" para="1" sent="11">personeel</wf>
    <wf wid="w_158" para="1" sent="11">past</wf>
    <wf wid="w_159" para="1" sent="11">hier</wf>
    <wf wid="w_160" para="1" sent="11">naadloos</wf>
    <wf wid="w_161" para="1" sent="11">bij</wf>
    <wf wid="w_162" para="1" sent="11">:</wf>
    <wf wid="w_163" para="1" sent="11">onpersoonlijk</wf>
    <wf wid="w_164" para="1" sent="11">en</wf>
    <wf wid="w_165" para="1" sent="11">ongemanierd</wf>
    <wf wid="w_166" para="1" sent="11">.</wf>
    <wf wid="w_167" para="1" sent="12">Dit</wf>
    <wf wid="w_168" para="1" sent="12">hotel</wf>
    <wf wid="w_169" para="1" sent="12">is</wf>
    <wf wid="w_170" para="1" sent="12">alleen</wf>
    <wf wid="w_171" para="1" sent="12">een</wf>
    <wf wid="w_172" para="1" sent="12">aanrader</wf>
    <wf wid="w_173" para="1" sent="12">voor</wf>
    <wf wid="w_174" para="1" sent="12">hen</wf>
    <wf wid="w_175" para="1" sent="12">die</wf>
    <wf wid="w_176" para="1" sent="12">de</wf>
    <wf wid="w_177" para="1" sent="12">toekan</wf>
    <wf wid="w_178" para="1" sent="12">-hotels</wf>
    <wf wid="w_179" para="1" sent="12">veel</wf>
    <wf wid="w_180" para="1" sent="12">te</wf>
    <wf wid="w_181" para="1" sent="12">gezellig</wf>
    <wf wid="w_182" para="1" sent="12">vinden</wf>
    <wf wid="w_183" para="1" sent="12">en</wf>
    <wf wid="w_184" para="1" sent="12">benieuwd</wf>
    <wf wid="w_185" para="1" sent="12">zijn</wf>
    <wf wid="w_186" para="1" sent="12">naar</wf>
    <wf wid="w_187" para="1" sent="12">de</wf>
    <wf wid="w_188" para="1" sent="12">sfeer</wf>
    <wf wid="w_189" para="1" sent="12">van</wf>
    <wf wid="w_190" para="1" sent="12">een</wf>
    <wf wid="w_191" para="1" sent="12">ziekenhuis</wf>
    <wf wid="w_192" para="1" sent="12">en</wf>
    <wf wid="w_193" para="1" sent="12">het</wf>
    <wf wid="w_194" para="1" sent="12">comfort</wf>
    <wf wid="w_195" para="1" sent="12">van</wf>
    <wf wid="w_196" para="1" sent="12">Leenbakker</wf>
    <wf wid="w_197" para="1" sent="12">.</wf>
    <wf wid="w_198" para="1" sent="13">Positief</wf>
    <wf wid="w_199" para="1" sent="13">:</wf>
    <wf wid="w_200" para="1" sent="13">het</wf>
    <wf wid="w_201" para="1" sent="13">uitzicht</wf>
    <wf wid="w_202" para="1" sent="13">.</wf>
  </text>
  <terms>
    <term tid="t_1" lemma="ongezellige" type="open">
      <span>
        <target id="w_1"/>
      </span>
    </term>
    <term tid="t_2" lemma="kazerne" type="open">
      <span>
        <target id="w_2"/>
      </span>
    </term>
    <term tid="t_3" lemma="." type="open">
      <span>
        <target id="w_3"/>
      </span>
    </term>
    <term tid="t_4" lemma="dit" type="open">
      <span>
        <target id="w_4"/>
      </span>
    </term>
    <term tid="t_5" lemma="hotel" type="open">
      <span>
        <target id="w_5"/>
      </span>
    </term>
    <term tid="t_6" lemma="is" type="open">
      <span>
        <target id="w_6"/>
      </span>
    </term>
    <term tid="t_7" lemma="in" type="open">
      <span>
        <target id="w_7"/>
      </span>
    </term>
    <term tid="t_8" lemma="de" type="open">
      <span>
        <target id="w_8"/>
      </span>
    </term>
    <term tid="t_9" lemma="jaren" type="open">
      <span>
        <target id="w_9"/>
      </span>
    </term>
    <term tid="t_10" lemma="uitgegroeid" type="open">
      <span>
        <target id="w_10"/>
      </span>
    </term>
    <term tid="t_11" lemma="van" type="open">
      <span>
        <target id="w_11"/>
      </span>
    </term>
    <term tid="t_12" lemma="een" type="open">
      <span>
        <target id="w_12"/>
      </span>
    </term>
    <term tid="t_13" lemma="beschaafd" type="open">
      <span>
        <target id="w_13"/>
      </span>
    </term>
    <term tid="t_14" lemma="klein" type="open">
      <span>
        <target id="w_14"/>
      </span>
    </term>
    <term tid="t_15" lemma="hotel" type="open">
      <span>
        <target id="w_15"/>
      </span>
    </term>
    <term tid="t_16" lemma="tot" type="open">
      <span>
        <target id="w_16"/>
      </span>
    </term>
    <term tid="t_17" lemma="een" type="open">
      <span>
        <target id="w_17"/>
      </span>
    </term>
    <term tid="t_18" lemma="enorm" type="open">
      <span>
        <target id="w_18"/>
      </span>
      <sentiment sentiment_modifier="intensifier" resource="VUA_olery_lexicon_nl_lmf"/>
    </term>
    <term tid="t_19" lemma="cluster" type="open">
      <span>
        <target id="w_19"/>
      </span>
    </term>
    <term tid="t_20" lemma="van" type="open">
      <span>
        <target id="w_20"/>
      </span>
    </term>
    <term tid="t_21" lemma="hoofd" type="open">
      <span>
        <target id="w_21"/>
      </span>
    </term>
    <term tid="t_22" lemma="-" type="open">
      <span>
        <target id="w_22"/>
      </span>
    </term>
    <term tid="t_23" lemma="en" type="open">
      <span>
        <target id="w_23"/>
      </span>
    </term>
    <term tid="t_24" lemma="bijgebouwen" type="open">
      <span>
        <target id="w_24"/>
      </span>
    </term>
    <term tid="t_25" lemma="," type="open">
      <span>
        <target id="w_25"/>
      </span>
    </term>
    <term tid="t_26" lemma="met" type="open">
      <span>
        <target id="w_26"/>
      </span>
    </term>
    <term tid="t_27" lemma="elkaar" type="open">
      <span>
        <target id="w_27"/>
      </span>
    </term>
    <term tid="t_28" lemma="verbonden" type="open">
      <span>
        <target id="w_28"/>
      </span>
    </term>
    <term tid="t_29" lemma="door" type="open">
      <span>
        <target id="w_29"/>
      </span>
    </term>
    <term tid="t_30" lemma="lange" type="open">
      <span>
        <target id="w_30"/>
      </span>
    </term>
    <term tid="t_31" lemma="gangen" type="open">
      <span>
        <target id="w_31"/>
      </span>
    </term>
    <term tid="t_32" lemma="die" type="open">
      <span>
        <target id="w_32"/>
      </span>
    </term>
    <term tid="t_33" lemma="nog" type="open">
      <span>
        <target id="w_33"/>
      </span>
    </term>
    <term tid="t_34" lemma="het" type="open">
      <span>
        <target id="w_34"/>
      </span>
    </term>
    <term tid="t_35" lemma="meest" type="open">
      <span>
        <target id="w_35"/>
      </span>
    </term>
    <term tid="t_36" lemma="aan" type="open">
      <span>
        <target id="w_36"/>
      </span>
    </term>
    <term tid="t_37" lemma="een" type="open">
      <span>
        <target id="w_37"/>
      </span>
    </term>
    <term tid="t_38" lemma="ziekenhuis" type="open">
      <span>
        <target id="w_38"/>
      </span>
    </term>
    <term tid="t_39" lemma="doen" type="open">
      <span>
        <target id="w_39"/>
      </span>
    </term>
    <term tid="t_40" lemma="denken" type="open">
      <span>
        <target id="w_40"/>
      </span>
    </term>
    <term tid="t_41" lemma="." type="open">
      <span>
        <target id="w_41"/>
      </span>
    </term>
    <term tid="t_42" lemma="ook" type="open">
      <span>
        <target id="w_42"/>
      </span>
    </term>
    <term tid="t_43" lemma="de" type="open">
      <span>
        <target id="w_43"/>
      </span>
    </term>
    <term tid="t_44" lemma="kamers" type="open">
      <span>
        <target id="w_44"/>
      </span>
    </term>
    <term tid="t_45" lemma="hebben" type="open">
      <span>
        <target id="w_45"/>
      </span>
    </term>
    <term tid="t_46" lemma="een" type="open">
      <span>
        <target id="w_46"/>
      </span>
    </term>
    <term tid="t_47" lemma="uitstraling" type="open">
      <span>
        <target id="w_47"/>
      </span>
    </term>
    <term tid="t_48" lemma="die" type="open">
      <span>
        <target id="w_48"/>
      </span>
    </term>
    <term tid="t_49" lemma="nog" type="open">
      <span>
        <target id="w_49"/>
      </span>
    </term>
    <term tid="t_50" lemma="het" type="open">
      <span>
        <target id="w_50"/>
      </span>
    </term>
    <term tid="t_51" lemma="beste" type="open">
      <span>
        <target id="w_51"/>
      </span>
    </term>
    <term tid="t_52" lemma="bij" type="open">
      <span>
        <target id="w_52"/>
      </span>
    </term>
    <term tid="t_53" lemma="een" type="open">
      <span>
        <target id="w_53"/>
      </span>
    </term>
    <term tid="t_54" lemma="verzorgingstehuis" type="open">
      <span>
        <target id="w_54"/>
      </span>
    </term>
    <term tid="t_55" lemma="past" type="open">
      <span>
        <target id="w_55"/>
      </span>
    </term>
    <term tid="t_56" lemma="." type="open">
      <span>
        <target id="w_56"/>
      </span>
    </term>
    <term tid="t_57" lemma="hoewel" type="open">
      <span>
        <target id="w_57"/>
      </span>
    </term>
    <term tid="t_58" lemma="ze" type="open">
      <span>
        <target id="w_58"/>
      </span>
    </term>
    <term tid="t_59" lemma="wel" type="open">
      <span>
        <target id="w_59"/>
      </span>
    </term>
    <term tid="t_60" lemma="ruim" type="open">
      <span>
        <target id="w_60"/>
      </span>
    </term>
    <term tid="t_61" lemma="zijn" type="open">
      <span>
        <target id="w_61"/>
      </span>
    </term>
    <term tid="t_62" lemma="," type="open">
      <span>
        <target id="w_62"/>
      </span>
    </term>
    <term tid="t_63" lemma="is" type="open">
      <span>
        <target id="w_63"/>
      </span>
    </term>
    <term tid="t_64" lemma="werkelijk" type="open">
      <span>
        <target id="w_64"/>
      </span>
    </term>
    <term tid="t_65" lemma="geen" type="open">
      <span>
        <target id="w_65"/>
      </span>
      <sentiment sentiment_modifier="shifter" resource="VUA_olery_lexicon_nl_lmf"/>
    </term>
    <term tid="t_66" lemma="greintje" type="open">
      <span>
        <target id="w_66"/>
      </span>
    </term>
    <term tid="t_67" lemma="sfeer" type="open" pos="N">
      <span>
        <target id="w_67"/>
      </span>
      <sentiment polarity="positive" resource="VUA_olery_lexicon_nl_lmf"/>
    </term>
    <term tid="t_68" lemma="te" type="open">
      <span>
        <target id="w_68"/>
      </span>
    </term>
    <term tid="t_69" lemma="ontdekken" type="open">
      <span>
        <target id="w_69"/>
      </span>
    </term>
    <term tid="t_70" lemma="." type="open">
      <span>
        <target id="w_70"/>
      </span>
    </term>
    <term tid="t_71" lemma="het" type="open">
      <span>
        <target id="w_71"/>
      </span>
    </term>
    <term tid="t_72" lemma="zwembad" type="open">
      <span>
        <target id="w_72"/>
      </span>
    </term>
    <term tid="t_73" lemma="en" type="open">
      <span>
        <target id="w_73"/>
      </span>
    </term>
    <term tid="t_74" lemma="sauna" type="open">
      <span>
        <target id="w_74"/>
      </span>
    </term>
    <term tid="t_75" lemma="zijn" type="open">
      <span>
        <target id="w_75"/>
      </span>
    </term>
    <term tid="t_76" lemma="niet" type="open">
      <span>
        <target id="w_76"/>
      </span>
      <sentiment sentiment_modifier="shifter" resource="VUA_olery_lexicon_nl_lmf"/>
    </term>
    <term tid="t_77" lemma="meegegroeid" type="open">
      <span>
        <target id="w_77"/>
      </span>
    </term>
    <term tid="t_78" lemma="met" type="open">
      <span>
        <target id="w_78"/>
      </span>
    </term>
    <term tid="t_79" lemma="het" type="open">
      <span>
        <target id="w_79"/>
      </span>
    </term>
    <term tid="t_80" lemma="hotel" type="open">
      <span>
        <target id="w_80"/>
      </span>
    </term>
    <term tid="t_81" lemma="en" type="open">
      <span>
        <target id="w_81"/>
      </span>
    </term>
    <term tid="t_82" lemma="dus" type="open">
      <span>
        <target id="w_82"/>
      </span>
    </term>
    <term tid="t_83" lemma="klein" type="open">
      <span>
        <target id="w_83"/>
      </span>
    </term>
    <term tid="t_84" lemma="en" type="open">
      <span>
        <target id="w_84"/>
      </span>
    </term>
    <term tid="t_85" lemma="treurig" type="open">
      <span>
        <target id="w_85"/>
      </span>
    </term>
    <term tid="t_86" lemma="." type="open">
      <span>
        <target id="w_86"/>
      </span>
    </term>
    <term tid="t_87" lemma="vergeet" type="open">
      <span>
        <target id="w_87"/>
      </span>
    </term>
    <term tid="t_88" lemma="comfort" type="open">
      <span>
        <target id="w_88"/>
      </span>
    </term>
    <term tid="t_89" lemma="," type="open">
      <span>
        <target id="w_89"/>
      </span>
    </term>
    <term tid="t_90" lemma="dit" type="open">
      <span>
        <target id="w_90"/>
      </span>
    </term>
    <term tid="t_91" lemma="is" type="open">
      <span>
        <target id="w_91"/>
      </span>
    </term>
    <term tid="t_92" lemma="echt" type="open">
      <span>
        <target id="w_92"/>
      </span>
      <sentiment sentiment_modifier="intensifier" resource="VUA_olery_lexicon_nl_lmf"/>
    </term>
    <term tid="t_93" lemma="back" type="open">
      <span>
        <target id="w_93"/>
      </span>
    </term>
    <term tid="t_94" lemma="to" type="open">
      <span>
        <target id="w_94"/>
      </span>
    </term>
    <term tid="t_95" lemma="basics" type="open">
      <span>
        <target id="w_95"/>
      </span>
    </term>
    <term tid="t_96" lemma="." type="open">
      <span>
        <target id="w_96"/>
      </span>
    </term>
    <term tid="t_97" lemma="een" type="open">
      <span>
        <target id="w_97"/>
      </span>
    </term>
    <term tid="t_98" lemma="bubbelbad" type="open">
      <span>
        <target id="w_98"/>
      </span>
    </term>
    <term tid="t_99" lemma="zonder" type="open">
      <span>
        <target id="w_99"/>
      </span>
      <sentiment sentiment_modifier="shifter" resource="VUA_olery_lexicon_nl_lmf"/>
    </term>
    <term tid="t_100" lemma="bubbels" type="open">
      <span>
        <target id="w_100"/>
      </span>
    </term>
    <term tid="t_101" lemma="en" type="open">
      <span>
        <target id="w_101"/>
      </span>
    </term>
    <term tid="t_102" lemma="een" type="open">
      <span>
        <target id="w_102"/>
      </span>
    </term>
    <term tid="t_103" lemma="vloer" type="open">
      <span>
        <target id="w_103"/>
      </span>
    </term>
    <term tid="t_104" lemma="waar" type="open">
      <span>
        <target id="w_104"/>
      </span>
    </term>
    <term tid="t_105" lemma="genoeg" type="open">
      <span>
        <target id="w_105"/>
      </span>
    </term>
    <term tid="t_106" lemma="haren" type="open">
      <span>
        <target id="w_106"/>
      </span>
    </term>
    <term tid="t_107" lemma="op" type="open">
      <span>
        <target id="w_107"/>
      </span>
    </term>
    <term tid="t_108" lemma="liggen" type="open">
      <span>
        <target id="w_108"/>
      </span>
    </term>
    <term tid="t_109" lemma="om" type="open">
      <span>
        <target id="w_109"/>
      </span>
    </term>
    <term tid="t_110" lemma="een" type="open">
      <span>
        <target id="w_110"/>
      </span>
    </term>
    <term tid="t_111" lemma="aardige" type="open">
      <span>
        <target id="w_111"/>
      </span>
    </term>
    <term tid="t_112" lemma="haarstuk" type="open">
      <span>
        <target id="w_112"/>
      </span>
    </term>
    <term tid="t_113" lemma="van" type="open">
      <span>
        <target id="w_113"/>
      </span>
    </term>
    <term tid="t_114" lemma="te" type="open">
      <span>
        <target id="w_114"/>
      </span>
    </term>
    <term tid="t_115" lemma="maken" type="open">
      <span>
        <target id="w_115"/>
      </span>
    </term>
    <term tid="t_116" lemma="." type="open">
      <span>
        <target id="w_116"/>
      </span>
    </term>
    <term tid="t_117" lemma="word" type="open">
      <span>
        <target id="w_117"/>
      </span>
    </term>
    <term tid="t_118" lemma="je" type="open">
      <span>
        <target id="w_118"/>
      </span>
    </term>
    <term tid="t_119" lemma="wakker" type="open" pos="G">
      <span>
        <target id="w_119"/>
      </span>
      <sentiment polarity="positive" resource="VUA_olery_lexicon_nl_lmf"/>
    </term>
    <term tid="t_120" lemma="?" type="open">
      <span>
        <target id="w_120"/>
      </span>
    </term>
    <term tid="t_121" lemma="draai" type="open">
      <span>
        <target id="w_121"/>
      </span>
    </term>
    <term tid="t_122" lemma="je" type="open">
      <span>
        <target id="w_122"/>
      </span>
    </term>
    <term tid="t_123" lemma="nog" type="open">
      <span>
        <target id="w_123"/>
      </span>
    </term>
    <term tid="t_124" lemma="een" type="open">
      <span>
        <target id="w_124"/>
      </span>
    </term>
    <term tid="t_125" lemma="keer" type="open">
      <span>
        <target id="w_125"/>
      </span>
    </term>
    <term tid="t_126" lemma="om" type="open">
      <span>
        <target id="w_126"/>
      </span>
    </term>
    <term tid="t_127" lemma="," type="open">
      <span>
        <target id="w_127"/>
      </span>
    </term>
    <term tid="t_128" lemma="het" type="open">
      <span>
        <target id="w_128"/>
      </span>
    </term>
    <term tid="t_129" lemma="ontbijt" type="open">
      <span>
        <target id="w_129"/>
      </span>
    </term>
    <term tid="t_130" lemma="wil" type="open">
      <span>
        <target id="w_130"/>
      </span>
    </term>
    <term tid="t_131" lemma="je" type="open">
      <span>
        <target id="w_131"/>
      </span>
    </term>
    <term tid="t_132" lemma="best" type="open" pos="G">
      <span>
        <target id="w_132"/>
      </span>
      <sentiment polarity="positive" resource="VUA_olery_lexicon_nl_lmf"/>
    </term>
    <term tid="t_133" lemma="missen" type="open" pos="V">
      <span>
        <target id="w_133"/>
      </span>
      <sentiment polarity="negative" resource="VUA_olery_lexicon_nl_lmf"/>
    </term>
    <term tid="t_134" lemma="." type="open">
      <span>
        <target id="w_134"/>
      </span>
    </term>
    <term tid="t_135" lemma="het" type="open">
      <span>
        <target id="w_135"/>
      </span>
    </term>
    <term tid="t_136" lemma="heeft" type="open">
      <span>
        <target id="w_136"/>
      </span>
    </term>
    <term tid="t_137" lemma="iets" type="open">
      <span>
        <target id="w_137"/>
      </span>
    </term>
    <term tid="t_138" lemma="weg" type="open">
      <span>
        <target id="w_138"/>
      </span>
    </term>
    <term tid="t_139" lemma="van" type="open">
      <span>
        <target id="w_139"/>
      </span>
    </term>
    <term tid="t_140" lemma="een" type="open">
      <span>
        <target id="w_140"/>
      </span>
    </term>
    <term tid="t_141" lemma="universiteitsmensa" type="open">
      <span>
        <target id="w_141"/>
      </span>
    </term>
    <term tid="t_142" lemma="uit" type="open">
      <span>
        <target id="w_142"/>
      </span>
    </term>
    <term tid="t_143" lemma="1980" type="open">
      <span>
        <target id="w_143"/>
      </span>
    </term>
    <term tid="t_144" lemma="of" type="open">
      <span>
        <target id="w_144"/>
      </span>
    </term>
    <term tid="t_145" lemma="de" type="open">
      <span>
        <target id="w_145"/>
      </span>
    </term>
    <term tid="t_146" lemma="kantine" type="open">
      <span>
        <target id="w_146"/>
      </span>
    </term>
    <term tid="t_147" lemma="van" type="open">
      <span>
        <target id="w_147"/>
      </span>
    </term>
    <term tid="t_148" lemma="een" type="open">
      <span>
        <target id="w_148"/>
      </span>
    </term>
    <term tid="t_149" lemma="marinefregat" type="open">
      <span>
        <target id="w_149"/>
      </span>
    </term>
    <term tid="t_150" lemma=":" type="open">
      <span>
        <target id="w_150"/>
      </span>
    </term>
    <term tid="t_151" lemma="massaal" type="open" pos="G">
      <span>
        <target id="w_151"/>
      </span>
      <sentiment polarity="negative" resource="VUA_olery_lexicon_nl_lmf"/>
    </term>
    <term tid="t_152" lemma="en" type="open">
      <span>
        <target id="w_152"/>
      </span>
    </term>
    <term tid="t_153" lemma="sfeerloos" type="open" pos="G">
      <span>
        <target id="w_153"/>
      </span>
      <sentiment polarity="negative" resource="VUA_olery_lexicon_nl_lmf"/>
    </term>
    <term tid="t_154" lemma="ongezellig" type="open" pos="G">
      <span>
        <target id="w_154"/>
      </span>
      <sentiment polarity="negative" resource="VUA_olery_lexicon_nl_lmf"/>
    </term>
    <term tid="t_155" lemma="." type="open">
      <span>
        <target id="w_155"/>
      </span>
    </term>
    <term tid="t_156" lemma="het" type="open">
      <span>
        <target id="w_156"/>
      </span>
    </term>
    <term tid="t_157" lemma="personeel" type="open">
      <span>
        <target id="w_157"/>
      </span>
    </term>
    <term tid="t_158" lemma="past" type="open">
      <span>
        <target id="w_158"/>
      </span>
    </term>
    <term tid="t_159" lemma="hier" type="open">
      <span>
        <target id="w_159"/>
      </span>
    </term>
    <term tid="t_160" lemma="naadloos" type="open">
      <span>
        <target id="w_160"/>
      </span>
    </term>
    <term tid="t_161" lemma="bij" type="open">
      <span>
        <target id="w_161"/>
      </span>
    </term>
    <term tid="t_162" lemma=":" type="open">
      <span>
        <target id="w_162"/>
      </span>
    </term>
    <term tid="t_163" lemma="onpersoonlijk" type="open" pos="G">
      <span>
        <target id="w_163"/>
      </span>
      <sentiment polarity="negative" resource="VUA_olery_lexicon_nl_lmf"/>
    </term>
    <term tid="t_164" lemma="en" type="open">
      <span>
        <target id="w_164"/>
      </span>
    </term>
    <term tid="t_165" lemma="ongemanierd" type="open">
      <span>
        <target id="w_165"/>
      </span>
    </term>
    <term tid="t_166" lemma="." type="open">
      <span>
        <target id="w_166"/>
      </span>
    </term>
    <term tid="t_167" lemma="dit" type="open">
      <span>
        <target id="w_167"/>
      </span>
    </term>
    <term tid="t_168" lemma="hotel" type="open">
      <span>
        <target id="w_168"/>
      </span>
    </term>
    <term tid="t_169" lemma="is" type="open">
      <span>
        <target id="w_169"/>
      </span>
    </term>
    <term tid="t_170" lemma="alleen" type="open">
      <span>
        <target id="w_170"/>
      </span>
    </term>
    <term tid="t_171" lemma="een" type="open">
      <span>
        <target id="w_171"/>
      </span>
    </term>
    <term tid="t_172" lemma="aanrader" type="open" pos="N">
      <span>
        <target id="w_172"/>
      </span>
      <sentiment polarity="positive" resource="VUA_olery_lexicon_nl_lmf"/>
    </term>
    <term tid="t_173" lemma="voor" type="open">
      <span>
        <target id="w_173"/>
      </span>
    </term>
    <term tid="t_174" lemma="hen" type="open">
      <span>
        <target id="w_174"/>
      </span>
    </term>
    <term tid="t_175" lemma="die" type="open">
      <span>
        <target id="w_175"/>
      </span>
    </term>
    <term tid="t_176" lemma="de" type="open">
      <span>
        <target id="w_176"/>
      </span>
    </term>
    <term tid="t_177" lemma="toekan" type="open">
      <span>
        <target id="w_177"/>
      </span>
    </term>
    <term tid="t_178" lemma="-hotels" type="open">
      <span>
        <target id="w_178"/>
      </span>
    </term>
    <term tid="t_179" lemma="veel" type="open">
      <span>
        <target id="w_179"/>
      </span>
    </term>
    <term tid="t_180" lemma="te" type="open">
      <span>
        <target id="w_180"/>
      </span>
    </term>
    <term tid="t_181" lemma="gezellig" type="open" pos="G">
      <span>
        <target id="w_181"/>
      </span>
      <sentiment polarity="positive" resource="VUA_olery_lexicon_nl_lmf"/>
    </term>
    <term tid="t_182" lemma="vinden" type="open">
      <span>
        <target id="w_182"/>
      </span>
    </term>
    <term tid="t_183" lemma="en" type="open">
      <span>
        <target id="w_183"/>
      </span>
    </term>
    <term tid="t_184" lemma="benieuwd" type="open">
      <span>
        <target id="w_184"/>
      </span>
    </term>
    <term tid="t_185" lemma="zijn" type="open">
      <span>
        <target id="w_185"/>
      </span>
    </term>
    <term tid="t_186" lemma="naar" type="open" pos="G">
      <span>
        <target id="w_186"/>
      </span>
      <sentiment polarity="negative" resource="VUA_olery_lexicon_nl_lmf"/>
    </term>
    <term tid="t_187" lemma="de" type="open">
      <span>
        <target id="w_187"/>
      </span>
    </term>
    <term tid="t_188" lemma="sfeer" type="open" pos="N">
      <span>
        <target id="w_188"/>
      </span>
      <sentiment polarity="positive" resource="VUA_olery_lexicon_nl_lmf"/>
    </term>
    <term tid="t_189" lemma="van" type="open">
      <span>
        <target id="w_189"/>
      </span>
    </term>
    <term tid="t_190" lemma="een" type="open">
      <span>
        <target id="w_190"/>
      </span>
    </term>
    <term tid="t_191" lemma="ziekenhuis" type="open">
      <span>
        <target id="w_191"/>
      </span>
    </term>
    <term tid="t_192" lemma="en" type="open">
      <span>
        <target id="w_192"/>
      </span>
    </term>
    <term tid="t_193" lemma="het" type="open">
      <span>
        <target id="w_193"/>
      </span>
    </term>
    <term tid="t_194" lemma="comfort" type="open">
      <span>
        <target id="w_194"/>
      </span>
    </term>
    <term tid="t_195" lemma="van" type="open">
      <span>
        <target id="w_195"/>
      </span>
    </term>
    <term tid="t_196" lemma="leenbakker" type="open">
      <span>
        <target id="w_196"/>
      </span>
    </term>
    <term tid="t_197" lemma="." type="open">
      <span>
        <target id="w_197"/>
      </span>
    </term>
    <term tid="t_198" lemma="positief" type="open" pos="G">
      <span>
        <target id="w_198"/>
      </span>
      <sentiment polarity="positive" resource="VUA_olery_lexicon_nl_lmf"/>
    </term>
    <term tid="t_199" lemma=":" type="open">
      <span>
        <target id="w_199"/>
      </span>
    </term>
    <term tid="t_200" lemma="het" type="open">
      <span>
        <target id="w_200"/>
      </span>
    </term>
    <term tid="t_201" lemma="uitzicht" type="open">
      <span>
        <target id="w_201"/>
      </span>
    </term>
    <term tid="t_202" lemma="." type="open">
      <span>
        <target id="w_202"/>
      </span>
    </term>
  </terms>
  <entities>
    <entity type="MISC" eid="e_1">
      <span>
        <target id="t_61"/>
      </span>
      <span>
        <target id="t_75"/>
      </span>
      <span>
        <target id="t_185"/>
      </span>
    </entity>
    <entity type="PER" eid="e_2">
      <span>
        <target id="t_30"/>
      </span>
    </entity>
    <entity type="PER" eid="e_3">
      <span>
        <target id="t_130"/>
      </span>
    </entity>
    <entity type="PER" eid="e_4">
      <span>
        <target id="t_132"/>
      </span>
    </entity>
  </entities>
  <properties>
    <property type="bathroom" pid="p_1">
      <span>
        <target id="t_98"/>
      </span>
    </property>
    <property type="facilities" pid="p_2">
      <span>
        <target id="t_74"/>
      </span>
    </property>
    <property type="room" pid="p_3">
      <span>
        <target id="t_103"/>
      </span>
      <span>
        <target id="t_201"/>
      </span>
    </property>
    <property type="restaurant" pid="p_4">
      <span>
        <target id="t_129"/>
      </span>
    </property>
    <property type="sleeping_comfort" pid="p_5">
      <span>
        <target id="t_119"/>
      </span>
    </property>
    <property type="swimming_pool" pid="p_6">
      <span>
        <target id="t_72"/>
      </span>
    </property>
    <property type="staff" pid="p_7">
      <span>
        <target id="t_157"/>
      </span>
      <span>
        <target id="t_163"/>
      </span>
    </property>
  </properties>
  <opinions>
    <opinion oid="o_1">
      <opinion_target>
        <span>
          <target id="t_69"/>
        </span>
      </opinion_target>
      <opinion_expression polarity="positive" strength="1">
        <span>
          <target id="t_67"/>
        </span>
      </opinion_expression>
    </opinion>
    <opinion oid="o_2">
      <opinion_target>
        <span>
          <target id="t_117"/>
        </span>
      </opinion_target>
      <opinion_expression polarity="positive" strength="1">
        <span>
          <target id="t_119"/>
        </span>
      </opinion_expression>
    </opinion>
    <opinion oid="o_3">
      <opinion_target>
        <span>
          <target id="t_149"/>
        </span>
      </opinion_target>
      <opinion_expression polarity="negative" strength="-3">
        <span>
          <target id="t_151"/>
          <target id="t_153"/>
          <target id="t_154"/>
        </span>
      </opinion_expression>
    </opinion>
    <opinion oid="o_4">
      <opinion_target>
        <span>
          <target id="t_165"/>
        </span>
      </opinion_target>
      <opinion_expression polarity="negative" strength="-1">
        <span>
          <target id="t_163"/>
        </span>
      </opinion_expression>
    </opinion>
    <opinion oid="o_5">
      <opinion_target>
        <span>
          <target id="t_174"/>
        </span>
      </opinion_target>
      <opinion_expression polarity="positive" strength="1">
        <span>
          <target id="t_172"/>
        </span>
      </opinion_expression>
    </opinion>
    <opinion oid="o_6">
      <opinion_target>
        <span>
          <target id="t_182"/>
        </span>
      </opinion_target>
      <opinion_expression polarity="positive" strength="1">
        <span>
          <target id="t_181"/>
        </span>
      </opinion_expression>
    </opinion>
    <opinion oid="o_7">
      <opinion_target>
        <span>
          <target id="t_184"/>
        </span>
      </opinion_target>
      <opinion_expression polarity="negative" strength="-1">
        <span>
          <target id="t_186"/>
        </span>
      </opinion_expression>
    </opinion>
    <opinion oid="o_8">
      <opinion_target>
        <span>
          <target id="t_191"/>
        </span>
      </opinion_target>
      <opinion_expression polarity="positive" strength="1">
        <span>
          <target id="t_188"/>
        </span>
      </opinion_expression>
    </opinion>
    <opinion oid="o_9">
      <opinion_target>
        <span>
          <target id="t_201"/>
        </span>
      </opinion_target>
      <opinion_expression polarity="positive" strength="1">
        <span>
          <target id="t_198"/>
        </span>
      </opinion_expression>
    </opinion>
  </opinions>
</KAF>
