<?xml version='1.0' encoding='UTF-8'?>
<KAF xml:lang="nl">
  <linguisticProcessors layer="text">
    <lp timestamp="2013-01-06T18:42:21CET" version="2.0" name="SentenceTokenizer"/>
  </linguisticProcessors>
  <linguisticProcessors layer="terms">
    <lp timestamp="2013-01-06T18:42:21CET" version="2.0" name="SentenceTokenizer"/>
    <lp timestamp="2013-01-06T18:42:21CET" version="1.0" name="SimplePolarityTagger"/>
  </linguisticProcessors>
  <linguisticProcessor layer="opinions">
    <lp timestamp="2013-01-06T18:42:21CET" version="1.0" name="SimpleOpinionDetector"/>
  </linguisticProcessor>
  <linguisticProcessor layer="properties">
    <lp timestamp="2013-01-06T18:42:21CET" version="1.0" name="SimplePropRecognizer_lookup"/>
  </linguisticProcessor>
  <linguisticProcessor layer="entities">
    <lp timestamp="2013-01-06T18:42:21CET" version="1.0" name="SimpleNER_lookup"/>
  </linguisticProcessor>
  <text>
    <wf wid="w_1" para="1" sent="1">vieze</wf>
    <wf wid="w_2" para="1" sent="1">vette</wf>
    <wf wid="w_3" para="1" sent="1">patat</wf>
    <wf wid="w_4" para="1" sent="1">.</wf>
    <wf wid="w_5" para="1" sent="2">Nooit</wf>
    <wf wid="w_6" para="1" sent="2">meer</wf>
    <wf wid="w_7" para="1" sent="2">Bram</wf>
    <wf wid="w_8" para="1" sent="2">Ladage</wf>
    <wf wid="w_9" para="1" sent="2">voor</wf>
    <wf wid="w_10" para="1" sent="2">mij</wf>
    <wf wid="w_11" para="1" sent="2">,</wf>
    <wf wid="w_12" para="1" sent="2">de</wf>
    <wf wid="w_13" para="1" sent="2">patat</wf>
    <wf wid="w_14" para="1" sent="2">is</wf>
    <wf wid="w_15" para="1" sent="2">erg</wf>
    <wf wid="w_16" para="1" sent="2">vet</wf>
    <wf wid="w_17" para="1" sent="2">,</wf>
    <wf wid="w_18" para="1" sent="2">en</wf>
    <wf wid="w_19" para="1" sent="2">het</wf>
    <wf wid="w_20" para="1" sent="2">stinkt</wf>
    <wf wid="w_21" para="1" sent="2">naar</wf>
    <wf wid="w_22" para="1" sent="2">oud</wf>
    <wf wid="w_23" para="1" sent="2">vet</wf>
  </text>
  <terms>
    <term tid="t_1" lemma="vieze" type="open">
      <span>
        <target id="w_1"/>
      </span>
    </term>
    <term tid="t_2" lemma="vette" type="open">
      <span>
        <target id="w_2"/>
      </span>
    </term>
    <term tid="t_3" lemma="patat" type="open">
      <span>
        <target id="w_3"/>
      </span>
    </term>
    <term tid="t_4" lemma="." type="open">
      <span>
        <target id="w_4"/>
      </span>
    </term>
    <term tid="t_5" lemma="nooit" type="open">
      <span>
        <target id="w_5"/>
      </span>
      <sentiment sentiment_modifier="shifter" resource="VUA_olery_lexicon_nl_lmf"/>
    </term>
    <term tid="t_6" lemma="meer" type="open">
      <span>
        <target id="w_6"/>
      </span>
    </term>
    <term tid="t_7" lemma="bram" type="open">
      <span>
        <target id="w_7"/>
      </span>
    </term>
    <term tid="t_8" lemma="ladage" type="open">
      <span>
        <target id="w_8"/>
      </span>
    </term>
    <term tid="t_9" lemma="voor" type="open">
      <span>
        <target id="w_9"/>
      </span>
    </term>
    <term tid="t_10" lemma="mij" type="open">
      <span>
        <target id="w_10"/>
      </span>
    </term>
    <term tid="t_11" lemma="," type="open">
      <span>
        <target id="w_11"/>
      </span>
    </term>
    <term tid="t_12" lemma="de" type="open">
      <span>
        <target id="w_12"/>
      </span>
    </term>
    <term tid="t_13" lemma="patat" type="open">
      <span>
        <target id="w_13"/>
      </span>
    </term>
    <term tid="t_14" lemma="is" type="open">
      <span>
        <target id="w_14"/>
      </span>
    </term>
    <term tid="t_15" lemma="erg" type="open">
      <span>
        <target id="w_15"/>
      </span>
      <sentiment sentiment_modifier="intensifier" resource="VUA_olery_lexicon_nl_lmf"/>
    </term>
    <term tid="t_16" lemma="vet" type="open">
      <span>
        <target id="w_16"/>
      </span>
    </term>
    <term tid="t_17" lemma="," type="open">
      <span>
        <target id="w_17"/>
      </span>
    </term>
    <term tid="t_18" lemma="en" type="open">
      <span>
        <target id="w_18"/>
      </span>
    </term>
    <term tid="t_19" lemma="het" type="open">
      <span>
        <target id="w_19"/>
      </span>
    </term>
    <term tid="t_20" lemma="stinkt" type="open">
      <span>
        <target id="w_20"/>
      </span>
    </term>
    <term tid="t_21" lemma="naar" type="open" pos="G">
      <span>
        <target id="w_21"/>
      </span>
      <sentiment polarity="negative" resource="VUA_olery_lexicon_nl_lmf"/>
    </term>
    <term tid="t_22" lemma="oud" type="open">
      <span>
        <target id="w_22"/>
      </span>
    </term>
    <term tid="t_23" lemma="vet" type="open">
      <span>
        <target id="w_23"/>
      </span>
    </term>
  </terms>
  <opinions>
    <opinion oid="o_1">
      <opinion_target>
        <span>
          <target id="t_22"/>
        </span>
      </opinion_target>
      <opinion_expression polarity="negative" strength="-1">
        <span>
          <target id="t_21"/>
        </span>
      </opinion_expression>
    </opinion>
  </opinions>
</KAF>
