<?xml version='1.0' encoding='UTF-8'?>
<KAF xml:lang="nl">
  <linguisticProcessors layer="text">
    <lp timestamp="2013-01-06T18:42:14CET" version="2.0" name="SentenceTokenizer"/>
  </linguisticProcessors>
  <linguisticProcessors layer="terms">
    <lp timestamp="2013-01-06T18:42:14CET" version="2.0" name="SentenceTokenizer"/>
    <lp timestamp="2013-01-06T18:42:14CET" version="1.0" name="SimplePolarityTagger"/>
  </linguisticProcessors>
  <linguisticProcessor layer="opinions">
    <lp timestamp="2013-01-06T18:42:14CET" version="1.0" name="SimpleOpinionDetector"/>
  </linguisticProcessor>
  <linguisticProcessor layer="properties">
    <lp timestamp="2013-01-06T18:42:14CET" version="1.0" name="SimplePropRecognizer_lookup"/>
  </linguisticProcessor>
  <linguisticProcessor layer="entities">
    <lp timestamp="2013-01-06T18:42:14CET" version="1.0" name="SimpleNER_lookup"/>
  </linguisticProcessor>
  <text>
    <wf wid="w_1" para="1" sent="1">Geen</wf>
    <wf wid="w_2" para="1" sent="1">aanrader</wf>
    <wf wid="w_3" para="1" sent="1">.</wf>
    <wf wid="w_4" para="1" sent="2">Gedateerd</wf>
    <wf wid="w_5" para="1" sent="2">plakkerig</wf>
    <wf wid="w_6" para="1" sent="2">en</wf>
    <wf wid="w_7" para="1" sent="2">overprijsd</wf>
    <wf wid="w_8" para="1" sent="2">hotel</wf>
    <wf wid="w_9" para="1" sent="2">.</wf>
    <wf wid="w_10" para="1" sent="3">Gaatjes</wf>
    <wf wid="w_11" para="1" sent="3">en</wf>
    <wf wid="w_12" para="1" sent="3">vlekken</wf>
    <wf wid="w_13" para="1" sent="3">in</wf>
    <wf wid="w_14" para="1" sent="3">beddengoed</wf>
    <wf wid="w_15" para="1" sent="3">en</wf>
    <wf wid="w_16" para="1" sent="3">handdoeken</wf>
    <wf wid="w_17" para="1" sent="3">.</wf>
    <wf wid="w_18" para="1" sent="4">Vieze</wf>
    <wf wid="w_19" para="1" sent="4">,</wf>
    <wf wid="w_20" para="1" sent="4">zwaar</wf>
    <wf wid="w_21" para="1" sent="4">verouderde</wf>
    <wf wid="w_22" para="1" sent="4">badkamer</wf>
    <wf wid="w_23" para="1" sent="4">met</wf>
    <wf wid="w_24" para="1" sent="4">kapot</wf>
    <wf wid="w_25" para="1" sent="4">douchegordijn</wf>
    <wf wid="w_26" para="1" sent="4">en</wf>
    <wf wid="w_27" para="1" sent="4">lekkende</wf>
    <wf wid="w_28" para="1" sent="4">douchekop</wf>
    <wf wid="w_29" para="1" sent="4">.</wf>
    <wf wid="w_30" para="1" sent="5">Geluidsisolatie</wf>
    <wf wid="w_31" para="1" sent="5">uitstekend</wf>
    <wf wid="w_32" para="1" sent="5">.</wf>
    <wf wid="w_33" para="1" sent="6">Geen</wf>
    <wf wid="w_34" para="1" sent="6">geluidshinder</wf>
    <wf wid="w_35" para="1" sent="6">van</wf>
    <wf wid="w_36" para="1" sent="6">het</wf>
    <wf wid="w_37" para="1" sent="6">verkeer</wf>
    <wf wid="w_38" para="1" sent="6">.</wf>
    <wf wid="w_39" para="1" sent="7">Bed</wf>
    <wf wid="w_40" para="1" sent="7">goed</wf>
    <wf wid="w_41" para="1" sent="7">.</wf>
    <wf wid="w_42" para="1" sent="8">Ruime</wf>
    <wf wid="w_43" para="1" sent="8">kamer</wf>
    <wf wid="w_44" para="1" sent="8">.</wf>
    <wf wid="w_45" para="1" sent="9">Vriendelijk</wf>
    <wf wid="w_46" para="1" sent="9">personeel</wf>
    <wf wid="w_47" para="1" sent="9">en</wf>
    <wf wid="w_48" para="1" sent="9">goed</wf>
    <wf wid="w_49" para="1" sent="9">eten</wf>
    <wf wid="w_50" para="1" sent="9">.</wf>
    <wf wid="w_51" para="1" sent="10">Jammer</wf>
    <wf wid="w_52" para="1" sent="10">ook</wf>
    <wf wid="w_53" para="1" sent="10">weer</wf>
    <wf wid="w_54" para="1" sent="10">van</wf>
    <wf wid="w_55" para="1" sent="10">de</wf>
    <wf wid="w_56" para="1" sent="10">gaatjes</wf>
    <wf wid="w_57" para="1" sent="10">in</wf>
    <wf wid="w_58" para="1" sent="10">het</wf>
    <wf wid="w_59" para="1" sent="10">tafellinnen</wf>
    <wf wid="w_60" para="1" sent="10">.</wf>
    <wf wid="w_61" para="1" sent="11">Al</wf>
    <wf wid="w_62" para="1" sent="11">met</wf>
    <wf wid="w_63" para="1" sent="11">al</wf>
    <wf wid="w_64" para="1" sent="11">geen</wf>
    <wf wid="w_65" para="1" sent="11">aanrader</wf>
    <wf wid="w_66" para="1" sent="11">.</wf>
  </text>
  <terms>
    <term tid="t_1" lemma="geen" type="open">
      <span>
        <target id="w_1"/>
      </span>
      <sentiment sentiment_modifier="shifter" resource="VUA_olery_lexicon_nl_lmf"/>
    </term>
    <term tid="t_2" lemma="aanrader" type="open" pos="N">
      <span>
        <target id="w_2"/>
      </span>
      <sentiment polarity="positive" resource="VUA_olery_lexicon_nl_lmf"/>
    </term>
    <term tid="t_3" lemma="." type="open">
      <span>
        <target id="w_3"/>
      </span>
    </term>
    <term tid="t_4" lemma="gedateerd" type="open">
      <span>
        <target id="w_4"/>
      </span>
    </term>
    <term tid="t_5" lemma="plakkerig" type="open">
      <span>
        <target id="w_5"/>
      </span>
    </term>
    <term tid="t_6" lemma="en" type="open">
      <span>
        <target id="w_6"/>
      </span>
    </term>
    <term tid="t_7" lemma="overprijsd" type="open">
      <span>
        <target id="w_7"/>
      </span>
    </term>
    <term tid="t_8" lemma="hotel" type="open">
      <span>
        <target id="w_8"/>
      </span>
    </term>
    <term tid="t_9" lemma="." type="open">
      <span>
        <target id="w_9"/>
      </span>
    </term>
    <term tid="t_10" lemma="gaatjes" type="open">
      <span>
        <target id="w_10"/>
      </span>
    </term>
    <term tid="t_11" lemma="en" type="open">
      <span>
        <target id="w_11"/>
      </span>
    </term>
    <term tid="t_12" lemma="vlekken" type="open">
      <span>
        <target id="w_12"/>
      </span>
    </term>
    <term tid="t_13" lemma="in" type="open">
      <span>
        <target id="w_13"/>
      </span>
    </term>
    <term tid="t_14" lemma="beddengoed" type="open">
      <span>
        <target id="w_14"/>
      </span>
    </term>
    <term tid="t_15" lemma="en" type="open">
      <span>
        <target id="w_15"/>
      </span>
    </term>
    <term tid="t_16" lemma="handdoeken" type="open">
      <span>
        <target id="w_16"/>
      </span>
    </term>
    <term tid="t_17" lemma="." type="open">
      <span>
        <target id="w_17"/>
      </span>
    </term>
    <term tid="t_18" lemma="vieze" type="open">
      <span>
        <target id="w_18"/>
      </span>
    </term>
    <term tid="t_19" lemma="," type="open">
      <span>
        <target id="w_19"/>
      </span>
    </term>
    <term tid="t_20" lemma="zwaar" type="open" pos="G">
      <span>
        <target id="w_20"/>
      </span>
      <sentiment polarity="negative" resource="VUA_olery_lexicon_nl_lmf"/>
    </term>
    <term tid="t_21" lemma="verouderde" type="open">
      <span>
        <target id="w_21"/>
      </span>
    </term>
    <term tid="t_22" lemma="badkamer" type="open">
      <span>
        <target id="w_22"/>
      </span>
    </term>
    <term tid="t_23" lemma="met" type="open">
      <span>
        <target id="w_23"/>
      </span>
    </term>
    <term tid="t_24" lemma="kapot" type="open" pos="G">
      <span>
        <target id="w_24"/>
      </span>
      <sentiment polarity="negative" resource="VUA_olery_lexicon_nl_lmf"/>
    </term>
    <term tid="t_25" lemma="douchegordijn" type="open">
      <span>
        <target id="w_25"/>
      </span>
    </term>
    <term tid="t_26" lemma="en" type="open">
      <span>
        <target id="w_26"/>
      </span>
    </term>
    <term tid="t_27" lemma="lekkende" type="open">
      <span>
        <target id="w_27"/>
      </span>
    </term>
    <term tid="t_28" lemma="douchekop" type="open">
      <span>
        <target id="w_28"/>
      </span>
    </term>
    <term tid="t_29" lemma="." type="open">
      <span>
        <target id="w_29"/>
      </span>
    </term>
    <term tid="t_30" lemma="geluidsisolatie" type="open">
      <span>
        <target id="w_30"/>
      </span>
    </term>
    <term tid="t_31" lemma="uitstekend" type="open" pos="G">
      <span>
        <target id="w_31"/>
      </span>
      <sentiment polarity="positive" resource="VUA_olery_lexicon_nl_lmf"/>
    </term>
    <term tid="t_32" lemma="." type="open">
      <span>
        <target id="w_32"/>
      </span>
    </term>
    <term tid="t_33" lemma="geen" type="open">
      <span>
        <target id="w_33"/>
      </span>
      <sentiment sentiment_modifier="shifter" resource="VUA_olery_lexicon_nl_lmf"/>
    </term>
    <term tid="t_34" lemma="geluidshinder" type="open" pos="N">
      <span>
        <target id="w_34"/>
      </span>
      <sentiment polarity="negative" resource="VUA_olery_lexicon_nl_lmf"/>
    </term>
    <term tid="t_35" lemma="van" type="open">
      <span>
        <target id="w_35"/>
      </span>
    </term>
    <term tid="t_36" lemma="het" type="open">
      <span>
        <target id="w_36"/>
      </span>
    </term>
    <term tid="t_37" lemma="verkeer" type="open">
      <span>
        <target id="w_37"/>
      </span>
    </term>
    <term tid="t_38" lemma="." type="open">
      <span>
        <target id="w_38"/>
      </span>
    </term>
    <term tid="t_39" lemma="bed" type="open">
      <span>
        <target id="w_39"/>
      </span>
    </term>
    <term tid="t_40" lemma="goed" type="open" pos="G">
      <span>
        <target id="w_40"/>
      </span>
      <sentiment polarity="positive" resource="VUA_olery_lexicon_nl_lmf"/>
    </term>
    <term tid="t_41" lemma="." type="open">
      <span>
        <target id="w_41"/>
      </span>
    </term>
    <term tid="t_42" lemma="ruime" type="open">
      <span>
        <target id="w_42"/>
      </span>
    </term>
    <term tid="t_43" lemma="kamer" type="open">
      <span>
        <target id="w_43"/>
      </span>
    </term>
    <term tid="t_44" lemma="." type="open">
      <span>
        <target id="w_44"/>
      </span>
    </term>
    <term tid="t_45" lemma="vriendelijk" type="open" pos="G">
      <span>
        <target id="w_45"/>
      </span>
      <sentiment polarity="positive" resource="VUA_olery_lexicon_nl_lmf"/>
    </term>
    <term tid="t_46" lemma="personeel" type="open">
      <span>
        <target id="w_46"/>
      </span>
    </term>
    <term tid="t_47" lemma="en" type="open">
      <span>
        <target id="w_47"/>
      </span>
    </term>
    <term tid="t_48" lemma="goed" type="open" pos="G">
      <span>
        <target id="w_48"/>
      </span>
      <sentiment polarity="positive" resource="VUA_olery_lexicon_nl_lmf"/>
    </term>
    <term tid="t_49" lemma="eten" type="open">
      <span>
        <target id="w_49"/>
      </span>
    </term>
    <term tid="t_50" lemma="." type="open">
      <span>
        <target id="w_50"/>
      </span>
    </term>
    <term tid="t_51" lemma="jammer" type="open" pos="G">
      <span>
        <target id="w_51"/>
      </span>
      <sentiment polarity="negative" resource="VUA_olery_lexicon_nl_lmf"/>
    </term>
    <term tid="t_52" lemma="ook" type="open">
      <span>
        <target id="w_52"/>
      </span>
    </term>
    <term tid="t_53" lemma="weer" type="open">
      <span>
        <target id="w_53"/>
      </span>
    </term>
    <term tid="t_54" lemma="van" type="open">
      <span>
        <target id="w_54"/>
      </span>
    </term>
    <term tid="t_55" lemma="de" type="open">
      <span>
        <target id="w_55"/>
      </span>
    </term>
    <term tid="t_56" lemma="gaatjes" type="open">
      <span>
        <target id="w_56"/>
      </span>
    </term>
    <term tid="t_57" lemma="in" type="open">
      <span>
        <target id="w_57"/>
      </span>
    </term>
    <term tid="t_58" lemma="het" type="open">
      <span>
        <target id="w_58"/>
      </span>
    </term>
    <term tid="t_59" lemma="tafellinnen" type="open">
      <span>
        <target id="w_59"/>
      </span>
    </term>
    <term tid="t_60" lemma="." type="open">
      <span>
        <target id="w_60"/>
      </span>
    </term>
    <term tid="t_61" lemma="al" type="open">
      <span>
        <target id="w_61"/>
      </span>
    </term>
    <term tid="t_62" lemma="met" type="open">
      <span>
        <target id="w_62"/>
      </span>
    </term>
    <term tid="t_63" lemma="al" type="open">
      <span>
        <target id="w_63"/>
      </span>
    </term>
    <term tid="t_64" lemma="geen" type="open">
      <span>
        <target id="w_64"/>
      </span>
      <sentiment sentiment_modifier="shifter" resource="VUA_olery_lexicon_nl_lmf"/>
    </term>
    <term tid="t_65" lemma="aanrader" type="open" pos="N">
      <span>
        <target id="w_65"/>
      </span>
      <sentiment polarity="positive" resource="VUA_olery_lexicon_nl_lmf"/>
    </term>
    <term tid="t_66" lemma="." type="open">
      <span>
        <target id="w_66"/>
      </span>
    </term>
  </terms>
  <entities>
    <entity type="ORG" eid="e_1">
      <span>
        <target id="t_37"/>
      </span>
    </entity>
    <entity type="ORG" eid="e_2">
      <span>
        <target id="t_43"/>
      </span>
    </entity>
  </entities>
  <properties>
    <property type="bathroom" pid="p_1">
      <span>
        <target id="t_22"/>
      </span>
      <span>
        <target id="t_25"/>
      </span>
      <span>
        <target id="t_28"/>
      </span>
    </property>
    <property type="noise" pid="p_2">
      <span>
        <target id="t_30"/>
      </span>
      <span>
        <target id="t_34"/>
      </span>
    </property>
    <property type="room" pid="p_3">
      <span>
        <target id="t_43"/>
      </span>
    </property>
    <property type="restaurant" pid="p_4">
      <span>
        <target id="t_49"/>
      </span>
    </property>
    <property type="sleeping_comfort" pid="p_5">
      <span>
        <target id="t_14"/>
      </span>
      <span>
        <target id="t_39"/>
      </span>
    </property>
    <property type="location" pid="p_6">
      <span>
        <target id="t_37"/>
      </span>
    </property>
    <property type="staff" pid="p_7">
      <span>
        <target id="t_45"/>
      </span>
      <span>
        <target id="t_46"/>
      </span>
    </property>
  </properties>
  <opinions>
    <opinion oid="o_1">
      <opinion_target>
        <span>
          <target id="t_21"/>
        </span>
      </opinion_target>
      <opinion_expression polarity="negative" strength="-1">
        <span>
          <target id="t_20"/>
        </span>
      </opinion_expression>
    </opinion>
    <opinion oid="o_2">
      <opinion_target>
        <span>
          <target id="t_25"/>
        </span>
      </opinion_target>
      <opinion_expression polarity="negative" strength="-1">
        <span>
          <target id="t_24"/>
        </span>
      </opinion_expression>
    </opinion>
    <opinion oid="o_3">
      <opinion_target>
        <span>
          <target id="t_30"/>
        </span>
      </opinion_target>
      <opinion_expression polarity="positive" strength="1">
        <span>
          <target id="t_31"/>
        </span>
      </opinion_expression>
    </opinion>
    <opinion oid="o_4">
      <opinion_target>
        <span>
          <target id="t_37"/>
        </span>
      </opinion_target>
      <opinion_expression polarity="positive" strength="1">
        <span>
          <target id="t_34"/>
          <target id="t_33"/>
        </span>
      </opinion_expression>
    </opinion>
    <opinion oid="o_5">
      <opinion_target>
        <span>
          <target id="t_39"/>
        </span>
      </opinion_target>
      <opinion_expression polarity="positive" strength="1">
        <span>
          <target id="t_40"/>
        </span>
      </opinion_expression>
    </opinion>
    <opinion oid="o_6">
      <opinion_target>
        <span>
          <target id="t_46"/>
        </span>
      </opinion_target>
      <opinion_expression polarity="positive" strength="1">
        <span>
          <target id="t_45"/>
        </span>
      </opinion_expression>
    </opinion>
    <opinion oid="o_7">
      <opinion_target>
        <span>
          <target id="t_49"/>
        </span>
      </opinion_target>
      <opinion_expression polarity="positive" strength="1">
        <span>
          <target id="t_48"/>
        </span>
      </opinion_expression>
    </opinion>
    <opinion oid="o_8">
      <opinion_target>
        <span>
          <target id="t_53"/>
        </span>
      </opinion_target>
      <opinion_expression polarity="negative" strength="-1">
        <span>
          <target id="t_51"/>
        </span>
      </opinion_expression>
    </opinion>
  </opinions>
</KAF>
