<?xml version='1.0' encoding='UTF-8'?>
<KAF xml:lang="nl">
  <linguisticProcessors layer="text">
    <lp timestamp="2013-01-06T18:44:33CET" version="2.0" name="SentenceTokenizer"/>
  </linguisticProcessors>
  <linguisticProcessors layer="terms">
    <lp timestamp="2013-01-06T18:44:33CET" version="2.0" name="SentenceTokenizer"/>
    <lp timestamp="2013-01-06T18:44:33CET" version="1.0" name="SimplePolarityTagger"/>
  </linguisticProcessors>
  <linguisticProcessor layer="opinions">
    <lp timestamp="2013-01-06T18:44:33CET" version="1.0" name="SimpleOpinionDetector"/>
  </linguisticProcessor>
  <linguisticProcessor layer="properties">
    <lp timestamp="2013-01-06T18:44:33CET" version="1.0" name="SimplePropRecognizer_lookup"/>
  </linguisticProcessor>
  <linguisticProcessor layer="entities">
    <lp timestamp="2013-01-06T18:44:33CET" version="1.0" name="SimpleNER_lookup"/>
  </linguisticProcessor>
  <text>
    <wf wid="w_1" para="1" sent="1">niet</wf>
    <wf wid="w_2" para="1" sent="1">goed</wf>
    <wf wid="w_3" para="1" sent="1">.</wf>
    <wf wid="w_4" para="1" sent="2">In</wf>
    <wf wid="w_5" para="1" sent="2">de</wf>
    <wf wid="w_6" para="1" sent="2">prachtige</wf>
    <wf wid="w_7" para="1" sent="2">oude</wf>
    <wf wid="w_8" para="1" sent="2">stad</wf>
    <wf wid="w_9" para="1" sent="2">van</wf>
    <wf wid="w_10" para="1" sent="2">antalya</wf>
    <wf wid="w_11" para="1" sent="2">.</wf>
    <wf wid="w_12" para="1" sent="3">Maar</wf>
    <wf wid="w_13" para="1" sent="3">het</wf>
    <wf wid="w_14" para="1" sent="3">hotel</wf>
    <wf wid="w_15" para="1" sent="3">viel</wf>
    <wf wid="w_16" para="1" sent="3">behoorlijk</wf>
    <wf wid="w_17" para="1" sent="3">tegen</wf>
    <wf wid="w_18" para="1" sent="3">,</wf>
    <wf wid="w_19" para="1" sent="3">een</wf>
    <wf wid="w_20" para="1" sent="3">hele</wf>
    <wf wid="w_21" para="1" sent="3">kleine</wf>
    <wf wid="w_22" para="1" sent="3">kamer</wf>
    <wf wid="w_23" para="1" sent="3">.</wf>
    <wf wid="w_24" para="1" sent="4">het</wf>
    <wf wid="w_25" para="1" sent="4">ontbijt</wf>
    <wf wid="w_26" para="1" sent="4">was</wf>
    <wf wid="w_27" para="1" sent="4">erg</wf>
    <wf wid="w_28" para="1" sent="4">karig</wf>
    <wf wid="w_29" para="1" sent="4">.</wf>
    <wf wid="w_30" para="1" sent="5">Wij</wf>
    <wf wid="w_31" para="1" sent="5">voelden</wf>
    <wf wid="w_32" para="1" sent="5">ons</wf>
    <wf wid="w_33" para="1" sent="5">niet</wf>
    <wf wid="w_34" para="1" sent="5">erg</wf>
    <wf wid="w_35" para="1" sent="5">welkom</wf>
    <wf wid="w_36" para="1" sent="5">.</wf>
    <wf wid="w_37" para="1" sent="6">Gaan</wf>
    <wf wid="w_38" para="1" sent="6">er</wf>
    <wf wid="w_39" para="1" sent="6">beslist</wf>
    <wf wid="w_40" para="1" sent="6">niet</wf>
    <wf wid="w_41" para="1" sent="6">meer</wf>
    <wf wid="w_42" para="1" sent="6">terug</wf>
    <wf wid="w_43" para="1" sent="6">.</wf>
  </text>
  <terms>
    <term tid="t_1" lemma="niet" type="open">
      <span>
        <target id="w_1"/>
      </span>
      <sentiment sentiment_modifier="shifter" resource="VUA_olery_lexicon_nl_lmf"/>
    </term>
    <term tid="t_2" lemma="goed" type="open" pos="G">
      <span>
        <target id="w_2"/>
      </span>
      <sentiment polarity="positive" resource="VUA_olery_lexicon_nl_lmf"/>
    </term>
    <term tid="t_3" lemma="." type="open">
      <span>
        <target id="w_3"/>
      </span>
    </term>
    <term tid="t_4" lemma="in" type="open">
      <span>
        <target id="w_4"/>
      </span>
    </term>
    <term tid="t_5" lemma="de" type="open">
      <span>
        <target id="w_5"/>
      </span>
    </term>
    <term tid="t_6" lemma="prachtige" type="open">
      <span>
        <target id="w_6"/>
      </span>
    </term>
    <term tid="t_7" lemma="oude" type="open">
      <span>
        <target id="w_7"/>
      </span>
    </term>
    <term tid="t_8" lemma="stad" type="open">
      <span>
        <target id="w_8"/>
      </span>
    </term>
    <term tid="t_9" lemma="van" type="open">
      <span>
        <target id="w_9"/>
      </span>
    </term>
    <term tid="t_10" lemma="antalya" type="open">
      <span>
        <target id="w_10"/>
      </span>
    </term>
    <term tid="t_11" lemma="." type="open">
      <span>
        <target id="w_11"/>
      </span>
    </term>
    <term tid="t_12" lemma="maar" type="open">
      <span>
        <target id="w_12"/>
      </span>
    </term>
    <term tid="t_13" lemma="het" type="open">
      <span>
        <target id="w_13"/>
      </span>
    </term>
    <term tid="t_14" lemma="hotel" type="open">
      <span>
        <target id="w_14"/>
      </span>
    </term>
    <term tid="t_15" lemma="viel" type="open">
      <span>
        <target id="w_15"/>
      </span>
    </term>
    <term tid="t_16" lemma="behoorlijk" type="open">
      <span>
        <target id="w_16"/>
      </span>
      <sentiment sentiment_modifier="intensifier" resource="VUA_olery_lexicon_nl_lmf"/>
    </term>
    <term tid="t_17" lemma="tegen" type="open">
      <span>
        <target id="w_17"/>
      </span>
    </term>
    <term tid="t_18" lemma="," type="open">
      <span>
        <target id="w_18"/>
      </span>
    </term>
    <term tid="t_19" lemma="een" type="open">
      <span>
        <target id="w_19"/>
      </span>
    </term>
    <term tid="t_20" lemma="hele" type="open">
      <span>
        <target id="w_20"/>
      </span>
    </term>
    <term tid="t_21" lemma="kleine" type="open">
      <span>
        <target id="w_21"/>
      </span>
    </term>
    <term tid="t_22" lemma="kamer" type="open">
      <span>
        <target id="w_22"/>
      </span>
    </term>
    <term tid="t_23" lemma="." type="open">
      <span>
        <target id="w_23"/>
      </span>
    </term>
    <term tid="t_24" lemma="het" type="open">
      <span>
        <target id="w_24"/>
      </span>
    </term>
    <term tid="t_25" lemma="ontbijt" type="open">
      <span>
        <target id="w_25"/>
      </span>
    </term>
    <term tid="t_26" lemma="was" type="open">
      <span>
        <target id="w_26"/>
      </span>
    </term>
    <term tid="t_27" lemma="erg" type="open">
      <span>
        <target id="w_27"/>
      </span>
      <sentiment sentiment_modifier="intensifier" resource="VUA_olery_lexicon_nl_lmf"/>
    </term>
    <term tid="t_28" lemma="karig" type="open" pos="G">
      <span>
        <target id="w_28"/>
      </span>
      <sentiment polarity="negative" resource="VUA_olery_lexicon_nl_lmf"/>
    </term>
    <term tid="t_29" lemma="." type="open">
      <span>
        <target id="w_29"/>
      </span>
    </term>
    <term tid="t_30" lemma="wij" type="open">
      <span>
        <target id="w_30"/>
      </span>
    </term>
    <term tid="t_31" lemma="voelden" type="open">
      <span>
        <target id="w_31"/>
      </span>
    </term>
    <term tid="t_32" lemma="ons" type="open">
      <span>
        <target id="w_32"/>
      </span>
    </term>
    <term tid="t_33" lemma="niet" type="open">
      <span>
        <target id="w_33"/>
      </span>
      <sentiment sentiment_modifier="shifter" resource="VUA_olery_lexicon_nl_lmf"/>
    </term>
    <term tid="t_34" lemma="erg" type="open">
      <span>
        <target id="w_34"/>
      </span>
      <sentiment sentiment_modifier="intensifier" resource="VUA_olery_lexicon_nl_lmf"/>
    </term>
    <term tid="t_35" lemma="welkom" type="open" pos="G">
      <span>
        <target id="w_35"/>
      </span>
      <sentiment polarity="positive" resource="VUA_olery_lexicon_nl_lmf"/>
    </term>
    <term tid="t_36" lemma="." type="open">
      <span>
        <target id="w_36"/>
      </span>
    </term>
    <term tid="t_37" lemma="gaan" type="open">
      <span>
        <target id="w_37"/>
      </span>
    </term>
    <term tid="t_38" lemma="er" type="open">
      <span>
        <target id="w_38"/>
      </span>
    </term>
    <term tid="t_39" lemma="beslist" type="open">
      <span>
        <target id="w_39"/>
      </span>
      <sentiment sentiment_modifier="intensifier" resource="VUA_olery_lexicon_nl_lmf"/>
    </term>
    <term tid="t_40" lemma="niet" type="open">
      <span>
        <target id="w_40"/>
      </span>
      <sentiment sentiment_modifier="shifter" resource="VUA_olery_lexicon_nl_lmf"/>
    </term>
    <term tid="t_41" lemma="meer" type="open">
      <span>
        <target id="w_41"/>
      </span>
    </term>
    <term tid="t_42" lemma="terug" type="open">
      <span>
        <target id="w_42"/>
      </span>
    </term>
    <term tid="t_43" lemma="." type="open">
      <span>
        <target id="w_43"/>
      </span>
    </term>
  </terms>
  <entities>
    <entity type="ORG" eid="e_1">
      <span>
        <target id="t_22"/>
      </span>
    </entity>
  </entities>
  <properties>
    <property type="staff" pid="p_1">
      <span>
        <target id="t_35"/>
      </span>
    </property>
    <property type="restaurant" pid="p_2">
      <span>
        <target id="t_25"/>
      </span>
      <span>
        <target id="t_28"/>
      </span>
    </property>
    <property type="location" pid="p_3">
      <span>
        <target id="t_8"/>
      </span>
    </property>
    <property type="room" pid="p_4">
      <span>
        <target id="t_22"/>
      </span>
    </property>
  </properties>
  <opinions>
    <opinion oid="o_1">
      <opinion_target>
        <span>
          <target id="t_25"/>
        </span>
      </opinion_target>
      <opinion_expression polarity="negative" strength="-2">
        <span>
          <target id="t_28"/>
          <target id="t_27"/>
        </span>
      </opinion_expression>
    </opinion>
    <opinion oid="o_2">
      <opinion_target>
        <span>
          <target id="t_31"/>
        </span>
      </opinion_target>
      <opinion_expression polarity="negative" strength="-2">
        <span>
          <target id="t_35"/>
          <target id="t_34"/>
          <target id="t_33"/>
        </span>
      </opinion_expression>
    </opinion>
  </opinions>
</KAF>
