<?xml version='1.0' encoding='UTF-8'?>
<KAF xml:lang="nl">
  <linguisticProcessors layer="text">
    <lp timestamp="2013-01-06T18:32:27CET" version="2.0" name="SentenceTokenizer"/>
  </linguisticProcessors>
  <linguisticProcessors layer="terms">
    <lp timestamp="2013-01-06T18:32:27CET" version="2.0" name="SentenceTokenizer"/>
    <lp timestamp="2013-01-06T18:32:27CET" version="1.0" name="SimplePolarityTagger"/>
  </linguisticProcessors>
  <linguisticProcessor layer="opinions">
    <lp timestamp="2013-01-06T18:32:27CET" version="1.0" name="SimpleOpinionDetector"/>
  </linguisticProcessor>
  <linguisticProcessor layer="properties">
    <lp timestamp="2013-01-06T18:32:27CET" version="1.0" name="SimplePropRecognizer_lookup"/>
  </linguisticProcessor>
  <linguisticProcessor layer="entities">
    <lp timestamp="2013-01-06T18:32:27CET" version="1.0" name="SimpleNER_lookup"/>
  </linguisticProcessor>
  <text>
    <wf wid="w_1" para="1" sent="1">"Wij</wf>
    <wf wid="w_2" para="1" sent="1">hadden</wf>
    <wf wid="w_3" para="1" sent="1">een</wf>
    <wf wid="w_4" para="1" sent="1">suite</wf>
    <wf wid="w_5" para="1" sent="1">oceanfront</wf>
    <wf wid="w_6" para="1" sent="1">geboekt</wf>
    <wf wid="w_7" para="1" sent="1">en</wf>
    <wf wid="w_8" para="1" sent="1">we</wf>
    <wf wid="w_9" para="1" sent="1">hadden</wf>
    <wf wid="w_10" para="1" sent="1">geluk</wf>
    <wf wid="w_11" para="1" sent="1">:</wf>
    <wf wid="w_12" para="1" sent="1">de</wf>
    <wf wid="w_13" para="1" sent="1">airco</wf>
    <wf wid="w_14" para="1" sent="1">zou</wf>
    <wf wid="w_15" para="1" sent="1">niet</wf>
    <wf wid="w_16" para="1" sent="1">werken</wf>
    <wf wid="w_17" para="1" sent="1">en</wf>
    <wf wid="w_18" para="1" sent="1">we</wf>
    <wf wid="w_19" para="1" sent="1">mochten</wf>
    <wf wid="w_20" para="1" sent="1">de</wf>
    <wf wid="w_21" para="1" sent="1">hele</wf>
    <wf wid="w_22" para="1" sent="1">week</wf>
    <wf wid="w_23" para="1" sent="1">gebruik</wf>
    <wf wid="w_24" para="1" sent="1">maken</wf>
    <wf wid="w_25" para="1" sent="1">van</wf>
    <wf wid="w_26" para="1" sent="1">het</wf>
    <wf wid="w_27" para="1" sent="1">penthouse</wf>
    <wf wid="w_28" para="1" sent="1">.</wf>
    <wf wid="w_29" para="1" sent="2">Dat</wf>
    <wf wid="w_30" para="1" sent="2">is</wf>
    <wf wid="w_31" para="1" sent="2">de</wf>
    <wf wid="w_32" para="1" sent="2">"</wf>
    <wf wid="w_33" para="1" sent="3">"kamer</wf>
    <wf wid="w_34" para="1" sent="3">""</wf>
    <wf wid="w_35" para="1" sent="4">die</wf>
    <wf wid="w_36" para="1" sent="4">je</wf>
    <wf wid="w_37" para="1" sent="4">in</wf>
    <wf wid="w_38" para="1" sent="4">elke</wf>
    <wf wid="w_39" para="1" sent="4">gids</wf>
    <wf wid="w_40" para="1" sent="4">terugziet</wf>
    <wf wid="w_41" para="1" sent="4">,</wf>
    <wf wid="w_42" para="1" sent="4">maar</wf>
    <wf wid="w_43" para="1" sent="4">waarvan</wf>
    <wf wid="w_44" para="1" sent="4">er</wf>
    <wf wid="w_45" para="1" sent="4">maar</wf>
    <wf wid="w_46" para="1" sent="4">een</wf>
    <wf wid="w_47" para="1" sent="4">is</wf>
    <wf wid="w_48" para="1" sent="4">.</wf>
    <wf wid="w_49" para="1" sent="5">En</wf>
    <wf wid="w_50" para="1" sent="5">waarvan</wf>
    <wf wid="w_51" para="1" sent="5">de</wf>
    <wf wid="w_52" para="1" sent="5">plaatjes</wf>
    <wf wid="w_53" para="1" sent="5">inderdaad</wf>
    <wf wid="w_54" para="1" sent="5">overeenkomen</wf>
    <wf wid="w_55" para="1" sent="5">met</wf>
    <wf wid="w_56" para="1" sent="5">de</wf>
    <wf wid="w_57" para="1" sent="5">werkelijkheid</wf>
    <wf wid="w_58" para="1" sent="5">.</wf>
    <wf wid="w_59" para="1" sent="6">Als</wf>
    <wf wid="w_60" para="1" sent="6">je</wf>
    <wf wid="w_61" para="1" sent="6">over</wf>
    <wf wid="w_62" para="1" sent="6">het</wf>
    <wf wid="w_63" para="1" sent="6">strand</wf>
    <wf wid="w_64" para="1" sent="6">loopt</wf>
    <wf wid="w_65" para="1" sent="6">en</wf>
    <wf wid="w_66" para="1" sent="6">je</wf>
    <wf wid="w_67" para="1" sent="6">kijkt</wf>
    <wf wid="w_68" para="1" sent="6">op</wf>
    <wf wid="w_69" para="1" sent="6">de</wf>
    <wf wid="w_70" para="1" sent="6">beste</wf>
    <wf wid="w_71" para="1" sent="6">plek</wf>
    <wf wid="w_72" para="1" sent="6">naar</wf>
    <wf wid="w_73" para="1" sent="6">boven</wf>
    <wf wid="w_74" para="1" sent="6">,</wf>
    <wf wid="w_75" para="1" sent="6">dan</wf>
    <wf wid="w_76" para="1" sent="6">denk</wf>
    <wf wid="w_77" para="1" sent="6">je</wf>
    <wf wid="w_78" para="1" sent="6">:</wf>
    <wf wid="w_79" para="1" sent="6">je</wf>
    <wf wid="w_80" para="1" sent="6">zou</wf>
    <wf wid="w_81" para="1" sent="6">maar</wf>
    <wf wid="w_82" para="1" sent="6">die</wf>
    <wf wid="w_83" para="1" sent="6">hele</wf>
    <wf wid="w_84" para="1" sent="6">bovenverdieping</wf>
    <wf wid="w_85" para="1" sent="6">aan</wf>
    <wf wid="w_86" para="1" sent="6">het</wf>
    <wf wid="w_87" para="1" sent="6">strand</wf>
    <wf wid="w_88" para="1" sent="6">hebben</wf>
    <wf wid="w_89" para="1" sent="6">geboekt</wf>
    <wf wid="w_90" para="1" sent="6">..</wf>
    <wf wid="w_91" para="1" sent="7">Werkelijk</wf>
    <wf wid="w_92" para="1" sent="7">een</wf>
    <wf wid="w_93" para="1" sent="7">VIP</wf>
    <wf wid="w_94" para="1" sent="7">plek</wf>
    <wf wid="w_95" para="1" sent="7">.</wf>
    <wf wid="w_96" para="1" sent="8">Uitzicht</wf>
    <wf wid="w_97" para="1" sent="8">op</wf>
    <wf wid="w_98" para="1" sent="8">het</wf>
    <wf wid="w_99" para="1" sent="8">strand</wf>
    <wf wid="w_100" para="1" sent="8">,</wf>
    <wf wid="w_101" para="1" sent="8">altijd</wf>
    <wf wid="w_102" para="1" sent="8">een</wf>
    <wf wid="w_103" para="1" sent="8">strandbedje</wf>
    <wf wid="w_104" para="1" sent="8">vrij</wf>
    <wf wid="w_105" para="1" sent="8">.</wf>
    <wf wid="w_106" para="1" sent="9">Ook</wf>
    <wf wid="w_107" para="1" sent="9">uitzicht</wf>
    <wf wid="w_108" para="1" sent="9">op</wf>
    <wf wid="w_109" para="1" sent="9">het</wf>
    <wf wid="w_110" para="1" sent="9">50</wf>
    <wf wid="w_111" para="1" sent="9">meter</wf>
    <wf wid="w_112" para="1" sent="9">zwembad</wf>
    <wf wid="w_113" para="1" sent="9">,</wf>
    <wf wid="w_114" para="1" sent="9">waar</wf>
    <wf wid="w_115" para="1" sent="9">we</wf>
    <wf wid="w_116" para="1" sent="9">dagelijks</wf>
    <wf wid="w_117" para="1" sent="9">ons</wf>
    <wf wid="w_118" para="1" sent="9">kilometertje</wf>
    <wf wid="w_119" para="1" sent="9">wegzwommen</wf>
    <wf wid="w_120" para="1" sent="9">,</wf>
    <wf wid="w_121" para="1" sent="9">en</wf>
    <wf wid="w_122" para="1" sent="9">de</wf>
    <wf wid="w_123" para="1" sent="9">coctails</wf>
    <wf wid="w_124" para="1" sent="9">op</wf>
    <wf wid="w_125" para="1" sent="9">het</wf>
    <wf wid="w_126" para="1" sent="9">strand</wf>
    <wf wid="w_127" para="1" sent="9">..</wf>
    <wf wid="w_128" para="1" sent="10">Onze</wf>
    <wf wid="w_129" para="1" sent="10">dochter</wf>
    <wf wid="w_130" para="1" sent="10">van</wf>
    <wf wid="w_131" para="1" sent="10">5</wf>
    <wf wid="w_132" para="1" sent="10">jaar</wf>
    <wf wid="w_133" para="1" sent="10">in</wf>
    <wf wid="w_134" para="1" sent="10">"</wf>
    <wf wid="w_135" para="1" sent="11">"badje</wf>
    <wf wid="w_136" para="1" sent="11">2</wf>
    <wf wid="w_137" para="1" sent="11">""</wf>
    <wf wid="w_138" para="1" sent="12">mocht</wf>
    <wf wid="w_139" para="1" sent="12">meedoen</wf>
    <wf wid="w_140" para="1" sent="12">aan</wf>
    <wf wid="w_141" para="1" sent="12">de</wf>
    <wf wid="w_142" para="1" sent="12">zwemlessen</wf>
    <wf wid="w_143" para="1" sent="12">voor</wf>
    <wf wid="w_144" para="1" sent="12">kinderen</wf>
    <wf wid="w_145" para="1" sent="12">die</wf>
    <wf wid="w_146" para="1" sent="12">daar</wf>
    <wf wid="w_147" para="1" sent="12">les</wf>
    <wf wid="w_148" para="1" sent="12">krijgen</wf>
    <wf wid="w_149" para="1" sent="12">.</wf>
    <wf wid="w_150" para="1" sent="13">Letterlijk</wf>
    <wf wid="w_151" para="1" sent="13">in</wf>
    <wf wid="w_152" para="1" sent="13">het</wf>
    <wf wid="w_153" para="1" sent="13">diepe</wf>
    <wf wid="w_154" para="1" sent="13">geworpen</wf>
    <wf wid="w_155" para="1" sent="13">en</wf>
    <wf wid="w_156" para="1" sent="13">in</wf>
    <wf wid="w_157" para="1" sent="13">2</wf>
    <wf wid="w_158" para="1" sent="13">lessen</wf>
    <wf wid="w_159" para="1" sent="13">meer</wf>
    <wf wid="w_160" para="1" sent="13">geleerd</wf>
    <wf wid="w_161" para="1" sent="13">dan</wf>
    <wf wid="w_162" para="1" sent="13">in</wf>
    <wf wid="w_163" para="1" sent="13">10</wf>
    <wf wid="w_164" para="1" sent="13">lessen</wf>
    <wf wid="w_165" para="1" sent="13">in</wf>
    <wf wid="w_166" para="1" sent="13">Nederland</wf>
    <wf wid="w_167" para="1" sent="13">..</wf>
    <wf wid="w_168" para="1" sent="14">Voor</wf>
    <wf wid="w_169" para="1" sent="14">de</wf>
    <wf wid="w_170" para="1" sent="14">rest</wf>
    <wf wid="w_171" para="1" sent="14">was</wf>
    <wf wid="w_172" para="1" sent="14">er</wf>
    <wf wid="w_173" para="1" sent="14">geen</wf>
    <wf wid="w_174" para="1" sent="14">georganiseerde</wf>
    <wf wid="w_175" para="1" sent="14">kinderanimatie</wf>
    <wf wid="w_176" para="1" sent="14">.</wf>
    <wf wid="w_177" para="1" sent="15">Onze</wf>
    <wf wid="w_178" para="1" sent="15">dochter</wf>
    <wf wid="w_179" para="1" sent="15">lag</wf>
    <wf wid="w_180" para="1" sent="15">van</wf>
    <wf wid="w_181" para="1" sent="15">'s</wf>
    <wf wid="w_182" para="1" sent="15">ochtends</wf>
    <wf wid="w_183" para="1" sent="15">8</wf>
    <wf wid="w_184" para="1" sent="15">tot</wf>
    <wf wid="w_185" para="1" sent="15">'s</wf>
    <wf wid="w_186" para="1" sent="15">avonds</wf>
    <wf wid="w_187" para="1" sent="15">6</wf>
    <wf wid="w_188" para="1" sent="15">in</wf>
    <wf wid="w_189" para="1" sent="15">het</wf>
    <wf wid="w_190" para="1" sent="15">zwembad</wf>
    <wf wid="w_191" para="1" sent="15">of</wf>
    <wf wid="w_192" para="1" sent="15">in</wf>
    <wf wid="w_193" para="1" sent="15">de</wf>
    <wf wid="w_194" para="1" sent="15">zee</wf>
    <wf wid="w_195" para="1" sent="15">,</wf>
    <wf wid="w_196" para="1" sent="15">het</wf>
    <wf wid="w_197" para="1" sent="15">was</wf>
    <wf wid="w_198" para="1" sent="15">ook</wf>
    <wf wid="w_199" para="1" sent="15">bloedheet</wf>
    <wf wid="w_200" para="1" sent="15">"</wf>
  </text>
  <terms>
    <term tid="t_1" lemma="&quot;wij" type="open">
      <span>
        <target id="w_1"/>
      </span>
    </term>
    <term tid="t_2" lemma="hadden" type="open">
      <span>
        <target id="w_2"/>
      </span>
    </term>
    <term tid="t_3" lemma="een" type="open">
      <span>
        <target id="w_3"/>
      </span>
    </term>
    <term tid="t_4" lemma="suite" type="open">
      <span>
        <target id="w_4"/>
      </span>
    </term>
    <term tid="t_5" lemma="oceanfront" type="open">
      <span>
        <target id="w_5"/>
      </span>
    </term>
    <term tid="t_6" lemma="geboekt" type="open">
      <span>
        <target id="w_6"/>
      </span>
    </term>
    <term tid="t_7" lemma="en" type="open">
      <span>
        <target id="w_7"/>
      </span>
    </term>
    <term tid="t_8" lemma="we" type="open">
      <span>
        <target id="w_8"/>
      </span>
    </term>
    <term tid="t_9" lemma="hadden" type="open">
      <span>
        <target id="w_9"/>
      </span>
    </term>
    <term tid="t_10" lemma="geluk" type="open" pos="N">
      <span>
        <target id="w_10"/>
      </span>
      <sentiment polarity="positive" resource="VUA_olery_lexicon_nl_lmf"/>
    </term>
    <term tid="t_11" lemma=":" type="open">
      <span>
        <target id="w_11"/>
      </span>
    </term>
    <term tid="t_12" lemma="de" type="open">
      <span>
        <target id="w_12"/>
      </span>
    </term>
    <term tid="t_13" lemma="airco" type="open">
      <span>
        <target id="w_13"/>
      </span>
    </term>
    <term tid="t_14" lemma="zou" type="open">
      <span>
        <target id="w_14"/>
      </span>
    </term>
    <term tid="t_15" lemma="niet" type="open">
      <span>
        <target id="w_15"/>
      </span>
      <sentiment sentiment_modifier="shifter" resource="VUA_olery_lexicon_nl_lmf"/>
    </term>
    <term tid="t_16" lemma="werken" type="open">
      <span>
        <target id="w_16"/>
      </span>
    </term>
    <term tid="t_17" lemma="en" type="open">
      <span>
        <target id="w_17"/>
      </span>
    </term>
    <term tid="t_18" lemma="we" type="open">
      <span>
        <target id="w_18"/>
      </span>
    </term>
    <term tid="t_19" lemma="mochten" type="open">
      <span>
        <target id="w_19"/>
      </span>
    </term>
    <term tid="t_20" lemma="de" type="open">
      <span>
        <target id="w_20"/>
      </span>
    </term>
    <term tid="t_21" lemma="hele" type="open">
      <span>
        <target id="w_21"/>
      </span>
    </term>
    <term tid="t_22" lemma="week" type="open">
      <span>
        <target id="w_22"/>
      </span>
    </term>
    <term tid="t_23" lemma="gebruik" type="open">
      <span>
        <target id="w_23"/>
      </span>
    </term>
    <term tid="t_24" lemma="maken" type="open">
      <span>
        <target id="w_24"/>
      </span>
    </term>
    <term tid="t_25" lemma="van" type="open">
      <span>
        <target id="w_25"/>
      </span>
    </term>
    <term tid="t_26" lemma="het" type="open">
      <span>
        <target id="w_26"/>
      </span>
    </term>
    <term tid="t_27" lemma="penthouse" type="open">
      <span>
        <target id="w_27"/>
      </span>
    </term>
    <term tid="t_28" lemma="." type="open">
      <span>
        <target id="w_28"/>
      </span>
    </term>
    <term tid="t_29" lemma="dat" type="open">
      <span>
        <target id="w_29"/>
      </span>
    </term>
    <term tid="t_30" lemma="is" type="open">
      <span>
        <target id="w_30"/>
      </span>
    </term>
    <term tid="t_31" lemma="de" type="open">
      <span>
        <target id="w_31"/>
      </span>
    </term>
    <term tid="t_32" lemma="&quot;" type="open">
      <span>
        <target id="w_32"/>
      </span>
    </term>
    <term tid="t_33" lemma="&quot;kamer" type="open">
      <span>
        <target id="w_33"/>
      </span>
    </term>
    <term tid="t_34" lemma="&quot;&quot;" type="open">
      <span>
        <target id="w_34"/>
      </span>
    </term>
    <term tid="t_35" lemma="die" type="open">
      <span>
        <target id="w_35"/>
      </span>
    </term>
    <term tid="t_36" lemma="je" type="open">
      <span>
        <target id="w_36"/>
      </span>
    </term>
    <term tid="t_37" lemma="in" type="open">
      <span>
        <target id="w_37"/>
      </span>
    </term>
    <term tid="t_38" lemma="elke" type="open">
      <span>
        <target id="w_38"/>
      </span>
    </term>
    <term tid="t_39" lemma="gids" type="open">
      <span>
        <target id="w_39"/>
      </span>
    </term>
    <term tid="t_40" lemma="terugziet" type="open">
      <span>
        <target id="w_40"/>
      </span>
    </term>
    <term tid="t_41" lemma="," type="open">
      <span>
        <target id="w_41"/>
      </span>
    </term>
    <term tid="t_42" lemma="maar" type="open">
      <span>
        <target id="w_42"/>
      </span>
    </term>
    <term tid="t_43" lemma="waarvan" type="open">
      <span>
        <target id="w_43"/>
      </span>
    </term>
    <term tid="t_44" lemma="er" type="open">
      <span>
        <target id="w_44"/>
      </span>
    </term>
    <term tid="t_45" lemma="maar" type="open">
      <span>
        <target id="w_45"/>
      </span>
    </term>
    <term tid="t_46" lemma="een" type="open">
      <span>
        <target id="w_46"/>
      </span>
    </term>
    <term tid="t_47" lemma="is" type="open">
      <span>
        <target id="w_47"/>
      </span>
    </term>
    <term tid="t_48" lemma="." type="open">
      <span>
        <target id="w_48"/>
      </span>
    </term>
    <term tid="t_49" lemma="en" type="open">
      <span>
        <target id="w_49"/>
      </span>
    </term>
    <term tid="t_50" lemma="waarvan" type="open">
      <span>
        <target id="w_50"/>
      </span>
    </term>
    <term tid="t_51" lemma="de" type="open">
      <span>
        <target id="w_51"/>
      </span>
    </term>
    <term tid="t_52" lemma="plaatjes" type="open">
      <span>
        <target id="w_52"/>
      </span>
    </term>
    <term tid="t_53" lemma="inderdaad" type="open">
      <span>
        <target id="w_53"/>
      </span>
    </term>
    <term tid="t_54" lemma="overeenkomen" type="open">
      <span>
        <target id="w_54"/>
      </span>
    </term>
    <term tid="t_55" lemma="met" type="open">
      <span>
        <target id="w_55"/>
      </span>
    </term>
    <term tid="t_56" lemma="de" type="open">
      <span>
        <target id="w_56"/>
      </span>
    </term>
    <term tid="t_57" lemma="werkelijkheid" type="open">
      <span>
        <target id="w_57"/>
      </span>
    </term>
    <term tid="t_58" lemma="." type="open">
      <span>
        <target id="w_58"/>
      </span>
    </term>
    <term tid="t_59" lemma="als" type="open">
      <span>
        <target id="w_59"/>
      </span>
    </term>
    <term tid="t_60" lemma="je" type="open">
      <span>
        <target id="w_60"/>
      </span>
    </term>
    <term tid="t_61" lemma="over" type="open">
      <span>
        <target id="w_61"/>
      </span>
    </term>
    <term tid="t_62" lemma="het" type="open">
      <span>
        <target id="w_62"/>
      </span>
    </term>
    <term tid="t_63" lemma="strand" type="open">
      <span>
        <target id="w_63"/>
      </span>
    </term>
    <term tid="t_64" lemma="loopt" type="open">
      <span>
        <target id="w_64"/>
      </span>
    </term>
    <term tid="t_65" lemma="en" type="open">
      <span>
        <target id="w_65"/>
      </span>
    </term>
    <term tid="t_66" lemma="je" type="open">
      <span>
        <target id="w_66"/>
      </span>
    </term>
    <term tid="t_67" lemma="kijkt" type="open">
      <span>
        <target id="w_67"/>
      </span>
    </term>
    <term tid="t_68" lemma="op" type="open">
      <span>
        <target id="w_68"/>
      </span>
    </term>
    <term tid="t_69" lemma="de" type="open">
      <span>
        <target id="w_69"/>
      </span>
    </term>
    <term tid="t_70" lemma="beste" type="open">
      <span>
        <target id="w_70"/>
      </span>
    </term>
    <term tid="t_71" lemma="plek" type="open">
      <span>
        <target id="w_71"/>
      </span>
    </term>
    <term tid="t_72" lemma="naar" type="open" pos="G">
      <span>
        <target id="w_72"/>
      </span>
      <sentiment polarity="negative" resource="VUA_olery_lexicon_nl_lmf"/>
    </term>
    <term tid="t_73" lemma="boven" type="open">
      <span>
        <target id="w_73"/>
      </span>
    </term>
    <term tid="t_74" lemma="," type="open">
      <span>
        <target id="w_74"/>
      </span>
    </term>
    <term tid="t_75" lemma="dan" type="open">
      <span>
        <target id="w_75"/>
      </span>
    </term>
    <term tid="t_76" lemma="denk" type="open">
      <span>
        <target id="w_76"/>
      </span>
    </term>
    <term tid="t_77" lemma="je" type="open">
      <span>
        <target id="w_77"/>
      </span>
    </term>
    <term tid="t_78" lemma=":" type="open">
      <span>
        <target id="w_78"/>
      </span>
    </term>
    <term tid="t_79" lemma="je" type="open">
      <span>
        <target id="w_79"/>
      </span>
    </term>
    <term tid="t_80" lemma="zou" type="open">
      <span>
        <target id="w_80"/>
      </span>
    </term>
    <term tid="t_81" lemma="maar" type="open">
      <span>
        <target id="w_81"/>
      </span>
    </term>
    <term tid="t_82" lemma="die" type="open">
      <span>
        <target id="w_82"/>
      </span>
    </term>
    <term tid="t_83" lemma="hele" type="open">
      <span>
        <target id="w_83"/>
      </span>
    </term>
    <term tid="t_84" lemma="bovenverdieping" type="open">
      <span>
        <target id="w_84"/>
      </span>
    </term>
    <term tid="t_85" lemma="aan" type="open">
      <span>
        <target id="w_85"/>
      </span>
    </term>
    <term tid="t_86" lemma="het" type="open">
      <span>
        <target id="w_86"/>
      </span>
    </term>
    <term tid="t_87" lemma="strand" type="open">
      <span>
        <target id="w_87"/>
      </span>
    </term>
    <term tid="t_88" lemma="hebben" type="open">
      <span>
        <target id="w_88"/>
      </span>
    </term>
    <term tid="t_89" lemma="geboekt" type="open">
      <span>
        <target id="w_89"/>
      </span>
    </term>
    <term tid="t_90" lemma=".." type="open">
      <span>
        <target id="w_90"/>
      </span>
    </term>
    <term tid="t_91" lemma="werkelijk" type="open">
      <span>
        <target id="w_91"/>
      </span>
    </term>
    <term tid="t_92" lemma="een" type="open">
      <span>
        <target id="w_92"/>
      </span>
    </term>
    <term tid="t_93" lemma="vip" type="open">
      <span>
        <target id="w_93"/>
      </span>
    </term>
    <term tid="t_94" lemma="plek" type="open">
      <span>
        <target id="w_94"/>
      </span>
    </term>
    <term tid="t_95" lemma="." type="open">
      <span>
        <target id="w_95"/>
      </span>
    </term>
    <term tid="t_96" lemma="uitzicht" type="open">
      <span>
        <target id="w_96"/>
      </span>
    </term>
    <term tid="t_97" lemma="op" type="open">
      <span>
        <target id="w_97"/>
      </span>
    </term>
    <term tid="t_98" lemma="het" type="open">
      <span>
        <target id="w_98"/>
      </span>
    </term>
    <term tid="t_99" lemma="strand" type="open">
      <span>
        <target id="w_99"/>
      </span>
    </term>
    <term tid="t_100" lemma="," type="open">
      <span>
        <target id="w_100"/>
      </span>
    </term>
    <term tid="t_101" lemma="altijd" type="open">
      <span>
        <target id="w_101"/>
      </span>
      <sentiment sentiment_modifier="intensifier" resource="VUA_olery_lexicon_nl_lmf"/>
    </term>
    <term tid="t_102" lemma="een" type="open">
      <span>
        <target id="w_102"/>
      </span>
    </term>
    <term tid="t_103" lemma="strandbedje" type="open">
      <span>
        <target id="w_103"/>
      </span>
    </term>
    <term tid="t_104" lemma="vrij" type="open">
      <span>
        <target id="w_104"/>
      </span>
    </term>
    <term tid="t_105" lemma="." type="open">
      <span>
        <target id="w_105"/>
      </span>
    </term>
    <term tid="t_106" lemma="ook" type="open">
      <span>
        <target id="w_106"/>
      </span>
    </term>
    <term tid="t_107" lemma="uitzicht" type="open">
      <span>
        <target id="w_107"/>
      </span>
    </term>
    <term tid="t_108" lemma="op" type="open">
      <span>
        <target id="w_108"/>
      </span>
    </term>
    <term tid="t_109" lemma="het" type="open">
      <span>
        <target id="w_109"/>
      </span>
    </term>
    <term tid="t_110" lemma="50" type="open">
      <span>
        <target id="w_110"/>
      </span>
    </term>
    <term tid="t_111" lemma="meter" type="open">
      <span>
        <target id="w_111"/>
      </span>
    </term>
    <term tid="t_112" lemma="zwembad" type="open">
      <span>
        <target id="w_112"/>
      </span>
    </term>
    <term tid="t_113" lemma="," type="open">
      <span>
        <target id="w_113"/>
      </span>
    </term>
    <term tid="t_114" lemma="waar" type="open">
      <span>
        <target id="w_114"/>
      </span>
    </term>
    <term tid="t_115" lemma="we" type="open">
      <span>
        <target id="w_115"/>
      </span>
    </term>
    <term tid="t_116" lemma="dagelijks" type="open">
      <span>
        <target id="w_116"/>
      </span>
    </term>
    <term tid="t_117" lemma="ons" type="open">
      <span>
        <target id="w_117"/>
      </span>
    </term>
    <term tid="t_118" lemma="kilometertje" type="open">
      <span>
        <target id="w_118"/>
      </span>
    </term>
    <term tid="t_119" lemma="wegzwommen" type="open">
      <span>
        <target id="w_119"/>
      </span>
    </term>
    <term tid="t_120" lemma="," type="open">
      <span>
        <target id="w_120"/>
      </span>
    </term>
    <term tid="t_121" lemma="en" type="open">
      <span>
        <target id="w_121"/>
      </span>
    </term>
    <term tid="t_122" lemma="de" type="open">
      <span>
        <target id="w_122"/>
      </span>
    </term>
    <term tid="t_123" lemma="coctails" type="open">
      <span>
        <target id="w_123"/>
      </span>
    </term>
    <term tid="t_124" lemma="op" type="open">
      <span>
        <target id="w_124"/>
      </span>
    </term>
    <term tid="t_125" lemma="het" type="open">
      <span>
        <target id="w_125"/>
      </span>
    </term>
    <term tid="t_126" lemma="strand" type="open">
      <span>
        <target id="w_126"/>
      </span>
    </term>
    <term tid="t_127" lemma=".." type="open">
      <span>
        <target id="w_127"/>
      </span>
    </term>
    <term tid="t_128" lemma="onze" type="open">
      <span>
        <target id="w_128"/>
      </span>
    </term>
    <term tid="t_129" lemma="dochter" type="open">
      <span>
        <target id="w_129"/>
      </span>
    </term>
    <term tid="t_130" lemma="van" type="open">
      <span>
        <target id="w_130"/>
      </span>
    </term>
    <term tid="t_131" lemma="5" type="open">
      <span>
        <target id="w_131"/>
      </span>
    </term>
    <term tid="t_132" lemma="jaar" type="open">
      <span>
        <target id="w_132"/>
      </span>
    </term>
    <term tid="t_133" lemma="in" type="open">
      <span>
        <target id="w_133"/>
      </span>
    </term>
    <term tid="t_134" lemma="&quot;" type="open">
      <span>
        <target id="w_134"/>
      </span>
    </term>
    <term tid="t_135" lemma="&quot;badje" type="open">
      <span>
        <target id="w_135"/>
      </span>
    </term>
    <term tid="t_136" lemma="2" type="open">
      <span>
        <target id="w_136"/>
      </span>
    </term>
    <term tid="t_137" lemma="&quot;&quot;" type="open">
      <span>
        <target id="w_137"/>
      </span>
    </term>
    <term tid="t_138" lemma="mocht" type="open">
      <span>
        <target id="w_138"/>
      </span>
    </term>
    <term tid="t_139" lemma="meedoen" type="open">
      <span>
        <target id="w_139"/>
      </span>
    </term>
    <term tid="t_140" lemma="aan" type="open">
      <span>
        <target id="w_140"/>
      </span>
    </term>
    <term tid="t_141" lemma="de" type="open">
      <span>
        <target id="w_141"/>
      </span>
    </term>
    <term tid="t_142" lemma="zwemlessen" type="open">
      <span>
        <target id="w_142"/>
      </span>
    </term>
    <term tid="t_143" lemma="voor" type="open">
      <span>
        <target id="w_143"/>
      </span>
    </term>
    <term tid="t_144" lemma="kinderen" type="open">
      <span>
        <target id="w_144"/>
      </span>
    </term>
    <term tid="t_145" lemma="die" type="open">
      <span>
        <target id="w_145"/>
      </span>
    </term>
    <term tid="t_146" lemma="daar" type="open">
      <span>
        <target id="w_146"/>
      </span>
    </term>
    <term tid="t_147" lemma="les" type="open">
      <span>
        <target id="w_147"/>
      </span>
    </term>
    <term tid="t_148" lemma="krijgen" type="open">
      <span>
        <target id="w_148"/>
      </span>
    </term>
    <term tid="t_149" lemma="." type="open">
      <span>
        <target id="w_149"/>
      </span>
    </term>
    <term tid="t_150" lemma="letterlijk" type="open">
      <span>
        <target id="w_150"/>
      </span>
    </term>
    <term tid="t_151" lemma="in" type="open">
      <span>
        <target id="w_151"/>
      </span>
    </term>
    <term tid="t_152" lemma="het" type="open">
      <span>
        <target id="w_152"/>
      </span>
    </term>
    <term tid="t_153" lemma="diepe" type="open">
      <span>
        <target id="w_153"/>
      </span>
    </term>
    <term tid="t_154" lemma="geworpen" type="open">
      <span>
        <target id="w_154"/>
      </span>
    </term>
    <term tid="t_155" lemma="en" type="open">
      <span>
        <target id="w_155"/>
      </span>
    </term>
    <term tid="t_156" lemma="in" type="open">
      <span>
        <target id="w_156"/>
      </span>
    </term>
    <term tid="t_157" lemma="2" type="open">
      <span>
        <target id="w_157"/>
      </span>
    </term>
    <term tid="t_158" lemma="lessen" type="open">
      <span>
        <target id="w_158"/>
      </span>
    </term>
    <term tid="t_159" lemma="meer" type="open">
      <span>
        <target id="w_159"/>
      </span>
    </term>
    <term tid="t_160" lemma="geleerd" type="open">
      <span>
        <target id="w_160"/>
      </span>
    </term>
    <term tid="t_161" lemma="dan" type="open">
      <span>
        <target id="w_161"/>
      </span>
    </term>
    <term tid="t_162" lemma="in" type="open">
      <span>
        <target id="w_162"/>
      </span>
    </term>
    <term tid="t_163" lemma="10" type="open">
      <span>
        <target id="w_163"/>
      </span>
    </term>
    <term tid="t_164" lemma="lessen" type="open">
      <span>
        <target id="w_164"/>
      </span>
    </term>
    <term tid="t_165" lemma="in" type="open">
      <span>
        <target id="w_165"/>
      </span>
    </term>
    <term tid="t_166" lemma="nederland" type="open">
      <span>
        <target id="w_166"/>
      </span>
    </term>
    <term tid="t_167" lemma=".." type="open">
      <span>
        <target id="w_167"/>
      </span>
    </term>
    <term tid="t_168" lemma="voor" type="open">
      <span>
        <target id="w_168"/>
      </span>
    </term>
    <term tid="t_169" lemma="de" type="open">
      <span>
        <target id="w_169"/>
      </span>
    </term>
    <term tid="t_170" lemma="rest" type="open">
      <span>
        <target id="w_170"/>
      </span>
    </term>
    <term tid="t_171" lemma="was" type="open">
      <span>
        <target id="w_171"/>
      </span>
    </term>
    <term tid="t_172" lemma="er" type="open">
      <span>
        <target id="w_172"/>
      </span>
    </term>
    <term tid="t_173" lemma="geen" type="open">
      <span>
        <target id="w_173"/>
      </span>
      <sentiment sentiment_modifier="shifter" resource="VUA_olery_lexicon_nl_lmf"/>
    </term>
    <term tid="t_174" lemma="georganiseerde" type="open">
      <span>
        <target id="w_174"/>
      </span>
    </term>
    <term tid="t_175" lemma="kinderanimatie" type="open">
      <span>
        <target id="w_175"/>
      </span>
    </term>
    <term tid="t_176" lemma="." type="open">
      <span>
        <target id="w_176"/>
      </span>
    </term>
    <term tid="t_177" lemma="onze" type="open">
      <span>
        <target id="w_177"/>
      </span>
    </term>
    <term tid="t_178" lemma="dochter" type="open">
      <span>
        <target id="w_178"/>
      </span>
    </term>
    <term tid="t_179" lemma="lag" type="open">
      <span>
        <target id="w_179"/>
      </span>
    </term>
    <term tid="t_180" lemma="van" type="open">
      <span>
        <target id="w_180"/>
      </span>
    </term>
    <term tid="t_181" lemma="'s" type="open">
      <span>
        <target id="w_181"/>
      </span>
    </term>
    <term tid="t_182" lemma="ochtends" type="open">
      <span>
        <target id="w_182"/>
      </span>
    </term>
    <term tid="t_183" lemma="8" type="open">
      <span>
        <target id="w_183"/>
      </span>
    </term>
    <term tid="t_184" lemma="tot" type="open">
      <span>
        <target id="w_184"/>
      </span>
    </term>
    <term tid="t_185" lemma="'s" type="open">
      <span>
        <target id="w_185"/>
      </span>
    </term>
    <term tid="t_186" lemma="avonds" type="open">
      <span>
        <target id="w_186"/>
      </span>
    </term>
    <term tid="t_187" lemma="6" type="open">
      <span>
        <target id="w_187"/>
      </span>
    </term>
    <term tid="t_188" lemma="in" type="open">
      <span>
        <target id="w_188"/>
      </span>
    </term>
    <term tid="t_189" lemma="het" type="open">
      <span>
        <target id="w_189"/>
      </span>
    </term>
    <term tid="t_190" lemma="zwembad" type="open">
      <span>
        <target id="w_190"/>
      </span>
    </term>
    <term tid="t_191" lemma="of" type="open">
      <span>
        <target id="w_191"/>
      </span>
    </term>
    <term tid="t_192" lemma="in" type="open">
      <span>
        <target id="w_192"/>
      </span>
    </term>
    <term tid="t_193" lemma="de" type="open">
      <span>
        <target id="w_193"/>
      </span>
    </term>
    <term tid="t_194" lemma="zee" type="open">
      <span>
        <target id="w_194"/>
      </span>
    </term>
    <term tid="t_195" lemma="," type="open">
      <span>
        <target id="w_195"/>
      </span>
    </term>
    <term tid="t_196" lemma="het" type="open">
      <span>
        <target id="w_196"/>
      </span>
    </term>
    <term tid="t_197" lemma="was" type="open">
      <span>
        <target id="w_197"/>
      </span>
    </term>
    <term tid="t_198" lemma="ook" type="open">
      <span>
        <target id="w_198"/>
      </span>
    </term>
    <term tid="t_199" lemma="bloedheet" type="open" pos="G">
      <span>
        <target id="w_199"/>
      </span>
      <sentiment polarity="negative" resource="VUA_olery_lexicon_nl_lmf"/>
    </term>
    <term tid="t_200" lemma="&quot;" type="open">
      <span>
        <target id="w_200"/>
      </span>
    </term>
  </terms>
  <entities>
    <entity type="PER" eid="e_1">
      <span>
        <target id="t_73"/>
      </span>
    </entity>
    <entity type="LOC" eid="e_2">
      <span>
        <target id="t_166"/>
      </span>
    </entity>
    <entity type="PER" eid="e_3">
      <span>
        <target id="t_8"/>
      </span>
      <span>
        <target id="t_18"/>
      </span>
      <span>
        <target id="t_115"/>
      </span>
    </entity>
    <entity type="PER" eid="e_4">
      <span>
        <target id="t_136"/>
      </span>
      <span>
        <target id="t_157"/>
      </span>
    </entity>
  </entities>
  <properties>
    <property type="facilities" pid="p_1">
      <span>
        <target id="t_27"/>
      </span>
      <span>
        <target id="t_63"/>
      </span>
      <span>
        <target id="t_87"/>
      </span>
      <span>
        <target id="t_99"/>
      </span>
      <span>
        <target id="t_126"/>
      </span>
    </property>
    <property type="swimming_pool" pid="p_2">
      <span>
        <target id="t_112"/>
      </span>
      <span>
        <target id="t_190"/>
      </span>
    </property>
    <property type="room" pid="p_3">
      <span>
        <target id="t_4"/>
      </span>
      <span>
        <target id="t_13"/>
      </span>
      <span>
        <target id="t_96"/>
      </span>
      <span>
        <target id="t_107"/>
      </span>
    </property>
    <property type="location" pid="p_4">
      <span>
        <target id="t_111"/>
      </span>
      <span>
        <target id="t_194"/>
      </span>
    </property>
  </properties>
  <opinions>
    <opinion oid="o_1">
      <opinion_holder>
        <span>
          <target id="t_8"/>
        </span>
      </opinion_holder>
      <opinion_target>
        <span>
          <target id="t_13"/>
        </span>
      </opinion_target>
      <opinion_expression polarity="positive" strength="1">
        <span>
          <target id="t_10"/>
        </span>
      </opinion_expression>
    </opinion>
    <opinion oid="o_2">
      <opinion_target>
        <span>
          <target id="t_73"/>
        </span>
      </opinion_target>
      <opinion_expression polarity="negative" strength="-1">
        <span>
          <target id="t_72"/>
        </span>
      </opinion_expression>
    </opinion>
  </opinions>
</KAF>
