<?xml version='1.0' encoding='UTF-8'?>
<KAF xml:lang="nl">
  <linguisticProcessors layer="text">
    <lp timestamp="2013-01-06T18:32:19CET" version="2.0" name="SentenceTokenizer"/>
  </linguisticProcessors>
  <linguisticProcessors layer="terms">
    <lp timestamp="2013-01-06T18:32:19CET" version="2.0" name="SentenceTokenizer"/>
    <lp timestamp="2013-01-06T18:32:19CET" version="1.0" name="SimplePolarityTagger"/>
  </linguisticProcessors>
  <linguisticProcessor layer="opinions">
    <lp timestamp="2013-01-06T18:32:19CET" version="1.0" name="SimpleOpinionDetector"/>
  </linguisticProcessor>
  <linguisticProcessor layer="properties">
    <lp timestamp="2013-01-06T18:32:19CET" version="1.0" name="SimplePropRecognizer_lookup"/>
  </linguisticProcessor>
  <linguisticProcessor layer="entities">
    <lp timestamp="2013-01-06T18:32:19CET" version="1.0" name="SimpleNER_lookup"/>
  </linguisticProcessor>
  <text>
    <wf wid="w_1" para="1" sent="1">het</wf>
    <wf wid="w_2" para="1" sent="1">hotel</wf>
    <wf wid="w_3" para="1" sent="1">ligt</wf>
    <wf wid="w_4" para="1" sent="1">erg</wf>
    <wf wid="w_5" para="1" sent="1">gunstig</wf>
    <wf wid="w_6" para="1" sent="1">waar</wf>
    <wf wid="w_7" para="1" sent="1">door</wf>
    <wf wid="w_8" para="1" sent="1">alles</wf>
    <wf wid="w_9" para="1" sent="1">makkelijk</wf>
    <wf wid="w_10" para="1" sent="1">te</wf>
    <wf wid="w_11" para="1" sent="1">bereiken</wf>
    <wf wid="w_12" para="1" sent="1">is</wf>
    <wf wid="w_13" para="1" sent="1">.</wf>
    <wf wid="w_14" para="1" sent="2">het</wf>
    <wf wid="w_15" para="1" sent="2">personeel</wf>
    <wf wid="w_16" para="1" sent="2">is</wf>
    <wf wid="w_17" para="1" sent="2">gastvrij</wf>
    <wf wid="w_18" para="1" sent="2">en</wf>
    <wf wid="w_19" para="1" sent="2">dat</wf>
    <wf wid="w_20" para="1" sent="2">geeft</wf>
    <wf wid="w_21" para="1" sent="2">je</wf>
    <wf wid="w_22" para="1" sent="2">gelijk</wf>
    <wf wid="w_23" para="1" sent="2">een</wf>
    <wf wid="w_24" para="1" sent="2">goed</wf>
    <wf wid="w_25" para="1" sent="2">gevoel</wf>
    <wf wid="w_26" para="1" sent="2">.</wf>
    <wf wid="w_27" para="1" sent="3">kom</wf>
    <wf wid="w_28" para="1" sent="3">zeker</wf>
    <wf wid="w_29" para="1" sent="3">terug</wf>
    <wf wid="w_30" para="1" sent="3">.</wf>
  </text>
  <terms>
    <term tid="t_1" lemma="het" type="open">
      <span>
        <target id="w_1"/>
      </span>
    </term>
    <term tid="t_2" lemma="hotel" type="open">
      <span>
        <target id="w_2"/>
      </span>
    </term>
    <term tid="t_3" lemma="ligt" type="open">
      <span>
        <target id="w_3"/>
      </span>
    </term>
    <term tid="t_4" lemma="erg" type="open">
      <span>
        <target id="w_4"/>
      </span>
      <sentiment sentiment_modifier="intensifier" resource="VUA_olery_lexicon_nl_lmf"/>
    </term>
    <term tid="t_5" lemma="gunstig" type="open" pos="G">
      <span>
        <target id="w_5"/>
      </span>
      <sentiment polarity="positive" resource="VUA_olery_lexicon_nl_lmf"/>
    </term>
    <term tid="t_6" lemma="waar" type="open">
      <span>
        <target id="w_6"/>
      </span>
    </term>
    <term tid="t_7" lemma="door" type="open">
      <span>
        <target id="w_7"/>
      </span>
    </term>
    <term tid="t_8" lemma="alles" type="open">
      <span>
        <target id="w_8"/>
      </span>
    </term>
    <term tid="t_9" lemma="makkelijk" type="open" pos="G">
      <span>
        <target id="w_9"/>
      </span>
      <sentiment polarity="positive" resource="VUA_olery_lexicon_nl_lmf"/>
    </term>
    <term tid="t_10" lemma="te" type="open">
      <span>
        <target id="w_10"/>
      </span>
    </term>
    <term tid="t_11" lemma="bereiken" type="open" pos="V">
      <span>
        <target id="w_11"/>
      </span>
      <sentiment polarity="positive" resource="VUA_olery_lexicon_nl_lmf"/>
    </term>
    <term tid="t_12" lemma="is" type="open">
      <span>
        <target id="w_12"/>
      </span>
    </term>
    <term tid="t_13" lemma="." type="open">
      <span>
        <target id="w_13"/>
      </span>
    </term>
    <term tid="t_14" lemma="het" type="open">
      <span>
        <target id="w_14"/>
      </span>
    </term>
    <term tid="t_15" lemma="personeel" type="open">
      <span>
        <target id="w_15"/>
      </span>
    </term>
    <term tid="t_16" lemma="is" type="open">
      <span>
        <target id="w_16"/>
      </span>
    </term>
    <term tid="t_17" lemma="gastvrij" type="open" pos="N">
      <span>
        <target id="w_17"/>
      </span>
      <sentiment polarity="positive" resource="VUA_olery_lexicon_nl_lmf"/>
    </term>
    <term tid="t_18" lemma="en" type="open">
      <span>
        <target id="w_18"/>
      </span>
    </term>
    <term tid="t_19" lemma="dat" type="open">
      <span>
        <target id="w_19"/>
      </span>
    </term>
    <term tid="t_20" lemma="geeft" type="open">
      <span>
        <target id="w_20"/>
      </span>
    </term>
    <term tid="t_21" lemma="je" type="open">
      <span>
        <target id="w_21"/>
      </span>
    </term>
    <term tid="t_22" lemma="gelijk" type="open">
      <span>
        <target id="w_22"/>
      </span>
    </term>
    <term tid="t_23" lemma="een" type="open">
      <span>
        <target id="w_23"/>
      </span>
    </term>
    <term tid="t_24" lemma="goed" type="open" pos="G">
      <span>
        <target id="w_24"/>
      </span>
      <sentiment polarity="positive" resource="VUA_olery_lexicon_nl_lmf"/>
    </term>
    <term tid="t_25" lemma="gevoel" type="open">
      <span>
        <target id="w_25"/>
      </span>
    </term>
    <term tid="t_26" lemma="." type="open">
      <span>
        <target id="w_26"/>
      </span>
    </term>
    <term tid="t_27" lemma="kom" type="open">
      <span>
        <target id="w_27"/>
      </span>
    </term>
    <term tid="t_28" lemma="zeker" type="open">
      <span>
        <target id="w_28"/>
      </span>
    </term>
    <term tid="t_29" lemma="terug" type="open">
      <span>
        <target id="w_29"/>
      </span>
    </term>
    <term tid="t_30" lemma="." type="open">
      <span>
        <target id="w_30"/>
      </span>
    </term>
  </terms>
  <properties>
    <property type="staff" pid="p_1">
      <span>
        <target id="t_15"/>
      </span>
      <span>
        <target id="t_17"/>
      </span>
    </property>
  </properties>
  <opinions>
    <opinion oid="o_1">
      <opinion_target>
        <span>
          <target id="t_6"/>
        </span>
      </opinion_target>
      <opinion_expression polarity="positive" strength="2">
        <span>
          <target id="t_5"/>
          <target id="t_4"/>
        </span>
      </opinion_expression>
    </opinion>
    <opinion oid="o_2">
      <opinion_target>
        <span>
          <target id="t_20"/>
        </span>
      </opinion_target>
      <opinion_expression polarity="positive" strength="1">
        <span>
          <target id="t_17"/>
        </span>
      </opinion_expression>
    </opinion>
    <opinion oid="o_3">
      <opinion_target>
        <span>
          <target id="t_25"/>
        </span>
      </opinion_target>
      <opinion_expression polarity="positive" strength="1">
        <span>
          <target id="t_24"/>
        </span>
      </opinion_expression>
    </opinion>
  </opinions>
</KAF>
