<?xml version='1.0' encoding='UTF-8'?>
<KAF xml:lang="nl">
  <linguisticProcessors layer="text">
    <lp timestamp="2013-01-06T18:34:05CET" version="2.0" name="SentenceTokenizer"/>
  </linguisticProcessors>
  <linguisticProcessors layer="terms">
    <lp timestamp="2013-01-06T18:34:05CET" version="2.0" name="SentenceTokenizer"/>
    <lp timestamp="2013-01-06T18:34:05CET" version="1.0" name="SimplePolarityTagger"/>
  </linguisticProcessors>
  <linguisticProcessor layer="opinions">
    <lp timestamp="2013-01-06T18:34:05CET" version="1.0" name="SimpleOpinionDetector"/>
  </linguisticProcessor>
  <linguisticProcessor layer="properties">
    <lp timestamp="2013-01-06T18:34:05CET" version="1.0" name="SimplePropRecognizer_lookup"/>
  </linguisticProcessor>
  <linguisticProcessor layer="entities">
    <lp timestamp="2013-01-06T18:34:05CET" version="1.0" name="SimpleNER_lookup"/>
  </linguisticProcessor>
  <text>
    <wf wid="w_1" para="1" sent="1">Fijn</wf>
    <wf wid="w_2" para="1" sent="1">en</wf>
    <wf wid="w_3" para="1" sent="1">compact</wf>
    <wf wid="w_4" para="1" sent="1">hotel</wf>
    <wf wid="w_5" para="1" sent="1">.</wf>
    <wf wid="w_6" para="1" sent="2">Rustige</wf>
    <wf wid="w_7" para="1" sent="2">kamer</wf>
    <wf wid="w_8" para="1" sent="2">op</wf>
    <wf wid="w_9" para="1" sent="2">binnenplaats</wf>
    <wf wid="w_10" para="1" sent="2">uitkijkend</wf>
    <wf wid="w_11" para="1" sent="2">.</wf>
    <wf wid="w_12" para="1" sent="3">Zakelijke</wf>
    <wf wid="w_13" para="1" sent="3">atmosfeer</wf>
    <wf wid="w_14" para="1" sent="3">,</wf>
    <wf wid="w_15" para="1" sent="3">maar</wf>
    <wf wid="w_16" para="1" sent="3">als</wf>
    <wf wid="w_17" para="1" sent="3">verblijfplaats</wf>
    <wf wid="w_18" para="1" sent="3">bij</wf>
    <wf wid="w_19" para="1" sent="3">een</wf>
    <wf wid="w_20" para="1" sent="3">familiebezoek</wf>
    <wf wid="w_21" para="1" sent="3">heel</wf>
    <wf wid="w_22" para="1" sent="3">prettig</wf>
    <wf wid="w_23" para="1" sent="3">.</wf>
    <wf wid="w_24" para="1" sent="4">We</wf>
    <wf wid="w_25" para="1" sent="4">konden</wf>
    <wf wid="w_26" para="1" sent="4">na</wf>
    <wf wid="w_27" para="1" sent="4">het</wf>
    <wf wid="w_28" para="1" sent="4">uitchecken</wf>
    <wf wid="w_29" para="1" sent="4">onze</wf>
    <wf wid="w_30" para="1" sent="4">bagage</wf>
    <wf wid="w_31" para="1" sent="4">rustig</wf>
    <wf wid="w_32" para="1" sent="4">in</wf>
    <wf wid="w_33" para="1" sent="4">bewaring</wf>
    <wf wid="w_34" para="1" sent="4">geven</wf>
    <wf wid="w_35" para="1" sent="4">.</wf>
    <wf wid="w_36" para="1" sent="5">Persoonlijke</wf>
    <wf wid="w_37" para="1" sent="5">benadering</wf>
    <wf wid="w_38" para="1" sent="5">en</wf>
    <wf wid="w_39" para="1" sent="5">vriendelijkheid</wf>
    <wf wid="w_40" para="1" sent="5">bij</wf>
    <wf wid="w_41" para="1" sent="5">de</wf>
    <wf wid="w_42" para="1" sent="5">receptie</wf>
    <wf wid="w_43" para="1" sent="5">.</wf>
  </text>
  <terms>
    <term tid="t_1" lemma="fijn" type="open" pos="G">
      <span>
        <target id="w_1"/>
      </span>
      <sentiment polarity="positive" resource="VUA_olery_lexicon_nl_lmf"/>
    </term>
    <term tid="t_2" lemma="en" type="open">
      <span>
        <target id="w_2"/>
      </span>
    </term>
    <term tid="t_3" lemma="compact" type="open">
      <span>
        <target id="w_3"/>
      </span>
    </term>
    <term tid="t_4" lemma="hotel" type="open">
      <span>
        <target id="w_4"/>
      </span>
    </term>
    <term tid="t_5" lemma="." type="open">
      <span>
        <target id="w_5"/>
      </span>
    </term>
    <term tid="t_6" lemma="rustige" type="open">
      <span>
        <target id="w_6"/>
      </span>
    </term>
    <term tid="t_7" lemma="kamer" type="open">
      <span>
        <target id="w_7"/>
      </span>
    </term>
    <term tid="t_8" lemma="op" type="open">
      <span>
        <target id="w_8"/>
      </span>
    </term>
    <term tid="t_9" lemma="binnenplaats" type="open">
      <span>
        <target id="w_9"/>
      </span>
    </term>
    <term tid="t_10" lemma="uitkijkend" type="open">
      <span>
        <target id="w_10"/>
      </span>
    </term>
    <term tid="t_11" lemma="." type="open">
      <span>
        <target id="w_11"/>
      </span>
    </term>
    <term tid="t_12" lemma="zakelijke" type="open">
      <span>
        <target id="w_12"/>
      </span>
    </term>
    <term tid="t_13" lemma="atmosfeer" type="open">
      <span>
        <target id="w_13"/>
      </span>
    </term>
    <term tid="t_14" lemma="," type="open">
      <span>
        <target id="w_14"/>
      </span>
    </term>
    <term tid="t_15" lemma="maar" type="open">
      <span>
        <target id="w_15"/>
      </span>
    </term>
    <term tid="t_16" lemma="als" type="open">
      <span>
        <target id="w_16"/>
      </span>
    </term>
    <term tid="t_17" lemma="verblijfplaats" type="open">
      <span>
        <target id="w_17"/>
      </span>
    </term>
    <term tid="t_18" lemma="bij" type="open">
      <span>
        <target id="w_18"/>
      </span>
    </term>
    <term tid="t_19" lemma="een" type="open">
      <span>
        <target id="w_19"/>
      </span>
    </term>
    <term tid="t_20" lemma="familiebezoek" type="open">
      <span>
        <target id="w_20"/>
      </span>
    </term>
    <term tid="t_21" lemma="heel" type="open">
      <span>
        <target id="w_21"/>
      </span>
      <sentiment sentiment_modifier="intensifier" resource="VUA_olery_lexicon_nl_lmf"/>
    </term>
    <term tid="t_22" lemma="prettig" type="open" pos="G">
      <span>
        <target id="w_22"/>
      </span>
      <sentiment polarity="positive" resource="VUA_olery_lexicon_nl_lmf"/>
    </term>
    <term tid="t_23" lemma="." type="open">
      <span>
        <target id="w_23"/>
      </span>
    </term>
    <term tid="t_24" lemma="we" type="open">
      <span>
        <target id="w_24"/>
      </span>
    </term>
    <term tid="t_25" lemma="konden" type="open">
      <span>
        <target id="w_25"/>
      </span>
    </term>
    <term tid="t_26" lemma="na" type="open">
      <span>
        <target id="w_26"/>
      </span>
    </term>
    <term tid="t_27" lemma="het" type="open">
      <span>
        <target id="w_27"/>
      </span>
    </term>
    <term tid="t_28" lemma="uitchecken" type="open">
      <span>
        <target id="w_28"/>
      </span>
    </term>
    <term tid="t_29" lemma="onze" type="open">
      <span>
        <target id="w_29"/>
      </span>
    </term>
    <term tid="t_30" lemma="bagage" type="open">
      <span>
        <target id="w_30"/>
      </span>
    </term>
    <term tid="t_31" lemma="rustig" type="open" pos="G">
      <span>
        <target id="w_31"/>
      </span>
      <sentiment polarity="positive" resource="VUA_olery_lexicon_nl_lmf"/>
    </term>
    <term tid="t_32" lemma="in" type="open">
      <span>
        <target id="w_32"/>
      </span>
    </term>
    <term tid="t_33" lemma="bewaring" type="open">
      <span>
        <target id="w_33"/>
      </span>
    </term>
    <term tid="t_34" lemma="geven" type="open">
      <span>
        <target id="w_34"/>
      </span>
    </term>
    <term tid="t_35" lemma="." type="open">
      <span>
        <target id="w_35"/>
      </span>
    </term>
    <term tid="t_36" lemma="persoonlijke" type="open">
      <span>
        <target id="w_36"/>
      </span>
    </term>
    <term tid="t_37" lemma="benadering" type="open">
      <span>
        <target id="w_37"/>
      </span>
    </term>
    <term tid="t_38" lemma="en" type="open">
      <span>
        <target id="w_38"/>
      </span>
    </term>
    <term tid="t_39" lemma="vriendelijkheid" type="open" pos="N">
      <span>
        <target id="w_39"/>
      </span>
      <sentiment polarity="positive" resource="VUA_olery_lexicon_nl_lmf"/>
    </term>
    <term tid="t_40" lemma="bij" type="open">
      <span>
        <target id="w_40"/>
      </span>
    </term>
    <term tid="t_41" lemma="de" type="open">
      <span>
        <target id="w_41"/>
      </span>
    </term>
    <term tid="t_42" lemma="receptie" type="open">
      <span>
        <target id="w_42"/>
      </span>
    </term>
    <term tid="t_43" lemma="." type="open">
      <span>
        <target id="w_43"/>
      </span>
    </term>
  </terms>
  <entities>
    <entity type="PER" eid="e_1">
      <span>
        <target id="t_24"/>
      </span>
    </entity>
    <entity type="ORG" eid="e_2">
      <span>
        <target id="t_7"/>
      </span>
    </entity>
  </entities>
  <properties>
    <property type="facilities" pid="p_1">
      <span>
        <target id="t_30"/>
      </span>
    </property>
    <property type="staff" pid="p_2">
      <span>
        <target id="t_28"/>
      </span>
      <span>
        <target id="t_39"/>
      </span>
      <span>
        <target id="t_42"/>
      </span>
    </property>
    <property type="room" pid="p_3">
      <span>
        <target id="t_7"/>
      </span>
    </property>
    <property type="location" pid="p_4">
      <span>
        <target id="t_9"/>
      </span>
    </property>
  </properties>
  <opinions>
    <opinion oid="o_1">
      <opinion_target>
        <span>
          <target id="t_3"/>
        </span>
      </opinion_target>
      <opinion_expression polarity="positive" strength="1">
        <span>
          <target id="t_1"/>
        </span>
      </opinion_expression>
    </opinion>
    <opinion oid="o_2">
      <opinion_target>
        <span>
          <target id="t_20"/>
        </span>
      </opinion_target>
      <opinion_expression polarity="positive" strength="2">
        <span>
          <target id="t_22"/>
          <target id="t_21"/>
        </span>
      </opinion_expression>
    </opinion>
    <opinion oid="o_3">
      <opinion_holder>
        <span>
          <target id="t_24"/>
        </span>
      </opinion_holder>
      <opinion_target>
        <span>
          <target id="t_33"/>
        </span>
      </opinion_target>
      <opinion_expression polarity="positive" strength="1">
        <span>
          <target id="t_31"/>
        </span>
      </opinion_expression>
    </opinion>
    <opinion oid="o_4">
      <opinion_target>
        <span>
          <target id="t_42"/>
        </span>
      </opinion_target>
      <opinion_expression polarity="positive" strength="1">
        <span>
          <target id="t_39"/>
        </span>
      </opinion_expression>
    </opinion>
  </opinions>
</KAF>
