<?xml version='1.0' encoding='UTF-8'?>
<KAF xml:lang="nl">
  <linguisticProcessors layer="text">
    <lp timestamp="2013-01-06T18:31:24CET" version="2.0" name="SentenceTokenizer"/>
  </linguisticProcessors>
  <linguisticProcessors layer="terms">
    <lp timestamp="2013-01-06T18:31:24CET" version="2.0" name="SentenceTokenizer"/>
    <lp timestamp="2013-01-06T18:31:24CET" version="1.0" name="SimplePolarityTagger"/>
  </linguisticProcessors>
  <linguisticProcessor layer="opinions">
    <lp timestamp="2013-01-06T18:31:24CET" version="1.0" name="SimpleOpinionDetector"/>
  </linguisticProcessor>
  <linguisticProcessor layer="properties">
    <lp timestamp="2013-01-06T18:31:24CET" version="1.0" name="SimplePropRecognizer_lookup"/>
  </linguisticProcessor>
  <linguisticProcessor layer="entities">
    <lp timestamp="2013-01-06T18:31:24CET" version="1.0" name="SimpleNER_lookup"/>
  </linguisticProcessor>
  <text>
    <wf wid="w_1" para="1" sent="1">Door</wf>
    <wf wid="w_2" para="1" sent="1">de</wf>
    <wf wid="w_3" para="1" sent="1">vele</wf>
    <wf wid="w_4" para="1" sent="1">goede</wf>
    <wf wid="w_5" para="1" sent="1">beoordelingen</wf>
    <wf wid="w_6" para="1" sent="1">dit</wf>
    <wf wid="w_7" para="1" sent="1">hotel</wf>
    <wf wid="w_8" para="1" sent="1">gekozen</wf>
    <wf wid="w_9" para="1" sent="1">.</wf>
    <wf wid="w_10" para="1" sent="2">Ook</wf>
    <wf wid="w_11" para="1" sent="2">wij</wf>
    <wf wid="w_12" para="1" sent="2">vonden</wf>
    <wf wid="w_13" para="1" sent="2">het</wf>
    <wf wid="w_14" para="1" sent="2">toch</wf>
    <wf wid="w_15" para="1" sent="2">wel</wf>
    <wf wid="w_16" para="1" sent="2">tegen</wf>
    <wf wid="w_17" para="1" sent="2">vallen</wf>
    <wf wid="w_18" para="1" sent="2">.</wf>
    <wf wid="w_19" para="1" sent="3">Wij</wf>
    <wf wid="w_20" para="1" sent="3">zijn</wf>
    <wf wid="w_21" para="1" sent="3">hier</wf>
    <wf wid="w_22" para="1" sent="3">geweest</wf>
    <wf wid="w_23" para="1" sent="3">van</wf>
    <wf wid="w_24" para="1" sent="3">27</wf>
    <wf wid="w_25" para="1" sent="3">tot</wf>
    <wf wid="w_26" para="1" sent="3">29</wf>
    <wf wid="w_27" para="1" sent="3">augustus</wf>
    <wf wid="w_28" para="1" sent="3">een</wf>
    <wf wid="w_29" para="1" sent="3">weekend</wf>
    <wf wid="w_30" para="1" sent="3">.</wf>
    <wf wid="w_31" para="1" sent="4">Wij</wf>
    <wf wid="w_32" para="1" sent="4">waren</wf>
    <wf wid="w_33" para="1" sent="4">hier</wf>
    <wf wid="w_34" para="1" sent="4">met</wf>
    <wf wid="w_35" para="1" sent="4">zijn</wf>
    <wf wid="w_36" para="1" sent="4">3</wf>
    <wf wid="w_37" para="1" sent="4">-</wf>
    <wf wid="w_38" para="1" sent="4">tjes</wf>
    <wf wid="w_39" para="1" sent="4">(</wf>
    <wf wid="w_40" para="1" sent="4">onze</wf>
    <wf wid="w_41" para="1" sent="4">dochter</wf>
    <wf wid="w_42" para="1" sent="4">van</wf>
    <wf wid="w_43" para="1" sent="4">3</wf>
    <wf wid="w_44" para="1" sent="4">was</wf>
    <wf wid="w_45" para="1" sent="4">ook</wf>
    <wf wid="w_46" para="1" sent="4">mee</wf>
    <wf wid="w_47" para="1" sent="4">)</wf>
    <wf wid="w_48" para="1" sent="4">.</wf>
    <wf wid="w_49" para="1" sent="5">Wij</wf>
    <wf wid="w_50" para="1" sent="5">hadden</wf>
    <wf wid="w_51" para="1" sent="5">een</wf>
    <wf wid="w_52" para="1" sent="5">kamer</wf>
    <wf wid="w_53" para="1" sent="5">gereserveerd</wf>
    <wf wid="w_54" para="1" sent="5">met</wf>
    <wf wid="w_55" para="1" sent="5">extra</wf>
    <wf wid="w_56" para="1" sent="5">bed</wf>
    <wf wid="w_57" para="1" sent="5">.</wf>
    <wf wid="w_58" para="1" sent="6">Duidelijk</wf>
    <wf wid="w_59" para="1" sent="6">ook</wf>
    <wf wid="w_60" para="1" sent="6">aangegeven</wf>
    <wf wid="w_61" para="1" sent="6">.</wf>
    <wf wid="w_62" para="1" sent="7">Toen</wf>
    <wf wid="w_63" para="1" sent="7">wij</wf>
    <wf wid="w_64" para="1" sent="7">aankwamen</wf>
    <wf wid="w_65" para="1" sent="7">was</wf>
    <wf wid="w_66" para="1" sent="7">er</wf>
    <wf wid="w_67" para="1" sent="7">dus</wf>
    <wf wid="w_68" para="1" sent="7">geen</wf>
    <wf wid="w_69" para="1" sent="7">extra</wf>
    <wf wid="w_70" para="1" sent="7">bed</wf>
    <wf wid="w_71" para="1" sent="7">.</wf>
    <wf wid="w_72" para="1" sent="8">Lang</wf>
    <wf wid="w_73" para="1" sent="8">moeten</wf>
    <wf wid="w_74" para="1" sent="8">wachten</wf>
    <wf wid="w_75" para="1" sent="8">totdat</wf>
    <wf wid="w_76" para="1" sent="8">dat</wf>
    <wf wid="w_77" para="1" sent="8">extra</wf>
    <wf wid="w_78" para="1" sent="8">bed</wf>
    <wf wid="w_79" para="1" sent="8">kwam</wf>
    <wf wid="w_80" para="1" sent="8">.</wf>
    <wf wid="w_81" para="1" sent="9">Ontbijt</wf>
    <wf wid="w_82" para="1" sent="9">had</wf>
    <wf wid="w_83" para="1" sent="9">ik</wf>
    <wf wid="w_84" para="1" sent="9">ook</wf>
    <wf wid="w_85" para="1" sent="9">veel</wf>
    <wf wid="w_86" para="1" sent="9">beter</wf>
    <wf wid="w_87" para="1" sent="9">verwacht</wf>
    <wf wid="w_88" para="1" sent="9">.</wf>
    <wf wid="w_89" para="1" sent="10">Toch</wf>
    <wf wid="w_90" para="1" sent="10">wel</wf>
    <wf wid="w_91" para="1" sent="10">erg</wf>
    <wf wid="w_92" para="1" sent="10">weinig</wf>
    <wf wid="w_93" para="1" sent="10">keuze</wf>
    <wf wid="w_94" para="1" sent="10">en</wf>
    <wf wid="w_95" para="1" sent="10">weinig</wf>
    <wf wid="w_96" para="1" sent="10">'verse</wf>
    <wf wid="w_97" para="1" sent="10">'</wf>
    <wf wid="w_98" para="1" sent="10">producten</wf>
    <wf wid="w_99" para="1" sent="10">.</wf>
    <wf wid="w_100" para="1" sent="11">Zwembad</wf>
    <wf wid="w_101" para="1" sent="11">is</wf>
    <wf wid="w_102" para="1" sent="11">erg</wf>
    <wf wid="w_103" para="1" sent="11">koud</wf>
    <wf wid="w_104" para="1" sent="11">,</wf>
    <wf wid="w_105" para="1" sent="11">helemaal</wf>
    <wf wid="w_106" para="1" sent="11">niet</wf>
    <wf wid="w_107" para="1" sent="11">fijn</wf>
    <wf wid="w_108" para="1" sent="11">dus</wf>
    <wf wid="w_109" para="1" sent="11">.</wf>
    <wf wid="w_110" para="1" sent="12">We</wf>
    <wf wid="w_111" para="1" sent="12">hadden</wf>
    <wf wid="w_112" para="1" sent="12">een</wf>
    <wf wid="w_113" para="1" sent="12">uitzicht</wf>
    <wf wid="w_114" para="1" sent="12">op</wf>
    <wf wid="w_115" para="1" sent="12">Centraal</wf>
    <wf wid="w_116" para="1" sent="12">Station</wf>
    <wf wid="w_117" para="1" sent="12">!</wf>
    <wf wid="w_118" para="1" sent="13">Mooi</wf>
    <wf wid="w_119" para="1" sent="13">uitzicht</wf>
    <wf wid="w_120" para="1" sent="13">.</wf>
    <wf wid="w_121" para="1" sent="14">Maar</wf>
    <wf wid="w_122" para="1" sent="14">je</wf>
    <wf wid="w_123" para="1" sent="14">hoort</wf>
    <wf wid="w_124" para="1" sent="14">de</wf>
    <wf wid="w_125" para="1" sent="14">reuring</wf>
    <wf wid="w_126" para="1" sent="14">en</wf>
    <wf wid="w_127" para="1" sent="14">trambanen</wf>
    <wf wid="w_128" para="1" sent="14">wel</wf>
    <wf wid="w_129" para="1" sent="14">..</wf>
    <wf wid="w_130" para="1" sent="15">Ook</wf>
    <wf wid="w_131" para="1" sent="15">zijn</wf>
    <wf wid="w_132" para="1" sent="15">de</wf>
    <wf wid="w_133" para="1" sent="15">kamers</wf>
    <wf wid="w_134" para="1" sent="15">erg</wf>
    <wf wid="w_135" para="1" sent="15">gehorig</wf>
    <wf wid="w_136" para="1" sent="15">.</wf>
    <wf wid="w_137" para="1" sent="16">Naast</wf>
    <wf wid="w_138" para="1" sent="16">ons</wf>
    <wf wid="w_139" para="1" sent="16">hoorde</wf>
    <wf wid="w_140" para="1" sent="16">wel</wf>
    <wf wid="w_141" para="1" sent="16">veel</wf>
    <wf wid="w_142" para="1" sent="16">lawaai</wf>
    <wf wid="w_143" para="1" sent="16">tot</wf>
    <wf wid="w_144" para="1" sent="16">midden</wf>
    <wf wid="w_145" para="1" sent="16">in</wf>
    <wf wid="w_146" para="1" sent="16">de</wf>
    <wf wid="w_147" para="1" sent="16">nacht</wf>
    <wf wid="w_148" para="1" sent="16">.</wf>
    <wf wid="w_149" para="1" sent="17">Ook</wf>
    <wf wid="w_150" para="1" sent="17">de</wf>
    <wf wid="w_151" para="1" sent="17">parkeerkosten</wf>
    <wf wid="w_152" para="1" sent="17">zijn</wf>
    <wf wid="w_153" para="1" sent="17">belachelijk</wf>
    <wf wid="w_154" para="1" sent="17">hoog</wf>
    <wf wid="w_155" para="1" sent="17">!</wf>
    <wf wid="w_156" para="1" sent="18">Kindvriendelijkheid</wf>
    <wf wid="w_157" para="1" sent="18">.</wf>
    <wf wid="w_158" para="1" sent="19">Nee</wf>
    <wf wid="w_159" para="1" sent="19">stopcontacten</wf>
    <wf wid="w_160" para="1" sent="19">overal</wf>
    <wf wid="w_161" para="1" sent="19">en</wf>
    <wf wid="w_162" para="1" sent="19">laag</wf>
    <wf wid="w_163" para="1" sent="19">.</wf>
    <wf wid="w_164" para="1" sent="20">Om</wf>
    <wf wid="w_165" para="1" sent="20">nou</wf>
    <wf wid="w_166" para="1" sent="20">te</wf>
    <wf wid="w_167" para="1" sent="20">zeggen</wf>
    <wf wid="w_168" para="1" sent="20">nog</wf>
    <wf wid="w_169" para="1" sent="20">een</wf>
    <wf wid="w_170" para="1" sent="20">keer</wf>
    <wf wid="w_171" para="1" sent="20">naar</wf>
    <wf wid="w_172" para="1" sent="20">dit</wf>
    <wf wid="w_173" para="1" sent="20">hotel</wf>
    <wf wid="w_174" para="1" sent="20">?</wf>
    <wf wid="w_175" para="1" sent="21">Nee!</wf>
    <wf wid="w_176" para="1" sent="21">Is</wf>
    <wf wid="w_177" para="1" sent="21">het</wf>
    <wf wid="w_178" para="1" sent="21">geld</wf>
    <wf wid="w_179" para="1" sent="21">niet</wf>
    <wf wid="w_180" para="1" sent="21">waard</wf>
    <wf wid="w_181" para="1" sent="21">.</wf>
  </text>
  <terms>
    <term tid="t_1" lemma="door" type="open">
      <span>
        <target id="w_1"/>
      </span>
    </term>
    <term tid="t_2" lemma="de" type="open">
      <span>
        <target id="w_2"/>
      </span>
    </term>
    <term tid="t_3" lemma="vele" type="open">
      <span>
        <target id="w_3"/>
      </span>
    </term>
    <term tid="t_4" lemma="goede" type="open" pos="G">
      <span>
        <target id="w_4"/>
      </span>
      <sentiment polarity="positive" resource="VUA_olery_lexicon_nl_lmf"/>
    </term>
    <term tid="t_5" lemma="beoordelingen" type="open">
      <span>
        <target id="w_5"/>
      </span>
    </term>
    <term tid="t_6" lemma="dit" type="open">
      <span>
        <target id="w_6"/>
      </span>
    </term>
    <term tid="t_7" lemma="hotel" type="open">
      <span>
        <target id="w_7"/>
      </span>
    </term>
    <term tid="t_8" lemma="gekozen" type="open">
      <span>
        <target id="w_8"/>
      </span>
    </term>
    <term tid="t_9" lemma="." type="open">
      <span>
        <target id="w_9"/>
      </span>
    </term>
    <term tid="t_10" lemma="ook" type="open">
      <span>
        <target id="w_10"/>
      </span>
    </term>
    <term tid="t_11" lemma="wij" type="open">
      <span>
        <target id="w_11"/>
      </span>
    </term>
    <term tid="t_12" lemma="vonden" type="open">
      <span>
        <target id="w_12"/>
      </span>
    </term>
    <term tid="t_13" lemma="het" type="open">
      <span>
        <target id="w_13"/>
      </span>
    </term>
    <term tid="t_14" lemma="toch" type="open">
      <span>
        <target id="w_14"/>
      </span>
    </term>
    <term tid="t_15" lemma="wel" type="open">
      <span>
        <target id="w_15"/>
      </span>
    </term>
    <term tid="t_16" lemma="tegen" type="open">
      <span>
        <target id="w_16"/>
      </span>
    </term>
    <term tid="t_17" lemma="vallen" type="open">
      <span>
        <target id="w_17"/>
      </span>
    </term>
    <term tid="t_18" lemma="." type="open">
      <span>
        <target id="w_18"/>
      </span>
    </term>
    <term tid="t_19" lemma="wij" type="open">
      <span>
        <target id="w_19"/>
      </span>
    </term>
    <term tid="t_20" lemma="zijn" type="open">
      <span>
        <target id="w_20"/>
      </span>
    </term>
    <term tid="t_21" lemma="hier" type="open">
      <span>
        <target id="w_21"/>
      </span>
    </term>
    <term tid="t_22" lemma="geweest" type="open">
      <span>
        <target id="w_22"/>
      </span>
    </term>
    <term tid="t_23" lemma="van" type="open">
      <span>
        <target id="w_23"/>
      </span>
    </term>
    <term tid="t_24" lemma="27" type="open">
      <span>
        <target id="w_24"/>
      </span>
    </term>
    <term tid="t_25" lemma="tot" type="open">
      <span>
        <target id="w_25"/>
      </span>
    </term>
    <term tid="t_26" lemma="29" type="open">
      <span>
        <target id="w_26"/>
      </span>
    </term>
    <term tid="t_27" lemma="augustus" type="open">
      <span>
        <target id="w_27"/>
      </span>
    </term>
    <term tid="t_28" lemma="een" type="open">
      <span>
        <target id="w_28"/>
      </span>
    </term>
    <term tid="t_29" lemma="weekend" type="open">
      <span>
        <target id="w_29"/>
      </span>
    </term>
    <term tid="t_30" lemma="." type="open">
      <span>
        <target id="w_30"/>
      </span>
    </term>
    <term tid="t_31" lemma="wij" type="open">
      <span>
        <target id="w_31"/>
      </span>
    </term>
    <term tid="t_32" lemma="waren" type="open">
      <span>
        <target id="w_32"/>
      </span>
    </term>
    <term tid="t_33" lemma="hier" type="open">
      <span>
        <target id="w_33"/>
      </span>
    </term>
    <term tid="t_34" lemma="met" type="open">
      <span>
        <target id="w_34"/>
      </span>
    </term>
    <term tid="t_35" lemma="zijn" type="open">
      <span>
        <target id="w_35"/>
      </span>
    </term>
    <term tid="t_36" lemma="3" type="open">
      <span>
        <target id="w_36"/>
      </span>
    </term>
    <term tid="t_37" lemma="-" type="open">
      <span>
        <target id="w_37"/>
      </span>
    </term>
    <term tid="t_38" lemma="tjes" type="open">
      <span>
        <target id="w_38"/>
      </span>
    </term>
    <term tid="t_39" lemma="(" type="open">
      <span>
        <target id="w_39"/>
      </span>
    </term>
    <term tid="t_40" lemma="onze" type="open">
      <span>
        <target id="w_40"/>
      </span>
    </term>
    <term tid="t_41" lemma="dochter" type="open">
      <span>
        <target id="w_41"/>
      </span>
    </term>
    <term tid="t_42" lemma="van" type="open">
      <span>
        <target id="w_42"/>
      </span>
    </term>
    <term tid="t_43" lemma="3" type="open">
      <span>
        <target id="w_43"/>
      </span>
    </term>
    <term tid="t_44" lemma="was" type="open">
      <span>
        <target id="w_44"/>
      </span>
    </term>
    <term tid="t_45" lemma="ook" type="open">
      <span>
        <target id="w_45"/>
      </span>
    </term>
    <term tid="t_46" lemma="mee" type="open">
      <span>
        <target id="w_46"/>
      </span>
    </term>
    <term tid="t_47" lemma=")" type="open">
      <span>
        <target id="w_47"/>
      </span>
    </term>
    <term tid="t_48" lemma="." type="open">
      <span>
        <target id="w_48"/>
      </span>
    </term>
    <term tid="t_49" lemma="wij" type="open">
      <span>
        <target id="w_49"/>
      </span>
    </term>
    <term tid="t_50" lemma="hadden" type="open">
      <span>
        <target id="w_50"/>
      </span>
    </term>
    <term tid="t_51" lemma="een" type="open">
      <span>
        <target id="w_51"/>
      </span>
    </term>
    <term tid="t_52" lemma="kamer" type="open">
      <span>
        <target id="w_52"/>
      </span>
    </term>
    <term tid="t_53" lemma="gereserveerd" type="open">
      <span>
        <target id="w_53"/>
      </span>
    </term>
    <term tid="t_54" lemma="met" type="open">
      <span>
        <target id="w_54"/>
      </span>
    </term>
    <term tid="t_55" lemma="extra" type="open">
      <span>
        <target id="w_55"/>
      </span>
    </term>
    <term tid="t_56" lemma="bed" type="open">
      <span>
        <target id="w_56"/>
      </span>
    </term>
    <term tid="t_57" lemma="." type="open">
      <span>
        <target id="w_57"/>
      </span>
    </term>
    <term tid="t_58" lemma="duidelijk" type="open">
      <span>
        <target id="w_58"/>
      </span>
    </term>
    <term tid="t_59" lemma="ook" type="open">
      <span>
        <target id="w_59"/>
      </span>
    </term>
    <term tid="t_60" lemma="aangegeven" type="open">
      <span>
        <target id="w_60"/>
      </span>
    </term>
    <term tid="t_61" lemma="." type="open">
      <span>
        <target id="w_61"/>
      </span>
    </term>
    <term tid="t_62" lemma="toen" type="open">
      <span>
        <target id="w_62"/>
      </span>
    </term>
    <term tid="t_63" lemma="wij" type="open">
      <span>
        <target id="w_63"/>
      </span>
    </term>
    <term tid="t_64" lemma="aankwamen" type="open">
      <span>
        <target id="w_64"/>
      </span>
    </term>
    <term tid="t_65" lemma="was" type="open">
      <span>
        <target id="w_65"/>
      </span>
    </term>
    <term tid="t_66" lemma="er" type="open">
      <span>
        <target id="w_66"/>
      </span>
    </term>
    <term tid="t_67" lemma="dus" type="open">
      <span>
        <target id="w_67"/>
      </span>
    </term>
    <term tid="t_68" lemma="geen" type="open">
      <span>
        <target id="w_68"/>
      </span>
      <sentiment sentiment_modifier="shifter" resource="VUA_olery_lexicon_nl_lmf"/>
    </term>
    <term tid="t_69" lemma="extra" type="open">
      <span>
        <target id="w_69"/>
      </span>
    </term>
    <term tid="t_70" lemma="bed" type="open">
      <span>
        <target id="w_70"/>
      </span>
    </term>
    <term tid="t_71" lemma="." type="open">
      <span>
        <target id="w_71"/>
      </span>
    </term>
    <term tid="t_72" lemma="lang" type="open">
      <span>
        <target id="w_72"/>
      </span>
    </term>
    <term tid="t_73" lemma="moeten" type="open">
      <span>
        <target id="w_73"/>
      </span>
    </term>
    <term tid="t_74" lemma="wachten" type="open">
      <span>
        <target id="w_74"/>
      </span>
    </term>
    <term tid="t_75" lemma="totdat" type="open">
      <span>
        <target id="w_75"/>
      </span>
    </term>
    <term tid="t_76" lemma="dat" type="open">
      <span>
        <target id="w_76"/>
      </span>
    </term>
    <term tid="t_77" lemma="extra" type="open">
      <span>
        <target id="w_77"/>
      </span>
    </term>
    <term tid="t_78" lemma="bed" type="open">
      <span>
        <target id="w_78"/>
      </span>
    </term>
    <term tid="t_79" lemma="kwam" type="open">
      <span>
        <target id="w_79"/>
      </span>
    </term>
    <term tid="t_80" lemma="." type="open">
      <span>
        <target id="w_80"/>
      </span>
    </term>
    <term tid="t_81" lemma="ontbijt" type="open">
      <span>
        <target id="w_81"/>
      </span>
    </term>
    <term tid="t_82" lemma="had" type="open">
      <span>
        <target id="w_82"/>
      </span>
    </term>
    <term tid="t_83" lemma="ik" type="open">
      <span>
        <target id="w_83"/>
      </span>
    </term>
    <term tid="t_84" lemma="ook" type="open">
      <span>
        <target id="w_84"/>
      </span>
    </term>
    <term tid="t_85" lemma="veel" type="open">
      <span>
        <target id="w_85"/>
      </span>
    </term>
    <term tid="t_86" lemma="beter" type="open">
      <span>
        <target id="w_86"/>
      </span>
    </term>
    <term tid="t_87" lemma="verwacht" type="open">
      <span>
        <target id="w_87"/>
      </span>
    </term>
    <term tid="t_88" lemma="." type="open">
      <span>
        <target id="w_88"/>
      </span>
    </term>
    <term tid="t_89" lemma="toch" type="open">
      <span>
        <target id="w_89"/>
      </span>
    </term>
    <term tid="t_90" lemma="wel" type="open">
      <span>
        <target id="w_90"/>
      </span>
    </term>
    <term tid="t_91" lemma="erg" type="open">
      <span>
        <target id="w_91"/>
      </span>
      <sentiment sentiment_modifier="intensifier" resource="VUA_olery_lexicon_nl_lmf"/>
    </term>
    <term tid="t_92" lemma="weinig" type="open">
      <span>
        <target id="w_92"/>
      </span>
      <sentiment sentiment_modifier="shifter" resource="VUA_olery_lexicon_nl_lmf"/>
    </term>
    <term tid="t_93" lemma="keuze" type="open">
      <span>
        <target id="w_93"/>
      </span>
    </term>
    <term tid="t_94" lemma="en" type="open">
      <span>
        <target id="w_94"/>
      </span>
    </term>
    <term tid="t_95" lemma="weinig" type="open">
      <span>
        <target id="w_95"/>
      </span>
      <sentiment sentiment_modifier="shifter" resource="VUA_olery_lexicon_nl_lmf"/>
    </term>
    <term tid="t_96" lemma="'verse" type="open">
      <span>
        <target id="w_96"/>
      </span>
    </term>
    <term tid="t_97" lemma="'" type="open">
      <span>
        <target id="w_97"/>
      </span>
    </term>
    <term tid="t_98" lemma="producten" type="open">
      <span>
        <target id="w_98"/>
      </span>
    </term>
    <term tid="t_99" lemma="." type="open">
      <span>
        <target id="w_99"/>
      </span>
    </term>
    <term tid="t_100" lemma="zwembad" type="open">
      <span>
        <target id="w_100"/>
      </span>
    </term>
    <term tid="t_101" lemma="is" type="open">
      <span>
        <target id="w_101"/>
      </span>
    </term>
    <term tid="t_102" lemma="erg" type="open">
      <span>
        <target id="w_102"/>
      </span>
      <sentiment sentiment_modifier="intensifier" resource="VUA_olery_lexicon_nl_lmf"/>
    </term>
    <term tid="t_103" lemma="koud" type="open" pos="G">
      <span>
        <target id="w_103"/>
      </span>
      <sentiment polarity="negative" resource="VUA_olery_lexicon_nl_lmf"/>
    </term>
    <term tid="t_104" lemma="," type="open">
      <span>
        <target id="w_104"/>
      </span>
    </term>
    <term tid="t_105" lemma="helemaal" type="open">
      <span>
        <target id="w_105"/>
      </span>
      <sentiment sentiment_modifier="intensifier" resource="VUA_olery_lexicon_nl_lmf"/>
    </term>
    <term tid="t_106" lemma="niet" type="open">
      <span>
        <target id="w_106"/>
      </span>
      <sentiment sentiment_modifier="shifter" resource="VUA_olery_lexicon_nl_lmf"/>
    </term>
    <term tid="t_107" lemma="fijn" type="open" pos="G">
      <span>
        <target id="w_107"/>
      </span>
      <sentiment polarity="positive" resource="VUA_olery_lexicon_nl_lmf"/>
    </term>
    <term tid="t_108" lemma="dus" type="open">
      <span>
        <target id="w_108"/>
      </span>
    </term>
    <term tid="t_109" lemma="." type="open">
      <span>
        <target id="w_109"/>
      </span>
    </term>
    <term tid="t_110" lemma="we" type="open">
      <span>
        <target id="w_110"/>
      </span>
    </term>
    <term tid="t_111" lemma="hadden" type="open">
      <span>
        <target id="w_111"/>
      </span>
    </term>
    <term tid="t_112" lemma="een" type="open">
      <span>
        <target id="w_112"/>
      </span>
    </term>
    <term tid="t_113" lemma="uitzicht" type="open">
      <span>
        <target id="w_113"/>
      </span>
    </term>
    <term tid="t_114" lemma="op" type="open">
      <span>
        <target id="w_114"/>
      </span>
    </term>
    <term tid="t_115" lemma="centraal" type="open" pos="G">
      <span>
        <target id="w_115"/>
      </span>
      <sentiment polarity="positive" resource="VUA_olery_lexicon_nl_lmf"/>
    </term>
    <term tid="t_116" lemma="station" type="open">
      <span>
        <target id="w_116"/>
      </span>
    </term>
    <term tid="t_117" lemma="!" type="open">
      <span>
        <target id="w_117"/>
      </span>
      <sentiment sentiment_modifier="intensifier" resource="VUA_olery_lexicon_nl_lmf"/>
    </term>
    <term tid="t_118" lemma="mooi" type="open" pos="G">
      <span>
        <target id="w_118"/>
      </span>
      <sentiment polarity="positive" resource="VUA_olery_lexicon_nl_lmf"/>
    </term>
    <term tid="t_119" lemma="uitzicht" type="open">
      <span>
        <target id="w_119"/>
      </span>
    </term>
    <term tid="t_120" lemma="." type="open">
      <span>
        <target id="w_120"/>
      </span>
    </term>
    <term tid="t_121" lemma="maar" type="open">
      <span>
        <target id="w_121"/>
      </span>
    </term>
    <term tid="t_122" lemma="je" type="open">
      <span>
        <target id="w_122"/>
      </span>
    </term>
    <term tid="t_123" lemma="hoort" type="open">
      <span>
        <target id="w_123"/>
      </span>
    </term>
    <term tid="t_124" lemma="de" type="open">
      <span>
        <target id="w_124"/>
      </span>
    </term>
    <term tid="t_125" lemma="reuring" type="open">
      <span>
        <target id="w_125"/>
      </span>
    </term>
    <term tid="t_126" lemma="en" type="open">
      <span>
        <target id="w_126"/>
      </span>
    </term>
    <term tid="t_127" lemma="trambanen" type="open">
      <span>
        <target id="w_127"/>
      </span>
    </term>
    <term tid="t_128" lemma="wel" type="open">
      <span>
        <target id="w_128"/>
      </span>
    </term>
    <term tid="t_129" lemma=".." type="open">
      <span>
        <target id="w_129"/>
      </span>
    </term>
    <term tid="t_130" lemma="ook" type="open">
      <span>
        <target id="w_130"/>
      </span>
    </term>
    <term tid="t_131" lemma="zijn" type="open">
      <span>
        <target id="w_131"/>
      </span>
    </term>
    <term tid="t_132" lemma="de" type="open">
      <span>
        <target id="w_132"/>
      </span>
    </term>
    <term tid="t_133" lemma="kamers" type="open">
      <span>
        <target id="w_133"/>
      </span>
    </term>
    <term tid="t_134" lemma="erg" type="open">
      <span>
        <target id="w_134"/>
      </span>
      <sentiment sentiment_modifier="intensifier" resource="VUA_olery_lexicon_nl_lmf"/>
    </term>
    <term tid="t_135" lemma="gehorig" type="open" pos="G">
      <span>
        <target id="w_135"/>
      </span>
      <sentiment polarity="negative" resource="VUA_olery_lexicon_nl_lmf"/>
    </term>
    <term tid="t_136" lemma="." type="open">
      <span>
        <target id="w_136"/>
      </span>
    </term>
    <term tid="t_137" lemma="naast" type="open">
      <span>
        <target id="w_137"/>
      </span>
    </term>
    <term tid="t_138" lemma="ons" type="open">
      <span>
        <target id="w_138"/>
      </span>
    </term>
    <term tid="t_139" lemma="hoorde" type="open">
      <span>
        <target id="w_139"/>
      </span>
    </term>
    <term tid="t_140" lemma="wel" type="open">
      <span>
        <target id="w_140"/>
      </span>
    </term>
    <term tid="t_141" lemma="veel" type="open">
      <span>
        <target id="w_141"/>
      </span>
    </term>
    <term tid="t_142" lemma="lawaai" type="open" pos="N">
      <span>
        <target id="w_142"/>
      </span>
      <sentiment polarity="negative" resource="VUA_olery_lexicon_nl_lmf"/>
    </term>
    <term tid="t_143" lemma="tot" type="open">
      <span>
        <target id="w_143"/>
      </span>
    </term>
    <term tid="t_144" lemma="midden" type="open">
      <span>
        <target id="w_144"/>
      </span>
    </term>
    <term tid="t_145" lemma="in" type="open">
      <span>
        <target id="w_145"/>
      </span>
    </term>
    <term tid="t_146" lemma="de" type="open">
      <span>
        <target id="w_146"/>
      </span>
    </term>
    <term tid="t_147" lemma="nacht" type="open">
      <span>
        <target id="w_147"/>
      </span>
    </term>
    <term tid="t_148" lemma="." type="open">
      <span>
        <target id="w_148"/>
      </span>
    </term>
    <term tid="t_149" lemma="ook" type="open">
      <span>
        <target id="w_149"/>
      </span>
    </term>
    <term tid="t_150" lemma="de" type="open">
      <span>
        <target id="w_150"/>
      </span>
    </term>
    <term tid="t_151" lemma="parkeerkosten" type="open">
      <span>
        <target id="w_151"/>
      </span>
    </term>
    <term tid="t_152" lemma="zijn" type="open">
      <span>
        <target id="w_152"/>
      </span>
    </term>
    <term tid="t_153" lemma="belachelijk" type="open" pos="G">
      <span>
        <target id="w_153"/>
      </span>
      <sentiment polarity="negative" resource="VUA_olery_lexicon_nl_lmf"/>
    </term>
    <term tid="t_154" lemma="hoog" type="open" pos="G">
      <span>
        <target id="w_154"/>
      </span>
      <sentiment polarity="negative" resource="VUA_olery_lexicon_nl_lmf"/>
    </term>
    <term tid="t_155" lemma="!" type="open">
      <span>
        <target id="w_155"/>
      </span>
      <sentiment sentiment_modifier="intensifier" resource="VUA_olery_lexicon_nl_lmf"/>
    </term>
    <term tid="t_156" lemma="kindvriendelijkheid" type="open" pos="N">
      <span>
        <target id="w_156"/>
      </span>
      <sentiment polarity="positive" resource="VUA_olery_lexicon_nl_lmf"/>
    </term>
    <term tid="t_157" lemma="." type="open">
      <span>
        <target id="w_157"/>
      </span>
    </term>
    <term tid="t_158" lemma="nee" type="open">
      <span>
        <target id="w_158"/>
      </span>
    </term>
    <term tid="t_159" lemma="stopcontacten" type="open">
      <span>
        <target id="w_159"/>
      </span>
    </term>
    <term tid="t_160" lemma="overal" type="open">
      <span>
        <target id="w_160"/>
      </span>
      <sentiment sentiment_modifier="intensifier" resource="VUA_olery_lexicon_nl_lmf"/>
    </term>
    <term tid="t_161" lemma="en" type="open">
      <span>
        <target id="w_161"/>
      </span>
    </term>
    <term tid="t_162" lemma="laag" type="open" pos="G">
      <span>
        <target id="w_162"/>
      </span>
      <sentiment polarity="positive" resource="VUA_olery_lexicon_nl_lmf"/>
    </term>
    <term tid="t_163" lemma="." type="open">
      <span>
        <target id="w_163"/>
      </span>
    </term>
    <term tid="t_164" lemma="om" type="open">
      <span>
        <target id="w_164"/>
      </span>
    </term>
    <term tid="t_165" lemma="nou" type="open">
      <span>
        <target id="w_165"/>
      </span>
    </term>
    <term tid="t_166" lemma="te" type="open">
      <span>
        <target id="w_166"/>
      </span>
    </term>
    <term tid="t_167" lemma="zeggen" type="open">
      <span>
        <target id="w_167"/>
      </span>
    </term>
    <term tid="t_168" lemma="nog" type="open">
      <span>
        <target id="w_168"/>
      </span>
    </term>
    <term tid="t_169" lemma="een" type="open">
      <span>
        <target id="w_169"/>
      </span>
    </term>
    <term tid="t_170" lemma="keer" type="open">
      <span>
        <target id="w_170"/>
      </span>
    </term>
    <term tid="t_171" lemma="naar" type="open" pos="G">
      <span>
        <target id="w_171"/>
      </span>
      <sentiment polarity="negative" resource="VUA_olery_lexicon_nl_lmf"/>
    </term>
    <term tid="t_172" lemma="dit" type="open">
      <span>
        <target id="w_172"/>
      </span>
    </term>
    <term tid="t_173" lemma="hotel" type="open">
      <span>
        <target id="w_173"/>
      </span>
    </term>
    <term tid="t_174" lemma="?" type="open">
      <span>
        <target id="w_174"/>
      </span>
    </term>
    <term tid="t_175" lemma="nee!" type="open">
      <span>
        <target id="w_175"/>
      </span>
    </term>
    <term tid="t_176" lemma="is" type="open">
      <span>
        <target id="w_176"/>
      </span>
    </term>
    <term tid="t_177" lemma="het" type="open">
      <span>
        <target id="w_177"/>
      </span>
    </term>
    <term tid="t_178" lemma="geld" type="open">
      <span>
        <target id="w_178"/>
      </span>
    </term>
    <term tid="t_179" lemma="niet" type="open">
      <span>
        <target id="w_179"/>
      </span>
      <sentiment sentiment_modifier="shifter" resource="VUA_olery_lexicon_nl_lmf"/>
    </term>
    <term tid="t_180" lemma="waard" type="open">
      <span>
        <target id="w_180"/>
      </span>
    </term>
    <term tid="t_181" lemma="." type="open">
      <span>
        <target id="w_181"/>
      </span>
    </term>
  </terms>
  <entities>
    <entity type="MISC" eid="e_1">
      <span>
        <target id="t_20"/>
      </span>
      <span>
        <target id="t_35"/>
      </span>
      <span>
        <target id="t_131"/>
      </span>
      <span>
        <target id="t_152"/>
      </span>
    </entity>
    <entity type="PER" eid="e_2">
      <span>
        <target id="t_72"/>
      </span>
    </entity>
    <entity type="LOC" eid="e_3">
      <span>
        <target id="t_115"/>
      </span>
    </entity>
    <entity type="PER" eid="e_4">
      <span>
        <target id="t_110"/>
      </span>
    </entity>
    <entity type="ORG" eid="e_5">
      <span>
        <target id="t_52"/>
      </span>
    </entity>
  </entities>
  <properties>
    <property type="value_for_money" pid="p_1">
      <span>
        <target id="t_178"/>
      </span>
    </property>
    <property type="noise" pid="p_2">
      <span>
        <target id="t_135"/>
      </span>
      <span>
        <target id="t_142"/>
      </span>
    </property>
    <property type="room" pid="p_3">
      <span>
        <target id="t_52"/>
      </span>
      <span>
        <target id="t_113"/>
      </span>
      <span>
        <target id="t_119"/>
      </span>
    </property>
    <property type="restaurant" pid="p_4">
      <span>
        <target id="t_81"/>
      </span>
    </property>
    <property type="sleeping_comfort" pid="p_5">
      <span>
        <target id="t_56"/>
      </span>
      <span>
        <target id="t_70"/>
      </span>
      <span>
        <target id="t_78"/>
      </span>
    </property>
    <property type="swimming_pool" pid="p_6">
      <span>
        <target id="t_100"/>
      </span>
    </property>
    <property type="location" pid="p_7">
      <span>
        <target id="t_115"/>
      </span>
      <span>
        <target id="t_116"/>
      </span>
    </property>
    <property type="parking" pid="p_8">
      <span>
        <target id="t_151"/>
      </span>
    </property>
  </properties>
  <opinions>
    <opinion oid="o_1">
      <opinion_target>
        <span>
          <target id="t_5"/>
        </span>
      </opinion_target>
      <opinion_expression polarity="positive" strength="1">
        <span>
          <target id="t_4"/>
        </span>
      </opinion_expression>
    </opinion>
    <opinion oid="o_2">
      <opinion_target>
        <span>
          <target id="t_100"/>
        </span>
      </opinion_target>
      <opinion_expression polarity="negative" strength="-2">
        <span>
          <target id="t_103"/>
          <target id="t_102"/>
        </span>
      </opinion_expression>
    </opinion>
    <opinion oid="o_3">
      <opinion_holder>
        <span>
          <target id="t_110"/>
        </span>
      </opinion_holder>
      <opinion_target>
        <span>
          <target id="t_116"/>
        </span>
      </opinion_target>
      <opinion_expression polarity="positive" strength="1">
        <span>
          <target id="t_115"/>
        </span>
      </opinion_expression>
    </opinion>
    <opinion oid="o_4">
      <opinion_target>
        <span>
          <target id="t_119"/>
        </span>
      </opinion_target>
      <opinion_expression polarity="positive" strength="2">
        <span>
          <target id="t_118"/>
          <target id="t_117"/>
        </span>
      </opinion_expression>
    </opinion>
    <opinion oid="o_5">
      <opinion_target>
        <span>
          <target id="t_133"/>
        </span>
      </opinion_target>
      <opinion_expression polarity="negative" strength="-2">
        <span>
          <target id="t_135"/>
          <target id="t_134"/>
        </span>
      </opinion_expression>
    </opinion>
    <opinion oid="o_6">
      <opinion_target>
        <span>
          <target id="t_144"/>
        </span>
      </opinion_target>
      <opinion_expression polarity="negative" strength="-1">
        <span>
          <target id="t_142"/>
        </span>
      </opinion_expression>
    </opinion>
    <opinion oid="o_7">
      <opinion_target>
        <span>
          <target id="t_151"/>
        </span>
      </opinion_target>
      <opinion_expression polarity="negative" strength="-2">
        <span>
          <target id="t_153"/>
          <target id="t_154"/>
        </span>
      </opinion_expression>
    </opinion>
    <opinion oid="o_8">
      <opinion_target>
        <span>
          <target id="t_160"/>
        </span>
      </opinion_target>
      <opinion_expression polarity="positive" strength="1">
        <span>
          <target id="t_162"/>
        </span>
      </opinion_expression>
    </opinion>
    <opinion oid="o_9">
      <opinion_target>
        <span>
          <target id="t_173"/>
        </span>
      </opinion_target>
      <opinion_expression polarity="negative" strength="-1">
        <span>
          <target id="t_171"/>
        </span>
      </opinion_expression>
    </opinion>
  </opinions>
</KAF>
