<?xml version='1.0' encoding='UTF-8'?>
<KAF xml:lang="nl">
  <linguisticProcessors layer="text">
    <lp timestamp="2013-01-06T18:44:03CET" version="2.0" name="SentenceTokenizer"/>
  </linguisticProcessors>
  <linguisticProcessors layer="terms">
    <lp timestamp="2013-01-06T18:44:03CET" version="2.0" name="SentenceTokenizer"/>
    <lp timestamp="2013-01-06T18:44:03CET" version="1.0" name="SimplePolarityTagger"/>
  </linguisticProcessors>
  <linguisticProcessor layer="opinions">
    <lp timestamp="2013-01-06T18:44:03CET" version="1.0" name="SimpleOpinionDetector"/>
  </linguisticProcessor>
  <linguisticProcessor layer="properties">
    <lp timestamp="2013-01-06T18:44:03CET" version="1.0" name="SimplePropRecognizer_lookup"/>
  </linguisticProcessor>
  <linguisticProcessor layer="entities">
    <lp timestamp="2013-01-06T18:44:03CET" version="1.0" name="SimpleNER_lookup"/>
  </linguisticProcessor>
  <text>
    <wf wid="w_1" para="1" sent="1">Slechte</wf>
    <wf wid="w_2" para="1" sent="1">service</wf>
    <wf wid="w_3" para="1" sent="1">.</wf>
    <wf wid="w_4" para="1" sent="2">Door</wf>
    <wf wid="w_5" para="1" sent="2">de</wf>
    <wf wid="w_6" para="1" sent="2">grote</wf>
    <wf wid="w_7" para="1" sent="2">hoeveelheid</wf>
    <wf wid="w_8" para="1" sent="2">sneeuwval</wf>
    <wf wid="w_9" para="1" sent="2">konden</wf>
    <wf wid="w_10" para="1" sent="2">wij</wf>
    <wf wid="w_11" para="1" sent="2">onmogelijk</wf>
    <wf wid="w_12" para="1" sent="2">van</wf>
    <wf wid="w_13" para="1" sent="2">Noord</wf>
    <wf wid="w_14" para="1" sent="2">-Holland</wf>
    <wf wid="w_15" para="1" sent="2">naar</wf>
    <wf wid="w_16" para="1" sent="2">Limburg</wf>
    <wf wid="w_17" para="1" sent="2">reizen</wf>
    <wf wid="w_18" para="1" sent="2">,</wf>
    <wf wid="w_19" para="1" sent="2">niet</wf>
    <wf wid="w_20" para="1" sent="2">per</wf>
    <wf wid="w_21" para="1" sent="2">trein</wf>
    <wf wid="w_22" para="1" sent="2">,</wf>
    <wf wid="w_23" para="1" sent="2">niet</wf>
    <wf wid="w_24" para="1" sent="2">per</wf>
    <wf wid="w_25" para="1" sent="2">auto</wf>
    <wf wid="w_26" para="1" sent="2">.</wf>
    <wf wid="w_27" para="1" sent="3">Ondanks</wf>
    <wf wid="w_28" para="1" sent="3">dit</wf>
    <wf wid="w_29" para="1" sent="3">mochten</wf>
    <wf wid="w_30" para="1" sent="3">wij</wf>
    <wf wid="w_31" para="1" sent="3">onze</wf>
    <wf wid="w_32" para="1" sent="3">reeds</wf>
    <wf wid="w_33" para="1" sent="3">betaalde</wf>
    <wf wid="w_34" para="1" sent="3">overnachting</wf>
    <wf wid="w_35" para="1" sent="3">niet</wf>
    <wf wid="w_36" para="1" sent="3">omzetten</wf>
    <wf wid="w_37" para="1" sent="3">naar</wf>
    <wf wid="w_38" para="1" sent="3">een</wf>
    <wf wid="w_39" para="1" sent="3">andere</wf>
    <wf wid="w_40" para="1" sent="3">datum</wf>
    <wf wid="w_41" para="1" sent="3">.</wf>
    <wf wid="w_42" para="1" sent="4">Ons</wf>
    <wf wid="w_43" para="1" sent="4">weekendje</wf>
    <wf wid="w_44" para="1" sent="4">en</wf>
    <wf wid="w_45" para="1" sent="4">geld</wf>
    <wf wid="w_46" para="1" sent="4">is</wf>
    <wf wid="w_47" para="1" sent="4">dus</wf>
    <wf wid="w_48" para="1" sent="4">in</wf>
    <wf wid="w_49" para="1" sent="4">de</wf>
    <wf wid="w_50" para="1" sent="4">sneeuw</wf>
    <wf wid="w_51" para="1" sent="4">verdwenen</wf>
    <wf wid="w_52" para="1" sent="4">.</wf>
  </text>
  <terms>
    <term tid="t_1" lemma="slechte" type="open">
      <span>
        <target id="w_1"/>
      </span>
    </term>
    <term tid="t_2" lemma="service" type="open">
      <span>
        <target id="w_2"/>
      </span>
    </term>
    <term tid="t_3" lemma="." type="open">
      <span>
        <target id="w_3"/>
      </span>
    </term>
    <term tid="t_4" lemma="door" type="open">
      <span>
        <target id="w_4"/>
      </span>
    </term>
    <term tid="t_5" lemma="de" type="open">
      <span>
        <target id="w_5"/>
      </span>
    </term>
    <term tid="t_6" lemma="grote" type="open">
      <span>
        <target id="w_6"/>
      </span>
    </term>
    <term tid="t_7" lemma="hoeveelheid" type="open">
      <span>
        <target id="w_7"/>
      </span>
    </term>
    <term tid="t_8" lemma="sneeuwval" type="open">
      <span>
        <target id="w_8"/>
      </span>
    </term>
    <term tid="t_9" lemma="konden" type="open">
      <span>
        <target id="w_9"/>
      </span>
    </term>
    <term tid="t_10" lemma="wij" type="open">
      <span>
        <target id="w_10"/>
      </span>
    </term>
    <term tid="t_11" lemma="onmogelijk" type="open" pos="G">
      <span>
        <target id="w_11"/>
      </span>
      <sentiment polarity="negative" resource="VUA_olery_lexicon_nl_lmf"/>
    </term>
    <term tid="t_12" lemma="van" type="open">
      <span>
        <target id="w_12"/>
      </span>
    </term>
    <term tid="t_13" lemma="noord" type="open">
      <span>
        <target id="w_13"/>
      </span>
    </term>
    <term tid="t_14" lemma="-holland" type="open">
      <span>
        <target id="w_14"/>
      </span>
    </term>
    <term tid="t_15" lemma="naar" type="open" pos="G">
      <span>
        <target id="w_15"/>
      </span>
      <sentiment polarity="negative" resource="VUA_olery_lexicon_nl_lmf"/>
    </term>
    <term tid="t_16" lemma="limburg" type="open">
      <span>
        <target id="w_16"/>
      </span>
    </term>
    <term tid="t_17" lemma="reizen" type="open">
      <span>
        <target id="w_17"/>
      </span>
    </term>
    <term tid="t_18" lemma="," type="open">
      <span>
        <target id="w_18"/>
      </span>
    </term>
    <term tid="t_19" lemma="niet" type="open">
      <span>
        <target id="w_19"/>
      </span>
      <sentiment sentiment_modifier="shifter" resource="VUA_olery_lexicon_nl_lmf"/>
    </term>
    <term tid="t_20" lemma="per" type="open">
      <span>
        <target id="w_20"/>
      </span>
    </term>
    <term tid="t_21" lemma="trein" type="open">
      <span>
        <target id="w_21"/>
      </span>
    </term>
    <term tid="t_22" lemma="," type="open">
      <span>
        <target id="w_22"/>
      </span>
    </term>
    <term tid="t_23" lemma="niet" type="open">
      <span>
        <target id="w_23"/>
      </span>
      <sentiment sentiment_modifier="shifter" resource="VUA_olery_lexicon_nl_lmf"/>
    </term>
    <term tid="t_24" lemma="per" type="open">
      <span>
        <target id="w_24"/>
      </span>
    </term>
    <term tid="t_25" lemma="auto" type="open">
      <span>
        <target id="w_25"/>
      </span>
    </term>
    <term tid="t_26" lemma="." type="open">
      <span>
        <target id="w_26"/>
      </span>
    </term>
    <term tid="t_27" lemma="ondanks" type="open">
      <span>
        <target id="w_27"/>
      </span>
    </term>
    <term tid="t_28" lemma="dit" type="open">
      <span>
        <target id="w_28"/>
      </span>
    </term>
    <term tid="t_29" lemma="mochten" type="open">
      <span>
        <target id="w_29"/>
      </span>
    </term>
    <term tid="t_30" lemma="wij" type="open">
      <span>
        <target id="w_30"/>
      </span>
    </term>
    <term tid="t_31" lemma="onze" type="open">
      <span>
        <target id="w_31"/>
      </span>
    </term>
    <term tid="t_32" lemma="reeds" type="open">
      <span>
        <target id="w_32"/>
      </span>
    </term>
    <term tid="t_33" lemma="betaalde" type="open">
      <span>
        <target id="w_33"/>
      </span>
    </term>
    <term tid="t_34" lemma="overnachting" type="open">
      <span>
        <target id="w_34"/>
      </span>
    </term>
    <term tid="t_35" lemma="niet" type="open">
      <span>
        <target id="w_35"/>
      </span>
      <sentiment sentiment_modifier="shifter" resource="VUA_olery_lexicon_nl_lmf"/>
    </term>
    <term tid="t_36" lemma="omzetten" type="open">
      <span>
        <target id="w_36"/>
      </span>
    </term>
    <term tid="t_37" lemma="naar" type="open" pos="G">
      <span>
        <target id="w_37"/>
      </span>
      <sentiment polarity="negative" resource="VUA_olery_lexicon_nl_lmf"/>
    </term>
    <term tid="t_38" lemma="een" type="open">
      <span>
        <target id="w_38"/>
      </span>
    </term>
    <term tid="t_39" lemma="andere" type="open">
      <span>
        <target id="w_39"/>
      </span>
    </term>
    <term tid="t_40" lemma="datum" type="open">
      <span>
        <target id="w_40"/>
      </span>
    </term>
    <term tid="t_41" lemma="." type="open">
      <span>
        <target id="w_41"/>
      </span>
    </term>
    <term tid="t_42" lemma="ons" type="open">
      <span>
        <target id="w_42"/>
      </span>
    </term>
    <term tid="t_43" lemma="weekendje" type="open">
      <span>
        <target id="w_43"/>
      </span>
    </term>
    <term tid="t_44" lemma="en" type="open">
      <span>
        <target id="w_44"/>
      </span>
    </term>
    <term tid="t_45" lemma="geld" type="open">
      <span>
        <target id="w_45"/>
      </span>
    </term>
    <term tid="t_46" lemma="is" type="open">
      <span>
        <target id="w_46"/>
      </span>
    </term>
    <term tid="t_47" lemma="dus" type="open">
      <span>
        <target id="w_47"/>
      </span>
    </term>
    <term tid="t_48" lemma="in" type="open">
      <span>
        <target id="w_48"/>
      </span>
    </term>
    <term tid="t_49" lemma="de" type="open">
      <span>
        <target id="w_49"/>
      </span>
    </term>
    <term tid="t_50" lemma="sneeuw" type="open">
      <span>
        <target id="w_50"/>
      </span>
    </term>
    <term tid="t_51" lemma="verdwenen" type="open">
      <span>
        <target id="w_51"/>
      </span>
    </term>
    <term tid="t_52" lemma="." type="open">
      <span>
        <target id="w_52"/>
      </span>
    </term>
  </terms>
  <entities>
    <entity type="MISC" eid="e_1">
      <span>
        <target id="t_2"/>
      </span>
    </entity>
    <entity type="LOC" eid="e_2">
      <span>
        <target id="t_16"/>
      </span>
    </entity>
    <entity type="PER" eid="e_3">
      <span>
        <target id="t_5"/>
        <target id="t_6"/>
      </span>
    </entity>
  </entities>
  <properties>
    <property type="value_for_money" pid="p_1">
      <span>
        <target id="t_45"/>
      </span>
    </property>
    <property type="location" pid="p_2">
      <span>
        <target id="t_21"/>
      </span>
    </property>
    <property type="staff" pid="p_3">
      <span>
        <target id="t_2"/>
      </span>
    </property>
  </properties>
  <opinions>
    <opinion oid="o_1">
      <opinion_target>
        <span>
          <target id="t_13"/>
        </span>
      </opinion_target>
      <opinion_expression polarity="negative" strength="-1">
        <span>
          <target id="t_11"/>
        </span>
      </opinion_expression>
    </opinion>
    <opinion oid="o_2">
      <opinion_target>
        <span>
          <target id="t_16"/>
        </span>
      </opinion_target>
      <opinion_expression polarity="negative" strength="-1">
        <span>
          <target id="t_15"/>
        </span>
      </opinion_expression>
    </opinion>
    <opinion oid="o_3">
      <opinion_target>
        <span>
          <target id="t_40"/>
        </span>
      </opinion_target>
      <opinion_expression polarity="negative" strength="-1">
        <span>
          <target id="t_37"/>
        </span>
      </opinion_expression>
    </opinion>
  </opinions>
</KAF>
