<?xml version='1.0' encoding='UTF-8'?>
<KAF xml:lang="nl">
  <linguisticProcessors layer="text">
    <lp timestamp="2013-01-06T18:35:03CET" version="2.0" name="SentenceTokenizer"/>
  </linguisticProcessors>
  <linguisticProcessors layer="terms">
    <lp timestamp="2013-01-06T18:35:03CET" version="2.0" name="SentenceTokenizer"/>
    <lp timestamp="2013-01-06T18:35:03CET" version="1.0" name="SimplePolarityTagger"/>
  </linguisticProcessors>
  <linguisticProcessor layer="opinions">
    <lp timestamp="2013-01-06T18:35:03CET" version="1.0" name="SimpleOpinionDetector"/>
  </linguisticProcessor>
  <linguisticProcessor layer="properties">
    <lp timestamp="2013-01-06T18:35:03CET" version="1.0" name="SimplePropRecognizer_lookup"/>
  </linguisticProcessor>
  <linguisticProcessor layer="entities">
    <lp timestamp="2013-01-06T18:35:03CET" version="1.0" name="SimpleNER_lookup"/>
  </linguisticProcessor>
  <text>
    <wf wid="w_1" para="1" sent="1">depresief</wf>
    <wf wid="w_2" para="1" sent="1">hotel</wf>
    <wf wid="w_3" para="1" sent="1">.</wf>
    <wf wid="w_4" para="1" sent="2">het</wf>
    <wf wid="w_5" para="1" sent="2">enigste</wf>
    <wf wid="w_6" para="1" sent="2">pluspunt</wf>
    <wf wid="w_7" para="1" sent="2">is</wf>
    <wf wid="w_8" para="1" sent="2">dat</wf>
    <wf wid="w_9" para="1" sent="2">het</wf>
    <wf wid="w_10" para="1" sent="2">op</wf>
    <wf wid="w_11" para="1" sent="2">100</wf>
    <wf wid="w_12" para="1" sent="2">meter</wf>
    <wf wid="w_13" para="1" sent="2">van</wf>
    <wf wid="w_14" para="1" sent="2">het</wf>
    <wf wid="w_15" para="1" sent="2">strand</wf>
    <wf wid="w_16" para="1" sent="2">ligt</wf>
    <wf wid="w_17" para="1" sent="2">..</wf>
    <wf wid="w_18" para="1" sent="3">oud</wf>
    <wf wid="w_19" para="1" sent="3">vies</wf>
    <wf wid="w_20" para="1" sent="3">hotel</wf>
    <wf wid="w_21" para="1" sent="3">.</wf>
    <wf wid="w_22" para="1" sent="4">als</wf>
    <wf wid="w_23" para="1" sent="4">je</wf>
    <wf wid="w_24" para="1" sent="4">op</wf>
    <wf wid="w_25" para="1" sent="4">bed</wf>
    <wf wid="w_26" para="1" sent="4">gaat</wf>
    <wf wid="w_27" para="1" sent="4">liggen</wf>
    <wf wid="w_28" para="1" sent="4">moet</wf>
    <wf wid="w_29" para="1" sent="4">je</wf>
    <wf wid="w_30" para="1" sent="4">uitkijken</wf>
    <wf wid="w_31" para="1" sent="4">dat</wf>
    <wf wid="w_32" para="1" sent="4">het</wf>
    <wf wid="w_33" para="1" sent="4">niet</wf>
    <wf wid="w_34" para="1" sent="4">doormidden</wf>
    <wf wid="w_35" para="1" sent="4">breekt</wf>
    <wf wid="w_36" para="1" sent="4">.</wf>
    <wf wid="w_37" para="1" sent="5">last</wf>
    <wf wid="w_38" para="1" sent="5">van</wf>
    <wf wid="w_39" para="1" sent="5">andere</wf>
    <wf wid="w_40" para="1" sent="5">gasten</wf>
    <wf wid="w_41" para="1" sent="5">als</wf>
    <wf wid="w_42" para="1" sent="5">die</wf>
    <wf wid="w_43" para="1" sent="5">bezopen</wf>
    <wf wid="w_44" para="1" sent="5">binnen</wf>
    <wf wid="w_45" para="1" sent="5">komen</wf>
    <wf wid="w_46" para="1" sent="5">.</wf>
    <wf wid="w_47" para="1" sent="6">wij</wf>
    <wf wid="w_48" para="1" sent="6">lagen</wf>
    <wf wid="w_49" para="1" sent="6">op</wf>
    <wf wid="w_50" para="1" sent="6">de</wf>
    <wf wid="w_51" para="1" sent="6">2e</wf>
    <wf wid="w_52" para="1" sent="6">verdieping</wf>
    <wf wid="w_53" para="1" sent="6">.</wf>
    <wf wid="w_54" para="1" sent="7">de</wf>
    <wf wid="w_55" para="1" sent="7">trappen</wf>
    <wf wid="w_56" para="1" sent="7">naar</wf>
    <wf wid="w_57" para="1" sent="7">boven</wf>
    <wf wid="w_58" para="1" sent="7">zijn</wf>
    <wf wid="w_59" para="1" sent="7">zo</wf>
    <wf wid="w_60" para="1" sent="7">smal</wf>
    <wf wid="w_61" para="1" sent="7">,</wf>
    <wf wid="w_62" para="1" sent="7">dat</wf>
    <wf wid="w_63" para="1" sent="7">je</wf>
    <wf wid="w_64" para="1" sent="7">moet</wf>
    <wf wid="w_65" para="1" sent="7">uitkijken</wf>
    <wf wid="w_66" para="1" sent="7">dat</wf>
    <wf wid="w_67" para="1" sent="7">je</wf>
    <wf wid="w_68" para="1" sent="7">niet</wf>
    <wf wid="w_69" para="1" sent="7">naar</wf>
    <wf wid="w_70" para="1" sent="7">onderen</wf>
    <wf wid="w_71" para="1" sent="7">donderd</wf>
    <wf wid="w_72" para="1" sent="7">.</wf>
  </text>
  <terms>
    <term tid="t_1" lemma="depresief" type="open">
      <span>
        <target id="w_1"/>
      </span>
    </term>
    <term tid="t_2" lemma="hotel" type="open">
      <span>
        <target id="w_2"/>
      </span>
    </term>
    <term tid="t_3" lemma="." type="open">
      <span>
        <target id="w_3"/>
      </span>
    </term>
    <term tid="t_4" lemma="het" type="open">
      <span>
        <target id="w_4"/>
      </span>
    </term>
    <term tid="t_5" lemma="enigste" type="open">
      <span>
        <target id="w_5"/>
      </span>
    </term>
    <term tid="t_6" lemma="pluspunt" type="open" pos="N">
      <span>
        <target id="w_6"/>
      </span>
      <sentiment polarity="positive" resource="VUA_olery_lexicon_nl_lmf"/>
    </term>
    <term tid="t_7" lemma="is" type="open">
      <span>
        <target id="w_7"/>
      </span>
    </term>
    <term tid="t_8" lemma="dat" type="open">
      <span>
        <target id="w_8"/>
      </span>
    </term>
    <term tid="t_9" lemma="het" type="open">
      <span>
        <target id="w_9"/>
      </span>
    </term>
    <term tid="t_10" lemma="op" type="open">
      <span>
        <target id="w_10"/>
      </span>
    </term>
    <term tid="t_11" lemma="100" type="open">
      <span>
        <target id="w_11"/>
      </span>
    </term>
    <term tid="t_12" lemma="meter" type="open">
      <span>
        <target id="w_12"/>
      </span>
    </term>
    <term tid="t_13" lemma="van" type="open">
      <span>
        <target id="w_13"/>
      </span>
    </term>
    <term tid="t_14" lemma="het" type="open">
      <span>
        <target id="w_14"/>
      </span>
    </term>
    <term tid="t_15" lemma="strand" type="open">
      <span>
        <target id="w_15"/>
      </span>
    </term>
    <term tid="t_16" lemma="ligt" type="open">
      <span>
        <target id="w_16"/>
      </span>
    </term>
    <term tid="t_17" lemma=".." type="open">
      <span>
        <target id="w_17"/>
      </span>
    </term>
    <term tid="t_18" lemma="oud" type="open">
      <span>
        <target id="w_18"/>
      </span>
    </term>
    <term tid="t_19" lemma="vies" type="open" pos="G">
      <span>
        <target id="w_19"/>
      </span>
      <sentiment polarity="negative" resource="VUA_olery_lexicon_nl_lmf"/>
    </term>
    <term tid="t_20" lemma="hotel" type="open">
      <span>
        <target id="w_20"/>
      </span>
    </term>
    <term tid="t_21" lemma="." type="open">
      <span>
        <target id="w_21"/>
      </span>
    </term>
    <term tid="t_22" lemma="als" type="open">
      <span>
        <target id="w_22"/>
      </span>
    </term>
    <term tid="t_23" lemma="je" type="open">
      <span>
        <target id="w_23"/>
      </span>
    </term>
    <term tid="t_24" lemma="op" type="open">
      <span>
        <target id="w_24"/>
      </span>
    </term>
    <term tid="t_25" lemma="bed" type="open">
      <span>
        <target id="w_25"/>
      </span>
    </term>
    <term tid="t_26" lemma="gaat" type="open">
      <span>
        <target id="w_26"/>
      </span>
    </term>
    <term tid="t_27" lemma="liggen" type="open">
      <span>
        <target id="w_27"/>
      </span>
    </term>
    <term tid="t_28" lemma="moet" type="open">
      <span>
        <target id="w_28"/>
      </span>
    </term>
    <term tid="t_29" lemma="je" type="open">
      <span>
        <target id="w_29"/>
      </span>
    </term>
    <term tid="t_30" lemma="uitkijken" type="open">
      <span>
        <target id="w_30"/>
      </span>
    </term>
    <term tid="t_31" lemma="dat" type="open">
      <span>
        <target id="w_31"/>
      </span>
    </term>
    <term tid="t_32" lemma="het" type="open">
      <span>
        <target id="w_32"/>
      </span>
    </term>
    <term tid="t_33" lemma="niet" type="open">
      <span>
        <target id="w_33"/>
      </span>
      <sentiment sentiment_modifier="shifter" resource="VUA_olery_lexicon_nl_lmf"/>
    </term>
    <term tid="t_34" lemma="doormidden" type="open">
      <span>
        <target id="w_34"/>
      </span>
    </term>
    <term tid="t_35" lemma="breekt" type="open">
      <span>
        <target id="w_35"/>
      </span>
    </term>
    <term tid="t_36" lemma="." type="open">
      <span>
        <target id="w_36"/>
      </span>
    </term>
    <term tid="t_37" lemma="last" type="open" pos="N">
      <span>
        <target id="w_37"/>
      </span>
      <sentiment polarity="negative" resource="VUA_olery_lexicon_nl_lmf"/>
    </term>
    <term tid="t_38" lemma="van" type="open">
      <span>
        <target id="w_38"/>
      </span>
    </term>
    <term tid="t_39" lemma="andere" type="open">
      <span>
        <target id="w_39"/>
      </span>
    </term>
    <term tid="t_40" lemma="gasten" type="open">
      <span>
        <target id="w_40"/>
      </span>
    </term>
    <term tid="t_41" lemma="als" type="open">
      <span>
        <target id="w_41"/>
      </span>
    </term>
    <term tid="t_42" lemma="die" type="open">
      <span>
        <target id="w_42"/>
      </span>
    </term>
    <term tid="t_43" lemma="bezopen" type="open">
      <span>
        <target id="w_43"/>
      </span>
    </term>
    <term tid="t_44" lemma="binnen" type="open">
      <span>
        <target id="w_44"/>
      </span>
    </term>
    <term tid="t_45" lemma="komen" type="open">
      <span>
        <target id="w_45"/>
      </span>
    </term>
    <term tid="t_46" lemma="." type="open">
      <span>
        <target id="w_46"/>
      </span>
    </term>
    <term tid="t_47" lemma="wij" type="open">
      <span>
        <target id="w_47"/>
      </span>
    </term>
    <term tid="t_48" lemma="lagen" type="open">
      <span>
        <target id="w_48"/>
      </span>
    </term>
    <term tid="t_49" lemma="op" type="open">
      <span>
        <target id="w_49"/>
      </span>
    </term>
    <term tid="t_50" lemma="de" type="open">
      <span>
        <target id="w_50"/>
      </span>
    </term>
    <term tid="t_51" lemma="2e" type="open">
      <span>
        <target id="w_51"/>
      </span>
    </term>
    <term tid="t_52" lemma="verdieping" type="open">
      <span>
        <target id="w_52"/>
      </span>
    </term>
    <term tid="t_53" lemma="." type="open">
      <span>
        <target id="w_53"/>
      </span>
    </term>
    <term tid="t_54" lemma="de" type="open">
      <span>
        <target id="w_54"/>
      </span>
    </term>
    <term tid="t_55" lemma="trappen" type="open">
      <span>
        <target id="w_55"/>
      </span>
    </term>
    <term tid="t_56" lemma="naar" type="open" pos="G">
      <span>
        <target id="w_56"/>
      </span>
      <sentiment polarity="negative" resource="VUA_olery_lexicon_nl_lmf"/>
    </term>
    <term tid="t_57" lemma="boven" type="open">
      <span>
        <target id="w_57"/>
      </span>
    </term>
    <term tid="t_58" lemma="zijn" type="open">
      <span>
        <target id="w_58"/>
      </span>
    </term>
    <term tid="t_59" lemma="zo" type="open">
      <span>
        <target id="w_59"/>
      </span>
    </term>
    <term tid="t_60" lemma="smal" type="open">
      <span>
        <target id="w_60"/>
      </span>
    </term>
    <term tid="t_61" lemma="," type="open">
      <span>
        <target id="w_61"/>
      </span>
    </term>
    <term tid="t_62" lemma="dat" type="open">
      <span>
        <target id="w_62"/>
      </span>
    </term>
    <term tid="t_63" lemma="je" type="open">
      <span>
        <target id="w_63"/>
      </span>
    </term>
    <term tid="t_64" lemma="moet" type="open">
      <span>
        <target id="w_64"/>
      </span>
    </term>
    <term tid="t_65" lemma="uitkijken" type="open">
      <span>
        <target id="w_65"/>
      </span>
    </term>
    <term tid="t_66" lemma="dat" type="open">
      <span>
        <target id="w_66"/>
      </span>
    </term>
    <term tid="t_67" lemma="je" type="open">
      <span>
        <target id="w_67"/>
      </span>
    </term>
    <term tid="t_68" lemma="niet" type="open">
      <span>
        <target id="w_68"/>
      </span>
      <sentiment sentiment_modifier="shifter" resource="VUA_olery_lexicon_nl_lmf"/>
    </term>
    <term tid="t_69" lemma="naar" type="open" pos="G">
      <span>
        <target id="w_69"/>
      </span>
      <sentiment polarity="negative" resource="VUA_olery_lexicon_nl_lmf"/>
    </term>
    <term tid="t_70" lemma="onderen" type="open">
      <span>
        <target id="w_70"/>
      </span>
    </term>
    <term tid="t_71" lemma="donderd" type="open">
      <span>
        <target id="w_71"/>
      </span>
    </term>
    <term tid="t_72" lemma="." type="open">
      <span>
        <target id="w_72"/>
      </span>
    </term>
  </terms>
  <entities>
    <entity type="PER" eid="e_1">
      <span>
        <target id="t_57"/>
      </span>
    </entity>
    <entity type="MISC" eid="e_2">
      <span>
        <target id="t_58"/>
      </span>
    </entity>
  </entities>
  <properties>
    <property type="cleanliness" pid="p_1">
      <span>
        <target id="t_19"/>
      </span>
    </property>
    <property type="facilities" pid="p_2">
      <span>
        <target id="t_15"/>
      </span>
    </property>
    <property type="location" pid="p_3">
      <span>
        <target id="t_12"/>
      </span>
    </property>
    <property type="sleeping_comfort" pid="p_4">
      <span>
        <target id="t_25"/>
      </span>
    </property>
  </properties>
  <opinions>
    <opinion oid="o_1">
      <opinion_target>
        <span>
          <target id="t_5"/>
        </span>
      </opinion_target>
      <opinion_expression polarity="positive" strength="1">
        <span>
          <target id="t_6"/>
        </span>
      </opinion_expression>
    </opinion>
    <opinion oid="o_2">
      <opinion_target>
        <span>
          <target id="t_20"/>
        </span>
      </opinion_target>
      <opinion_expression polarity="negative" strength="-1">
        <span>
          <target id="t_19"/>
        </span>
      </opinion_expression>
    </opinion>
    <opinion oid="o_3">
      <opinion_target>
        <span>
          <target id="t_40"/>
        </span>
      </opinion_target>
      <opinion_expression polarity="negative" strength="-1">
        <span>
          <target id="t_37"/>
        </span>
      </opinion_expression>
    </opinion>
    <opinion oid="o_4">
      <opinion_target>
        <span>
          <target id="t_57"/>
        </span>
      </opinion_target>
      <opinion_expression polarity="negative" strength="-1">
        <span>
          <target id="t_56"/>
        </span>
      </opinion_expression>
    </opinion>
    <opinion oid="o_5">
      <opinion_target>
        <span>
          <target id="t_70"/>
        </span>
      </opinion_target>
      <opinion_expression polarity="positive" strength="1">
        <span>
          <target id="t_69"/>
          <target id="t_68"/>
        </span>
      </opinion_expression>
    </opinion>
  </opinions>
</KAF>
