<?xml version='1.0' encoding='UTF-8'?>
<KAF xml:lang="nl">
  <linguisticProcessors layer="text">
    <lp timestamp="2013-01-06T18:28:01CET" version="2.0" name="SentenceTokenizer"/>
  </linguisticProcessors>
  <linguisticProcessors layer="terms">
    <lp timestamp="2013-01-06T18:28:01CET" version="2.0" name="SentenceTokenizer"/>
    <lp timestamp="2013-01-06T18:28:01CET" version="1.0" name="SimplePolarityTagger"/>
  </linguisticProcessors>
  <linguisticProcessor layer="opinions">
    <lp timestamp="2013-01-06T18:28:02CET" version="1.0" name="SimpleOpinionDetector"/>
  </linguisticProcessor>
  <linguisticProcessor layer="properties">
    <lp timestamp="2013-01-06T18:28:01CET" version="1.0" name="SimplePropRecognizer_lookup"/>
  </linguisticProcessor>
  <linguisticProcessor layer="entities">
    <lp timestamp="2013-01-06T18:28:01CET" version="1.0" name="SimpleNER_lookup"/>
  </linguisticProcessor>
  <text>
    <wf wid="w_1" para="1" sent="1">Verbouwing</wf>
    <wf wid="w_2" para="1" sent="1">leverde</wf>
    <wf wid="w_3" para="1" sent="1">geen</wf>
    <wf wid="w_4" para="1" sent="1">geringe</wf>
    <wf wid="w_5" para="1" sent="1">overlast</wf>
    <wf wid="w_6" para="1" sent="1">op</wf>
    <wf wid="w_7" para="1" sent="1">voor</wf>
    <wf wid="w_8" para="1" sent="1">de</wf>
    <wf wid="w_9" para="1" sent="1">gasten</wf>
    <wf wid="w_10" para="1" sent="1">.</wf>
    <wf wid="w_11" para="1" sent="2">Bovendien</wf>
    <wf wid="w_12" para="1" sent="2">werd</wf>
    <wf wid="w_13" para="1" sent="2">er</wf>
    <wf wid="w_14" para="1" sent="2">een</wf>
    <wf wid="w_15" para="1" sent="2">onverantwoorde</wf>
    <wf wid="w_16" para="1" sent="2">somma</wf>
    <wf wid="w_17" para="1" sent="2">van</wf>
    <wf wid="w_18" para="1" sent="2">twintig</wf>
    <wf wid="w_19" para="1" sent="2">euro</wf>
    <wf wid="w_20" para="1" sent="2">voor</wf>
    <wf wid="w_21" para="1" sent="2">het</wf>
    <wf wid="w_22" para="1" sent="2">ontbijt</wf>
    <wf wid="w_23" para="1" sent="2">berekend</wf>
    <wf wid="w_24" para="1" sent="2">.</wf>
    <wf wid="w_25" para="1" sent="3">Hotel</wf>
    <wf wid="w_26" para="1" sent="3">is</wf>
    <wf wid="w_27" para="1" sent="3">bovendien</wf>
    <wf wid="w_28" para="1" sent="3">slecht</wf>
    <wf wid="w_29" para="1" sent="3">geïsoleerd</wf>
    <wf wid="w_30" para="1" sent="3">voor</wf>
    <wf wid="w_31" para="1" sent="3">geluid</wf>
    <wf wid="w_32" para="1" sent="3">,</wf>
    <wf wid="w_33" para="1" sent="3">hetgeen</wf>
    <wf wid="w_34" para="1" sent="3">midden</wf>
    <wf wid="w_35" para="1" sent="3">in</wf>
    <wf wid="w_36" para="1" sent="3">de</wf>
    <wf wid="w_37" para="1" sent="3">stad</wf>
    <wf wid="w_38" para="1" sent="3">tot</wf>
    <wf wid="w_39" para="1" sent="3">aanzienlijke</wf>
    <wf wid="w_40" para="1" sent="3">verstoring</wf>
    <wf wid="w_41" para="1" sent="3">van</wf>
    <wf wid="w_42" para="1" sent="3">de</wf>
    <wf wid="w_43" para="1" sent="3">nachtrust</wf>
    <wf wid="w_44" para="1" sent="3">leidt</wf>
    <wf wid="w_45" para="1" sent="3">.</wf>
  </text>
  <terms>
    <term tid="t_1" lemma="verbouwing" type="open">
      <span>
        <target id="w_1"/>
      </span>
    </term>
    <term tid="t_2" lemma="leverde" type="open">
      <span>
        <target id="w_2"/>
      </span>
    </term>
    <term tid="t_3" lemma="geen" type="open">
      <span>
        <target id="w_3"/>
      </span>
      <sentiment sentiment_modifier="shifter" resource="VUA_olery_lexicon_nl_lmf"/>
    </term>
    <term tid="t_4" lemma="geringe" type="open">
      <span>
        <target id="w_4"/>
      </span>
    </term>
    <term tid="t_5" lemma="overlast" type="open" pos="N">
      <span>
        <target id="w_5"/>
      </span>
      <sentiment polarity="negative" resource="VUA_olery_lexicon_nl_lmf"/>
    </term>
    <term tid="t_6" lemma="op" type="open">
      <span>
        <target id="w_6"/>
      </span>
    </term>
    <term tid="t_7" lemma="voor" type="open">
      <span>
        <target id="w_7"/>
      </span>
    </term>
    <term tid="t_8" lemma="de" type="open">
      <span>
        <target id="w_8"/>
      </span>
    </term>
    <term tid="t_9" lemma="gasten" type="open">
      <span>
        <target id="w_9"/>
      </span>
    </term>
    <term tid="t_10" lemma="." type="open">
      <span>
        <target id="w_10"/>
      </span>
    </term>
    <term tid="t_11" lemma="bovendien" type="open">
      <span>
        <target id="w_11"/>
      </span>
    </term>
    <term tid="t_12" lemma="werd" type="open">
      <span>
        <target id="w_12"/>
      </span>
    </term>
    <term tid="t_13" lemma="er" type="open">
      <span>
        <target id="w_13"/>
      </span>
    </term>
    <term tid="t_14" lemma="een" type="open">
      <span>
        <target id="w_14"/>
      </span>
    </term>
    <term tid="t_15" lemma="onverantwoorde" type="open">
      <span>
        <target id="w_15"/>
      </span>
    </term>
    <term tid="t_16" lemma="somma" type="open">
      <span>
        <target id="w_16"/>
      </span>
    </term>
    <term tid="t_17" lemma="van" type="open">
      <span>
        <target id="w_17"/>
      </span>
    </term>
    <term tid="t_18" lemma="twintig" type="open">
      <span>
        <target id="w_18"/>
      </span>
    </term>
    <term tid="t_19" lemma="euro" type="open">
      <span>
        <target id="w_19"/>
      </span>
    </term>
    <term tid="t_20" lemma="voor" type="open">
      <span>
        <target id="w_20"/>
      </span>
    </term>
    <term tid="t_21" lemma="het" type="open">
      <span>
        <target id="w_21"/>
      </span>
    </term>
    <term tid="t_22" lemma="ontbijt" type="open">
      <span>
        <target id="w_22"/>
      </span>
    </term>
    <term tid="t_23" lemma="berekend" type="open">
      <span>
        <target id="w_23"/>
      </span>
    </term>
    <term tid="t_24" lemma="." type="open">
      <span>
        <target id="w_24"/>
      </span>
    </term>
    <term tid="t_25" lemma="hotel" type="open">
      <span>
        <target id="w_25"/>
      </span>
    </term>
    <term tid="t_26" lemma="is" type="open">
      <span>
        <target id="w_26"/>
      </span>
    </term>
    <term tid="t_27" lemma="bovendien" type="open">
      <span>
        <target id="w_27"/>
      </span>
    </term>
    <term tid="t_28" lemma="slecht" type="open" pos="G">
      <span>
        <target id="w_28"/>
      </span>
      <sentiment polarity="negative" resource="VUA_olery_lexicon_nl_lmf"/>
    </term>
    <term tid="t_29" lemma="geïsoleerd" type="open">
      <span>
        <target id="w_29"/>
      </span>
    </term>
    <term tid="t_30" lemma="voor" type="open">
      <span>
        <target id="w_30"/>
      </span>
    </term>
    <term tid="t_31" lemma="geluid" type="open">
      <span>
        <target id="w_31"/>
      </span>
    </term>
    <term tid="t_32" lemma="," type="open">
      <span>
        <target id="w_32"/>
      </span>
    </term>
    <term tid="t_33" lemma="hetgeen" type="open">
      <span>
        <target id="w_33"/>
      </span>
    </term>
    <term tid="t_34" lemma="midden" type="open">
      <span>
        <target id="w_34"/>
      </span>
    </term>
    <term tid="t_35" lemma="in" type="open">
      <span>
        <target id="w_35"/>
      </span>
    </term>
    <term tid="t_36" lemma="de" type="open">
      <span>
        <target id="w_36"/>
      </span>
    </term>
    <term tid="t_37" lemma="stad" type="open">
      <span>
        <target id="w_37"/>
      </span>
    </term>
    <term tid="t_38" lemma="tot" type="open">
      <span>
        <target id="w_38"/>
      </span>
    </term>
    <term tid="t_39" lemma="aanzienlijke" type="open">
      <span>
        <target id="w_39"/>
      </span>
    </term>
    <term tid="t_40" lemma="verstoring" type="open">
      <span>
        <target id="w_40"/>
      </span>
    </term>
    <term tid="t_41" lemma="van" type="open">
      <span>
        <target id="w_41"/>
      </span>
    </term>
    <term tid="t_42" lemma="de" type="open">
      <span>
        <target id="w_42"/>
      </span>
    </term>
    <term tid="t_43" lemma="nachtrust" type="open">
      <span>
        <target id="w_43"/>
      </span>
    </term>
    <term tid="t_44" lemma="leidt" type="open">
      <span>
        <target id="w_44"/>
      </span>
    </term>
    <term tid="t_45" lemma="." type="open">
      <span>
        <target id="w_45"/>
      </span>
    </term>
  </terms>
  <properties>
    <property type="value_for_money" pid="p_1">
      <span>
        <target id="t_19"/>
      </span>
    </property>
    <property type="noise" pid="p_2">
      <span>
        <target id="t_31"/>
      </span>
    </property>
    <property type="location" pid="p_3">
      <span>
        <target id="t_37"/>
      </span>
    </property>
    <property type="sleeping_comfort" pid="p_4">
      <span>
        <target id="t_43"/>
      </span>
    </property>
    <property type="restaurant" pid="p_5">
      <span>
        <target id="t_22"/>
      </span>
    </property>
  </properties>
  <opinions>
    <opinion oid="o_1">
      <opinion_target>
        <span>
          <target id="t_4"/>
        </span>
      </opinion_target>
      <opinion_expression polarity="negative" strength="-1">
        <span>
          <target id="t_5"/>
        </span>
      </opinion_expression>
    </opinion>
    <opinion oid="o_2">
      <opinion_target>
        <span>
          <target id="t_29"/>
        </span>
      </opinion_target>
      <opinion_expression polarity="negative" strength="-1">
        <span>
          <target id="t_28"/>
        </span>
      </opinion_expression>
    </opinion>
  </opinions>
</KAF>
