<?xml version='1.0' encoding='UTF-8'?>
<KAF xml:lang="nl">
  <linguisticProcessors layer="text">
    <lp timestamp="2013-01-06T18:30:58CET" version="2.0" name="SentenceTokenizer"/>
  </linguisticProcessors>
  <linguisticProcessors layer="terms">
    <lp timestamp="2013-01-06T18:30:58CET" version="2.0" name="SentenceTokenizer"/>
    <lp timestamp="2013-01-06T18:30:58CET" version="1.0" name="SimplePolarityTagger"/>
  </linguisticProcessors>
  <linguisticProcessor layer="opinions">
    <lp timestamp="2013-01-06T18:30:59CET" version="1.0" name="SimpleOpinionDetector"/>
  </linguisticProcessor>
  <linguisticProcessor layer="properties">
    <lp timestamp="2013-01-06T18:30:59CET" version="1.0" name="SimplePropRecognizer_lookup"/>
  </linguisticProcessor>
  <linguisticProcessor layer="entities">
    <lp timestamp="2013-01-06T18:30:58CET" version="1.0" name="SimpleNER_lookup"/>
  </linguisticProcessor>
  <text>
    <wf wid="w_1" para="1" sent="1">Zeer</wf>
    <wf wid="w_2" para="1" sent="1">vriendelijk</wf>
    <wf wid="w_3" para="1" sent="1">personeel</wf>
    <wf wid="w_4" para="1" sent="1">.</wf>
    <wf wid="w_5" para="1" sent="2">Mooie</wf>
    <wf wid="w_6" para="1" sent="2">fris</wf>
    <wf wid="w_7" para="1" sent="2">uitziende</wf>
    <wf wid="w_8" para="1" sent="2">kamers</wf>
    <wf wid="w_9" para="1" sent="2">.</wf>
    <wf wid="w_10" para="1" sent="3">Gratis</wf>
    <wf wid="w_11" para="1" sent="3">parkeren</wf>
    <wf wid="w_12" para="1" sent="3">.</wf>
  </text>
  <terms>
    <term tid="t_1" lemma="zeer" type="open">
      <span>
        <target id="w_1"/>
      </span>
      <sentiment sentiment_modifier="intensifier" resource="VUA_olery_lexicon_nl_lmf"/>
    </term>
    <term tid="t_2" lemma="vriendelijk" type="open" pos="G">
      <span>
        <target id="w_2"/>
      </span>
      <sentiment polarity="positive" resource="VUA_olery_lexicon_nl_lmf"/>
    </term>
    <term tid="t_3" lemma="personeel" type="open">
      <span>
        <target id="w_3"/>
      </span>
    </term>
    <term tid="t_4" lemma="." type="open">
      <span>
        <target id="w_4"/>
      </span>
    </term>
    <term tid="t_5" lemma="mooie" type="open">
      <span>
        <target id="w_5"/>
      </span>
    </term>
    <term tid="t_6" lemma="fris" type="open" pos="G">
      <span>
        <target id="w_6"/>
      </span>
      <sentiment polarity="positive" resource="VUA_olery_lexicon_nl_lmf"/>
    </term>
    <term tid="t_7" lemma="uitziende" type="open">
      <span>
        <target id="w_7"/>
      </span>
    </term>
    <term tid="t_8" lemma="kamers" type="open">
      <span>
        <target id="w_8"/>
      </span>
    </term>
    <term tid="t_9" lemma="." type="open">
      <span>
        <target id="w_9"/>
      </span>
    </term>
    <term tid="t_10" lemma="gratis" type="open" pos="G">
      <span>
        <target id="w_10"/>
      </span>
      <sentiment polarity="positive" resource="VUA_olery_lexicon_nl_lmf"/>
    </term>
    <term tid="t_11" lemma="parkeren" type="open">
      <span>
        <target id="w_11"/>
      </span>
    </term>
    <term tid="t_12" lemma="." type="open">
      <span>
        <target id="w_12"/>
      </span>
    </term>
  </terms>
  <properties>
    <property type="cleanliness" pid="p_1">
      <span>
        <target id="t_6"/>
      </span>
    </property>
    <property type="value_for_money" pid="p_2">
      <span>
        <target id="t_10"/>
      </span>
    </property>
    <property type="parking" pid="p_3">
      <span>
        <target id="t_11"/>
      </span>
    </property>
    <property type="staff" pid="p_4">
      <span>
        <target id="t_2"/>
      </span>
      <span>
        <target id="t_3"/>
      </span>
    </property>
  </properties>
  <opinions>
    <opinion oid="o_1">
      <opinion_target>
        <span>
          <target id="t_3"/>
        </span>
      </opinion_target>
      <opinion_expression polarity="positive" strength="2">
        <span>
          <target id="t_2"/>
          <target id="t_1"/>
        </span>
      </opinion_expression>
    </opinion>
    <opinion oid="o_2">
      <opinion_target>
        <span>
          <target id="t_7"/>
        </span>
      </opinion_target>
      <opinion_expression polarity="positive" strength="1">
        <span>
          <target id="t_6"/>
        </span>
      </opinion_expression>
    </opinion>
    <opinion oid="o_3">
      <opinion_target>
        <span>
          <target id="t_11"/>
        </span>
      </opinion_target>
      <opinion_expression polarity="positive" strength="1">
        <span>
          <target id="t_10"/>
        </span>
      </opinion_expression>
    </opinion>
  </opinions>
</KAF>
