<?xml version='1.0' encoding='UTF-8'?>
<KAF xml:lang="nl">
  <linguisticProcessors layer="text">
    <lp timestamp="2013-01-06T18:43:55CET" version="2.0" name="SentenceTokenizer"/>
  </linguisticProcessors>
  <linguisticProcessors layer="terms">
    <lp timestamp="2013-01-06T18:43:55CET" version="2.0" name="SentenceTokenizer"/>
    <lp timestamp="2013-01-06T18:43:55CET" version="1.0" name="SimplePolarityTagger"/>
  </linguisticProcessors>
  <linguisticProcessor layer="opinions">
    <lp timestamp="2013-01-06T18:43:55CET" version="1.0" name="SimpleOpinionDetector"/>
  </linguisticProcessor>
  <linguisticProcessor layer="properties">
    <lp timestamp="2013-01-06T18:43:55CET" version="1.0" name="SimplePropRecognizer_lookup"/>
  </linguisticProcessor>
  <linguisticProcessor layer="entities">
    <lp timestamp="2013-01-06T18:43:55CET" version="1.0" name="SimpleNER_lookup"/>
  </linguisticProcessor>
  <text>
    <wf wid="w_1" para="1" sent="1">Grand</wf>
    <wf wid="w_2" para="1" sent="1">hotel</wf>
    <wf wid="w_3" para="1" sent="1">(in</wf>
    <wf wid="w_4" para="1" sent="1">naam</wf>
    <wf wid="w_5" para="1" sent="1">)</wf>
    <wf wid="w_6" para="1" sent="1">maar</wf>
    <wf wid="w_7" para="1" sent="1">Kleine</wf>
    <wf wid="w_8" para="1" sent="1">Service</wf>
    <wf wid="w_9" para="1" sent="1">!.</wf>
    <wf wid="w_10" para="1" sent="2">In</wf>
    <wf wid="w_11" para="1" sent="2">de</wf>
    <wf wid="w_12" para="1" sent="2">voorjaarsvakantie</wf>
    <wf wid="w_13" para="1" sent="2">2</wf>
    <wf wid="w_14" para="1" sent="2">dagen</wf>
    <wf wid="w_15" para="1" sent="2">naar</wf>
    <wf wid="w_16" para="1" sent="2">Valkenburg</wf>
    <wf wid="w_17" para="1" sent="2">!</wf>
    <wf wid="w_18" para="1" sent="3">Vooraf</wf>
    <wf wid="w_19" para="1" sent="3">hadden</wf>
    <wf wid="w_20" para="1" sent="3">gecheckt</wf>
    <wf wid="w_21" para="1" sent="3">of</wf>
    <wf wid="w_22" para="1" sent="3">het</wf>
    <wf wid="w_23" para="1" sent="3">dan</wf>
    <wf wid="w_24" para="1" sent="3">al</wf>
    <wf wid="w_25" para="1" sent="3">carnaval</wf>
    <wf wid="w_26" para="1" sent="3">zou</wf>
    <wf wid="w_27" para="1" sent="3">zijn</wf>
    <wf wid="w_28" para="1" sent="3">(wij</wf>
    <wf wid="w_29" para="1" sent="3">komen</wf>
    <wf wid="w_30" para="1" sent="3">van</wf>
    <wf wid="w_31" para="1" sent="3">boven</wf>
    <wf wid="w_32" para="1" sent="3">de</wf>
    <wf wid="w_33" para="1" sent="3">rivierenâ¦</wf>
    <wf wid="w_34" para="1" sent="3">)</wf>
    <wf wid="w_35" para="1" sent="3">.</wf>
    <wf wid="w_36" para="1" sent="4">dat</wf>
    <wf wid="w_37" para="1" sent="4">was</wf>
    <wf wid="w_38" para="1" sent="4">niet</wf>
    <wf wid="w_39" para="1" sent="4">het</wf>
    <wf wid="w_40" para="1" sent="4">geval</wf>
    <wf wid="w_41" para="1" sent="4">.</wf>
    <wf wid="w_42" para="1" sent="5">Bij</wf>
    <wf wid="w_43" para="1" sent="5">het</wf>
    <wf wid="w_44" para="1" sent="5">inchecken</wf>
    <wf wid="w_45" para="1" sent="5">viel</wf>
    <wf wid="w_46" para="1" sent="5">ons</wf>
    <wf wid="w_47" para="1" sent="5">op</wf>
    <wf wid="w_48" para="1" sent="5">dat</wf>
    <wf wid="w_49" para="1" sent="5">het</wf>
    <wf wid="w_50" para="1" sent="5">gehele</wf>
    <wf wid="w_51" para="1" sent="5">Walramplein</wf>
    <wf wid="w_52" para="1" sent="5">was</wf>
    <wf wid="w_53" para="1" sent="5">afgezet</wf>
    <wf wid="w_54" para="1" sent="5">en</wf>
    <wf wid="w_55" para="1" sent="5">dat</wf>
    <wf wid="w_56" para="1" sent="5">een</wf>
    <wf wid="w_57" para="1" sent="5">groot</wf>
    <wf wid="w_58" para="1" sent="5">podium</wf>
    <wf wid="w_59" para="1" sent="5">werd</wf>
    <wf wid="w_60" para="1" sent="5">neergezet</wf>
    <wf wid="w_61" para="1" sent="5">.</wf>
    <wf wid="w_62" para="1" sent="6">Navraag</wf>
    <wf wid="w_63" para="1" sent="6">in</wf>
    <wf wid="w_64" para="1" sent="6">het</wf>
    <wf wid="w_65" para="1" sent="6">hotel</wf>
    <wf wid="w_66" para="1" sent="6">leerde</wf>
    <wf wid="w_67" para="1" sent="6">dat</wf>
    <wf wid="w_68" para="1" sent="6">het</wf>
    <wf wid="w_69" para="1" sent="6">jaarlijkse</wf>
    <wf wid="w_70" para="1" sent="6">âOlde</wf>
    <wf wid="w_71" para="1" sent="6">Wieven</wf>
    <wf wid="w_72" para="1" sent="6">Balâ</wf>
    <wf wid="w_73" para="1" sent="6">gevierd</wf>
    <wf wid="w_74" para="1" sent="6">zou</wf>
    <wf wid="w_75" para="1" sent="6">worden</wf>
    <wf wid="w_76" para="1" sent="6">;</wf>
    <wf wid="w_77" para="1" sent="6">het</wf>
    <wf wid="w_78" para="1" sent="6">bal</wf>
    <wf wid="w_79" para="1" sent="6">dat</wf>
    <wf wid="w_80" para="1" sent="6">traditioneel</wf>
    <wf wid="w_81" para="1" sent="6">wordt</wf>
    <wf wid="w_82" para="1" sent="6">gehouden</wf>
    <wf wid="w_83" para="1" sent="6">op</wf>
    <wf wid="w_84" para="1" sent="6">de</wf>
    <wf wid="w_85" para="1" sent="6">donderdag</wf>
    <wf wid="w_86" para="1" sent="6">voor</wf>
    <wf wid="w_87" para="1" sent="6">het</wf>
    <wf wid="w_88" para="1" sent="6">carnavalsweekend</wf>
    <wf wid="w_89" para="1" sent="6">.</wf>
    <wf wid="w_90" para="1" sent="7">En</wf>
    <wf wid="w_91" para="1" sent="7">,</wf>
    <wf wid="w_92" para="1" sent="7">u</wf>
    <wf wid="w_93" para="1" sent="7">raadt</wf>
    <wf wid="w_94" para="1" sent="7">het</wf>
    <wf wid="w_95" para="1" sent="7">al</wf>
    <wf wid="w_96" para="1" sent="7">:</wf>
    <wf wid="w_97" para="1" sent="7">onze</wf>
    <wf wid="w_98" para="1" sent="7">kamer</wf>
    <wf wid="w_99" para="1" sent="7">had</wf>
    <wf wid="w_100" para="1" sent="7">uitzicht</wf>
    <wf wid="w_101" para="1" sent="7">op</wf>
    <wf wid="w_102" para="1" sent="7">het</wf>
    <wf wid="w_103" para="1" sent="7">Walramplein</wf>
    <wf wid="w_104" para="1" sent="7">.</wf>
    <wf wid="w_105" para="1" sent="8">Een</wf>
    <wf wid="w_106" para="1" sent="8">andere</wf>
    <wf wid="w_107" para="1" sent="8">kamer</wf>
    <wf wid="w_108" para="1" sent="8">was</wf>
    <wf wid="w_109" para="1" sent="8">niet</wf>
    <wf wid="w_110" para="1" sent="8">mogelijk</wf>
    <wf wid="w_111" para="1" sent="8">.</wf>
    <wf wid="w_112" para="1" sent="9">Met</wf>
    <wf wid="w_113" para="1" sent="9">2</wf>
    <wf wid="w_114" para="1" sent="9">kleine</wf>
    <wf wid="w_115" para="1" sent="9">kinderen</wf>
    <wf wid="w_116" para="1" sent="9">zijn</wf>
    <wf wid="w_117" para="1" sent="9">we</wf>
    <wf wid="w_118" para="1" sent="9">tot</wf>
    <wf wid="w_119" para="1" sent="9">1.30</wf>
    <wf wid="w_120" para="1" sent="9">uur</wf>
    <wf wid="w_121" para="1" sent="9">klaarwakker</wf>
    <wf wid="w_122" para="1" sent="9">geweest</wf>
    <wf wid="w_123" para="1" sent="9">van</wf>
    <wf wid="w_124" para="1" sent="9">de</wf>
    <wf wid="w_125" para="1" sent="9">muziek</wf>
    <wf wid="w_126" para="1" sent="9">.</wf>
    <wf wid="w_127" para="1" sent="10">Liggen</wf>
    <wf wid="w_128" para="1" sent="10">op</wf>
    <wf wid="w_129" para="1" sent="10">bed</wf>
    <wf wid="w_130" para="1" sent="10">ging</wf>
    <wf wid="w_131" para="1" sent="10">niet</wf>
    <wf wid="w_132" para="1" sent="10">:</wf>
    <wf wid="w_133" para="1" sent="10">de</wf>
    <wf wid="w_134" para="1" sent="10">bas</wf>
    <wf wid="w_135" para="1" sent="10">dreunde</wf>
    <wf wid="w_136" para="1" sent="10">zo</wf>
    <wf wid="w_137" para="1" sent="10">hard</wf>
    <wf wid="w_138" para="1" sent="10">door</wf>
    <wf wid="w_139" para="1" sent="10">lijf</wf>
    <wf wid="w_140" para="1" sent="10">dat</wf>
    <wf wid="w_141" para="1" sent="10">het</wf>
    <wf wid="w_142" para="1" sent="10">pijn</wf>
    <wf wid="w_143" para="1" sent="10">deed</wf>
    <wf wid="w_144" para="1" sent="10">.</wf>
    <wf wid="w_145" para="1" sent="11">Het</wf>
    <wf wid="w_146" para="1" sent="11">hotelpersonheel</wf>
    <wf wid="w_147" para="1" sent="11">haalde</wf>
    <wf wid="w_148" para="1" sent="11">de</wf>
    <wf wid="w_149" para="1" sent="11">schouders</wf>
    <wf wid="w_150" para="1" sent="11">erover</wf>
    <wf wid="w_151" para="1" sent="11">op</wf>
    <wf wid="w_152" para="1" sent="11">.</wf>
    <wf wid="w_153" para="1" sent="12">Geen</wf>
    <wf wid="w_154" para="1" sent="12">excuus</wf>
    <wf wid="w_155" para="1" sent="12">.</wf>
    <wf wid="w_156" para="1" sent="13">Alleen</wf>
    <wf wid="w_157" para="1" sent="13">per</wf>
    <wf wid="w_158" para="1" sent="13">mail</wf>
    <wf wid="w_159" para="1" sent="13">(nav</wf>
    <wf wid="w_160" para="1" sent="13">onze</wf>
    <wf wid="w_161" para="1" sent="13">schriftelijke</wf>
    <wf wid="w_162" para="1" sent="13">klacht</wf>
    <wf wid="w_163" para="1" sent="13">)</wf>
    <wf wid="w_164" para="1" sent="13">dat</wf>
    <wf wid="w_165" para="1" sent="13">het</wf>
    <wf wid="w_166" para="1" sent="13">hen</wf>
    <wf wid="w_167" para="1" sent="13">speet</wf>
    <wf wid="w_168" para="1" sent="13">dat</wf>
    <wf wid="w_169" para="1" sent="13">we</wf>
    <wf wid="w_170" para="1" sent="13">zo</wf>
    <wf wid="w_171" para="1" sent="13">'n</wf>
    <wf wid="w_172" para="1" sent="13">overlast</wf>
    <wf wid="w_173" para="1" sent="13">hadden</wf>
    <wf wid="w_174" para="1" sent="13">gehad</wf>
    <wf wid="w_175" para="1" sent="13">.</wf>
    <wf wid="w_176" para="1" sent="14">Maar</wf>
    <wf wid="w_177" para="1" sent="14">ook</wf>
    <wf wid="w_178" para="1" sent="14">wederom</wf>
    <wf wid="w_179" para="1" sent="14">geen</wf>
    <wf wid="w_180" para="1" sent="14">oplossing</wf>
    <wf wid="w_181" para="1" sent="14">!</wf>
    <wf wid="w_182" para="1" sent="15">Jammer</wf>
    <wf wid="w_183" para="1" sent="15">en</wf>
    <wf wid="w_184" para="1" sent="15">een</wf>
    <wf wid="w_185" para="1" sent="15">gemiste</wf>
    <wf wid="w_186" para="1" sent="15">kans</wf>
    <wf wid="w_187" para="1" sent="15">.</wf>
    <wf wid="w_188" para="1" sent="16">Het</wf>
    <wf wid="w_189" para="1" sent="16">kan</wf>
    <wf wid="w_190" para="1" sent="16">altijd</wf>
    <wf wid="w_191" para="1" sent="16">een</wf>
    <wf wid="w_192" para="1" sent="16">keer</wf>
    <wf wid="w_193" para="1" sent="16">misgaan</wf>
    <wf wid="w_194" para="1" sent="16">,</wf>
    <wf wid="w_195" para="1" sent="16">maar</wf>
    <wf wid="w_196" para="1" sent="16">los</wf>
    <wf wid="w_197" para="1" sent="16">het</wf>
    <wf wid="w_198" para="1" sent="16">dan</wf>
    <wf wid="w_199" para="1" sent="16">op</wf>
    <wf wid="w_200" para="1" sent="16">!</wf>
    <wf wid="w_201" para="1" sent="17">Maak</wf>
    <wf wid="w_202" para="1" sent="17">er</wf>
    <wf wid="w_203" para="1" sent="17">weer</wf>
    <wf wid="w_204" para="1" sent="17">een</wf>
    <wf wid="w_205" para="1" sent="17">tevreden</wf>
    <wf wid="w_206" para="1" sent="17">klant</wf>
    <wf wid="w_207" para="1" sent="17">van</wf>
    <wf wid="w_208" para="1" sent="17">.</wf>
    <wf wid="w_209" para="1" sent="18">Helaas</wf>
    <wf wid="w_210" para="1" sent="18">!</wf>
  </text>
  <terms>
    <term tid="t_1" lemma="grand" type="open">
      <span>
        <target id="w_1"/>
      </span>
    </term>
    <term tid="t_2" lemma="hotel" type="open">
      <span>
        <target id="w_2"/>
      </span>
    </term>
    <term tid="t_3" lemma="(in" type="open">
      <span>
        <target id="w_3"/>
      </span>
    </term>
    <term tid="t_4" lemma="naam" type="open">
      <span>
        <target id="w_4"/>
      </span>
    </term>
    <term tid="t_5" lemma=")" type="open">
      <span>
        <target id="w_5"/>
      </span>
    </term>
    <term tid="t_6" lemma="maar" type="open">
      <span>
        <target id="w_6"/>
      </span>
    </term>
    <term tid="t_7" lemma="kleine" type="open">
      <span>
        <target id="w_7"/>
      </span>
    </term>
    <term tid="t_8" lemma="service" type="open">
      <span>
        <target id="w_8"/>
      </span>
    </term>
    <term tid="t_9" lemma="!." type="open">
      <span>
        <target id="w_9"/>
      </span>
    </term>
    <term tid="t_10" lemma="in" type="open">
      <span>
        <target id="w_10"/>
      </span>
    </term>
    <term tid="t_11" lemma="de" type="open">
      <span>
        <target id="w_11"/>
      </span>
    </term>
    <term tid="t_12" lemma="voorjaarsvakantie" type="open">
      <span>
        <target id="w_12"/>
      </span>
    </term>
    <term tid="t_13" lemma="2" type="open">
      <span>
        <target id="w_13"/>
      </span>
    </term>
    <term tid="t_14" lemma="dagen" type="open">
      <span>
        <target id="w_14"/>
      </span>
    </term>
    <term tid="t_15" lemma="naar" type="open" pos="G">
      <span>
        <target id="w_15"/>
      </span>
      <sentiment polarity="negative" resource="VUA_olery_lexicon_nl_lmf"/>
    </term>
    <term tid="t_16" lemma="valkenburg" type="open">
      <span>
        <target id="w_16"/>
      </span>
    </term>
    <term tid="t_17" lemma="!" type="open">
      <span>
        <target id="w_17"/>
      </span>
      <sentiment sentiment_modifier="intensifier" resource="VUA_olery_lexicon_nl_lmf"/>
    </term>
    <term tid="t_18" lemma="vooraf" type="open">
      <span>
        <target id="w_18"/>
      </span>
    </term>
    <term tid="t_19" lemma="hadden" type="open">
      <span>
        <target id="w_19"/>
      </span>
    </term>
    <term tid="t_20" lemma="gecheckt" type="open">
      <span>
        <target id="w_20"/>
      </span>
    </term>
    <term tid="t_21" lemma="of" type="open">
      <span>
        <target id="w_21"/>
      </span>
    </term>
    <term tid="t_22" lemma="het" type="open">
      <span>
        <target id="w_22"/>
      </span>
    </term>
    <term tid="t_23" lemma="dan" type="open">
      <span>
        <target id="w_23"/>
      </span>
    </term>
    <term tid="t_24" lemma="al" type="open">
      <span>
        <target id="w_24"/>
      </span>
    </term>
    <term tid="t_25" lemma="carnaval" type="open">
      <span>
        <target id="w_25"/>
      </span>
    </term>
    <term tid="t_26" lemma="zou" type="open">
      <span>
        <target id="w_26"/>
      </span>
    </term>
    <term tid="t_27" lemma="zijn" type="open">
      <span>
        <target id="w_27"/>
      </span>
    </term>
    <term tid="t_28" lemma="(wij" type="open">
      <span>
        <target id="w_28"/>
      </span>
    </term>
    <term tid="t_29" lemma="komen" type="open">
      <span>
        <target id="w_29"/>
      </span>
    </term>
    <term tid="t_30" lemma="van" type="open">
      <span>
        <target id="w_30"/>
      </span>
    </term>
    <term tid="t_31" lemma="boven" type="open">
      <span>
        <target id="w_31"/>
      </span>
    </term>
    <term tid="t_32" lemma="de" type="open">
      <span>
        <target id="w_32"/>
      </span>
    </term>
    <term tid="t_33" lemma="rivierenâ¦" type="open">
      <span>
        <target id="w_33"/>
      </span>
    </term>
    <term tid="t_34" lemma=")" type="open">
      <span>
        <target id="w_34"/>
      </span>
    </term>
    <term tid="t_35" lemma="." type="open">
      <span>
        <target id="w_35"/>
      </span>
    </term>
    <term tid="t_36" lemma="dat" type="open">
      <span>
        <target id="w_36"/>
      </span>
    </term>
    <term tid="t_37" lemma="was" type="open">
      <span>
        <target id="w_37"/>
      </span>
    </term>
    <term tid="t_38" lemma="niet" type="open">
      <span>
        <target id="w_38"/>
      </span>
      <sentiment sentiment_modifier="shifter" resource="VUA_olery_lexicon_nl_lmf"/>
    </term>
    <term tid="t_39" lemma="het" type="open">
      <span>
        <target id="w_39"/>
      </span>
    </term>
    <term tid="t_40" lemma="geval" type="open">
      <span>
        <target id="w_40"/>
      </span>
    </term>
    <term tid="t_41" lemma="." type="open">
      <span>
        <target id="w_41"/>
      </span>
    </term>
    <term tid="t_42" lemma="bij" type="open">
      <span>
        <target id="w_42"/>
      </span>
    </term>
    <term tid="t_43" lemma="het" type="open">
      <span>
        <target id="w_43"/>
      </span>
    </term>
    <term tid="t_44" lemma="inchecken" type="open">
      <span>
        <target id="w_44"/>
      </span>
    </term>
    <term tid="t_45" lemma="viel" type="open">
      <span>
        <target id="w_45"/>
      </span>
    </term>
    <term tid="t_46" lemma="ons" type="open">
      <span>
        <target id="w_46"/>
      </span>
    </term>
    <term tid="t_47" lemma="op" type="open">
      <span>
        <target id="w_47"/>
      </span>
    </term>
    <term tid="t_48" lemma="dat" type="open">
      <span>
        <target id="w_48"/>
      </span>
    </term>
    <term tid="t_49" lemma="het" type="open">
      <span>
        <target id="w_49"/>
      </span>
    </term>
    <term tid="t_50" lemma="gehele" type="open">
      <span>
        <target id="w_50"/>
      </span>
    </term>
    <term tid="t_51" lemma="walramplein" type="open">
      <span>
        <target id="w_51"/>
      </span>
    </term>
    <term tid="t_52" lemma="was" type="open">
      <span>
        <target id="w_52"/>
      </span>
    </term>
    <term tid="t_53" lemma="afgezet" type="open">
      <span>
        <target id="w_53"/>
      </span>
    </term>
    <term tid="t_54" lemma="en" type="open">
      <span>
        <target id="w_54"/>
      </span>
    </term>
    <term tid="t_55" lemma="dat" type="open">
      <span>
        <target id="w_55"/>
      </span>
    </term>
    <term tid="t_56" lemma="een" type="open">
      <span>
        <target id="w_56"/>
      </span>
    </term>
    <term tid="t_57" lemma="groot" type="open">
      <span>
        <target id="w_57"/>
      </span>
    </term>
    <term tid="t_58" lemma="podium" type="open">
      <span>
        <target id="w_58"/>
      </span>
    </term>
    <term tid="t_59" lemma="werd" type="open">
      <span>
        <target id="w_59"/>
      </span>
    </term>
    <term tid="t_60" lemma="neergezet" type="open">
      <span>
        <target id="w_60"/>
      </span>
    </term>
    <term tid="t_61" lemma="." type="open">
      <span>
        <target id="w_61"/>
      </span>
    </term>
    <term tid="t_62" lemma="navraag" type="open">
      <span>
        <target id="w_62"/>
      </span>
    </term>
    <term tid="t_63" lemma="in" type="open">
      <span>
        <target id="w_63"/>
      </span>
    </term>
    <term tid="t_64" lemma="het" type="open">
      <span>
        <target id="w_64"/>
      </span>
    </term>
    <term tid="t_65" lemma="hotel" type="open">
      <span>
        <target id="w_65"/>
      </span>
    </term>
    <term tid="t_66" lemma="leerde" type="open">
      <span>
        <target id="w_66"/>
      </span>
    </term>
    <term tid="t_67" lemma="dat" type="open">
      <span>
        <target id="w_67"/>
      </span>
    </term>
    <term tid="t_68" lemma="het" type="open">
      <span>
        <target id="w_68"/>
      </span>
    </term>
    <term tid="t_69" lemma="jaarlijkse" type="open">
      <span>
        <target id="w_69"/>
      </span>
    </term>
    <term tid="t_70" lemma="âolde" type="open">
      <span>
        <target id="w_70"/>
      </span>
    </term>
    <term tid="t_71" lemma="wieven" type="open">
      <span>
        <target id="w_71"/>
      </span>
    </term>
    <term tid="t_72" lemma="balâ" type="open">
      <span>
        <target id="w_72"/>
      </span>
    </term>
    <term tid="t_73" lemma="gevierd" type="open">
      <span>
        <target id="w_73"/>
      </span>
    </term>
    <term tid="t_74" lemma="zou" type="open">
      <span>
        <target id="w_74"/>
      </span>
    </term>
    <term tid="t_75" lemma="worden" type="open">
      <span>
        <target id="w_75"/>
      </span>
    </term>
    <term tid="t_76" lemma=";" type="open">
      <span>
        <target id="w_76"/>
      </span>
    </term>
    <term tid="t_77" lemma="het" type="open">
      <span>
        <target id="w_77"/>
      </span>
    </term>
    <term tid="t_78" lemma="bal" type="open">
      <span>
        <target id="w_78"/>
      </span>
    </term>
    <term tid="t_79" lemma="dat" type="open">
      <span>
        <target id="w_79"/>
      </span>
    </term>
    <term tid="t_80" lemma="traditioneel" type="open">
      <span>
        <target id="w_80"/>
      </span>
    </term>
    <term tid="t_81" lemma="wordt" type="open">
      <span>
        <target id="w_81"/>
      </span>
    </term>
    <term tid="t_82" lemma="gehouden" type="open">
      <span>
        <target id="w_82"/>
      </span>
    </term>
    <term tid="t_83" lemma="op" type="open">
      <span>
        <target id="w_83"/>
      </span>
    </term>
    <term tid="t_84" lemma="de" type="open">
      <span>
        <target id="w_84"/>
      </span>
    </term>
    <term tid="t_85" lemma="donderdag" type="open">
      <span>
        <target id="w_85"/>
      </span>
    </term>
    <term tid="t_86" lemma="voor" type="open">
      <span>
        <target id="w_86"/>
      </span>
    </term>
    <term tid="t_87" lemma="het" type="open">
      <span>
        <target id="w_87"/>
      </span>
    </term>
    <term tid="t_88" lemma="carnavalsweekend" type="open">
      <span>
        <target id="w_88"/>
      </span>
    </term>
    <term tid="t_89" lemma="." type="open">
      <span>
        <target id="w_89"/>
      </span>
    </term>
    <term tid="t_90" lemma="en" type="open">
      <span>
        <target id="w_90"/>
      </span>
    </term>
    <term tid="t_91" lemma="," type="open">
      <span>
        <target id="w_91"/>
      </span>
    </term>
    <term tid="t_92" lemma="u" type="open">
      <span>
        <target id="w_92"/>
      </span>
    </term>
    <term tid="t_93" lemma="raadt" type="open">
      <span>
        <target id="w_93"/>
      </span>
    </term>
    <term tid="t_94" lemma="het" type="open">
      <span>
        <target id="w_94"/>
      </span>
    </term>
    <term tid="t_95" lemma="al" type="open">
      <span>
        <target id="w_95"/>
      </span>
    </term>
    <term tid="t_96" lemma=":" type="open">
      <span>
        <target id="w_96"/>
      </span>
    </term>
    <term tid="t_97" lemma="onze" type="open">
      <span>
        <target id="w_97"/>
      </span>
    </term>
    <term tid="t_98" lemma="kamer" type="open">
      <span>
        <target id="w_98"/>
      </span>
    </term>
    <term tid="t_99" lemma="had" type="open">
      <span>
        <target id="w_99"/>
      </span>
    </term>
    <term tid="t_100" lemma="uitzicht" type="open">
      <span>
        <target id="w_100"/>
      </span>
    </term>
    <term tid="t_101" lemma="op" type="open">
      <span>
        <target id="w_101"/>
      </span>
    </term>
    <term tid="t_102" lemma="het" type="open">
      <span>
        <target id="w_102"/>
      </span>
    </term>
    <term tid="t_103" lemma="walramplein" type="open">
      <span>
        <target id="w_103"/>
      </span>
    </term>
    <term tid="t_104" lemma="." type="open">
      <span>
        <target id="w_104"/>
      </span>
    </term>
    <term tid="t_105" lemma="een" type="open">
      <span>
        <target id="w_105"/>
      </span>
    </term>
    <term tid="t_106" lemma="andere" type="open">
      <span>
        <target id="w_106"/>
      </span>
    </term>
    <term tid="t_107" lemma="kamer" type="open">
      <span>
        <target id="w_107"/>
      </span>
    </term>
    <term tid="t_108" lemma="was" type="open">
      <span>
        <target id="w_108"/>
      </span>
    </term>
    <term tid="t_109" lemma="niet" type="open">
      <span>
        <target id="w_109"/>
      </span>
      <sentiment sentiment_modifier="shifter" resource="VUA_olery_lexicon_nl_lmf"/>
    </term>
    <term tid="t_110" lemma="mogelijk" type="open">
      <span>
        <target id="w_110"/>
      </span>
    </term>
    <term tid="t_111" lemma="." type="open">
      <span>
        <target id="w_111"/>
      </span>
    </term>
    <term tid="t_112" lemma="met" type="open">
      <span>
        <target id="w_112"/>
      </span>
    </term>
    <term tid="t_113" lemma="2" type="open">
      <span>
        <target id="w_113"/>
      </span>
    </term>
    <term tid="t_114" lemma="kleine" type="open">
      <span>
        <target id="w_114"/>
      </span>
    </term>
    <term tid="t_115" lemma="kinderen" type="open">
      <span>
        <target id="w_115"/>
      </span>
    </term>
    <term tid="t_116" lemma="zijn" type="open">
      <span>
        <target id="w_116"/>
      </span>
    </term>
    <term tid="t_117" lemma="we" type="open">
      <span>
        <target id="w_117"/>
      </span>
    </term>
    <term tid="t_118" lemma="tot" type="open">
      <span>
        <target id="w_118"/>
      </span>
    </term>
    <term tid="t_119" lemma="1.30" type="open">
      <span>
        <target id="w_119"/>
      </span>
    </term>
    <term tid="t_120" lemma="uur" type="open">
      <span>
        <target id="w_120"/>
      </span>
    </term>
    <term tid="t_121" lemma="klaarwakker" type="open">
      <span>
        <target id="w_121"/>
      </span>
    </term>
    <term tid="t_122" lemma="geweest" type="open">
      <span>
        <target id="w_122"/>
      </span>
    </term>
    <term tid="t_123" lemma="van" type="open">
      <span>
        <target id="w_123"/>
      </span>
    </term>
    <term tid="t_124" lemma="de" type="open">
      <span>
        <target id="w_124"/>
      </span>
    </term>
    <term tid="t_125" lemma="muziek" type="open">
      <span>
        <target id="w_125"/>
      </span>
    </term>
    <term tid="t_126" lemma="." type="open">
      <span>
        <target id="w_126"/>
      </span>
    </term>
    <term tid="t_127" lemma="liggen" type="open">
      <span>
        <target id="w_127"/>
      </span>
    </term>
    <term tid="t_128" lemma="op" type="open">
      <span>
        <target id="w_128"/>
      </span>
    </term>
    <term tid="t_129" lemma="bed" type="open">
      <span>
        <target id="w_129"/>
      </span>
    </term>
    <term tid="t_130" lemma="ging" type="open">
      <span>
        <target id="w_130"/>
      </span>
    </term>
    <term tid="t_131" lemma="niet" type="open">
      <span>
        <target id="w_131"/>
      </span>
      <sentiment sentiment_modifier="shifter" resource="VUA_olery_lexicon_nl_lmf"/>
    </term>
    <term tid="t_132" lemma=":" type="open">
      <span>
        <target id="w_132"/>
      </span>
    </term>
    <term tid="t_133" lemma="de" type="open">
      <span>
        <target id="w_133"/>
      </span>
    </term>
    <term tid="t_134" lemma="bas" type="open">
      <span>
        <target id="w_134"/>
      </span>
    </term>
    <term tid="t_135" lemma="dreunde" type="open">
      <span>
        <target id="w_135"/>
      </span>
    </term>
    <term tid="t_136" lemma="zo" type="open">
      <span>
        <target id="w_136"/>
      </span>
    </term>
    <term tid="t_137" lemma="hard" type="open" pos="G">
      <span>
        <target id="w_137"/>
      </span>
      <sentiment polarity="negative" resource="VUA_olery_lexicon_nl_lmf"/>
    </term>
    <term tid="t_138" lemma="door" type="open">
      <span>
        <target id="w_138"/>
      </span>
    </term>
    <term tid="t_139" lemma="lijf" type="open">
      <span>
        <target id="w_139"/>
      </span>
    </term>
    <term tid="t_140" lemma="dat" type="open">
      <span>
        <target id="w_140"/>
      </span>
    </term>
    <term tid="t_141" lemma="het" type="open">
      <span>
        <target id="w_141"/>
      </span>
    </term>
    <term tid="t_142" lemma="pijn" type="open">
      <span>
        <target id="w_142"/>
      </span>
    </term>
    <term tid="t_143" lemma="deed" type="open">
      <span>
        <target id="w_143"/>
      </span>
    </term>
    <term tid="t_144" lemma="." type="open">
      <span>
        <target id="w_144"/>
      </span>
    </term>
    <term tid="t_145" lemma="het" type="open">
      <span>
        <target id="w_145"/>
      </span>
    </term>
    <term tid="t_146" lemma="hotelpersonheel" type="open">
      <span>
        <target id="w_146"/>
      </span>
    </term>
    <term tid="t_147" lemma="haalde" type="open">
      <span>
        <target id="w_147"/>
      </span>
    </term>
    <term tid="t_148" lemma="de" type="open">
      <span>
        <target id="w_148"/>
      </span>
    </term>
    <term tid="t_149" lemma="schouders" type="open">
      <span>
        <target id="w_149"/>
      </span>
    </term>
    <term tid="t_150" lemma="erover" type="open">
      <span>
        <target id="w_150"/>
      </span>
    </term>
    <term tid="t_151" lemma="op" type="open">
      <span>
        <target id="w_151"/>
      </span>
    </term>
    <term tid="t_152" lemma="." type="open">
      <span>
        <target id="w_152"/>
      </span>
    </term>
    <term tid="t_153" lemma="geen" type="open">
      <span>
        <target id="w_153"/>
      </span>
      <sentiment sentiment_modifier="shifter" resource="VUA_olery_lexicon_nl_lmf"/>
    </term>
    <term tid="t_154" lemma="excuus" type="open">
      <span>
        <target id="w_154"/>
      </span>
    </term>
    <term tid="t_155" lemma="." type="open">
      <span>
        <target id="w_155"/>
      </span>
    </term>
    <term tid="t_156" lemma="alleen" type="open">
      <span>
        <target id="w_156"/>
      </span>
    </term>
    <term tid="t_157" lemma="per" type="open">
      <span>
        <target id="w_157"/>
      </span>
    </term>
    <term tid="t_158" lemma="mail" type="open">
      <span>
        <target id="w_158"/>
      </span>
    </term>
    <term tid="t_159" lemma="(nav" type="open">
      <span>
        <target id="w_159"/>
      </span>
    </term>
    <term tid="t_160" lemma="onze" type="open">
      <span>
        <target id="w_160"/>
      </span>
    </term>
    <term tid="t_161" lemma="schriftelijke" type="open">
      <span>
        <target id="w_161"/>
      </span>
    </term>
    <term tid="t_162" lemma="klacht" type="open" pos="N">
      <span>
        <target id="w_162"/>
      </span>
      <sentiment polarity="negative" resource="VUA_olery_lexicon_nl_lmf"/>
    </term>
    <term tid="t_163" lemma=")" type="open">
      <span>
        <target id="w_163"/>
      </span>
    </term>
    <term tid="t_164" lemma="dat" type="open">
      <span>
        <target id="w_164"/>
      </span>
    </term>
    <term tid="t_165" lemma="het" type="open">
      <span>
        <target id="w_165"/>
      </span>
    </term>
    <term tid="t_166" lemma="hen" type="open">
      <span>
        <target id="w_166"/>
      </span>
    </term>
    <term tid="t_167" lemma="speet" type="open">
      <span>
        <target id="w_167"/>
      </span>
    </term>
    <term tid="t_168" lemma="dat" type="open">
      <span>
        <target id="w_168"/>
      </span>
    </term>
    <term tid="t_169" lemma="we" type="open">
      <span>
        <target id="w_169"/>
      </span>
    </term>
    <term tid="t_170" lemma="zo" type="open">
      <span>
        <target id="w_170"/>
      </span>
    </term>
    <term tid="t_171" lemma="'n" type="open">
      <span>
        <target id="w_171"/>
      </span>
    </term>
    <term tid="t_172" lemma="overlast" type="open" pos="N">
      <span>
        <target id="w_172"/>
      </span>
      <sentiment polarity="negative" resource="VUA_olery_lexicon_nl_lmf"/>
    </term>
    <term tid="t_173" lemma="hadden" type="open">
      <span>
        <target id="w_173"/>
      </span>
    </term>
    <term tid="t_174" lemma="gehad" type="open">
      <span>
        <target id="w_174"/>
      </span>
    </term>
    <term tid="t_175" lemma="." type="open">
      <span>
        <target id="w_175"/>
      </span>
    </term>
    <term tid="t_176" lemma="maar" type="open">
      <span>
        <target id="w_176"/>
      </span>
    </term>
    <term tid="t_177" lemma="ook" type="open">
      <span>
        <target id="w_177"/>
      </span>
    </term>
    <term tid="t_178" lemma="wederom" type="open">
      <span>
        <target id="w_178"/>
      </span>
    </term>
    <term tid="t_179" lemma="geen" type="open">
      <span>
        <target id="w_179"/>
      </span>
      <sentiment sentiment_modifier="shifter" resource="VUA_olery_lexicon_nl_lmf"/>
    </term>
    <term tid="t_180" lemma="oplossing" type="open">
      <span>
        <target id="w_180"/>
      </span>
    </term>
    <term tid="t_181" lemma="!" type="open">
      <span>
        <target id="w_181"/>
      </span>
      <sentiment sentiment_modifier="intensifier" resource="VUA_olery_lexicon_nl_lmf"/>
    </term>
    <term tid="t_182" lemma="jammer" type="open" pos="G">
      <span>
        <target id="w_182"/>
      </span>
      <sentiment polarity="negative" resource="VUA_olery_lexicon_nl_lmf"/>
    </term>
    <term tid="t_183" lemma="en" type="open">
      <span>
        <target id="w_183"/>
      </span>
    </term>
    <term tid="t_184" lemma="een" type="open">
      <span>
        <target id="w_184"/>
      </span>
    </term>
    <term tid="t_185" lemma="gemiste" type="open">
      <span>
        <target id="w_185"/>
      </span>
    </term>
    <term tid="t_186" lemma="kans" type="open">
      <span>
        <target id="w_186"/>
      </span>
    </term>
    <term tid="t_187" lemma="." type="open">
      <span>
        <target id="w_187"/>
      </span>
    </term>
    <term tid="t_188" lemma="het" type="open">
      <span>
        <target id="w_188"/>
      </span>
    </term>
    <term tid="t_189" lemma="kan" type="open">
      <span>
        <target id="w_189"/>
      </span>
    </term>
    <term tid="t_190" lemma="altijd" type="open">
      <span>
        <target id="w_190"/>
      </span>
      <sentiment sentiment_modifier="intensifier" resource="VUA_olery_lexicon_nl_lmf"/>
    </term>
    <term tid="t_191" lemma="een" type="open">
      <span>
        <target id="w_191"/>
      </span>
    </term>
    <term tid="t_192" lemma="keer" type="open">
      <span>
        <target id="w_192"/>
      </span>
    </term>
    <term tid="t_193" lemma="misgaan" type="open">
      <span>
        <target id="w_193"/>
      </span>
    </term>
    <term tid="t_194" lemma="," type="open">
      <span>
        <target id="w_194"/>
      </span>
    </term>
    <term tid="t_195" lemma="maar" type="open">
      <span>
        <target id="w_195"/>
      </span>
    </term>
    <term tid="t_196" lemma="los" type="open">
      <span>
        <target id="w_196"/>
      </span>
    </term>
    <term tid="t_197" lemma="het" type="open">
      <span>
        <target id="w_197"/>
      </span>
    </term>
    <term tid="t_198" lemma="dan" type="open">
      <span>
        <target id="w_198"/>
      </span>
    </term>
    <term tid="t_199" lemma="op" type="open">
      <span>
        <target id="w_199"/>
      </span>
    </term>
    <term tid="t_200" lemma="!" type="open">
      <span>
        <target id="w_200"/>
      </span>
      <sentiment sentiment_modifier="intensifier" resource="VUA_olery_lexicon_nl_lmf"/>
    </term>
    <term tid="t_201" lemma="maak" type="open">
      <span>
        <target id="w_201"/>
      </span>
    </term>
    <term tid="t_202" lemma="er" type="open">
      <span>
        <target id="w_202"/>
      </span>
    </term>
    <term tid="t_203" lemma="weer" type="open">
      <span>
        <target id="w_203"/>
      </span>
    </term>
    <term tid="t_204" lemma="een" type="open">
      <span>
        <target id="w_204"/>
      </span>
    </term>
    <term tid="t_205" lemma="tevreden" type="open" pos="G">
      <span>
        <target id="w_205"/>
      </span>
      <sentiment polarity="positive" resource="VUA_olery_lexicon_nl_lmf"/>
    </term>
    <term tid="t_206" lemma="klant" type="open">
      <span>
        <target id="w_206"/>
      </span>
    </term>
    <term tid="t_207" lemma="van" type="open">
      <span>
        <target id="w_207"/>
      </span>
    </term>
    <term tid="t_208" lemma="." type="open">
      <span>
        <target id="w_208"/>
      </span>
    </term>
    <term tid="t_209" lemma="helaas" type="open" pos="A">
      <span>
        <target id="w_209"/>
      </span>
      <sentiment polarity="negative" resource="VUA_olery_lexicon_nl_lmf"/>
    </term>
    <term tid="t_210" lemma="!" type="open">
      <span>
        <target id="w_210"/>
      </span>
      <sentiment sentiment_modifier="intensifier" resource="VUA_olery_lexicon_nl_lmf"/>
    </term>
  </terms>
  <entities>
    <entity type="PER" eid="e_1">
      <span>
        <target id="t_31"/>
      </span>
    </entity>
    <entity type="PER" eid="e_2">
      <span>
        <target id="t_13"/>
      </span>
      <span>
        <target id="t_113"/>
      </span>
    </entity>
    <entity type="ORG" eid="e_3">
      <span>
        <target id="t_98"/>
      </span>
      <span>
        <target id="t_107"/>
      </span>
    </entity>
    <entity type="MISC" eid="e_4">
      <span>
        <target id="t_27"/>
      </span>
      <span>
        <target id="t_116"/>
      </span>
    </entity>
    <entity type="MISC" eid="e_5">
      <span>
        <target id="t_8"/>
      </span>
    </entity>
    <entity type="PER" eid="e_6">
      <span>
        <target id="t_117"/>
      </span>
      <span>
        <target id="t_169"/>
      </span>
    </entity>
  </entities>
  <properties>
    <property type="room" pid="p_1">
      <span>
        <target id="t_98"/>
      </span>
      <span>
        <target id="t_100"/>
      </span>
      <span>
        <target id="t_107"/>
      </span>
    </property>
    <property type="sleeping_comfort" pid="p_2">
      <span>
        <target id="t_129"/>
      </span>
    </property>
    <property type="staff" pid="p_3">
      <span>
        <target id="t_8"/>
      </span>
      <span>
        <target id="t_44"/>
      </span>
      <span>
        <target id="t_154"/>
      </span>
      <span>
        <target id="t_206"/>
      </span>
    </property>
  </properties>
  <opinions>
    <opinion oid="o_1">
      <opinion_target>
        <span>
          <target id="t_16"/>
        </span>
      </opinion_target>
      <opinion_expression polarity="negative" strength="-1">
        <span>
          <target id="t_15"/>
        </span>
      </opinion_expression>
    </opinion>
    <opinion oid="o_2">
      <opinion_target>
        <span>
          <target id="t_139"/>
        </span>
      </opinion_target>
      <opinion_expression polarity="negative" strength="-1">
        <span>
          <target id="t_137"/>
        </span>
      </opinion_expression>
    </opinion>
    <opinion oid="o_3">
      <opinion_holder>
        <span>
          <target id="t_169"/>
        </span>
      </opinion_holder>
      <opinion_target>
        <span>
          <target id="t_161"/>
        </span>
      </opinion_target>
      <opinion_expression polarity="negative" strength="-1">
        <span>
          <target id="t_162"/>
        </span>
      </opinion_expression>
    </opinion>
    <opinion oid="o_4">
      <opinion_holder>
        <span>
          <target id="t_169"/>
        </span>
      </opinion_holder>
      <opinion_target>
        <span>
          <target id="t_173"/>
        </span>
      </opinion_target>
      <opinion_expression polarity="negative" strength="-1">
        <span>
          <target id="t_172"/>
        </span>
      </opinion_expression>
    </opinion>
    <opinion oid="o_5">
      <opinion_target>
        <span>
          <target id="t_185"/>
        </span>
      </opinion_target>
      <opinion_expression polarity="negative" strength="-2">
        <span>
          <target id="t_182"/>
          <target id="t_181"/>
        </span>
      </opinion_expression>
    </opinion>
    <opinion oid="o_6">
      <opinion_target>
        <span>
          <target id="t_206"/>
        </span>
      </opinion_target>
      <opinion_expression polarity="positive" strength="1">
        <span>
          <target id="t_205"/>
        </span>
      </opinion_expression>
    </opinion>
  </opinions>
</KAF>
