<?xml version='1.0' encoding='UTF-8'?>
<KAF xml:lang="nl">
  <linguisticProcessors layer="text">
    <lp timestamp="2013-01-06T18:32:09CET" version="2.0" name="SentenceTokenizer"/>
  </linguisticProcessors>
  <linguisticProcessors layer="terms">
    <lp timestamp="2013-01-06T18:32:09CET" version="2.0" name="SentenceTokenizer"/>
    <lp timestamp="2013-01-06T18:32:10CET" version="1.0" name="SimplePolarityTagger"/>
  </linguisticProcessors>
  <linguisticProcessor layer="opinions">
    <lp timestamp="2013-01-06T18:32:10CET" version="1.0" name="SimpleOpinionDetector"/>
  </linguisticProcessor>
  <linguisticProcessor layer="properties">
    <lp timestamp="2013-01-06T18:32:10CET" version="1.0" name="SimplePropRecognizer_lookup"/>
  </linguisticProcessor>
  <linguisticProcessor layer="entities">
    <lp timestamp="2013-01-06T18:32:10CET" version="1.0" name="SimpleNER_lookup"/>
  </linguisticProcessor>
  <text>
    <wf wid="w_1" para="1" sent="1">Sober</wf>
    <wf wid="w_2" para="1" sent="1">hotel</wf>
    <wf wid="w_3" para="1" sent="1">,</wf>
    <wf wid="w_4" para="1" sent="1">vooral</wf>
    <wf wid="w_5" para="1" sent="1">geschikt</wf>
    <wf wid="w_6" para="1" sent="1">voor</wf>
    <wf wid="w_7" para="1" sent="1">mensen</wf>
    <wf wid="w_8" para="1" sent="1">op</wf>
    <wf wid="w_9" para="1" sent="1">zakenreis</wf>
    <wf wid="w_10" para="1" sent="1">,</wf>
    <wf wid="w_11" para="1" sent="1">of</wf>
    <wf wid="w_12" para="1" sent="1">die</wf>
    <wf wid="w_13" para="1" sent="1">(</wf>
    <wf wid="w_14" para="1" sent="1">na</wf>
    <wf wid="w_15" para="1" sent="1">bijv</wf>
    <wf wid="w_16" para="1" sent="1">.</wf>
    <wf wid="w_17" para="1" sent="2">een</wf>
    <wf wid="w_18" para="1" sent="2">avondje</wf>
    <wf wid="w_19" para="1" sent="2">uit</wf>
    <wf wid="w_20" para="1" sent="2">)</wf>
    <wf wid="w_21" para="1" sent="2">noodzakelijkerwijs</wf>
    <wf wid="w_22" para="1" sent="2">een</wf>
    <wf wid="w_23" para="1" sent="2">nacht</wf>
    <wf wid="w_24" para="1" sent="2">overbruggen</wf>
    <wf wid="w_25" para="1" sent="2">in</wf>
    <wf wid="w_26" para="1" sent="2">deze</wf>
    <wf wid="w_27" para="1" sent="2">stad</wf>
    <wf wid="w_28" para="1" sent="2">.</wf>
    <wf wid="w_29" para="1" sent="3">Bedden</wf>
    <wf wid="w_30" para="1" sent="3">:</wf>
    <wf wid="w_31" para="1" sent="3">goed</wf>
    <wf wid="w_32" para="1" sent="3">,</wf>
    <wf wid="w_33" para="1" sent="3">jammer</wf>
    <wf wid="w_34" para="1" sent="3">dat</wf>
    <wf wid="w_35" para="1" sent="3">ze</wf>
    <wf wid="w_36" para="1" sent="3">niet</wf>
    <wf wid="w_37" para="1" sent="3">naast</wf>
    <wf wid="w_38" para="1" sent="3">elkaar</wf>
    <wf wid="w_39" para="1" sent="3">stonden</wf>
    <wf wid="w_40" para="1" sent="3">.</wf>
    <wf wid="w_41" para="1" sent="4">Badkamer</wf>
    <wf wid="w_42" para="1" sent="4">:</wf>
    <wf wid="w_43" para="1" sent="4">mwah</wf>
    <wf wid="w_44" para="1" sent="4">.</wf>
    <wf wid="w_45" para="1" sent="5">Bad</wf>
    <wf wid="w_46" para="1" sent="5">niet</wf>
    <wf wid="w_47" para="1" sent="5">goed</wf>
    <wf wid="w_48" para="1" sent="5">schoongemaakt</wf>
    <wf wid="w_49" para="1" sent="5">,</wf>
    <wf wid="w_50" para="1" sent="5">geen</wf>
    <wf wid="w_51" para="1" sent="5">zeep</wf>
    <wf wid="w_52" para="1" sent="5">e</wf>
    <wf wid="w_53" para="1" sent="5">.</wf>
    <wf wid="w_54" para="1" sent="6">d</wf>
    <wf wid="w_55" para="1" sent="6">.</wf>
    <wf wid="w_56" para="1" sent="7">aanwezig</wf>
    <wf wid="w_57" para="1" sent="7">.</wf>
    <wf wid="w_58" para="1" sent="8">Ontbijt</wf>
    <wf wid="w_59" para="1" sent="8">:</wf>
    <wf wid="w_60" para="1" sent="8">voldoende</wf>
    <wf wid="w_61" para="1" sent="8">.</wf>
    <wf wid="w_62" para="1" sent="9">Personeel</wf>
    <wf wid="w_63" para="1" sent="9">:</wf>
    <wf wid="w_64" para="1" sent="9">niet</wf>
    <wf wid="w_65" para="1" sent="9">allemaal</wf>
    <wf wid="w_66" para="1" sent="9">even</wf>
    <wf wid="w_67" para="1" sent="9">bekwaam</wf>
    <wf wid="w_68" para="1" sent="9">.</wf>
    <wf wid="w_69" para="1" sent="10">Ligging</wf>
    <wf wid="w_70" para="1" sent="10">:</wf>
    <wf wid="w_71" para="1" sent="10">vrij</wf>
    <wf wid="w_72" para="1" sent="10">centraal</wf>
    <wf wid="w_73" para="1" sent="10">,</wf>
    <wf wid="w_74" para="1" sent="10">bus</wf>
    <wf wid="w_75" para="1" sent="10">voor</wf>
    <wf wid="w_76" para="1" sent="10">de</wf>
    <wf wid="w_77" para="1" sent="10">deur</wf>
    <wf wid="w_78" para="1" sent="10">,</wf>
    <wf wid="w_79" para="1" sent="10">voldoende</wf>
    <wf wid="w_80" para="1" sent="10">eetgelegenheden</wf>
    <wf wid="w_81" para="1" sent="10">id</wf>
    <wf wid="w_82" para="1" sent="10">buurt</wf>
    <wf wid="w_83" para="1" sent="10">.</wf>
    <wf wid="w_84" para="1" sent="11">Algemeen</wf>
    <wf wid="w_85" para="1" sent="11">:</wf>
    <wf wid="w_86" para="1" sent="11">wij</wf>
    <wf wid="w_87" para="1" sent="11">zouden</wf>
    <wf wid="w_88" para="1" sent="11">niet</wf>
    <wf wid="w_89" para="1" sent="11">voor</wf>
    <wf wid="w_90" para="1" sent="11">ons</wf>
    <wf wid="w_91" para="1" sent="11">plezier</wf>
    <wf wid="w_92" para="1" sent="11">nog</wf>
    <wf wid="w_93" para="1" sent="11">eens</wf>
    <wf wid="w_94" para="1" sent="11">in</wf>
    <wf wid="w_95" para="1" sent="11">dit</wf>
    <wf wid="w_96" para="1" sent="11">hotel</wf>
    <wf wid="w_97" para="1" sent="11">verblijven</wf>
    <wf wid="w_98" para="1" sent="11">,</wf>
    <wf wid="w_99" para="1" sent="11">echter</wf>
    <wf wid="w_100" para="1" sent="11">voor</wf>
    <wf wid="w_101" para="1" sent="11">deze</wf>
    <wf wid="w_102" para="1" sent="11">prijs</wf>
    <wf wid="w_103" para="1" sent="11">is</wf>
    <wf wid="w_104" para="1" sent="11">het</wf>
    <wf wid="w_105" para="1" sent="11">wel</wf>
    <wf wid="w_106" para="1" sent="11">te</wf>
    <wf wid="w_107" para="1" sent="11">doen</wf>
    <wf wid="w_108" para="1" sent="11">,</wf>
    <wf wid="w_109" para="1" sent="11">indien</wf>
    <wf wid="w_110" para="1" sent="11">nodig</wf>
    <wf wid="w_111" para="1" sent="11">.</wf>
  </text>
  <terms>
    <term tid="t_1" lemma="sober" type="open" pos="G">
      <span>
        <target id="w_1"/>
      </span>
      <sentiment polarity="negative" resource="VUA_olery_lexicon_nl_lmf"/>
    </term>
    <term tid="t_2" lemma="hotel" type="open">
      <span>
        <target id="w_2"/>
      </span>
    </term>
    <term tid="t_3" lemma="," type="open">
      <span>
        <target id="w_3"/>
      </span>
    </term>
    <term tid="t_4" lemma="vooral" type="open">
      <span>
        <target id="w_4"/>
      </span>
    </term>
    <term tid="t_5" lemma="geschikt" type="open" pos="G">
      <span>
        <target id="w_5"/>
      </span>
      <sentiment polarity="positive" resource="VUA_olery_lexicon_nl_lmf"/>
    </term>
    <term tid="t_6" lemma="voor" type="open">
      <span>
        <target id="w_6"/>
      </span>
    </term>
    <term tid="t_7" lemma="mensen" type="open">
      <span>
        <target id="w_7"/>
      </span>
    </term>
    <term tid="t_8" lemma="op" type="open">
      <span>
        <target id="w_8"/>
      </span>
    </term>
    <term tid="t_9" lemma="zakenreis" type="open">
      <span>
        <target id="w_9"/>
      </span>
    </term>
    <term tid="t_10" lemma="," type="open">
      <span>
        <target id="w_10"/>
      </span>
    </term>
    <term tid="t_11" lemma="of" type="open">
      <span>
        <target id="w_11"/>
      </span>
    </term>
    <term tid="t_12" lemma="die" type="open">
      <span>
        <target id="w_12"/>
      </span>
    </term>
    <term tid="t_13" lemma="(" type="open">
      <span>
        <target id="w_13"/>
      </span>
    </term>
    <term tid="t_14" lemma="na" type="open">
      <span>
        <target id="w_14"/>
      </span>
    </term>
    <term tid="t_15" lemma="bijv" type="open">
      <span>
        <target id="w_15"/>
      </span>
    </term>
    <term tid="t_16" lemma="." type="open">
      <span>
        <target id="w_16"/>
      </span>
    </term>
    <term tid="t_17" lemma="een" type="open">
      <span>
        <target id="w_17"/>
      </span>
    </term>
    <term tid="t_18" lemma="avondje" type="open">
      <span>
        <target id="w_18"/>
      </span>
    </term>
    <term tid="t_19" lemma="uit" type="open">
      <span>
        <target id="w_19"/>
      </span>
    </term>
    <term tid="t_20" lemma=")" type="open">
      <span>
        <target id="w_20"/>
      </span>
    </term>
    <term tid="t_21" lemma="noodzakelijkerwijs" type="open">
      <span>
        <target id="w_21"/>
      </span>
    </term>
    <term tid="t_22" lemma="een" type="open">
      <span>
        <target id="w_22"/>
      </span>
    </term>
    <term tid="t_23" lemma="nacht" type="open">
      <span>
        <target id="w_23"/>
      </span>
    </term>
    <term tid="t_24" lemma="overbruggen" type="open">
      <span>
        <target id="w_24"/>
      </span>
    </term>
    <term tid="t_25" lemma="in" type="open">
      <span>
        <target id="w_25"/>
      </span>
    </term>
    <term tid="t_26" lemma="deze" type="open">
      <span>
        <target id="w_26"/>
      </span>
    </term>
    <term tid="t_27" lemma="stad" type="open">
      <span>
        <target id="w_27"/>
      </span>
    </term>
    <term tid="t_28" lemma="." type="open">
      <span>
        <target id="w_28"/>
      </span>
    </term>
    <term tid="t_29" lemma="bedden" type="open">
      <span>
        <target id="w_29"/>
      </span>
    </term>
    <term tid="t_30" lemma=":" type="open">
      <span>
        <target id="w_30"/>
      </span>
    </term>
    <term tid="t_31" lemma="goed" type="open" pos="G">
      <span>
        <target id="w_31"/>
      </span>
      <sentiment polarity="positive" resource="VUA_olery_lexicon_nl_lmf"/>
    </term>
    <term tid="t_32" lemma="," type="open">
      <span>
        <target id="w_32"/>
      </span>
    </term>
    <term tid="t_33" lemma="jammer" type="open" pos="G">
      <span>
        <target id="w_33"/>
      </span>
      <sentiment polarity="negative" resource="VUA_olery_lexicon_nl_lmf"/>
    </term>
    <term tid="t_34" lemma="dat" type="open">
      <span>
        <target id="w_34"/>
      </span>
    </term>
    <term tid="t_35" lemma="ze" type="open">
      <span>
        <target id="w_35"/>
      </span>
    </term>
    <term tid="t_36" lemma="niet" type="open">
      <span>
        <target id="w_36"/>
      </span>
      <sentiment sentiment_modifier="shifter" resource="VUA_olery_lexicon_nl_lmf"/>
    </term>
    <term tid="t_37" lemma="naast" type="open">
      <span>
        <target id="w_37"/>
      </span>
    </term>
    <term tid="t_38" lemma="elkaar" type="open">
      <span>
        <target id="w_38"/>
      </span>
    </term>
    <term tid="t_39" lemma="stonden" type="open">
      <span>
        <target id="w_39"/>
      </span>
    </term>
    <term tid="t_40" lemma="." type="open">
      <span>
        <target id="w_40"/>
      </span>
    </term>
    <term tid="t_41" lemma="badkamer" type="open">
      <span>
        <target id="w_41"/>
      </span>
    </term>
    <term tid="t_42" lemma=":" type="open">
      <span>
        <target id="w_42"/>
      </span>
    </term>
    <term tid="t_43" lemma="mwah" type="open">
      <span>
        <target id="w_43"/>
      </span>
    </term>
    <term tid="t_44" lemma="." type="open">
      <span>
        <target id="w_44"/>
      </span>
    </term>
    <term tid="t_45" lemma="bad" type="open">
      <span>
        <target id="w_45"/>
      </span>
    </term>
    <term tid="t_46" lemma="niet" type="open">
      <span>
        <target id="w_46"/>
      </span>
      <sentiment sentiment_modifier="shifter" resource="VUA_olery_lexicon_nl_lmf"/>
    </term>
    <term tid="t_47" lemma="goed" type="open" pos="G">
      <span>
        <target id="w_47"/>
      </span>
      <sentiment polarity="positive" resource="VUA_olery_lexicon_nl_lmf"/>
    </term>
    <term tid="t_48" lemma="schoongemaakt" type="open">
      <span>
        <target id="w_48"/>
      </span>
    </term>
    <term tid="t_49" lemma="," type="open">
      <span>
        <target id="w_49"/>
      </span>
    </term>
    <term tid="t_50" lemma="geen" type="open">
      <span>
        <target id="w_50"/>
      </span>
      <sentiment sentiment_modifier="shifter" resource="VUA_olery_lexicon_nl_lmf"/>
    </term>
    <term tid="t_51" lemma="zeep" type="open">
      <span>
        <target id="w_51"/>
      </span>
    </term>
    <term tid="t_52" lemma="e" type="open">
      <span>
        <target id="w_52"/>
      </span>
    </term>
    <term tid="t_53" lemma="." type="open">
      <span>
        <target id="w_53"/>
      </span>
    </term>
    <term tid="t_54" lemma="d" type="open">
      <span>
        <target id="w_54"/>
      </span>
    </term>
    <term tid="t_55" lemma="." type="open">
      <span>
        <target id="w_55"/>
      </span>
    </term>
    <term tid="t_56" lemma="aanwezig" type="open">
      <span>
        <target id="w_56"/>
      </span>
    </term>
    <term tid="t_57" lemma="." type="open">
      <span>
        <target id="w_57"/>
      </span>
    </term>
    <term tid="t_58" lemma="ontbijt" type="open">
      <span>
        <target id="w_58"/>
      </span>
    </term>
    <term tid="t_59" lemma=":" type="open">
      <span>
        <target id="w_59"/>
      </span>
    </term>
    <term tid="t_60" lemma="voldoende" type="open" pos="G">
      <span>
        <target id="w_60"/>
      </span>
      <sentiment polarity="positive" resource="VUA_olery_lexicon_nl_lmf"/>
    </term>
    <term tid="t_61" lemma="." type="open">
      <span>
        <target id="w_61"/>
      </span>
    </term>
    <term tid="t_62" lemma="personeel" type="open">
      <span>
        <target id="w_62"/>
      </span>
    </term>
    <term tid="t_63" lemma=":" type="open">
      <span>
        <target id="w_63"/>
      </span>
    </term>
    <term tid="t_64" lemma="niet" type="open">
      <span>
        <target id="w_64"/>
      </span>
      <sentiment sentiment_modifier="shifter" resource="VUA_olery_lexicon_nl_lmf"/>
    </term>
    <term tid="t_65" lemma="allemaal" type="open">
      <span>
        <target id="w_65"/>
      </span>
    </term>
    <term tid="t_66" lemma="even" type="open">
      <span>
        <target id="w_66"/>
      </span>
    </term>
    <term tid="t_67" lemma="bekwaam" type="open" pos="G">
      <span>
        <target id="w_67"/>
      </span>
      <sentiment polarity="positive" resource="VUA_olery_lexicon_nl_lmf"/>
    </term>
    <term tid="t_68" lemma="." type="open">
      <span>
        <target id="w_68"/>
      </span>
    </term>
    <term tid="t_69" lemma="ligging" type="open">
      <span>
        <target id="w_69"/>
      </span>
    </term>
    <term tid="t_70" lemma=":" type="open">
      <span>
        <target id="w_70"/>
      </span>
    </term>
    <term tid="t_71" lemma="vrij" type="open">
      <span>
        <target id="w_71"/>
      </span>
    </term>
    <term tid="t_72" lemma="centraal" type="open" pos="G">
      <span>
        <target id="w_72"/>
      </span>
      <sentiment polarity="positive" resource="VUA_olery_lexicon_nl_lmf"/>
    </term>
    <term tid="t_73" lemma="," type="open">
      <span>
        <target id="w_73"/>
      </span>
    </term>
    <term tid="t_74" lemma="bus" type="open">
      <span>
        <target id="w_74"/>
      </span>
    </term>
    <term tid="t_75" lemma="voor" type="open">
      <span>
        <target id="w_75"/>
      </span>
    </term>
    <term tid="t_76" lemma="de" type="open">
      <span>
        <target id="w_76"/>
      </span>
    </term>
    <term tid="t_77" lemma="deur" type="open">
      <span>
        <target id="w_77"/>
      </span>
    </term>
    <term tid="t_78" lemma="," type="open">
      <span>
        <target id="w_78"/>
      </span>
    </term>
    <term tid="t_79" lemma="voldoende" type="open" pos="G">
      <span>
        <target id="w_79"/>
      </span>
      <sentiment polarity="positive" resource="VUA_olery_lexicon_nl_lmf"/>
    </term>
    <term tid="t_80" lemma="eetgelegenheden" type="open">
      <span>
        <target id="w_80"/>
      </span>
    </term>
    <term tid="t_81" lemma="id" type="open">
      <span>
        <target id="w_81"/>
      </span>
    </term>
    <term tid="t_82" lemma="buurt" type="open">
      <span>
        <target id="w_82"/>
      </span>
    </term>
    <term tid="t_83" lemma="." type="open">
      <span>
        <target id="w_83"/>
      </span>
    </term>
    <term tid="t_84" lemma="algemeen" type="open">
      <span>
        <target id="w_84"/>
      </span>
    </term>
    <term tid="t_85" lemma=":" type="open">
      <span>
        <target id="w_85"/>
      </span>
    </term>
    <term tid="t_86" lemma="wij" type="open">
      <span>
        <target id="w_86"/>
      </span>
    </term>
    <term tid="t_87" lemma="zouden" type="open">
      <span>
        <target id="w_87"/>
      </span>
    </term>
    <term tid="t_88" lemma="niet" type="open">
      <span>
        <target id="w_88"/>
      </span>
      <sentiment sentiment_modifier="shifter" resource="VUA_olery_lexicon_nl_lmf"/>
    </term>
    <term tid="t_89" lemma="voor" type="open">
      <span>
        <target id="w_89"/>
      </span>
    </term>
    <term tid="t_90" lemma="ons" type="open">
      <span>
        <target id="w_90"/>
      </span>
    </term>
    <term tid="t_91" lemma="plezier" type="open" pos="N">
      <span>
        <target id="w_91"/>
      </span>
      <sentiment polarity="positive" resource="VUA_olery_lexicon_nl_lmf"/>
    </term>
    <term tid="t_92" lemma="nog" type="open">
      <span>
        <target id="w_92"/>
      </span>
    </term>
    <term tid="t_93" lemma="eens" type="open">
      <span>
        <target id="w_93"/>
      </span>
    </term>
    <term tid="t_94" lemma="in" type="open">
      <span>
        <target id="w_94"/>
      </span>
    </term>
    <term tid="t_95" lemma="dit" type="open">
      <span>
        <target id="w_95"/>
      </span>
    </term>
    <term tid="t_96" lemma="hotel" type="open">
      <span>
        <target id="w_96"/>
      </span>
    </term>
    <term tid="t_97" lemma="verblijven" type="open">
      <span>
        <target id="w_97"/>
      </span>
    </term>
    <term tid="t_98" lemma="," type="open">
      <span>
        <target id="w_98"/>
      </span>
    </term>
    <term tid="t_99" lemma="echter" type="open">
      <span>
        <target id="w_99"/>
      </span>
    </term>
    <term tid="t_100" lemma="voor" type="open">
      <span>
        <target id="w_100"/>
      </span>
    </term>
    <term tid="t_101" lemma="deze" type="open">
      <span>
        <target id="w_101"/>
      </span>
    </term>
    <term tid="t_102" lemma="prijs" type="open">
      <span>
        <target id="w_102"/>
      </span>
    </term>
    <term tid="t_103" lemma="is" type="open">
      <span>
        <target id="w_103"/>
      </span>
    </term>
    <term tid="t_104" lemma="het" type="open">
      <span>
        <target id="w_104"/>
      </span>
    </term>
    <term tid="t_105" lemma="wel" type="open">
      <span>
        <target id="w_105"/>
      </span>
    </term>
    <term tid="t_106" lemma="te" type="open">
      <span>
        <target id="w_106"/>
      </span>
    </term>
    <term tid="t_107" lemma="doen" type="open">
      <span>
        <target id="w_107"/>
      </span>
    </term>
    <term tid="t_108" lemma="," type="open">
      <span>
        <target id="w_108"/>
      </span>
    </term>
    <term tid="t_109" lemma="indien" type="open">
      <span>
        <target id="w_109"/>
      </span>
    </term>
    <term tid="t_110" lemma="nodig" type="open">
      <span>
        <target id="w_110"/>
      </span>
    </term>
    <term tid="t_111" lemma="." type="open">
      <span>
        <target id="w_111"/>
      </span>
    </term>
  </terms>
  <entities>
    <entity type="LOC" eid="e_1">
      <span>
        <target id="t_72"/>
      </span>
    </entity>
    <entity type="MISC" eid="e_2">
      <span>
        <target id="t_7"/>
      </span>
    </entity>
    <entity type="MISC" eid="e_3">
      <span>
        <target id="t_84"/>
      </span>
    </entity>
    <entity type="MISC" eid="e_4">
      <span>
        <target id="t_52"/>
      </span>
    </entity>
  </entities>
  <properties>
    <property type="value_for_money" pid="p_1">
      <span>
        <target id="t_102"/>
      </span>
    </property>
    <property type="bathroom" pid="p_2">
      <span>
        <target id="t_41"/>
      </span>
      <span>
        <target id="t_45"/>
      </span>
    </property>
    <property type="staff" pid="p_3">
      <span>
        <target id="t_62"/>
      </span>
      <span>
        <target id="t_67"/>
      </span>
    </property>
    <property type="location" pid="p_4">
      <span>
        <target id="t_27"/>
      </span>
      <span>
        <target id="t_69"/>
      </span>
      <span>
        <target id="t_72"/>
      </span>
      <span>
        <target id="t_74"/>
      </span>
      <span>
        <target id="t_82"/>
      </span>
    </property>
    <property type="restaurant" pid="p_5">
      <span>
        <target id="t_58"/>
      </span>
    </property>
  </properties>
  <opinions>
    <opinion oid="o_1">
      <opinion_target>
        <span>
          <target id="t_2"/>
        </span>
      </opinion_target>
      <opinion_expression polarity="negative" strength="-1">
        <span>
          <target id="t_1"/>
        </span>
      </opinion_expression>
    </opinion>
    <opinion oid="o_2">
      <opinion_target>
        <span>
          <target id="t_7"/>
        </span>
      </opinion_target>
      <opinion_expression polarity="positive" strength="1">
        <span>
          <target id="t_5"/>
        </span>
      </opinion_expression>
    </opinion>
    <opinion oid="o_3">
      <opinion_target>
        <span>
          <target id="t_48"/>
        </span>
      </opinion_target>
      <opinion_expression polarity="negative" strength="-1">
        <span>
          <target id="t_47"/>
          <target id="t_46"/>
        </span>
      </opinion_expression>
    </opinion>
    <opinion oid="o_4">
      <opinion_target>
        <span>
          <target id="t_58"/>
        </span>
      </opinion_target>
      <opinion_expression polarity="positive" strength="1">
        <span>
          <target id="t_60"/>
        </span>
      </opinion_expression>
    </opinion>
    <opinion oid="o_5">
      <opinion_target>
        <span>
          <target id="t_66"/>
        </span>
      </opinion_target>
      <opinion_expression polarity="positive" strength="1">
        <span>
          <target id="t_67"/>
        </span>
      </opinion_expression>
    </opinion>
    <opinion oid="o_6">
      <opinion_target>
        <span>
          <target id="t_74"/>
        </span>
      </opinion_target>
      <opinion_expression polarity="positive" strength="1">
        <span>
          <target id="t_72"/>
        </span>
      </opinion_expression>
    </opinion>
    <opinion oid="o_7">
      <opinion_target>
        <span>
          <target id="t_80"/>
        </span>
      </opinion_target>
      <opinion_expression polarity="positive" strength="1">
        <span>
          <target id="t_79"/>
        </span>
      </opinion_expression>
    </opinion>
    <opinion oid="o_8">
      <opinion_target>
        <span>
          <target id="t_87"/>
        </span>
      </opinion_target>
      <opinion_expression polarity="positive" strength="1">
        <span>
          <target id="t_91"/>
        </span>
      </opinion_expression>
    </opinion>
  </opinions>
</KAF>
