<?xml version='1.0' encoding='UTF-8'?>
<KAF xml:lang="nl">
  <linguisticProcessors layer="text">
    <lp timestamp="2013-01-06T18:28:00CET" version="2.0" name="SentenceTokenizer"/>
  </linguisticProcessors>
  <linguisticProcessors layer="terms">
    <lp timestamp="2013-01-06T18:28:00CET" version="2.0" name="SentenceTokenizer"/>
    <lp timestamp="2013-01-06T18:28:00CET" version="1.0" name="SimplePolarityTagger"/>
  </linguisticProcessors>
  <linguisticProcessor layer="opinions">
    <lp timestamp="2013-01-06T18:28:01CET" version="1.0" name="SimpleOpinionDetector"/>
  </linguisticProcessor>
  <linguisticProcessor layer="properties">
    <lp timestamp="2013-01-06T18:28:01CET" version="1.0" name="SimplePropRecognizer_lookup"/>
  </linguisticProcessor>
  <linguisticProcessor layer="entities">
    <lp timestamp="2013-01-06T18:28:00CET" version="1.0" name="SimpleNER_lookup"/>
  </linguisticProcessor>
  <text>
    <wf wid="w_1" para="1" sent="1">Onbegrijpelijk</wf>
    <wf wid="w_2" para="1" sent="1">hoe</wf>
    <wf wid="w_3" para="1" sent="1">een</wf>
    <wf wid="w_4" para="1" sent="1">hotel</wf>
    <wf wid="w_5" para="1" sent="1">als</wf>
    <wf wid="w_6" para="1" sent="1">dit</wf>
    <wf wid="w_7" para="1" sent="1">een</wf>
    <wf wid="w_8" para="1" sent="1">4</wf>
    <wf wid="w_9" para="1" sent="1">sterren</wf>
    <wf wid="w_10" para="1" sent="1">beoordeling</wf>
    <wf wid="w_11" para="1" sent="1">krijgt</wf>
    <wf wid="w_12" para="1" sent="1">.</wf>
    <wf wid="w_13" para="1" sent="2">Onze</wf>
    <wf wid="w_14" para="1" sent="2">kamer</wf>
    <wf wid="w_15" para="1" sent="2">.</wf>
    <wf wid="w_16" para="1" sent="3">50</wf>
    <wf wid="w_17" para="1" sent="3">er</wf>
    <wf wid="w_18" para="1" sent="3">jaren</wf>
    <wf wid="w_19" para="1" sent="3">stijl</wf>
    <wf wid="w_20" para="1" sent="3">,</wf>
    <wf wid="w_21" para="1" sent="3">vloerbedeking</wf>
    <wf wid="w_22" para="1" sent="3">op</wf>
    <wf wid="w_23" para="1" sent="3">de</wf>
    <wf wid="w_24" para="1" sent="3">hal</wf>
    <wf wid="w_25" para="1" sent="3">(</wf>
    <wf wid="w_26" para="1" sent="3">die</wf>
    <wf wid="w_27" para="1" sent="3">stonk</wf>
    <wf wid="w_28" para="1" sent="3">)</wf>
    <wf wid="w_29" para="1" sent="3">en</wf>
    <wf wid="w_30" para="1" sent="3">op</wf>
    <wf wid="w_31" para="1" sent="3">de</wf>
    <wf wid="w_32" para="1" sent="3">kamer</wf>
    <wf wid="w_33" para="1" sent="3">-</wf>
    <wf wid="w_34" para="1" sent="3">niet</wf>
    <wf wid="w_35" para="1" sent="3">meer</wf>
    <wf wid="w_36" para="1" sent="3">van</wf>
    <wf wid="w_37" para="1" sent="3">deze</wf>
    <wf wid="w_38" para="1" sent="3">tijd</wf>
    <wf wid="w_39" para="1" sent="3">!</wf>
    <wf wid="w_40" para="1" sent="4">Verwarming</wf>
    <wf wid="w_41" para="1" sent="4">;</wf>
    <wf wid="w_42" para="1" sent="4">opbouwbuizen</wf>
    <wf wid="w_43" para="1" sent="4">.</wf>
    <wf wid="w_44" para="1" sent="5">Verf</wf>
    <wf wid="w_45" para="1" sent="5">;</wf>
    <wf wid="w_46" para="1" sent="5">10</wf>
    <wf wid="w_47" para="1" sent="5">jaar</wf>
    <wf wid="w_48" para="1" sent="5">geleden</wf>
    <wf wid="w_49" para="1" sent="5">.</wf>
    <wf wid="w_50" para="1" sent="6">Bedden</wf>
    <wf wid="w_51" para="1" sent="6">;</wf>
    <wf wid="w_52" para="1" sent="6">slecht</wf>
    <wf wid="w_53" para="1" sent="6">.</wf>
    <wf wid="w_54" para="1" sent="7">Zeker</wf>
    <wf wid="w_55" para="1" sent="7">geen</wf>
    <wf wid="w_56" para="1" sent="7">aanrader</wf>
    <wf wid="w_57" para="1" sent="7">!</wf>
  </text>
  <terms>
    <term tid="t_1" lemma="onbegrijpelijk" type="open" pos="G">
      <span>
        <target id="w_1"/>
      </span>
      <sentiment polarity="negative" resource="VUA_olery_lexicon_nl_lmf"/>
    </term>
    <term tid="t_2" lemma="hoe" type="open">
      <span>
        <target id="w_2"/>
      </span>
    </term>
    <term tid="t_3" lemma="een" type="open">
      <span>
        <target id="w_3"/>
      </span>
    </term>
    <term tid="t_4" lemma="hotel" type="open">
      <span>
        <target id="w_4"/>
      </span>
    </term>
    <term tid="t_5" lemma="als" type="open">
      <span>
        <target id="w_5"/>
      </span>
    </term>
    <term tid="t_6" lemma="dit" type="open">
      <span>
        <target id="w_6"/>
      </span>
    </term>
    <term tid="t_7" lemma="een" type="open">
      <span>
        <target id="w_7"/>
      </span>
    </term>
    <term tid="t_8" lemma="4" type="open">
      <span>
        <target id="w_8"/>
      </span>
    </term>
    <term tid="t_9" lemma="sterren" type="open">
      <span>
        <target id="w_9"/>
      </span>
    </term>
    <term tid="t_10" lemma="beoordeling" type="open">
      <span>
        <target id="w_10"/>
      </span>
    </term>
    <term tid="t_11" lemma="krijgt" type="open">
      <span>
        <target id="w_11"/>
      </span>
    </term>
    <term tid="t_12" lemma="." type="open">
      <span>
        <target id="w_12"/>
      </span>
    </term>
    <term tid="t_13" lemma="onze" type="open">
      <span>
        <target id="w_13"/>
      </span>
    </term>
    <term tid="t_14" lemma="kamer" type="open">
      <span>
        <target id="w_14"/>
      </span>
    </term>
    <term tid="t_15" lemma="." type="open">
      <span>
        <target id="w_15"/>
      </span>
    </term>
    <term tid="t_16" lemma="50" type="open">
      <span>
        <target id="w_16"/>
      </span>
    </term>
    <term tid="t_17" lemma="er" type="open">
      <span>
        <target id="w_17"/>
      </span>
    </term>
    <term tid="t_18" lemma="jaren" type="open">
      <span>
        <target id="w_18"/>
      </span>
    </term>
    <term tid="t_19" lemma="stijl" type="open">
      <span>
        <target id="w_19"/>
      </span>
    </term>
    <term tid="t_20" lemma="," type="open">
      <span>
        <target id="w_20"/>
      </span>
    </term>
    <term tid="t_21" lemma="vloerbedeking" type="open">
      <span>
        <target id="w_21"/>
      </span>
    </term>
    <term tid="t_22" lemma="op" type="open">
      <span>
        <target id="w_22"/>
      </span>
    </term>
    <term tid="t_23" lemma="de" type="open">
      <span>
        <target id="w_23"/>
      </span>
    </term>
    <term tid="t_24" lemma="hal" type="open">
      <span>
        <target id="w_24"/>
      </span>
    </term>
    <term tid="t_25" lemma="(" type="open">
      <span>
        <target id="w_25"/>
      </span>
    </term>
    <term tid="t_26" lemma="die" type="open">
      <span>
        <target id="w_26"/>
      </span>
    </term>
    <term tid="t_27" lemma="stonk" type="open">
      <span>
        <target id="w_27"/>
      </span>
    </term>
    <term tid="t_28" lemma=")" type="open">
      <span>
        <target id="w_28"/>
      </span>
    </term>
    <term tid="t_29" lemma="en" type="open">
      <span>
        <target id="w_29"/>
      </span>
    </term>
    <term tid="t_30" lemma="op" type="open">
      <span>
        <target id="w_30"/>
      </span>
    </term>
    <term tid="t_31" lemma="de" type="open">
      <span>
        <target id="w_31"/>
      </span>
    </term>
    <term tid="t_32" lemma="kamer" type="open">
      <span>
        <target id="w_32"/>
      </span>
    </term>
    <term tid="t_33" lemma="-" type="open">
      <span>
        <target id="w_33"/>
      </span>
    </term>
    <term tid="t_34" lemma="niet" type="open">
      <span>
        <target id="w_34"/>
      </span>
      <sentiment sentiment_modifier="shifter" resource="VUA_olery_lexicon_nl_lmf"/>
    </term>
    <term tid="t_35" lemma="meer" type="open">
      <span>
        <target id="w_35"/>
      </span>
    </term>
    <term tid="t_36" lemma="van" type="open">
      <span>
        <target id="w_36"/>
      </span>
    </term>
    <term tid="t_37" lemma="deze" type="open">
      <span>
        <target id="w_37"/>
      </span>
    </term>
    <term tid="t_38" lemma="tijd" type="open">
      <span>
        <target id="w_38"/>
      </span>
    </term>
    <term tid="t_39" lemma="!" type="open">
      <span>
        <target id="w_39"/>
      </span>
      <sentiment sentiment_modifier="intensifier" resource="VUA_olery_lexicon_nl_lmf"/>
    </term>
    <term tid="t_40" lemma="verwarming" type="open">
      <span>
        <target id="w_40"/>
      </span>
    </term>
    <term tid="t_41" lemma=";" type="open">
      <span>
        <target id="w_41"/>
      </span>
    </term>
    <term tid="t_42" lemma="opbouwbuizen" type="open">
      <span>
        <target id="w_42"/>
      </span>
    </term>
    <term tid="t_43" lemma="." type="open">
      <span>
        <target id="w_43"/>
      </span>
    </term>
    <term tid="t_44" lemma="verf" type="open">
      <span>
        <target id="w_44"/>
      </span>
    </term>
    <term tid="t_45" lemma=";" type="open">
      <span>
        <target id="w_45"/>
      </span>
    </term>
    <term tid="t_46" lemma="10" type="open">
      <span>
        <target id="w_46"/>
      </span>
    </term>
    <term tid="t_47" lemma="jaar" type="open">
      <span>
        <target id="w_47"/>
      </span>
    </term>
    <term tid="t_48" lemma="geleden" type="open">
      <span>
        <target id="w_48"/>
      </span>
    </term>
    <term tid="t_49" lemma="." type="open">
      <span>
        <target id="w_49"/>
      </span>
    </term>
    <term tid="t_50" lemma="bedden" type="open">
      <span>
        <target id="w_50"/>
      </span>
    </term>
    <term tid="t_51" lemma=";" type="open">
      <span>
        <target id="w_51"/>
      </span>
    </term>
    <term tid="t_52" lemma="slecht" type="open" pos="G">
      <span>
        <target id="w_52"/>
      </span>
      <sentiment polarity="negative" resource="VUA_olery_lexicon_nl_lmf"/>
    </term>
    <term tid="t_53" lemma="." type="open">
      <span>
        <target id="w_53"/>
      </span>
    </term>
    <term tid="t_54" lemma="zeker" type="open">
      <span>
        <target id="w_54"/>
      </span>
    </term>
    <term tid="t_55" lemma="geen" type="open">
      <span>
        <target id="w_55"/>
      </span>
      <sentiment sentiment_modifier="shifter" resource="VUA_olery_lexicon_nl_lmf"/>
    </term>
    <term tid="t_56" lemma="aanrader" type="open" pos="N">
      <span>
        <target id="w_56"/>
      </span>
      <sentiment polarity="positive" resource="VUA_olery_lexicon_nl_lmf"/>
    </term>
    <term tid="t_57" lemma="!" type="open">
      <span>
        <target id="w_57"/>
      </span>
      <sentiment sentiment_modifier="intensifier" resource="VUA_olery_lexicon_nl_lmf"/>
    </term>
  </terms>
  <entities>
    <entity type="ORG" eid="e_1">
      <span>
        <target id="t_14"/>
      </span>
      <span>
        <target id="t_32"/>
      </span>
    </entity>
    <entity type="PER" eid="e_2">
      <span>
        <target id="t_24"/>
      </span>
    </entity>
  </entities>
  <properties>
    <property type="facilities" pid="p_1">
      <span>
        <target id="t_24"/>
      </span>
    </property>
    <property type="room" pid="p_2">
      <span>
        <target id="t_14"/>
      </span>
      <span>
        <target id="t_19"/>
      </span>
      <span>
        <target id="t_32"/>
      </span>
      <span>
        <target id="t_40"/>
      </span>
    </property>
  </properties>
  <opinions>
    <opinion oid="o_1">
      <opinion_target>
        <span>
          <target id="t_4"/>
        </span>
      </opinion_target>
      <opinion_expression polarity="negative" strength="-1">
        <span>
          <target id="t_1"/>
        </span>
      </opinion_expression>
    </opinion>
    <opinion oid="o_2">
      <opinion_target>
        <span>
          <target id="t_50"/>
        </span>
      </opinion_target>
      <opinion_expression polarity="negative" strength="-1">
        <span>
          <target id="t_52"/>
        </span>
      </opinion_expression>
    </opinion>
    <opinion oid="o_3">
      <opinion_target>
        <span>
          <target id="t_54"/>
        </span>
      </opinion_target>
      <opinion_expression polarity="negative" strength="-1">
        <span>
          <target id="t_56"/>
          <target id="t_55"/>
        </span>
      </opinion_expression>
    </opinion>
  </opinions>
</KAF>
