<?xml version='1.0' encoding='UTF-8'?>
<KAF xml:lang="nl">
  <linguisticProcessors layer="text">
    <lp timestamp="2013-01-06T18:32:39CET" version="2.0" name="SentenceTokenizer"/>
  </linguisticProcessors>
  <linguisticProcessors layer="terms">
    <lp timestamp="2013-01-06T18:32:39CET" version="2.0" name="SentenceTokenizer"/>
    <lp timestamp="2013-01-06T18:32:39CET" version="1.0" name="SimplePolarityTagger"/>
  </linguisticProcessors>
  <linguisticProcessor layer="opinions">
    <lp timestamp="2013-01-06T18:32:39CET" version="1.0" name="SimpleOpinionDetector"/>
  </linguisticProcessor>
  <linguisticProcessor layer="properties">
    <lp timestamp="2013-01-06T18:32:39CET" version="1.0" name="SimplePropRecognizer_lookup"/>
  </linguisticProcessor>
  <linguisticProcessor layer="entities">
    <lp timestamp="2013-01-06T18:32:39CET" version="1.0" name="SimpleNER_lookup"/>
  </linguisticProcessor>
  <text>
    <wf wid="w_1" para="1" sent="1">Mooi</wf>
    <wf wid="w_2" para="1" sent="1">hotel</wf>
    <wf wid="w_3" para="1" sent="1">,</wf>
    <wf wid="w_4" para="1" sent="1">wij</wf>
    <wf wid="w_5" para="1" sent="1">hadden</wf>
    <wf wid="w_6" para="1" sent="1">een</wf>
    <wf wid="w_7" para="1" sent="1">kamer</wf>
    <wf wid="w_8" para="1" sent="1">op</wf>
    <wf wid="w_9" para="1" sent="1">de</wf>
    <wf wid="w_10" para="1" sent="1">44e</wf>
    <wf wid="w_11" para="1" sent="1">etage</wf>
    <wf wid="w_12" para="1" sent="1">.</wf>
    <wf wid="w_13" para="1" sent="2">(</wf>
    <wf wid="w_14" para="1" sent="2">De</wf>
    <wf wid="w_15" para="1" sent="2">lift</wf>
    <wf wid="w_16" para="1" sent="2">alleen</wf>
    <wf wid="w_17" para="1" sent="2">al</wf>
    <wf wid="w_18" para="1" sent="2">is</wf>
    <wf wid="w_19" para="1" sent="2">een</wf>
    <wf wid="w_20" para="1" sent="2">beleving</wf>
    <wf wid="w_21" para="1" sent="2">)</wf>
    <wf wid="w_22" para="1" sent="2">Mooie</wf>
    <wf wid="w_23" para="1" sent="2">complete</wf>
    <wf wid="w_24" para="1" sent="2">kamer</wf>
    <wf wid="w_25" para="1" sent="2">,</wf>
    <wf wid="w_26" para="1" sent="2">grote</wf>
    <wf wid="w_27" para="1" sent="2">flat</wf>
    <wf wid="w_28" para="1" sent="2">screen</wf>
    <wf wid="w_29" para="1" sent="2">TV</wf>
    <wf wid="w_30" para="1" sent="2">en</wf>
    <wf wid="w_31" para="1" sent="2">heerlijke</wf>
    <wf wid="w_32" para="1" sent="2">bedden</wf>
    <wf wid="w_33" para="1" sent="2">.</wf>
    <wf wid="w_34" para="1" sent="3">De</wf>
    <wf wid="w_35" para="1" sent="3">ligging</wf>
    <wf wid="w_36" para="1" sent="3">van</wf>
    <wf wid="w_37" para="1" sent="3">het</wf>
    <wf wid="w_38" para="1" sent="3">hotel</wf>
    <wf wid="w_39" para="1" sent="3">is</wf>
    <wf wid="w_40" para="1" sent="3">geweldig</wf>
    <wf wid="w_41" para="1" sent="3">,</wf>
    <wf wid="w_42" para="1" sent="3">direct</wf>
    <wf wid="w_43" para="1" sent="3">rechts</wf>
    <wf wid="w_44" para="1" sent="3">de</wf>
    <wf wid="w_45" para="1" sent="3">metro</wf>
    <wf wid="w_46" para="1" sent="3">en</wf>
    <wf wid="w_47" para="1" sent="3">je</wf>
    <wf wid="w_48" para="1" sent="3">staat</wf>
    <wf wid="w_49" para="1" sent="3">binnen</wf>
    <wf wid="w_50" para="1" sent="3">5</wf>
    <wf wid="w_51" para="1" sent="3">minuten</wf>
    <wf wid="w_52" para="1" sent="3">op</wf>
    <wf wid="w_53" para="1" sent="3">time</wf>
    <wf wid="w_54" para="1" sent="3">square</wf>
    <wf wid="w_55" para="1" sent="3">!</wf>
    <wf wid="w_56" para="1" sent="4">Gratis</wf>
    <wf wid="w_57" para="1" sent="4">internet</wf>
    <wf wid="w_58" para="1" sent="4">in</wf>
    <wf wid="w_59" para="1" sent="4">de</wf>
    <wf wid="w_60" para="1" sent="4">mooie</wf>
    <wf wid="w_61" para="1" sent="4">lobby</wf>
    <wf wid="w_62" para="1" sent="4">en</wf>
    <wf wid="w_63" para="1" sent="4">vriendelijk</wf>
    <wf wid="w_64" para="1" sent="4">personeel</wf>
    <wf wid="w_65" para="1" sent="4">.</wf>
    <wf wid="w_66" para="1" sent="5">Ontbijten</wf>
    <wf wid="w_67" para="1" sent="5">kan</wf>
    <wf wid="w_68" para="1" sent="5">bijna</wf>
    <wf wid="w_69" para="1" sent="5">overal</wf>
    <wf wid="w_70" para="1" sent="5">in</wf>
    <wf wid="w_71" para="1" sent="5">de</wf>
    <wf wid="w_72" para="1" sent="5">straat</wf>
    <wf wid="w_73" para="1" sent="5">,</wf>
    <wf wid="w_74" para="1" sent="5">rechts</wf>
    <wf wid="w_75" para="1" sent="5">naast</wf>
    <wf wid="w_76" para="1" sent="5">het</wf>
    <wf wid="w_77" para="1" sent="5">hotel</wf>
    <wf wid="w_78" para="1" sent="5">staat</wf>
    <wf wid="w_79" para="1" sent="5">ook</wf>
    <wf wid="w_80" para="1" sent="5">een</wf>
    <wf wid="w_81" para="1" sent="5">kraampje</wf>
    <wf wid="w_82" para="1" sent="5">met</wf>
    <wf wid="w_83" para="1" sent="5">geweldige</wf>
    <wf wid="w_84" para="1" sent="5">muffins</wf>
    <wf wid="w_85" para="1" sent="5">en</wf>
    <wf wid="w_86" para="1" sent="5">bagels</wf>
    <wf wid="w_87" para="1" sent="5">e</wf>
    <wf wid="w_88" para="1" sent="5">.</wf>
    <wf wid="w_89" para="1" sent="6">d</wf>
    <wf wid="w_90" para="1" sent="6">.</wf>
    <wf wid="w_91" para="1" sent="7">voor</wf>
    <wf wid="w_92" para="1" sent="7">één</wf>
    <wf wid="w_93" para="1" sent="7">dollar</wf>
    <wf wid="w_94" para="1" sent="7">.</wf>
  </text>
  <terms>
    <term tid="t_1" lemma="mooi" type="open" pos="G">
      <span>
        <target id="w_1"/>
      </span>
      <sentiment polarity="positive" resource="VUA_olery_lexicon_nl_lmf"/>
    </term>
    <term tid="t_2" lemma="hotel" type="open">
      <span>
        <target id="w_2"/>
      </span>
    </term>
    <term tid="t_3" lemma="," type="open">
      <span>
        <target id="w_3"/>
      </span>
    </term>
    <term tid="t_4" lemma="wij" type="open">
      <span>
        <target id="w_4"/>
      </span>
    </term>
    <term tid="t_5" lemma="hadden" type="open">
      <span>
        <target id="w_5"/>
      </span>
    </term>
    <term tid="t_6" lemma="een" type="open">
      <span>
        <target id="w_6"/>
      </span>
    </term>
    <term tid="t_7" lemma="kamer" type="open">
      <span>
        <target id="w_7"/>
      </span>
    </term>
    <term tid="t_8" lemma="op" type="open">
      <span>
        <target id="w_8"/>
      </span>
    </term>
    <term tid="t_9" lemma="de" type="open">
      <span>
        <target id="w_9"/>
      </span>
    </term>
    <term tid="t_10" lemma="44e" type="open">
      <span>
        <target id="w_10"/>
      </span>
    </term>
    <term tid="t_11" lemma="etage" type="open">
      <span>
        <target id="w_11"/>
      </span>
    </term>
    <term tid="t_12" lemma="." type="open">
      <span>
        <target id="w_12"/>
      </span>
    </term>
    <term tid="t_13" lemma="(" type="open">
      <span>
        <target id="w_13"/>
      </span>
    </term>
    <term tid="t_14" lemma="de" type="open">
      <span>
        <target id="w_14"/>
      </span>
    </term>
    <term tid="t_15" lemma="lift" type="open">
      <span>
        <target id="w_15"/>
      </span>
    </term>
    <term tid="t_16" lemma="alleen" type="open">
      <span>
        <target id="w_16"/>
      </span>
    </term>
    <term tid="t_17" lemma="al" type="open">
      <span>
        <target id="w_17"/>
      </span>
    </term>
    <term tid="t_18" lemma="is" type="open">
      <span>
        <target id="w_18"/>
      </span>
    </term>
    <term tid="t_19" lemma="een" type="open">
      <span>
        <target id="w_19"/>
      </span>
    </term>
    <term tid="t_20" lemma="beleving" type="open">
      <span>
        <target id="w_20"/>
      </span>
    </term>
    <term tid="t_21" lemma=")" type="open">
      <span>
        <target id="w_21"/>
      </span>
    </term>
    <term tid="t_22" lemma="mooie" type="open">
      <span>
        <target id="w_22"/>
      </span>
    </term>
    <term tid="t_23" lemma="complete" type="open">
      <span>
        <target id="w_23"/>
      </span>
    </term>
    <term tid="t_24" lemma="kamer" type="open">
      <span>
        <target id="w_24"/>
      </span>
    </term>
    <term tid="t_25" lemma="," type="open">
      <span>
        <target id="w_25"/>
      </span>
    </term>
    <term tid="t_26" lemma="grote" type="open">
      <span>
        <target id="w_26"/>
      </span>
    </term>
    <term tid="t_27" lemma="flat" type="open">
      <span>
        <target id="w_27"/>
      </span>
    </term>
    <term tid="t_28" lemma="screen" type="open">
      <span>
        <target id="w_28"/>
      </span>
    </term>
    <term tid="t_29" lemma="tv" type="open">
      <span>
        <target id="w_29"/>
      </span>
    </term>
    <term tid="t_30" lemma="en" type="open">
      <span>
        <target id="w_30"/>
      </span>
    </term>
    <term tid="t_31" lemma="heerlijke" type="open">
      <span>
        <target id="w_31"/>
      </span>
    </term>
    <term tid="t_32" lemma="bedden" type="open">
      <span>
        <target id="w_32"/>
      </span>
    </term>
    <term tid="t_33" lemma="." type="open">
      <span>
        <target id="w_33"/>
      </span>
    </term>
    <term tid="t_34" lemma="de" type="open">
      <span>
        <target id="w_34"/>
      </span>
    </term>
    <term tid="t_35" lemma="ligging" type="open">
      <span>
        <target id="w_35"/>
      </span>
    </term>
    <term tid="t_36" lemma="van" type="open">
      <span>
        <target id="w_36"/>
      </span>
    </term>
    <term tid="t_37" lemma="het" type="open">
      <span>
        <target id="w_37"/>
      </span>
    </term>
    <term tid="t_38" lemma="hotel" type="open">
      <span>
        <target id="w_38"/>
      </span>
    </term>
    <term tid="t_39" lemma="is" type="open">
      <span>
        <target id="w_39"/>
      </span>
    </term>
    <term tid="t_40" lemma="geweldig" type="open" pos="N">
      <span>
        <target id="w_40"/>
      </span>
      <sentiment polarity="positive" resource="VUA_olery_lexicon_nl_lmf"/>
    </term>
    <term tid="t_41" lemma="," type="open">
      <span>
        <target id="w_41"/>
      </span>
    </term>
    <term tid="t_42" lemma="direct" type="open">
      <span>
        <target id="w_42"/>
      </span>
    </term>
    <term tid="t_43" lemma="rechts" type="open">
      <span>
        <target id="w_43"/>
      </span>
    </term>
    <term tid="t_44" lemma="de" type="open">
      <span>
        <target id="w_44"/>
      </span>
    </term>
    <term tid="t_45" lemma="metro" type="open">
      <span>
        <target id="w_45"/>
      </span>
    </term>
    <term tid="t_46" lemma="en" type="open">
      <span>
        <target id="w_46"/>
      </span>
    </term>
    <term tid="t_47" lemma="je" type="open">
      <span>
        <target id="w_47"/>
      </span>
    </term>
    <term tid="t_48" lemma="staat" type="open">
      <span>
        <target id="w_48"/>
      </span>
    </term>
    <term tid="t_49" lemma="binnen" type="open">
      <span>
        <target id="w_49"/>
      </span>
    </term>
    <term tid="t_50" lemma="5" type="open">
      <span>
        <target id="w_50"/>
      </span>
    </term>
    <term tid="t_51" lemma="minuten" type="open">
      <span>
        <target id="w_51"/>
      </span>
    </term>
    <term tid="t_52" lemma="op" type="open">
      <span>
        <target id="w_52"/>
      </span>
    </term>
    <term tid="t_53" lemma="time" type="open">
      <span>
        <target id="w_53"/>
      </span>
    </term>
    <term tid="t_54" lemma="square" type="open">
      <span>
        <target id="w_54"/>
      </span>
    </term>
    <term tid="t_55" lemma="!" type="open">
      <span>
        <target id="w_55"/>
      </span>
      <sentiment sentiment_modifier="intensifier" resource="VUA_olery_lexicon_nl_lmf"/>
    </term>
    <term tid="t_56" lemma="gratis" type="open" pos="G">
      <span>
        <target id="w_56"/>
      </span>
      <sentiment polarity="positive" resource="VUA_olery_lexicon_nl_lmf"/>
    </term>
    <term tid="t_57" lemma="internet" type="open">
      <span>
        <target id="w_57"/>
      </span>
    </term>
    <term tid="t_58" lemma="in" type="open">
      <span>
        <target id="w_58"/>
      </span>
    </term>
    <term tid="t_59" lemma="de" type="open">
      <span>
        <target id="w_59"/>
      </span>
    </term>
    <term tid="t_60" lemma="mooie" type="open">
      <span>
        <target id="w_60"/>
      </span>
    </term>
    <term tid="t_61" lemma="lobby" type="open">
      <span>
        <target id="w_61"/>
      </span>
    </term>
    <term tid="t_62" lemma="en" type="open">
      <span>
        <target id="w_62"/>
      </span>
    </term>
    <term tid="t_63" lemma="vriendelijk" type="open" pos="G">
      <span>
        <target id="w_63"/>
      </span>
      <sentiment polarity="positive" resource="VUA_olery_lexicon_nl_lmf"/>
    </term>
    <term tid="t_64" lemma="personeel" type="open">
      <span>
        <target id="w_64"/>
      </span>
    </term>
    <term tid="t_65" lemma="." type="open">
      <span>
        <target id="w_65"/>
      </span>
    </term>
    <term tid="t_66" lemma="ontbijten" type="open">
      <span>
        <target id="w_66"/>
      </span>
    </term>
    <term tid="t_67" lemma="kan" type="open">
      <span>
        <target id="w_67"/>
      </span>
    </term>
    <term tid="t_68" lemma="bijna" type="open">
      <span>
        <target id="w_68"/>
      </span>
    </term>
    <term tid="t_69" lemma="overal" type="open">
      <span>
        <target id="w_69"/>
      </span>
      <sentiment sentiment_modifier="intensifier" resource="VUA_olery_lexicon_nl_lmf"/>
    </term>
    <term tid="t_70" lemma="in" type="open">
      <span>
        <target id="w_70"/>
      </span>
    </term>
    <term tid="t_71" lemma="de" type="open">
      <span>
        <target id="w_71"/>
      </span>
    </term>
    <term tid="t_72" lemma="straat" type="open">
      <span>
        <target id="w_72"/>
      </span>
    </term>
    <term tid="t_73" lemma="," type="open">
      <span>
        <target id="w_73"/>
      </span>
    </term>
    <term tid="t_74" lemma="rechts" type="open">
      <span>
        <target id="w_74"/>
      </span>
    </term>
    <term tid="t_75" lemma="naast" type="open">
      <span>
        <target id="w_75"/>
      </span>
    </term>
    <term tid="t_76" lemma="het" type="open">
      <span>
        <target id="w_76"/>
      </span>
    </term>
    <term tid="t_77" lemma="hotel" type="open">
      <span>
        <target id="w_77"/>
      </span>
    </term>
    <term tid="t_78" lemma="staat" type="open">
      <span>
        <target id="w_78"/>
      </span>
    </term>
    <term tid="t_79" lemma="ook" type="open">
      <span>
        <target id="w_79"/>
      </span>
    </term>
    <term tid="t_80" lemma="een" type="open">
      <span>
        <target id="w_80"/>
      </span>
    </term>
    <term tid="t_81" lemma="kraampje" type="open">
      <span>
        <target id="w_81"/>
      </span>
    </term>
    <term tid="t_82" lemma="met" type="open">
      <span>
        <target id="w_82"/>
      </span>
    </term>
    <term tid="t_83" lemma="geweldige" type="open">
      <span>
        <target id="w_83"/>
      </span>
    </term>
    <term tid="t_84" lemma="muffins" type="open">
      <span>
        <target id="w_84"/>
      </span>
    </term>
    <term tid="t_85" lemma="en" type="open">
      <span>
        <target id="w_85"/>
      </span>
    </term>
    <term tid="t_86" lemma="bagels" type="open">
      <span>
        <target id="w_86"/>
      </span>
    </term>
    <term tid="t_87" lemma="e" type="open">
      <span>
        <target id="w_87"/>
      </span>
    </term>
    <term tid="t_88" lemma="." type="open">
      <span>
        <target id="w_88"/>
      </span>
    </term>
    <term tid="t_89" lemma="d" type="open">
      <span>
        <target id="w_89"/>
      </span>
    </term>
    <term tid="t_90" lemma="." type="open">
      <span>
        <target id="w_90"/>
      </span>
    </term>
    <term tid="t_91" lemma="voor" type="open">
      <span>
        <target id="w_91"/>
      </span>
    </term>
    <term tid="t_92" lemma="één" type="open">
      <span>
        <target id="w_92"/>
      </span>
    </term>
    <term tid="t_93" lemma="dollar" type="open">
      <span>
        <target id="w_93"/>
      </span>
    </term>
    <term tid="t_94" lemma="." type="open">
      <span>
        <target id="w_94"/>
      </span>
    </term>
  </terms>
  <entities>
    <entity type="MISC" eid="e_1">
      <span>
        <target id="t_57"/>
      </span>
    </entity>
    <entity type="ORG" eid="e_2">
      <span>
        <target id="t_45"/>
      </span>
    </entity>
    <entity type="MISC" eid="e_3">
      <span>
        <target id="t_87"/>
      </span>
    </entity>
    <entity type="ORG" eid="e_4">
      <span>
        <target id="t_7"/>
      </span>
      <span>
        <target id="t_24"/>
      </span>
    </entity>
    <entity type="ORG" eid="e_5">
      <span>
        <target id="t_53"/>
      </span>
    </entity>
  </entities>
  <properties>
    <property type="value_for_money" pid="p_1">
      <span>
        <target id="t_56"/>
      </span>
    </property>
    <property type="room" pid="p_2">
      <span>
        <target id="t_7"/>
      </span>
      <span>
        <target id="t_24"/>
      </span>
    </property>
    <property type="restaurant" pid="p_3">
      <span>
        <target id="t_66"/>
      </span>
    </property>
    <property type="facilities" pid="p_4">
      <span>
        <target id="t_11"/>
      </span>
      <span>
        <target id="t_15"/>
      </span>
      <span>
        <target id="t_29"/>
      </span>
      <span>
        <target id="t_61"/>
      </span>
    </property>
    <property type="location" pid="p_5">
      <span>
        <target id="t_35"/>
      </span>
      <span>
        <target id="t_45"/>
      </span>
      <span>
        <target id="t_72"/>
      </span>
    </property>
    <property type="internet" pid="p_6">
      <span>
        <target id="t_57"/>
      </span>
    </property>
    <property type="staff" pid="p_7">
      <span>
        <target id="t_63"/>
      </span>
      <span>
        <target id="t_64"/>
      </span>
    </property>
  </properties>
  <opinions>
    <opinion oid="o_1">
      <opinion_target>
        <span>
          <target id="t_2"/>
        </span>
      </opinion_target>
      <opinion_expression polarity="positive" strength="1">
        <span>
          <target id="t_1"/>
        </span>
      </opinion_expression>
    </opinion>
    <opinion oid="o_2">
      <opinion_target>
        <span>
          <target id="t_42"/>
        </span>
      </opinion_target>
      <opinion_expression polarity="positive" strength="1">
        <span>
          <target id="t_40"/>
        </span>
      </opinion_expression>
    </opinion>
    <opinion oid="o_3">
      <opinion_target>
        <span>
          <target id="t_57"/>
        </span>
      </opinion_target>
      <opinion_expression polarity="positive" strength="2">
        <span>
          <target id="t_56"/>
          <target id="t_55"/>
        </span>
      </opinion_expression>
    </opinion>
    <opinion oid="o_4">
      <opinion_target>
        <span>
          <target id="t_64"/>
        </span>
      </opinion_target>
      <opinion_expression polarity="positive" strength="1">
        <span>
          <target id="t_63"/>
        </span>
      </opinion_expression>
    </opinion>
  </opinions>
</KAF>
