<?xml version='1.0' encoding='UTF-8'?>
<KAF xml:lang="nl">
  <linguisticProcessors layer="text">
    <lp timestamp="2013-01-06T18:45:14CET" version="2.0" name="SentenceTokenizer"/>
  </linguisticProcessors>
  <linguisticProcessors layer="terms">
    <lp timestamp="2013-01-06T18:45:14CET" version="2.0" name="SentenceTokenizer"/>
    <lp timestamp="2013-01-06T18:45:14CET" version="1.0" name="SimplePolarityTagger"/>
  </linguisticProcessors>
  <linguisticProcessor layer="opinions">
    <lp timestamp="2013-01-06T18:45:14CET" version="1.0" name="SimpleOpinionDetector"/>
  </linguisticProcessor>
  <linguisticProcessor layer="properties">
    <lp timestamp="2013-01-06T18:45:14CET" version="1.0" name="SimplePropRecognizer_lookup"/>
  </linguisticProcessor>
  <linguisticProcessor layer="entities">
    <lp timestamp="2013-01-06T18:45:14CET" version="1.0" name="SimpleNER_lookup"/>
  </linguisticProcessor>
  <text>
    <wf wid="w_1" para="1" sent="1">viel</wf>
    <wf wid="w_2" para="1" sent="1">tegen</wf>
    <wf wid="w_3" para="1" sent="1">.</wf>
    <wf wid="w_4" para="1" sent="2">Voor</wf>
    <wf wid="w_5" para="1" sent="2">het</wf>
    <wf wid="w_6" para="1" sent="2">eerst</wf>
    <wf wid="w_7" para="1" sent="2">bij</wf>
    <wf wid="w_8" para="1" sent="2">Fletcher</wf>
    <wf wid="w_9" para="1" sent="2">miste</wf>
    <wf wid="w_10" para="1" sent="2">ik</wf>
    <wf wid="w_11" para="1" sent="2">de</wf>
    <wf wid="w_12" para="1" sent="2">sfeer</wf>
    <wf wid="w_13" para="1" sent="2">en</wf>
    <wf wid="w_14" para="1" sent="2">de</wf>
    <wf wid="w_15" para="1" sent="2">gezelligheid</wf>
    <wf wid="w_16" para="1" sent="2">.</wf>
    <wf wid="w_17" para="1" sent="3">Het</wf>
    <wf wid="w_18" para="1" sent="3">hotel</wf>
    <wf wid="w_19" para="1" sent="3">vond</wf>
    <wf wid="w_20" para="1" sent="3">ik</wf>
    <wf wid="w_21" para="1" sent="3">niet</wf>
    <wf wid="w_22" para="1" sent="3">echt</wf>
    <wf wid="w_23" para="1" sent="3">schoon</wf>
    <wf wid="w_24" para="1" sent="3">,</wf>
    <wf wid="w_25" para="1" sent="3">en</wf>
    <wf wid="w_26" para="1" sent="3">ik</wf>
    <wf wid="w_27" para="1" sent="3">vond</wf>
    <wf wid="w_28" para="1" sent="3">de</wf>
    <wf wid="w_29" para="1" sent="3">kamers</wf>
    <wf wid="w_30" para="1" sent="3">krap</wf>
    <wf wid="w_31" para="1" sent="3">Ben</wf>
    <wf wid="w_32" para="1" sent="3">er</wf>
    <wf wid="w_33" para="1" sent="3">2x</wf>
    <wf wid="w_34" para="1" sent="3">geweest</wf>
    <wf wid="w_35" para="1" sent="3">eerst</wf>
    <wf wid="w_36" para="1" sent="3">met</wf>
    <wf wid="w_37" para="1" sent="3">een</wf>
    <wf wid="w_38" para="1" sent="3">Fletcher</wf>
    <wf wid="w_39" para="1" sent="3">bon</wf>
    <wf wid="w_40" para="1" sent="3">in</wf>
    <wf wid="w_41" para="1" sent="3">juni</wf>
    <wf wid="w_42" para="1" sent="3">toen</wf>
    <wf wid="w_43" para="1" sent="3">hadden</wf>
    <wf wid="w_44" para="1" sent="3">we</wf>
    <wf wid="w_45" para="1" sent="3">een</wf>
    <wf wid="w_46" para="1" sent="3">kamer</wf>
    <wf wid="w_47" para="1" sent="3">met</wf>
    <wf wid="w_48" para="1" sent="3">douche</wf>
    <wf wid="w_49" para="1" sent="3">en</wf>
    <wf wid="w_50" para="1" sent="3">wc</wf>
    <wf wid="w_51" para="1" sent="3">op</wf>
    <wf wid="w_52" para="1" sent="3">de</wf>
    <wf wid="w_53" para="1" sent="3">gang</wf>
    <wf wid="w_54" para="1" sent="3">en</wf>
    <wf wid="w_55" para="1" sent="3">later</wf>
    <wf wid="w_56" para="1" sent="3">gewoon</wf>
    <wf wid="w_57" para="1" sent="3">geboekt</wf>
    <wf wid="w_58" para="1" sent="3">toen</wf>
    <wf wid="w_59" para="1" sent="3">hadden</wf>
    <wf wid="w_60" para="1" sent="3">we</wf>
    <wf wid="w_61" para="1" sent="3">een</wf>
    <wf wid="w_62" para="1" sent="3">grote</wf>
    <wf wid="w_63" para="1" sent="3">kamer</wf>
    <wf wid="w_64" para="1" sent="3">.</wf>
    <wf wid="w_65" para="1" sent="4">het</wf>
    <wf wid="w_66" para="1" sent="4">ontbijt</wf>
    <wf wid="w_67" para="1" sent="4">was</wf>
    <wf wid="w_68" para="1" sent="4">goed</wf>
    <wf wid="w_69" para="1" sent="4">de</wf>
    <wf wid="w_70" para="1" sent="4">bedden</wf>
    <wf wid="w_71" para="1" sent="4">redelijk</wf>
  </text>
  <terms>
    <term tid="t_1" lemma="viel" type="open">
      <span>
        <target id="w_1"/>
      </span>
    </term>
    <term tid="t_2" lemma="tegen" type="open">
      <span>
        <target id="w_2"/>
      </span>
    </term>
    <term tid="t_3" lemma="." type="open">
      <span>
        <target id="w_3"/>
      </span>
    </term>
    <term tid="t_4" lemma="voor" type="open">
      <span>
        <target id="w_4"/>
      </span>
    </term>
    <term tid="t_5" lemma="het" type="open">
      <span>
        <target id="w_5"/>
      </span>
    </term>
    <term tid="t_6" lemma="eerst" type="open">
      <span>
        <target id="w_6"/>
      </span>
    </term>
    <term tid="t_7" lemma="bij" type="open">
      <span>
        <target id="w_7"/>
      </span>
    </term>
    <term tid="t_8" lemma="fletcher" type="open">
      <span>
        <target id="w_8"/>
      </span>
    </term>
    <term tid="t_9" lemma="miste" type="open">
      <span>
        <target id="w_9"/>
      </span>
    </term>
    <term tid="t_10" lemma="ik" type="open">
      <span>
        <target id="w_10"/>
      </span>
    </term>
    <term tid="t_11" lemma="de" type="open">
      <span>
        <target id="w_11"/>
      </span>
    </term>
    <term tid="t_12" lemma="sfeer" type="open" pos="N">
      <span>
        <target id="w_12"/>
      </span>
      <sentiment polarity="positive" resource="VUA_olery_lexicon_nl_lmf"/>
    </term>
    <term tid="t_13" lemma="en" type="open">
      <span>
        <target id="w_13"/>
      </span>
    </term>
    <term tid="t_14" lemma="de" type="open">
      <span>
        <target id="w_14"/>
      </span>
    </term>
    <term tid="t_15" lemma="gezelligheid" type="open" pos="N">
      <span>
        <target id="w_15"/>
      </span>
      <sentiment polarity="positive" resource="VUA_olery_lexicon_nl_lmf"/>
    </term>
    <term tid="t_16" lemma="." type="open">
      <span>
        <target id="w_16"/>
      </span>
    </term>
    <term tid="t_17" lemma="het" type="open">
      <span>
        <target id="w_17"/>
      </span>
    </term>
    <term tid="t_18" lemma="hotel" type="open">
      <span>
        <target id="w_18"/>
      </span>
    </term>
    <term tid="t_19" lemma="vond" type="open">
      <span>
        <target id="w_19"/>
      </span>
    </term>
    <term tid="t_20" lemma="ik" type="open">
      <span>
        <target id="w_20"/>
      </span>
    </term>
    <term tid="t_21" lemma="niet" type="open">
      <span>
        <target id="w_21"/>
      </span>
      <sentiment sentiment_modifier="shifter" resource="VUA_olery_lexicon_nl_lmf"/>
    </term>
    <term tid="t_22" lemma="echt" type="open">
      <span>
        <target id="w_22"/>
      </span>
      <sentiment sentiment_modifier="intensifier" resource="VUA_olery_lexicon_nl_lmf"/>
    </term>
    <term tid="t_23" lemma="schoon" type="open" pos="G">
      <span>
        <target id="w_23"/>
      </span>
      <sentiment polarity="positive" resource="VUA_olery_lexicon_nl_lmf"/>
    </term>
    <term tid="t_24" lemma="," type="open">
      <span>
        <target id="w_24"/>
      </span>
    </term>
    <term tid="t_25" lemma="en" type="open">
      <span>
        <target id="w_25"/>
      </span>
    </term>
    <term tid="t_26" lemma="ik" type="open">
      <span>
        <target id="w_26"/>
      </span>
    </term>
    <term tid="t_27" lemma="vond" type="open">
      <span>
        <target id="w_27"/>
      </span>
    </term>
    <term tid="t_28" lemma="de" type="open">
      <span>
        <target id="w_28"/>
      </span>
    </term>
    <term tid="t_29" lemma="kamers" type="open">
      <span>
        <target id="w_29"/>
      </span>
    </term>
    <term tid="t_30" lemma="krap" type="open" pos="G">
      <span>
        <target id="w_30"/>
      </span>
      <sentiment polarity="negative" resource="VUA_olery_lexicon_nl_lmf"/>
    </term>
    <term tid="t_31" lemma="ben" type="open">
      <span>
        <target id="w_31"/>
      </span>
    </term>
    <term tid="t_32" lemma="er" type="open">
      <span>
        <target id="w_32"/>
      </span>
    </term>
    <term tid="t_33" lemma="2x" type="open">
      <span>
        <target id="w_33"/>
      </span>
    </term>
    <term tid="t_34" lemma="geweest" type="open">
      <span>
        <target id="w_34"/>
      </span>
    </term>
    <term tid="t_35" lemma="eerst" type="open">
      <span>
        <target id="w_35"/>
      </span>
    </term>
    <term tid="t_36" lemma="met" type="open">
      <span>
        <target id="w_36"/>
      </span>
    </term>
    <term tid="t_37" lemma="een" type="open">
      <span>
        <target id="w_37"/>
      </span>
    </term>
    <term tid="t_38" lemma="fletcher" type="open">
      <span>
        <target id="w_38"/>
      </span>
    </term>
    <term tid="t_39" lemma="bon" type="open">
      <span>
        <target id="w_39"/>
      </span>
    </term>
    <term tid="t_40" lemma="in" type="open">
      <span>
        <target id="w_40"/>
      </span>
    </term>
    <term tid="t_41" lemma="juni" type="open">
      <span>
        <target id="w_41"/>
      </span>
    </term>
    <term tid="t_42" lemma="toen" type="open">
      <span>
        <target id="w_42"/>
      </span>
    </term>
    <term tid="t_43" lemma="hadden" type="open">
      <span>
        <target id="w_43"/>
      </span>
    </term>
    <term tid="t_44" lemma="we" type="open">
      <span>
        <target id="w_44"/>
      </span>
    </term>
    <term tid="t_45" lemma="een" type="open">
      <span>
        <target id="w_45"/>
      </span>
    </term>
    <term tid="t_46" lemma="kamer" type="open">
      <span>
        <target id="w_46"/>
      </span>
    </term>
    <term tid="t_47" lemma="met" type="open">
      <span>
        <target id="w_47"/>
      </span>
    </term>
    <term tid="t_48" lemma="douche" type="open">
      <span>
        <target id="w_48"/>
      </span>
    </term>
    <term tid="t_49" lemma="en" type="open">
      <span>
        <target id="w_49"/>
      </span>
    </term>
    <term tid="t_50" lemma="wc" type="open">
      <span>
        <target id="w_50"/>
      </span>
    </term>
    <term tid="t_51" lemma="op" type="open">
      <span>
        <target id="w_51"/>
      </span>
    </term>
    <term tid="t_52" lemma="de" type="open">
      <span>
        <target id="w_52"/>
      </span>
    </term>
    <term tid="t_53" lemma="gang" type="open">
      <span>
        <target id="w_53"/>
      </span>
    </term>
    <term tid="t_54" lemma="en" type="open">
      <span>
        <target id="w_54"/>
      </span>
    </term>
    <term tid="t_55" lemma="later" type="open">
      <span>
        <target id="w_55"/>
      </span>
    </term>
    <term tid="t_56" lemma="gewoon" type="open">
      <span>
        <target id="w_56"/>
      </span>
    </term>
    <term tid="t_57" lemma="geboekt" type="open">
      <span>
        <target id="w_57"/>
      </span>
    </term>
    <term tid="t_58" lemma="toen" type="open">
      <span>
        <target id="w_58"/>
      </span>
    </term>
    <term tid="t_59" lemma="hadden" type="open">
      <span>
        <target id="w_59"/>
      </span>
    </term>
    <term tid="t_60" lemma="we" type="open">
      <span>
        <target id="w_60"/>
      </span>
    </term>
    <term tid="t_61" lemma="een" type="open">
      <span>
        <target id="w_61"/>
      </span>
    </term>
    <term tid="t_62" lemma="grote" type="open">
      <span>
        <target id="w_62"/>
      </span>
    </term>
    <term tid="t_63" lemma="kamer" type="open">
      <span>
        <target id="w_63"/>
      </span>
    </term>
    <term tid="t_64" lemma="." type="open">
      <span>
        <target id="w_64"/>
      </span>
    </term>
    <term tid="t_65" lemma="het" type="open">
      <span>
        <target id="w_65"/>
      </span>
    </term>
    <term tid="t_66" lemma="ontbijt" type="open">
      <span>
        <target id="w_66"/>
      </span>
    </term>
    <term tid="t_67" lemma="was" type="open">
      <span>
        <target id="w_67"/>
      </span>
    </term>
    <term tid="t_68" lemma="goed" type="open" pos="G">
      <span>
        <target id="w_68"/>
      </span>
      <sentiment polarity="positive" resource="VUA_olery_lexicon_nl_lmf"/>
    </term>
    <term tid="t_69" lemma="de" type="open">
      <span>
        <target id="w_69"/>
      </span>
    </term>
    <term tid="t_70" lemma="bedden" type="open">
      <span>
        <target id="w_70"/>
      </span>
    </term>
    <term tid="t_71" lemma="redelijk" type="open">
      <span>
        <target id="w_71"/>
      </span>
    </term>
  </terms>
  <entities>
    <entity type="PER" eid="e_1">
      <span>
        <target id="t_44"/>
      </span>
      <span>
        <target id="t_60"/>
      </span>
    </entity>
    <entity type="ORG" eid="e_2">
      <span>
        <target id="t_46"/>
      </span>
      <span>
        <target id="t_63"/>
      </span>
    </entity>
  </entities>
  <properties>
    <property type="cleanliness" pid="p_1">
      <span>
        <target id="t_23"/>
      </span>
    </property>
    <property type="bathroom" pid="p_2">
      <span>
        <target id="t_48"/>
      </span>
      <span>
        <target id="t_50"/>
      </span>
    </property>
    <property type="room" pid="p_3">
      <span>
        <target id="t_30"/>
      </span>
      <span>
        <target id="t_46"/>
      </span>
      <span>
        <target id="t_63"/>
      </span>
    </property>
    <property type="restaurant" pid="p_4">
      <span>
        <target id="t_66"/>
      </span>
    </property>
  </properties>
  <opinions>
    <opinion oid="o_1">
      <opinion_holder>
        <span>
          <target id="t_10"/>
        </span>
      </opinion_holder>
      <opinion_target>
        <span>
          <target id="t_9"/>
        </span>
      </opinion_target>
      <opinion_expression polarity="positive" strength="1">
        <span>
          <target id="t_12"/>
        </span>
      </opinion_expression>
    </opinion>
    <opinion oid="o_2">
      <opinion_holder>
        <span>
          <target id="t_20"/>
        </span>
      </opinion_holder>
      <opinion_target>
        <span>
          <target id="t_19"/>
        </span>
      </opinion_target>
      <opinion_expression polarity="negative" strength="-2">
        <span>
          <target id="t_23"/>
          <target id="t_22"/>
          <target id="t_21"/>
        </span>
      </opinion_expression>
    </opinion>
    <opinion oid="o_3">
      <opinion_holder>
        <span>
          <target id="t_20"/>
        </span>
      </opinion_holder>
      <opinion_target>
        <span>
          <target id="t_29"/>
        </span>
      </opinion_target>
      <opinion_expression polarity="negative" strength="-1">
        <span>
          <target id="t_30"/>
        </span>
      </opinion_expression>
    </opinion>
    <opinion oid="o_4">
      <opinion_target>
        <span>
          <target id="t_70"/>
        </span>
      </opinion_target>
      <opinion_expression polarity="positive" strength="1">
        <span>
          <target id="t_68"/>
        </span>
      </opinion_expression>
    </opinion>
  </opinions>
</KAF>
