<?xml version='1.0' encoding='UTF-8'?>
<KAF xml:lang="nl">
  <linguisticProcessors layer="text">
    <lp timestamp="2013-01-06T18:36:03CET" version="2.0" name="SentenceTokenizer"/>
  </linguisticProcessors>
  <linguisticProcessors layer="terms">
    <lp timestamp="2013-01-06T18:36:03CET" version="2.0" name="SentenceTokenizer"/>
    <lp timestamp="2013-01-06T18:36:03CET" version="1.0" name="SimplePolarityTagger"/>
  </linguisticProcessors>
  <linguisticProcessor layer="opinions">
    <lp timestamp="2013-01-06T18:36:03CET" version="1.0" name="SimpleOpinionDetector"/>
  </linguisticProcessor>
  <linguisticProcessor layer="properties">
    <lp timestamp="2013-01-06T18:36:03CET" version="1.0" name="SimplePropRecognizer_lookup"/>
  </linguisticProcessor>
  <linguisticProcessor layer="entities">
    <lp timestamp="2013-01-06T18:36:03CET" version="1.0" name="SimpleNER_lookup"/>
  </linguisticProcessor>
  <text>
    <wf wid="w_1" para="1" sent="1">service</wf>
    <wf wid="w_2" para="1" sent="1">van</wf>
    <wf wid="w_3" para="1" sent="1">geld</wf>
    <wf wid="w_4" para="1" sent="1">terug</wf>
    <wf wid="w_5" para="1" sent="1">zonder</wf>
    <wf wid="w_6" para="1" sent="1">moeilijk</wf>
    <wf wid="w_7" para="1" sent="1">doen</wf>
    <wf wid="w_8" para="1" sent="1">.</wf>
    <wf wid="w_9" para="1" sent="2">het</wf>
    <wf wid="w_10" para="1" sent="2">was</wf>
    <wf wid="w_11" para="1" sent="2">een</wf>
    <wf wid="w_12" para="1" sent="2">ronduit</wf>
    <wf wid="w_13" para="1" sent="2">smerig</wf>
    <wf wid="w_14" para="1" sent="2">appartement</wf>
    <wf wid="w_15" para="1" sent="2">..</wf>
    <wf wid="w_16" para="1" sent="3">Wij</wf>
    <wf wid="w_17" para="1" sent="3">denken</wf>
    <wf wid="w_18" para="1" sent="3">een</wf>
    <wf wid="w_19" para="1" sent="3">woning</wf>
    <wf wid="w_20" para="1" sent="3">van</wf>
    <wf wid="w_21" para="1" sent="3">schoonmakers</wf>
    <wf wid="w_22" para="1" sent="3">!</wf>
    <wf wid="w_23" para="1" sent="4">Bed</wf>
    <wf wid="w_24" para="1" sent="4">was</wf>
    <wf wid="w_25" para="1" sent="4">beslapen</wf>
    <wf wid="w_26" para="1" sent="4">,</wf>
    <wf wid="w_27" para="1" sent="4">lagen</wf>
    <wf wid="w_28" para="1" sent="4">lange</wf>
    <wf wid="w_29" para="1" sent="4">zwarte</wf>
    <wf wid="w_30" para="1" sent="4">haren</wf>
    <wf wid="w_31" para="1" sent="4">in</wf>
    <wf wid="w_32" para="1" sent="4">,</wf>
    <wf wid="w_33" para="1" sent="4">de</wf>
    <wf wid="w_34" para="1" sent="4">vaat</wf>
    <wf wid="w_35" para="1" sent="4">stond</wf>
    <wf wid="w_36" para="1" sent="4">op</wf>
    <wf wid="w_37" para="1" sent="4">het</wf>
    <wf wid="w_38" para="1" sent="4">aanrecht</wf>
    <wf wid="w_39" para="1" sent="4">,</wf>
    <wf wid="w_40" para="1" sent="4">de</wf>
    <wf wid="w_41" para="1" sent="4">tandpasta</wf>
    <wf wid="w_42" para="1" sent="4">lag</wf>
    <wf wid="w_43" para="1" sent="4">open</wf>
    <wf wid="w_44" para="1" sent="4">op</wf>
    <wf wid="w_45" para="1" sent="4">de</wf>
    <wf wid="w_46" para="1" sent="4">wastafel</wf>
    <wf wid="w_47" para="1" sent="4">met</wf>
    <wf wid="w_48" para="1" sent="4">een</wf>
    <wf wid="w_49" para="1" sent="4">stuk</wf>
    <wf wid="w_50" para="1" sent="4">eruit</wf>
    <wf wid="w_51" para="1" sent="4">!</wf>
    <wf wid="w_52" para="1" sent="5">Er</wf>
    <wf wid="w_53" para="1" sent="5">stond</wf>
    <wf wid="w_54" para="1" sent="5">nog</wf>
    <wf wid="w_55" para="1" sent="5">een</wf>
    <wf wid="w_56" para="1" sent="5">aangekalkte</wf>
    <wf wid="w_57" para="1" sent="5">fles</wf>
    <wf wid="w_58" para="1" sent="5">head</wf>
    <wf wid="w_59" para="1" sent="5">en</wf>
    <wf wid="w_60" para="1" sent="5">shoulders</wf>
    <wf wid="w_61" para="1" sent="5">en</wf>
    <wf wid="w_62" para="1" sent="5">er</wf>
    <wf wid="w_63" para="1" sent="5">lag</wf>
    <wf wid="w_64" para="1" sent="5">kinderspeelgoed</wf>
    <wf wid="w_65" para="1" sent="5">,</wf>
    <wf wid="w_66" para="1" sent="5">lagen</wf>
    <wf wid="w_67" para="1" sent="5">paaseitjes</wf>
    <wf wid="w_68" para="1" sent="5">etc</wf>
    <wf wid="w_69" para="1" sent="5">..</wf>
    <wf wid="w_70" para="1" sent="6">Badkamer</wf>
    <wf wid="w_71" para="1" sent="6">was</wf>
    <wf wid="w_72" para="1" sent="6">te</wf>
    <wf wid="w_73" para="1" sent="6">vies</wf>
    <wf wid="w_74" para="1" sent="6">om</wf>
    <wf wid="w_75" para="1" sent="6">in</wf>
    <wf wid="w_76" para="1" sent="6">te</wf>
    <wf wid="w_77" para="1" sent="6">kijken</wf>
    <wf wid="w_78" para="1" sent="6">..</wf>
    <wf wid="w_79" para="1" sent="7">.Kortom</wf>
    <wf wid="w_80" para="1" sent="7">TE</wf>
    <wf wid="w_81" para="1" sent="7">vies</wf>
    <wf wid="w_82" para="1" sent="7">!</wf>
    <wf wid="w_83" para="1" sent="8">We</wf>
    <wf wid="w_84" para="1" sent="8">kregen</wf>
    <wf wid="w_85" para="1" sent="8">direct</wf>
    <wf wid="w_86" para="1" sent="8">ons</wf>
    <wf wid="w_87" para="1" sent="8">geld</wf>
    <wf wid="w_88" para="1" sent="8">terug</wf>
    <wf wid="w_89" para="1" sent="8">en</wf>
    <wf wid="w_90" para="1" sent="8">zijn</wf>
    <wf wid="w_91" para="1" sent="8">naar</wf>
    <wf wid="w_92" para="1" sent="8">een</wf>
    <wf wid="w_93" para="1" sent="8">ander</wf>
    <wf wid="w_94" para="1" sent="8">hotel</wf>
    <wf wid="w_95" para="1" sent="8">gegaan</wf>
    <wf wid="w_96" para="1" sent="8">..</wf>
  </text>
  <terms>
    <term tid="t_1" lemma="service" type="open">
      <span>
        <target id="w_1"/>
      </span>
    </term>
    <term tid="t_2" lemma="van" type="open">
      <span>
        <target id="w_2"/>
      </span>
    </term>
    <term tid="t_3" lemma="geld" type="open">
      <span>
        <target id="w_3"/>
      </span>
    </term>
    <term tid="t_4" lemma="terug" type="open">
      <span>
        <target id="w_4"/>
      </span>
    </term>
    <term tid="t_5" lemma="zonder" type="open">
      <span>
        <target id="w_5"/>
      </span>
      <sentiment sentiment_modifier="shifter" resource="VUA_olery_lexicon_nl_lmf"/>
    </term>
    <term tid="t_6" lemma="moeilijk" type="open" pos="G">
      <span>
        <target id="w_6"/>
      </span>
      <sentiment polarity="negative" resource="VUA_olery_lexicon_nl_lmf"/>
    </term>
    <term tid="t_7" lemma="doen" type="open">
      <span>
        <target id="w_7"/>
      </span>
    </term>
    <term tid="t_8" lemma="." type="open">
      <span>
        <target id="w_8"/>
      </span>
    </term>
    <term tid="t_9" lemma="het" type="open">
      <span>
        <target id="w_9"/>
      </span>
    </term>
    <term tid="t_10" lemma="was" type="open">
      <span>
        <target id="w_10"/>
      </span>
    </term>
    <term tid="t_11" lemma="een" type="open">
      <span>
        <target id="w_11"/>
      </span>
    </term>
    <term tid="t_12" lemma="ronduit" type="open">
      <span>
        <target id="w_12"/>
      </span>
      <sentiment sentiment_modifier="intensifier" resource="VUA_olery_lexicon_nl_lmf"/>
    </term>
    <term tid="t_13" lemma="smerig" type="open" pos="G">
      <span>
        <target id="w_13"/>
      </span>
      <sentiment polarity="negative" resource="VUA_olery_lexicon_nl_lmf"/>
    </term>
    <term tid="t_14" lemma="appartement" type="open">
      <span>
        <target id="w_14"/>
      </span>
    </term>
    <term tid="t_15" lemma=".." type="open">
      <span>
        <target id="w_15"/>
      </span>
    </term>
    <term tid="t_16" lemma="wij" type="open">
      <span>
        <target id="w_16"/>
      </span>
    </term>
    <term tid="t_17" lemma="denken" type="open">
      <span>
        <target id="w_17"/>
      </span>
    </term>
    <term tid="t_18" lemma="een" type="open">
      <span>
        <target id="w_18"/>
      </span>
    </term>
    <term tid="t_19" lemma="woning" type="open">
      <span>
        <target id="w_19"/>
      </span>
    </term>
    <term tid="t_20" lemma="van" type="open">
      <span>
        <target id="w_20"/>
      </span>
    </term>
    <term tid="t_21" lemma="schoonmakers" type="open">
      <span>
        <target id="w_21"/>
      </span>
    </term>
    <term tid="t_22" lemma="!" type="open">
      <span>
        <target id="w_22"/>
      </span>
      <sentiment sentiment_modifier="intensifier" resource="VUA_olery_lexicon_nl_lmf"/>
    </term>
    <term tid="t_23" lemma="bed" type="open">
      <span>
        <target id="w_23"/>
      </span>
    </term>
    <term tid="t_24" lemma="was" type="open">
      <span>
        <target id="w_24"/>
      </span>
    </term>
    <term tid="t_25" lemma="beslapen" type="open">
      <span>
        <target id="w_25"/>
      </span>
    </term>
    <term tid="t_26" lemma="," type="open">
      <span>
        <target id="w_26"/>
      </span>
    </term>
    <term tid="t_27" lemma="lagen" type="open">
      <span>
        <target id="w_27"/>
      </span>
    </term>
    <term tid="t_28" lemma="lange" type="open">
      <span>
        <target id="w_28"/>
      </span>
    </term>
    <term tid="t_29" lemma="zwarte" type="open">
      <span>
        <target id="w_29"/>
      </span>
    </term>
    <term tid="t_30" lemma="haren" type="open">
      <span>
        <target id="w_30"/>
      </span>
    </term>
    <term tid="t_31" lemma="in" type="open">
      <span>
        <target id="w_31"/>
      </span>
    </term>
    <term tid="t_32" lemma="," type="open">
      <span>
        <target id="w_32"/>
      </span>
    </term>
    <term tid="t_33" lemma="de" type="open">
      <span>
        <target id="w_33"/>
      </span>
    </term>
    <term tid="t_34" lemma="vaat" type="open">
      <span>
        <target id="w_34"/>
      </span>
    </term>
    <term tid="t_35" lemma="stond" type="open">
      <span>
        <target id="w_35"/>
      </span>
    </term>
    <term tid="t_36" lemma="op" type="open">
      <span>
        <target id="w_36"/>
      </span>
    </term>
    <term tid="t_37" lemma="het" type="open">
      <span>
        <target id="w_37"/>
      </span>
    </term>
    <term tid="t_38" lemma="aanrecht" type="open">
      <span>
        <target id="w_38"/>
      </span>
    </term>
    <term tid="t_39" lemma="," type="open">
      <span>
        <target id="w_39"/>
      </span>
    </term>
    <term tid="t_40" lemma="de" type="open">
      <span>
        <target id="w_40"/>
      </span>
    </term>
    <term tid="t_41" lemma="tandpasta" type="open">
      <span>
        <target id="w_41"/>
      </span>
    </term>
    <term tid="t_42" lemma="lag" type="open">
      <span>
        <target id="w_42"/>
      </span>
    </term>
    <term tid="t_43" lemma="open" type="open">
      <span>
        <target id="w_43"/>
      </span>
    </term>
    <term tid="t_44" lemma="op" type="open">
      <span>
        <target id="w_44"/>
      </span>
    </term>
    <term tid="t_45" lemma="de" type="open">
      <span>
        <target id="w_45"/>
      </span>
    </term>
    <term tid="t_46" lemma="wastafel" type="open">
      <span>
        <target id="w_46"/>
      </span>
    </term>
    <term tid="t_47" lemma="met" type="open">
      <span>
        <target id="w_47"/>
      </span>
    </term>
    <term tid="t_48" lemma="een" type="open">
      <span>
        <target id="w_48"/>
      </span>
    </term>
    <term tid="t_49" lemma="stuk" type="open">
      <span>
        <target id="w_49"/>
      </span>
    </term>
    <term tid="t_50" lemma="eruit" type="open">
      <span>
        <target id="w_50"/>
      </span>
    </term>
    <term tid="t_51" lemma="!" type="open">
      <span>
        <target id="w_51"/>
      </span>
      <sentiment sentiment_modifier="intensifier" resource="VUA_olery_lexicon_nl_lmf"/>
    </term>
    <term tid="t_52" lemma="er" type="open">
      <span>
        <target id="w_52"/>
      </span>
    </term>
    <term tid="t_53" lemma="stond" type="open">
      <span>
        <target id="w_53"/>
      </span>
    </term>
    <term tid="t_54" lemma="nog" type="open">
      <span>
        <target id="w_54"/>
      </span>
    </term>
    <term tid="t_55" lemma="een" type="open">
      <span>
        <target id="w_55"/>
      </span>
    </term>
    <term tid="t_56" lemma="aangekalkte" type="open">
      <span>
        <target id="w_56"/>
      </span>
    </term>
    <term tid="t_57" lemma="fles" type="open">
      <span>
        <target id="w_57"/>
      </span>
    </term>
    <term tid="t_58" lemma="head" type="open">
      <span>
        <target id="w_58"/>
      </span>
    </term>
    <term tid="t_59" lemma="en" type="open">
      <span>
        <target id="w_59"/>
      </span>
    </term>
    <term tid="t_60" lemma="shoulders" type="open">
      <span>
        <target id="w_60"/>
      </span>
    </term>
    <term tid="t_61" lemma="en" type="open">
      <span>
        <target id="w_61"/>
      </span>
    </term>
    <term tid="t_62" lemma="er" type="open">
      <span>
        <target id="w_62"/>
      </span>
    </term>
    <term tid="t_63" lemma="lag" type="open">
      <span>
        <target id="w_63"/>
      </span>
    </term>
    <term tid="t_64" lemma="kinderspeelgoed" type="open">
      <span>
        <target id="w_64"/>
      </span>
    </term>
    <term tid="t_65" lemma="," type="open">
      <span>
        <target id="w_65"/>
      </span>
    </term>
    <term tid="t_66" lemma="lagen" type="open">
      <span>
        <target id="w_66"/>
      </span>
    </term>
    <term tid="t_67" lemma="paaseitjes" type="open">
      <span>
        <target id="w_67"/>
      </span>
    </term>
    <term tid="t_68" lemma="etc" type="open">
      <span>
        <target id="w_68"/>
      </span>
    </term>
    <term tid="t_69" lemma=".." type="open">
      <span>
        <target id="w_69"/>
      </span>
    </term>
    <term tid="t_70" lemma="badkamer" type="open">
      <span>
        <target id="w_70"/>
      </span>
    </term>
    <term tid="t_71" lemma="was" type="open">
      <span>
        <target id="w_71"/>
      </span>
    </term>
    <term tid="t_72" lemma="te" type="open">
      <span>
        <target id="w_72"/>
      </span>
    </term>
    <term tid="t_73" lemma="vies" type="open" pos="G">
      <span>
        <target id="w_73"/>
      </span>
      <sentiment polarity="negative" resource="VUA_olery_lexicon_nl_lmf"/>
    </term>
    <term tid="t_74" lemma="om" type="open">
      <span>
        <target id="w_74"/>
      </span>
    </term>
    <term tid="t_75" lemma="in" type="open">
      <span>
        <target id="w_75"/>
      </span>
    </term>
    <term tid="t_76" lemma="te" type="open">
      <span>
        <target id="w_76"/>
      </span>
    </term>
    <term tid="t_77" lemma="kijken" type="open">
      <span>
        <target id="w_77"/>
      </span>
    </term>
    <term tid="t_78" lemma=".." type="open">
      <span>
        <target id="w_78"/>
      </span>
    </term>
    <term tid="t_79" lemma=".kortom" type="open">
      <span>
        <target id="w_79"/>
      </span>
    </term>
    <term tid="t_80" lemma="te" type="open">
      <span>
        <target id="w_80"/>
      </span>
    </term>
    <term tid="t_81" lemma="vies" type="open" pos="G">
      <span>
        <target id="w_81"/>
      </span>
      <sentiment polarity="negative" resource="VUA_olery_lexicon_nl_lmf"/>
    </term>
    <term tid="t_82" lemma="!" type="open">
      <span>
        <target id="w_82"/>
      </span>
      <sentiment sentiment_modifier="intensifier" resource="VUA_olery_lexicon_nl_lmf"/>
    </term>
    <term tid="t_83" lemma="we" type="open">
      <span>
        <target id="w_83"/>
      </span>
    </term>
    <term tid="t_84" lemma="kregen" type="open">
      <span>
        <target id="w_84"/>
      </span>
    </term>
    <term tid="t_85" lemma="direct" type="open">
      <span>
        <target id="w_85"/>
      </span>
    </term>
    <term tid="t_86" lemma="ons" type="open">
      <span>
        <target id="w_86"/>
      </span>
    </term>
    <term tid="t_87" lemma="geld" type="open">
      <span>
        <target id="w_87"/>
      </span>
    </term>
    <term tid="t_88" lemma="terug" type="open">
      <span>
        <target id="w_88"/>
      </span>
    </term>
    <term tid="t_89" lemma="en" type="open">
      <span>
        <target id="w_89"/>
      </span>
    </term>
    <term tid="t_90" lemma="zijn" type="open">
      <span>
        <target id="w_90"/>
      </span>
    </term>
    <term tid="t_91" lemma="naar" type="open" pos="G">
      <span>
        <target id="w_91"/>
      </span>
      <sentiment polarity="negative" resource="VUA_olery_lexicon_nl_lmf"/>
    </term>
    <term tid="t_92" lemma="een" type="open">
      <span>
        <target id="w_92"/>
      </span>
    </term>
    <term tid="t_93" lemma="ander" type="open">
      <span>
        <target id="w_93"/>
      </span>
    </term>
    <term tid="t_94" lemma="hotel" type="open">
      <span>
        <target id="w_94"/>
      </span>
    </term>
    <term tid="t_95" lemma="gegaan" type="open">
      <span>
        <target id="w_95"/>
      </span>
    </term>
    <term tid="t_96" lemma=".." type="open">
      <span>
        <target id="w_96"/>
      </span>
    </term>
  </terms>
  <entities>
    <entity type="PER" eid="e_1">
      <span>
        <target id="t_83"/>
      </span>
    </entity>
    <entity type="MISC" eid="e_2">
      <span>
        <target id="t_1"/>
      </span>
    </entity>
    <entity type="MISC" eid="e_3">
      <span>
        <target id="t_90"/>
      </span>
    </entity>
    <entity type="MISC" eid="e_4">
      <span>
        <target id="t_43"/>
      </span>
    </entity>
    <entity type="PER" eid="e_5">
      <span>
        <target id="t_28"/>
      </span>
    </entity>
  </entities>
  <properties>
    <property type="cleanliness" pid="p_1">
      <span>
        <target id="t_13"/>
      </span>
      <span>
        <target id="t_73"/>
      </span>
      <span>
        <target id="t_81"/>
      </span>
    </property>
    <property type="value_for_money" pid="p_2">
      <span>
        <target id="t_3"/>
      </span>
      <span>
        <target id="t_87"/>
      </span>
    </property>
    <property type="bathroom" pid="p_3">
      <span>
        <target id="t_46"/>
      </span>
      <span>
        <target id="t_70"/>
      </span>
    </property>
    <property type="sleeping_comfort" pid="p_4">
      <span>
        <target id="t_23"/>
      </span>
    </property>
    <property type="staff" pid="p_5">
      <span>
        <target id="t_1"/>
      </span>
    </property>
  </properties>
  <opinions>
    <opinion oid="o_1">
      <opinion_target>
        <span>
          <target id="t_4"/>
        </span>
      </opinion_target>
      <opinion_expression polarity="positive" strength="1">
        <span>
          <target id="t_6"/>
          <target id="t_5"/>
        </span>
      </opinion_expression>
    </opinion>
    <opinion oid="o_2">
      <opinion_target>
        <span>
          <target id="t_14"/>
        </span>
      </opinion_target>
      <opinion_expression polarity="negative" strength="-2">
        <span>
          <target id="t_13"/>
          <target id="t_12"/>
        </span>
      </opinion_expression>
    </opinion>
    <opinion oid="o_3">
      <opinion_target>
        <span>
          <target id="t_70"/>
        </span>
      </opinion_target>
      <opinion_expression polarity="negative" strength="-1">
        <span>
          <target id="t_73"/>
        </span>
      </opinion_expression>
    </opinion>
    <opinion oid="o_4">
      <opinion_target>
        <span>
          <target id="t_79"/>
        </span>
      </opinion_target>
      <opinion_expression polarity="negative" strength="-1">
        <span>
          <target id="t_81"/>
        </span>
      </opinion_expression>
    </opinion>
    <opinion oid="o_5">
      <opinion_holder>
        <span>
          <target id="t_83"/>
        </span>
      </opinion_holder>
      <opinion_target>
        <span>
          <target id="t_93"/>
        </span>
      </opinion_target>
      <opinion_expression polarity="negative" strength="-1">
        <span>
          <target id="t_91"/>
        </span>
      </opinion_expression>
    </opinion>
  </opinions>
</KAF>
