<?xml version='1.0' encoding='UTF-8'?>
<KAF xml:lang="nl">
  <linguisticProcessors layer="text">
    <lp timestamp="2013-01-06T18:29:20CET" version="2.0" name="SentenceTokenizer"/>
  </linguisticProcessors>
  <linguisticProcessors layer="terms">
    <lp timestamp="2013-01-06T18:29:20CET" version="2.0" name="SentenceTokenizer"/>
    <lp timestamp="2013-01-06T18:29:20CET" version="1.0" name="SimplePolarityTagger"/>
  </linguisticProcessors>
  <linguisticProcessor layer="opinions">
    <lp timestamp="2013-01-06T18:29:20CET" version="1.0" name="SimpleOpinionDetector"/>
  </linguisticProcessor>
  <linguisticProcessor layer="properties">
    <lp timestamp="2013-01-06T18:29:20CET" version="1.0" name="SimplePropRecognizer_lookup"/>
  </linguisticProcessor>
  <linguisticProcessor layer="entities">
    <lp timestamp="2013-01-06T18:29:20CET" version="1.0" name="SimpleNER_lookup"/>
  </linguisticProcessor>
  <text>
    <wf wid="w_1" para="1" sent="1">Parkeerplaats</wf>
    <wf wid="w_2" para="1" sent="1">.</wf>
    <wf wid="w_3" para="1" sent="2">Badkamer</wf>
    <wf wid="w_4" para="1" sent="2">,</wf>
    <wf wid="w_5" para="1" sent="2">waterdruk</wf>
    <wf wid="w_6" para="1" sent="2">liet</wf>
    <wf wid="w_7" para="1" sent="2">het</wf>
    <wf wid="w_8" para="1" sent="2">afweten</wf>
    <wf wid="w_9" para="1" sent="2">,</wf>
    <wf wid="w_10" para="1" sent="2">niet</wf>
    <wf wid="w_11" para="1" sent="2">fatsoenlijk</wf>
    <wf wid="w_12" para="1" sent="2">kunnen</wf>
    <wf wid="w_13" para="1" sent="2">douchen</wf>
    <wf wid="w_14" para="1" sent="2">.</wf>
    <wf wid="w_15" para="1" sent="3">Erg</wf>
    <wf wid="w_16" para="1" sent="3">veel</wf>
    <wf wid="w_17" para="1" sent="3">lawaai</wf>
    <wf wid="w_18" para="1" sent="3">van</wf>
    <wf wid="w_19" para="1" sent="3">dichtslaande</wf>
    <wf wid="w_20" para="1" sent="3">deuren</wf>
    <wf wid="w_21" para="1" sent="3">,</wf>
    <wf wid="w_22" para="1" sent="3">lift</wf>
    <wf wid="w_23" para="1" sent="3">was</wf>
    <wf wid="w_24" para="1" sent="3">erg</wf>
    <wf wid="w_25" para="1" sent="3">traag</wf>
    <wf wid="w_26" para="1" sent="3">zeker</wf>
    <wf wid="w_27" para="1" sent="3">5</wf>
    <wf wid="w_28" para="1" sent="3">minuten</wf>
    <wf wid="w_29" para="1" sent="3">moeten</wf>
    <wf wid="w_30" para="1" sent="3">wachten</wf>
    <wf wid="w_31" para="1" sent="3">,</wf>
    <wf wid="w_32" para="1" sent="3">geen</wf>
    <wf wid="w_33" para="1" sent="3">trappengang</wf>
    <wf wid="w_34" para="1" sent="3">naar</wf>
    <wf wid="w_35" para="1" sent="3">beneden</wf>
    <wf wid="w_36" para="1" sent="3">,</wf>
    <wf wid="w_37" para="1" sent="3">alleen</wf>
    <wf wid="w_38" para="1" sent="3">nooduitgang</wf>
    <wf wid="w_39" para="1" sent="3">.</wf>
  </text>
  <terms>
    <term tid="t_1" lemma="parkeerplaats" type="open">
      <span>
        <target id="w_1"/>
      </span>
    </term>
    <term tid="t_2" lemma="." type="open">
      <span>
        <target id="w_2"/>
      </span>
    </term>
    <term tid="t_3" lemma="badkamer" type="open">
      <span>
        <target id="w_3"/>
      </span>
    </term>
    <term tid="t_4" lemma="," type="open">
      <span>
        <target id="w_4"/>
      </span>
    </term>
    <term tid="t_5" lemma="waterdruk" type="open">
      <span>
        <target id="w_5"/>
      </span>
    </term>
    <term tid="t_6" lemma="liet" type="open">
      <span>
        <target id="w_6"/>
      </span>
    </term>
    <term tid="t_7" lemma="het" type="open">
      <span>
        <target id="w_7"/>
      </span>
    </term>
    <term tid="t_8" lemma="afweten" type="open">
      <span>
        <target id="w_8"/>
      </span>
    </term>
    <term tid="t_9" lemma="," type="open">
      <span>
        <target id="w_9"/>
      </span>
    </term>
    <term tid="t_10" lemma="niet" type="open">
      <span>
        <target id="w_10"/>
      </span>
      <sentiment sentiment_modifier="shifter" resource="VUA_olery_lexicon_nl_lmf"/>
    </term>
    <term tid="t_11" lemma="fatsoenlijk" type="open" pos="G">
      <span>
        <target id="w_11"/>
      </span>
      <sentiment polarity="positive" resource="VUA_olery_lexicon_nl_lmf"/>
    </term>
    <term tid="t_12" lemma="kunnen" type="open">
      <span>
        <target id="w_12"/>
      </span>
    </term>
    <term tid="t_13" lemma="douchen" type="open">
      <span>
        <target id="w_13"/>
      </span>
    </term>
    <term tid="t_14" lemma="." type="open">
      <span>
        <target id="w_14"/>
      </span>
    </term>
    <term tid="t_15" lemma="erg" type="open">
      <span>
        <target id="w_15"/>
      </span>
      <sentiment sentiment_modifier="intensifier" resource="VUA_olery_lexicon_nl_lmf"/>
    </term>
    <term tid="t_16" lemma="veel" type="open">
      <span>
        <target id="w_16"/>
      </span>
    </term>
    <term tid="t_17" lemma="lawaai" type="open" pos="N">
      <span>
        <target id="w_17"/>
      </span>
      <sentiment polarity="negative" resource="VUA_olery_lexicon_nl_lmf"/>
    </term>
    <term tid="t_18" lemma="van" type="open">
      <span>
        <target id="w_18"/>
      </span>
    </term>
    <term tid="t_19" lemma="dichtslaande" type="open">
      <span>
        <target id="w_19"/>
      </span>
    </term>
    <term tid="t_20" lemma="deuren" type="open">
      <span>
        <target id="w_20"/>
      </span>
    </term>
    <term tid="t_21" lemma="," type="open">
      <span>
        <target id="w_21"/>
      </span>
    </term>
    <term tid="t_22" lemma="lift" type="open">
      <span>
        <target id="w_22"/>
      </span>
    </term>
    <term tid="t_23" lemma="was" type="open">
      <span>
        <target id="w_23"/>
      </span>
    </term>
    <term tid="t_24" lemma="erg" type="open">
      <span>
        <target id="w_24"/>
      </span>
      <sentiment sentiment_modifier="intensifier" resource="VUA_olery_lexicon_nl_lmf"/>
    </term>
    <term tid="t_25" lemma="traag" type="open" pos="G">
      <span>
        <target id="w_25"/>
      </span>
      <sentiment polarity="negative" resource="VUA_olery_lexicon_nl_lmf"/>
    </term>
    <term tid="t_26" lemma="zeker" type="open">
      <span>
        <target id="w_26"/>
      </span>
    </term>
    <term tid="t_27" lemma="5" type="open">
      <span>
        <target id="w_27"/>
      </span>
    </term>
    <term tid="t_28" lemma="minuten" type="open">
      <span>
        <target id="w_28"/>
      </span>
    </term>
    <term tid="t_29" lemma="moeten" type="open">
      <span>
        <target id="w_29"/>
      </span>
    </term>
    <term tid="t_30" lemma="wachten" type="open">
      <span>
        <target id="w_30"/>
      </span>
    </term>
    <term tid="t_31" lemma="," type="open">
      <span>
        <target id="w_31"/>
      </span>
    </term>
    <term tid="t_32" lemma="geen" type="open">
      <span>
        <target id="w_32"/>
      </span>
      <sentiment sentiment_modifier="shifter" resource="VUA_olery_lexicon_nl_lmf"/>
    </term>
    <term tid="t_33" lemma="trappengang" type="open">
      <span>
        <target id="w_33"/>
      </span>
    </term>
    <term tid="t_34" lemma="naar" type="open" pos="G">
      <span>
        <target id="w_34"/>
      </span>
      <sentiment polarity="negative" resource="VUA_olery_lexicon_nl_lmf"/>
    </term>
    <term tid="t_35" lemma="beneden" type="open">
      <span>
        <target id="w_35"/>
      </span>
    </term>
    <term tid="t_36" lemma="," type="open">
      <span>
        <target id="w_36"/>
      </span>
    </term>
    <term tid="t_37" lemma="alleen" type="open">
      <span>
        <target id="w_37"/>
      </span>
    </term>
    <term tid="t_38" lemma="nooduitgang" type="open">
      <span>
        <target id="w_38"/>
      </span>
    </term>
    <term tid="t_39" lemma="." type="open">
      <span>
        <target id="w_39"/>
      </span>
    </term>
  </terms>
  <properties>
    <property type="facilities" pid="p_1">
      <span>
        <target id="t_22"/>
      </span>
    </property>
    <property type="bathroom" pid="p_2">
      <span>
        <target id="t_3"/>
      </span>
      <span>
        <target id="t_13"/>
      </span>
    </property>
    <property type="staff" pid="p_3">
      <span>
        <target id="t_11"/>
      </span>
    </property>
    <property type="noise" pid="p_4">
      <span>
        <target id="t_17"/>
      </span>
    </property>
    <property type="parking" pid="p_5">
      <span>
        <target id="t_1"/>
      </span>
    </property>
  </properties>
  <opinions>
    <opinion oid="o_1">
      <opinion_target>
        <span>
          <target id="t_13"/>
        </span>
      </opinion_target>
      <opinion_expression polarity="negative" strength="-1">
        <span>
          <target id="t_11"/>
          <target id="t_10"/>
        </span>
      </opinion_expression>
    </opinion>
    <opinion oid="o_2">
      <opinion_target>
        <span>
          <target id="t_19"/>
        </span>
      </opinion_target>
      <opinion_expression polarity="negative" strength="-1">
        <span>
          <target id="t_17"/>
        </span>
      </opinion_expression>
    </opinion>
    <opinion oid="o_3">
      <opinion_target>
        <span>
          <target id="t_26"/>
        </span>
      </opinion_target>
      <opinion_expression polarity="negative" strength="-2">
        <span>
          <target id="t_25"/>
          <target id="t_24"/>
        </span>
      </opinion_expression>
    </opinion>
    <opinion oid="o_4">
      <opinion_target>
        <span>
          <target id="t_35"/>
        </span>
      </opinion_target>
      <opinion_expression polarity="negative" strength="-1">
        <span>
          <target id="t_34"/>
        </span>
      </opinion_expression>
    </opinion>
  </opinions>
</KAF>
