<?xml version='1.0' encoding='UTF-8'?>
<KAF xml:lang="nl">
  <linguisticProcessors layer="text">
    <lp timestamp="2013-01-06T18:44:30CET" version="2.0" name="SentenceTokenizer"/>
  </linguisticProcessors>
  <linguisticProcessors layer="terms">
    <lp timestamp="2013-01-06T18:44:30CET" version="2.0" name="SentenceTokenizer"/>
    <lp timestamp="2013-01-06T18:44:30CET" version="1.0" name="SimplePolarityTagger"/>
  </linguisticProcessors>
  <linguisticProcessor layer="opinions">
    <lp timestamp="2013-01-06T18:44:30CET" version="1.0" name="SimpleOpinionDetector"/>
  </linguisticProcessor>
  <linguisticProcessor layer="properties">
    <lp timestamp="2013-01-06T18:44:30CET" version="1.0" name="SimplePropRecognizer_lookup"/>
  </linguisticProcessor>
  <linguisticProcessor layer="entities">
    <lp timestamp="2013-01-06T18:44:30CET" version="1.0" name="SimpleNER_lookup"/>
  </linguisticProcessor>
  <text>
    <wf wid="w_1" para="1" sent="1">Veel</wf>
    <wf wid="w_2" para="1" sent="1">geld</wf>
    <wf wid="w_3" para="1" sent="1">voor</wf>
    <wf wid="w_4" para="1" sent="1">weinig</wf>
    <wf wid="w_5" para="1" sent="1">comfort</wf>
    <wf wid="w_6" para="1" sent="1">.</wf>
    <wf wid="w_7" para="1" sent="2">Kleine</wf>
    <wf wid="w_8" para="1" sent="2">kamers</wf>
    <wf wid="w_9" para="1" sent="2">,</wf>
    <wf wid="w_10" para="1" sent="2">niet</wf>
    <wf wid="w_11" para="1" sent="2">schoon</wf>
    <wf wid="w_12" para="1" sent="2">.</wf>
    <wf wid="w_13" para="1" sent="3">Een</wf>
    <wf wid="w_14" para="1" sent="3">zogenaamde</wf>
    <wf wid="w_15" para="1" sent="3">regendouche</wf>
    <wf wid="w_16" para="1" sent="3">maar</wf>
    <wf wid="w_17" para="1" sent="3">zo</wf>
    <wf wid="w_18" para="1" sent="3">verkalkt</wf>
    <wf wid="w_19" para="1" sent="3">!</wf>
    <wf wid="w_20" para="1" sent="4">Geen</wf>
    <wf wid="w_21" para="1" sent="4">warm</wf>
    <wf wid="w_22" para="1" sent="4">water</wf>
    <wf wid="w_23" para="1" sent="4">in</wf>
    <wf wid="w_24" para="1" sent="4">de</wf>
    <wf wid="w_25" para="1" sent="4">douche</wf>
    <wf wid="w_26" para="1" sent="4">en</wf>
    <wf wid="w_27" para="1" sent="4">geen</wf>
    <wf wid="w_28" para="1" sent="4">koud</wf>
    <wf wid="w_29" para="1" sent="4">water</wf>
    <wf wid="w_30" para="1" sent="4">in</wf>
    <wf wid="w_31" para="1" sent="4">bad</wf>
    <wf wid="w_32" para="1" sent="4">.</wf>
    <wf wid="w_33" para="1" sent="5">Is</wf>
    <wf wid="w_34" para="1" sent="5">uiteindelijk</wf>
    <wf wid="w_35" para="1" sent="5">wel</wf>
    <wf wid="w_36" para="1" sent="5">verholpen</wf>
    <wf wid="w_37" para="1" sent="5">.</wf>
    <wf wid="w_38" para="1" sent="6">Lekkende</wf>
    <wf wid="w_39" para="1" sent="6">airco</wf>
    <wf wid="w_40" para="1" sent="6">en</wf>
    <wf wid="w_41" para="1" sent="6">dat</wf>
    <wf wid="w_42" para="1" sent="6">allemaal</wf>
    <wf wid="w_43" para="1" sent="6">voor</wf>
    <wf wid="w_44" para="1" sent="6">125</wf>
    <wf wid="w_45" para="1" sent="6">euro</wf>
    <wf wid="w_46" para="1" sent="6">per</wf>
    <wf wid="w_47" para="1" sent="6">nacht</wf>
    <wf wid="w_48" para="1" sent="6">.</wf>
    <wf wid="w_49" para="1" sent="7">Strand</wf>
    <wf wid="w_50" para="1" sent="7">is</wf>
    <wf wid="w_51" para="1" sent="7">ideaal</wf>
    <wf wid="w_52" para="1" sent="7">voor</wf>
    <wf wid="w_53" para="1" sent="7">gezinnen</wf>
    <wf wid="w_54" para="1" sent="7">met</wf>
    <wf wid="w_55" para="1" sent="7">kinderen</wf>
    <wf wid="w_56" para="1" sent="7">en</wf>
    <wf wid="w_57" para="1" sent="7">bejaarden</wf>
    <wf wid="w_58" para="1" sent="7">maar</wf>
    <wf wid="w_59" para="1" sent="7">niet</wf>
    <wf wid="w_60" para="1" sent="7">voor</wf>
    <wf wid="w_61" para="1" sent="7">jong</wf>
    <wf wid="w_62" para="1" sent="7">publiek</wf>
    <wf wid="w_63" para="1" sent="7">.</wf>
    <wf wid="w_64" para="1" sent="8">Zee</wf>
    <wf wid="w_65" para="1" sent="8">is</wf>
    <wf wid="w_66" para="1" sent="8">net</wf>
    <wf wid="w_67" para="1" sent="8">een</wf>
    <wf wid="w_68" para="1" sent="8">meer</wf>
    <wf wid="w_69" para="1" sent="8">.</wf>
    <wf wid="w_70" para="1" sent="9">Als</wf>
    <wf wid="w_71" para="1" sent="9">je</wf>
    <wf wid="w_72" para="1" sent="9">de</wf>
    <wf wid="w_73" para="1" sent="9">kust</wf>
    <wf wid="w_74" para="1" sent="9">van</wf>
    <wf wid="w_75" para="1" sent="9">Seminyak</wf>
    <wf wid="w_76" para="1" sent="9">gezien</wf>
    <wf wid="w_77" para="1" sent="9">hebt</wf>
    <wf wid="w_78" para="1" sent="9">wil</wf>
    <wf wid="w_79" para="1" sent="9">je</wf>
    <wf wid="w_80" para="1" sent="9">hier</wf>
    <wf wid="w_81" para="1" sent="9">echt</wf>
    <wf wid="w_82" para="1" sent="9">niet</wf>
    <wf wid="w_83" para="1" sent="9">zitten</wf>
    <wf wid="w_84" para="1" sent="9">.</wf>
    <wf wid="w_85" para="1" sent="10">Met</wf>
    <wf wid="w_86" para="1" sent="10">de</wf>
    <wf wid="w_87" para="1" sent="10">taxi</wf>
    <wf wid="w_88" para="1" sent="10">ben</wf>
    <wf wid="w_89" para="1" sent="10">je</wf>
    <wf wid="w_90" para="1" sent="10">overigens</wf>
    <wf wid="w_91" para="1" sent="10">zo</wf>
    <wf wid="w_92" para="1" sent="10">weer</wf>
    <wf wid="w_93" para="1" sent="10">terug</wf>
    <wf wid="w_94" para="1" sent="10">aan</wf>
    <wf wid="w_95" para="1" sent="10">de</wf>
    <wf wid="w_96" para="1" sent="10">andere</wf>
    <wf wid="w_97" para="1" sent="10">kust</wf>
    <wf wid="w_98" para="1" sent="10">!</wf>
  </text>
  <terms>
    <term tid="t_1" lemma="veel" type="open">
      <span>
        <target id="w_1"/>
      </span>
    </term>
    <term tid="t_2" lemma="geld" type="open">
      <span>
        <target id="w_2"/>
      </span>
    </term>
    <term tid="t_3" lemma="voor" type="open">
      <span>
        <target id="w_3"/>
      </span>
    </term>
    <term tid="t_4" lemma="weinig" type="open">
      <span>
        <target id="w_4"/>
      </span>
      <sentiment sentiment_modifier="shifter" resource="VUA_olery_lexicon_nl_lmf"/>
    </term>
    <term tid="t_5" lemma="comfort" type="open">
      <span>
        <target id="w_5"/>
      </span>
    </term>
    <term tid="t_6" lemma="." type="open">
      <span>
        <target id="w_6"/>
      </span>
    </term>
    <term tid="t_7" lemma="kleine" type="open">
      <span>
        <target id="w_7"/>
      </span>
    </term>
    <term tid="t_8" lemma="kamers" type="open">
      <span>
        <target id="w_8"/>
      </span>
    </term>
    <term tid="t_9" lemma="," type="open">
      <span>
        <target id="w_9"/>
      </span>
    </term>
    <term tid="t_10" lemma="niet" type="open">
      <span>
        <target id="w_10"/>
      </span>
      <sentiment sentiment_modifier="shifter" resource="VUA_olery_lexicon_nl_lmf"/>
    </term>
    <term tid="t_11" lemma="schoon" type="open" pos="G">
      <span>
        <target id="w_11"/>
      </span>
      <sentiment polarity="positive" resource="VUA_olery_lexicon_nl_lmf"/>
    </term>
    <term tid="t_12" lemma="." type="open">
      <span>
        <target id="w_12"/>
      </span>
    </term>
    <term tid="t_13" lemma="een" type="open">
      <span>
        <target id="w_13"/>
      </span>
    </term>
    <term tid="t_14" lemma="zogenaamde" type="open">
      <span>
        <target id="w_14"/>
      </span>
    </term>
    <term tid="t_15" lemma="regendouche" type="open">
      <span>
        <target id="w_15"/>
      </span>
    </term>
    <term tid="t_16" lemma="maar" type="open">
      <span>
        <target id="w_16"/>
      </span>
    </term>
    <term tid="t_17" lemma="zo" type="open">
      <span>
        <target id="w_17"/>
      </span>
    </term>
    <term tid="t_18" lemma="verkalkt" type="open">
      <span>
        <target id="w_18"/>
      </span>
    </term>
    <term tid="t_19" lemma="!" type="open">
      <span>
        <target id="w_19"/>
      </span>
      <sentiment sentiment_modifier="intensifier" resource="VUA_olery_lexicon_nl_lmf"/>
    </term>
    <term tid="t_20" lemma="geen" type="open">
      <span>
        <target id="w_20"/>
      </span>
      <sentiment sentiment_modifier="shifter" resource="VUA_olery_lexicon_nl_lmf"/>
    </term>
    <term tid="t_21" lemma="warm" type="open">
      <span>
        <target id="w_21"/>
      </span>
    </term>
    <term tid="t_22" lemma="water" type="open">
      <span>
        <target id="w_22"/>
      </span>
    </term>
    <term tid="t_23" lemma="in" type="open">
      <span>
        <target id="w_23"/>
      </span>
    </term>
    <term tid="t_24" lemma="de" type="open">
      <span>
        <target id="w_24"/>
      </span>
    </term>
    <term tid="t_25" lemma="douche" type="open">
      <span>
        <target id="w_25"/>
      </span>
    </term>
    <term tid="t_26" lemma="en" type="open">
      <span>
        <target id="w_26"/>
      </span>
    </term>
    <term tid="t_27" lemma="geen" type="open">
      <span>
        <target id="w_27"/>
      </span>
      <sentiment sentiment_modifier="shifter" resource="VUA_olery_lexicon_nl_lmf"/>
    </term>
    <term tid="t_28" lemma="koud" type="open" pos="G">
      <span>
        <target id="w_28"/>
      </span>
      <sentiment polarity="negative" resource="VUA_olery_lexicon_nl_lmf"/>
    </term>
    <term tid="t_29" lemma="water" type="open">
      <span>
        <target id="w_29"/>
      </span>
    </term>
    <term tid="t_30" lemma="in" type="open">
      <span>
        <target id="w_30"/>
      </span>
    </term>
    <term tid="t_31" lemma="bad" type="open">
      <span>
        <target id="w_31"/>
      </span>
    </term>
    <term tid="t_32" lemma="." type="open">
      <span>
        <target id="w_32"/>
      </span>
    </term>
    <term tid="t_33" lemma="is" type="open">
      <span>
        <target id="w_33"/>
      </span>
    </term>
    <term tid="t_34" lemma="uiteindelijk" type="open">
      <span>
        <target id="w_34"/>
      </span>
    </term>
    <term tid="t_35" lemma="wel" type="open">
      <span>
        <target id="w_35"/>
      </span>
    </term>
    <term tid="t_36" lemma="verholpen" type="open">
      <span>
        <target id="w_36"/>
      </span>
    </term>
    <term tid="t_37" lemma="." type="open">
      <span>
        <target id="w_37"/>
      </span>
    </term>
    <term tid="t_38" lemma="lekkende" type="open">
      <span>
        <target id="w_38"/>
      </span>
    </term>
    <term tid="t_39" lemma="airco" type="open">
      <span>
        <target id="w_39"/>
      </span>
    </term>
    <term tid="t_40" lemma="en" type="open">
      <span>
        <target id="w_40"/>
      </span>
    </term>
    <term tid="t_41" lemma="dat" type="open">
      <span>
        <target id="w_41"/>
      </span>
    </term>
    <term tid="t_42" lemma="allemaal" type="open">
      <span>
        <target id="w_42"/>
      </span>
    </term>
    <term tid="t_43" lemma="voor" type="open">
      <span>
        <target id="w_43"/>
      </span>
    </term>
    <term tid="t_44" lemma="125" type="open">
      <span>
        <target id="w_44"/>
      </span>
    </term>
    <term tid="t_45" lemma="euro" type="open">
      <span>
        <target id="w_45"/>
      </span>
    </term>
    <term tid="t_46" lemma="per" type="open">
      <span>
        <target id="w_46"/>
      </span>
    </term>
    <term tid="t_47" lemma="nacht" type="open">
      <span>
        <target id="w_47"/>
      </span>
    </term>
    <term tid="t_48" lemma="." type="open">
      <span>
        <target id="w_48"/>
      </span>
    </term>
    <term tid="t_49" lemma="strand" type="open">
      <span>
        <target id="w_49"/>
      </span>
    </term>
    <term tid="t_50" lemma="is" type="open">
      <span>
        <target id="w_50"/>
      </span>
    </term>
    <term tid="t_51" lemma="ideaal" type="open" pos="N">
      <span>
        <target id="w_51"/>
      </span>
      <sentiment polarity="positive" resource="VUA_olery_lexicon_nl_lmf"/>
    </term>
    <term tid="t_52" lemma="voor" type="open">
      <span>
        <target id="w_52"/>
      </span>
    </term>
    <term tid="t_53" lemma="gezinnen" type="open">
      <span>
        <target id="w_53"/>
      </span>
    </term>
    <term tid="t_54" lemma="met" type="open">
      <span>
        <target id="w_54"/>
      </span>
    </term>
    <term tid="t_55" lemma="kinderen" type="open">
      <span>
        <target id="w_55"/>
      </span>
    </term>
    <term tid="t_56" lemma="en" type="open">
      <span>
        <target id="w_56"/>
      </span>
    </term>
    <term tid="t_57" lemma="bejaarden" type="open">
      <span>
        <target id="w_57"/>
      </span>
    </term>
    <term tid="t_58" lemma="maar" type="open">
      <span>
        <target id="w_58"/>
      </span>
    </term>
    <term tid="t_59" lemma="niet" type="open">
      <span>
        <target id="w_59"/>
      </span>
      <sentiment sentiment_modifier="shifter" resource="VUA_olery_lexicon_nl_lmf"/>
    </term>
    <term tid="t_60" lemma="voor" type="open">
      <span>
        <target id="w_60"/>
      </span>
    </term>
    <term tid="t_61" lemma="jong" type="open">
      <span>
        <target id="w_61"/>
      </span>
    </term>
    <term tid="t_62" lemma="publiek" type="open">
      <span>
        <target id="w_62"/>
      </span>
    </term>
    <term tid="t_63" lemma="." type="open">
      <span>
        <target id="w_63"/>
      </span>
    </term>
    <term tid="t_64" lemma="zee" type="open">
      <span>
        <target id="w_64"/>
      </span>
    </term>
    <term tid="t_65" lemma="is" type="open">
      <span>
        <target id="w_65"/>
      </span>
    </term>
    <term tid="t_66" lemma="net" type="open" pos="G">
      <span>
        <target id="w_66"/>
      </span>
      <sentiment polarity="positive" resource="VUA_olery_lexicon_nl_lmf"/>
    </term>
    <term tid="t_67" lemma="een" type="open">
      <span>
        <target id="w_67"/>
      </span>
    </term>
    <term tid="t_68" lemma="meer" type="open">
      <span>
        <target id="w_68"/>
      </span>
    </term>
    <term tid="t_69" lemma="." type="open">
      <span>
        <target id="w_69"/>
      </span>
    </term>
    <term tid="t_70" lemma="als" type="open">
      <span>
        <target id="w_70"/>
      </span>
    </term>
    <term tid="t_71" lemma="je" type="open">
      <span>
        <target id="w_71"/>
      </span>
    </term>
    <term tid="t_72" lemma="de" type="open">
      <span>
        <target id="w_72"/>
      </span>
    </term>
    <term tid="t_73" lemma="kust" type="open">
      <span>
        <target id="w_73"/>
      </span>
    </term>
    <term tid="t_74" lemma="van" type="open">
      <span>
        <target id="w_74"/>
      </span>
    </term>
    <term tid="t_75" lemma="seminyak" type="open">
      <span>
        <target id="w_75"/>
      </span>
    </term>
    <term tid="t_76" lemma="gezien" type="open">
      <span>
        <target id="w_76"/>
      </span>
    </term>
    <term tid="t_77" lemma="hebt" type="open">
      <span>
        <target id="w_77"/>
      </span>
    </term>
    <term tid="t_78" lemma="wil" type="open">
      <span>
        <target id="w_78"/>
      </span>
    </term>
    <term tid="t_79" lemma="je" type="open">
      <span>
        <target id="w_79"/>
      </span>
    </term>
    <term tid="t_80" lemma="hier" type="open">
      <span>
        <target id="w_80"/>
      </span>
    </term>
    <term tid="t_81" lemma="echt" type="open">
      <span>
        <target id="w_81"/>
      </span>
      <sentiment sentiment_modifier="intensifier" resource="VUA_olery_lexicon_nl_lmf"/>
    </term>
    <term tid="t_82" lemma="niet" type="open">
      <span>
        <target id="w_82"/>
      </span>
      <sentiment sentiment_modifier="shifter" resource="VUA_olery_lexicon_nl_lmf"/>
    </term>
    <term tid="t_83" lemma="zitten" type="open">
      <span>
        <target id="w_83"/>
      </span>
    </term>
    <term tid="t_84" lemma="." type="open">
      <span>
        <target id="w_84"/>
      </span>
    </term>
    <term tid="t_85" lemma="met" type="open">
      <span>
        <target id="w_85"/>
      </span>
    </term>
    <term tid="t_86" lemma="de" type="open">
      <span>
        <target id="w_86"/>
      </span>
    </term>
    <term tid="t_87" lemma="taxi" type="open">
      <span>
        <target id="w_87"/>
      </span>
    </term>
    <term tid="t_88" lemma="ben" type="open">
      <span>
        <target id="w_88"/>
      </span>
    </term>
    <term tid="t_89" lemma="je" type="open">
      <span>
        <target id="w_89"/>
      </span>
    </term>
    <term tid="t_90" lemma="overigens" type="open">
      <span>
        <target id="w_90"/>
      </span>
    </term>
    <term tid="t_91" lemma="zo" type="open">
      <span>
        <target id="w_91"/>
      </span>
    </term>
    <term tid="t_92" lemma="weer" type="open">
      <span>
        <target id="w_92"/>
      </span>
    </term>
    <term tid="t_93" lemma="terug" type="open">
      <span>
        <target id="w_93"/>
      </span>
    </term>
    <term tid="t_94" lemma="aan" type="open">
      <span>
        <target id="w_94"/>
      </span>
    </term>
    <term tid="t_95" lemma="de" type="open">
      <span>
        <target id="w_95"/>
      </span>
    </term>
    <term tid="t_96" lemma="andere" type="open">
      <span>
        <target id="w_96"/>
      </span>
    </term>
    <term tid="t_97" lemma="kust" type="open">
      <span>
        <target id="w_97"/>
      </span>
    </term>
    <term tid="t_98" lemma="!" type="open">
      <span>
        <target id="w_98"/>
      </span>
      <sentiment sentiment_modifier="intensifier" resource="VUA_olery_lexicon_nl_lmf"/>
    </term>
  </terms>
  <entities>
    <entity type="PER" eid="e_1">
      <span>
        <target id="t_78"/>
      </span>
    </entity>
  </entities>
  <properties>
    <property type="value_for_money" pid="p_1">
      <span>
        <target id="t_2"/>
      </span>
      <span>
        <target id="t_45"/>
      </span>
    </property>
    <property type="bathroom" pid="p_2">
      <span>
        <target id="t_15"/>
      </span>
      <span>
        <target id="t_22"/>
      </span>
      <span>
        <target id="t_25"/>
      </span>
      <span>
        <target id="t_29"/>
      </span>
      <span>
        <target id="t_31"/>
      </span>
    </property>
    <property type="room" pid="p_3">
      <span>
        <target id="t_39"/>
      </span>
    </property>
    <property type="cleanliness" pid="p_4">
      <span>
        <target id="t_11"/>
      </span>
      <span>
        <target id="t_66"/>
      </span>
    </property>
    <property type="facilities" pid="p_5">
      <span>
        <target id="t_49"/>
      </span>
      <span>
        <target id="t_87"/>
      </span>
    </property>
    <property type="location" pid="p_6">
      <span>
        <target id="t_64"/>
      </span>
      <span>
        <target id="t_73"/>
      </span>
      <span>
        <target id="t_97"/>
      </span>
    </property>
  </properties>
  <opinions>
    <opinion oid="o_1">
      <opinion_target>
        <span>
          <target id="t_8"/>
        </span>
      </opinion_target>
      <opinion_expression polarity="negative" strength="-1">
        <span>
          <target id="t_11"/>
          <target id="t_10"/>
        </span>
      </opinion_expression>
    </opinion>
    <opinion oid="o_2">
      <opinion_target>
        <span>
          <target id="t_29"/>
        </span>
      </opinion_target>
      <opinion_expression polarity="positive" strength="1">
        <span>
          <target id="t_28"/>
          <target id="t_27"/>
        </span>
      </opinion_expression>
    </opinion>
    <opinion oid="o_3">
      <opinion_target>
        <span>
          <target id="t_53"/>
        </span>
      </opinion_target>
      <opinion_expression polarity="positive" strength="1">
        <span>
          <target id="t_51"/>
        </span>
      </opinion_expression>
    </opinion>
    <opinion oid="o_4">
      <opinion_target>
        <span>
          <target id="t_64"/>
        </span>
      </opinion_target>
      <opinion_expression polarity="positive" strength="1">
        <span>
          <target id="t_66"/>
        </span>
      </opinion_expression>
    </opinion>
  </opinions>
</KAF>
