<?xml version='1.0' encoding='UTF-8'?>
<KAF xml:lang="nl">
  <linguisticProcessors layer="text">
    <lp timestamp="2013-01-06T18:45:15CET" version="2.0" name="SentenceTokenizer"/>
  </linguisticProcessors>
  <linguisticProcessors layer="terms">
    <lp timestamp="2013-01-06T18:45:15CET" version="2.0" name="SentenceTokenizer"/>
    <lp timestamp="2013-01-06T18:45:15CET" version="1.0" name="SimplePolarityTagger"/>
  </linguisticProcessors>
  <linguisticProcessor layer="opinions">
    <lp timestamp="2013-01-06T18:45:15CET" version="1.0" name="SimpleOpinionDetector"/>
  </linguisticProcessor>
  <linguisticProcessor layer="properties">
    <lp timestamp="2013-01-06T18:45:15CET" version="1.0" name="SimplePropRecognizer_lookup"/>
  </linguisticProcessor>
  <linguisticProcessor layer="entities">
    <lp timestamp="2013-01-06T18:45:15CET" version="1.0" name="SimpleNER_lookup"/>
  </linguisticProcessor>
  <text>
    <wf wid="w_1" para="1" sent="1">Renoveren</wf>
    <wf wid="w_2" para="1" sent="1">!.</wf>
    <wf wid="w_3" para="1" sent="2">Prettige</wf>
    <wf wid="w_4" para="1" sent="2">ontvangst</wf>
    <wf wid="w_5" para="1" sent="2">.</wf>
    <wf wid="w_6" para="1" sent="3">Kleine</wf>
    <wf wid="w_7" para="1" sent="3">kamer</wf>
    <wf wid="w_8" para="1" sent="3">,</wf>
    <wf wid="w_9" para="1" sent="3">enkel</wf>
    <wf wid="w_10" para="1" sent="3">glas</wf>
    <wf wid="w_11" para="1" sent="3">in</wf>
    <wf wid="w_12" para="1" sent="3">de</wf>
    <wf wid="w_13" para="1" sent="3">ramen</wf>
    <wf wid="w_14" para="1" sent="3">,</wf>
    <wf wid="w_15" para="1" sent="3">goed</wf>
    <wf wid="w_16" para="1" sent="3">bed</wf>
    <wf wid="w_17" para="1" sent="3">,</wf>
    <wf wid="w_18" para="1" sent="3">piepkleine</wf>
    <wf wid="w_19" para="1" sent="3">ruimte</wf>
    <wf wid="w_20" para="1" sent="3">voor</wf>
    <wf wid="w_21" para="1" sent="3">wasbak</wf>
    <wf wid="w_22" para="1" sent="3">,</wf>
    <wf wid="w_23" para="1" sent="3">toilet</wf>
    <wf wid="w_24" para="1" sent="3">en</wf>
    <wf wid="w_25" para="1" sent="3">douche</wf>
    <wf wid="w_26" para="1" sent="3">.</wf>
    <wf wid="w_27" para="1" sent="4">Wordt</wf>
    <wf wid="w_28" para="1" sent="4">goed</wf>
    <wf wid="w_29" para="1" sent="4">schoongehouden</wf>
    <wf wid="w_30" para="1" sent="4">.</wf>
    <wf wid="w_31" para="1" sent="5">Ligt</wf>
    <wf wid="w_32" para="1" sent="5">gunstig</wf>
    <wf wid="w_33" para="1" sent="5">:</wf>
    <wf wid="w_34" para="1" sent="5">op</wf>
    <wf wid="w_35" para="1" sent="5">10</wf>
    <wf wid="w_36" para="1" sent="5">minuten</wf>
    <wf wid="w_37" para="1" sent="5">lopen</wf>
    <wf wid="w_38" para="1" sent="5">van</wf>
    <wf wid="w_39" para="1" sent="5">het</wf>
    <wf wid="w_40" para="1" sent="5">centrum</wf>
    <wf wid="w_41" para="1" sent="5">.</wf>
    <wf wid="w_42" para="1" sent="6">Advies</wf>
    <wf wid="w_43" para="1" sent="6">:</wf>
    <wf wid="w_44" para="1" sent="6">z</wf>
    <wf wid="w_45" para="1" sent="6">.</wf>
    <wf wid="w_46" para="1" sent="7">s</wf>
    <wf wid="w_47" para="1" sent="7">.</wf>
    <wf wid="w_48" para="1" sent="8">m</wf>
    <wf wid="w_49" para="1" sent="8">.</wf>
    <wf wid="w_50" para="1" sent="9">renoveren</wf>
    <wf wid="w_51" para="1" sent="9">om</wf>
    <wf wid="w_52" para="1" sent="9">te</wf>
    <wf wid="w_53" para="1" sent="9">voldoen</wf>
    <wf wid="w_54" para="1" sent="9">aan</wf>
    <wf wid="w_55" para="1" sent="9">eisen</wf>
    <wf wid="w_56" para="1" sent="9">en</wf>
    <wf wid="w_57" para="1" sent="9">wensen</wf>
    <wf wid="w_58" para="1" sent="9">van</wf>
    <wf wid="w_59" para="1" sent="9">deze</wf>
    <wf wid="w_60" para="1" sent="9">tijd</wf>
    <wf wid="w_61" para="1" sent="9">.</wf>
  </text>
  <terms>
    <term tid="t_1" lemma="renoveren" type="open" pos="V">
      <span>
        <target id="w_1"/>
      </span>
      <sentiment polarity="positive" resource="VUA_olery_lexicon_nl_lmf"/>
    </term>
    <term tid="t_2" lemma="!." type="open">
      <span>
        <target id="w_2"/>
      </span>
    </term>
    <term tid="t_3" lemma="prettige" type="open">
      <span>
        <target id="w_3"/>
      </span>
    </term>
    <term tid="t_4" lemma="ontvangst" type="open">
      <span>
        <target id="w_4"/>
      </span>
    </term>
    <term tid="t_5" lemma="." type="open">
      <span>
        <target id="w_5"/>
      </span>
    </term>
    <term tid="t_6" lemma="kleine" type="open">
      <span>
        <target id="w_6"/>
      </span>
    </term>
    <term tid="t_7" lemma="kamer" type="open">
      <span>
        <target id="w_7"/>
      </span>
    </term>
    <term tid="t_8" lemma="," type="open">
      <span>
        <target id="w_8"/>
      </span>
    </term>
    <term tid="t_9" lemma="enkel" type="open">
      <span>
        <target id="w_9"/>
      </span>
    </term>
    <term tid="t_10" lemma="glas" type="open">
      <span>
        <target id="w_10"/>
      </span>
    </term>
    <term tid="t_11" lemma="in" type="open">
      <span>
        <target id="w_11"/>
      </span>
    </term>
    <term tid="t_12" lemma="de" type="open">
      <span>
        <target id="w_12"/>
      </span>
    </term>
    <term tid="t_13" lemma="ramen" type="open">
      <span>
        <target id="w_13"/>
      </span>
    </term>
    <term tid="t_14" lemma="," type="open">
      <span>
        <target id="w_14"/>
      </span>
    </term>
    <term tid="t_15" lemma="goed" type="open" pos="G">
      <span>
        <target id="w_15"/>
      </span>
      <sentiment polarity="positive" resource="VUA_olery_lexicon_nl_lmf"/>
    </term>
    <term tid="t_16" lemma="bed" type="open">
      <span>
        <target id="w_16"/>
      </span>
    </term>
    <term tid="t_17" lemma="," type="open">
      <span>
        <target id="w_17"/>
      </span>
    </term>
    <term tid="t_18" lemma="piepkleine" type="open">
      <span>
        <target id="w_18"/>
      </span>
    </term>
    <term tid="t_19" lemma="ruimte" type="open">
      <span>
        <target id="w_19"/>
      </span>
    </term>
    <term tid="t_20" lemma="voor" type="open">
      <span>
        <target id="w_20"/>
      </span>
    </term>
    <term tid="t_21" lemma="wasbak" type="open">
      <span>
        <target id="w_21"/>
      </span>
    </term>
    <term tid="t_22" lemma="," type="open">
      <span>
        <target id="w_22"/>
      </span>
    </term>
    <term tid="t_23" lemma="toilet" type="open">
      <span>
        <target id="w_23"/>
      </span>
    </term>
    <term tid="t_24" lemma="en" type="open">
      <span>
        <target id="w_24"/>
      </span>
    </term>
    <term tid="t_25" lemma="douche" type="open">
      <span>
        <target id="w_25"/>
      </span>
    </term>
    <term tid="t_26" lemma="." type="open">
      <span>
        <target id="w_26"/>
      </span>
    </term>
    <term tid="t_27" lemma="wordt" type="open">
      <span>
        <target id="w_27"/>
      </span>
    </term>
    <term tid="t_28" lemma="goed" type="open" pos="G">
      <span>
        <target id="w_28"/>
      </span>
      <sentiment polarity="positive" resource="VUA_olery_lexicon_nl_lmf"/>
    </term>
    <term tid="t_29" lemma="schoongehouden" type="open">
      <span>
        <target id="w_29"/>
      </span>
    </term>
    <term tid="t_30" lemma="." type="open">
      <span>
        <target id="w_30"/>
      </span>
    </term>
    <term tid="t_31" lemma="ligt" type="open">
      <span>
        <target id="w_31"/>
      </span>
    </term>
    <term tid="t_32" lemma="gunstig" type="open" pos="G">
      <span>
        <target id="w_32"/>
      </span>
      <sentiment polarity="positive" resource="VUA_olery_lexicon_nl_lmf"/>
    </term>
    <term tid="t_33" lemma=":" type="open">
      <span>
        <target id="w_33"/>
      </span>
    </term>
    <term tid="t_34" lemma="op" type="open">
      <span>
        <target id="w_34"/>
      </span>
    </term>
    <term tid="t_35" lemma="10" type="open">
      <span>
        <target id="w_35"/>
      </span>
    </term>
    <term tid="t_36" lemma="minuten" type="open">
      <span>
        <target id="w_36"/>
      </span>
    </term>
    <term tid="t_37" lemma="lopen" type="open">
      <span>
        <target id="w_37"/>
      </span>
    </term>
    <term tid="t_38" lemma="van" type="open">
      <span>
        <target id="w_38"/>
      </span>
    </term>
    <term tid="t_39" lemma="het" type="open">
      <span>
        <target id="w_39"/>
      </span>
    </term>
    <term tid="t_40" lemma="centrum" type="open">
      <span>
        <target id="w_40"/>
      </span>
    </term>
    <term tid="t_41" lemma="." type="open">
      <span>
        <target id="w_41"/>
      </span>
    </term>
    <term tid="t_42" lemma="advies" type="open">
      <span>
        <target id="w_42"/>
      </span>
    </term>
    <term tid="t_43" lemma=":" type="open">
      <span>
        <target id="w_43"/>
      </span>
    </term>
    <term tid="t_44" lemma="z" type="open">
      <span>
        <target id="w_44"/>
      </span>
    </term>
    <term tid="t_45" lemma="." type="open">
      <span>
        <target id="w_45"/>
      </span>
    </term>
    <term tid="t_46" lemma="s" type="open">
      <span>
        <target id="w_46"/>
      </span>
    </term>
    <term tid="t_47" lemma="." type="open">
      <span>
        <target id="w_47"/>
      </span>
    </term>
    <term tid="t_48" lemma="m" type="open">
      <span>
        <target id="w_48"/>
      </span>
    </term>
    <term tid="t_49" lemma="." type="open">
      <span>
        <target id="w_49"/>
      </span>
    </term>
    <term tid="t_50" lemma="renoveren" type="open" pos="V">
      <span>
        <target id="w_50"/>
      </span>
      <sentiment polarity="positive" resource="VUA_olery_lexicon_nl_lmf"/>
    </term>
    <term tid="t_51" lemma="om" type="open">
      <span>
        <target id="w_51"/>
      </span>
    </term>
    <term tid="t_52" lemma="te" type="open">
      <span>
        <target id="w_52"/>
      </span>
    </term>
    <term tid="t_53" lemma="voldoen" type="open">
      <span>
        <target id="w_53"/>
      </span>
    </term>
    <term tid="t_54" lemma="aan" type="open">
      <span>
        <target id="w_54"/>
      </span>
    </term>
    <term tid="t_55" lemma="eisen" type="open">
      <span>
        <target id="w_55"/>
      </span>
    </term>
    <term tid="t_56" lemma="en" type="open">
      <span>
        <target id="w_56"/>
      </span>
    </term>
    <term tid="t_57" lemma="wensen" type="open" pos="V">
      <span>
        <target id="w_57"/>
      </span>
      <sentiment polarity="positive" resource="VUA_olery_lexicon_nl_lmf"/>
    </term>
    <term tid="t_58" lemma="van" type="open">
      <span>
        <target id="w_58"/>
      </span>
    </term>
    <term tid="t_59" lemma="deze" type="open">
      <span>
        <target id="w_59"/>
      </span>
    </term>
    <term tid="t_60" lemma="tijd" type="open">
      <span>
        <target id="w_60"/>
      </span>
    </term>
    <term tid="t_61" lemma="." type="open">
      <span>
        <target id="w_61"/>
      </span>
    </term>
  </terms>
  <entities>
    <entity type="ORG" eid="e_1">
      <span>
        <target id="t_7"/>
      </span>
    </entity>
  </entities>
  <properties>
    <property type="bathroom" pid="p_1">
      <span>
        <target id="t_23"/>
      </span>
      <span>
        <target id="t_25"/>
      </span>
    </property>
    <property type="location" pid="p_2">
      <span>
        <target id="t_40"/>
      </span>
    </property>
    <property type="room" pid="p_3">
      <span>
        <target id="t_7"/>
      </span>
    </property>
    <property type="sleeping_comfort" pid="p_4">
      <span>
        <target id="t_16"/>
      </span>
    </property>
    <property type="staff" pid="p_5">
      <span>
        <target id="t_4"/>
      </span>
    </property>
  </properties>
  <opinions>
    <opinion oid="o_1">
      <opinion_target>
        <span>
          <target id="t_16"/>
        </span>
      </opinion_target>
      <opinion_expression polarity="positive" strength="1">
        <span>
          <target id="t_15"/>
        </span>
      </opinion_expression>
    </opinion>
    <opinion oid="o_2">
      <opinion_target>
        <span>
          <target id="t_29"/>
        </span>
      </opinion_target>
      <opinion_expression polarity="positive" strength="1">
        <span>
          <target id="t_28"/>
        </span>
      </opinion_expression>
    </opinion>
    <opinion oid="o_3">
      <opinion_target>
        <span>
          <target id="t_31"/>
        </span>
      </opinion_target>
      <opinion_expression polarity="positive" strength="1">
        <span>
          <target id="t_32"/>
        </span>
      </opinion_expression>
    </opinion>
    <opinion oid="o_4">
      <opinion_target>
        <span>
          <target id="t_53"/>
        </span>
      </opinion_target>
      <opinion_expression polarity="positive" strength="1">
        <span>
          <target id="t_50"/>
        </span>
      </opinion_expression>
    </opinion>
    <opinion oid="o_5">
      <opinion_target>
        <span>
          <target id="t_60"/>
        </span>
      </opinion_target>
      <opinion_expression polarity="positive" strength="1">
        <span>
          <target id="t_57"/>
        </span>
      </opinion_expression>
    </opinion>
  </opinions>
</KAF>
