<?xml version='1.0' encoding='UTF-8'?>
<KAF xml:lang="nl">
  <linguisticProcessors layer="text">
    <lp timestamp="2013-01-06T18:37:01CET" version="2.0" name="SentenceTokenizer"/>
  </linguisticProcessors>
  <linguisticProcessors layer="terms">
    <lp timestamp="2013-01-06T18:37:01CET" version="2.0" name="SentenceTokenizer"/>
    <lp timestamp="2013-01-06T18:37:02CET" version="1.0" name="SimplePolarityTagger"/>
  </linguisticProcessors>
  <linguisticProcessor layer="opinions">
    <lp timestamp="2013-01-06T18:37:02CET" version="1.0" name="SimpleOpinionDetector"/>
  </linguisticProcessor>
  <linguisticProcessor layer="properties">
    <lp timestamp="2013-01-06T18:37:02CET" version="1.0" name="SimplePropRecognizer_lookup"/>
  </linguisticProcessor>
  <linguisticProcessor layer="entities">
    <lp timestamp="2013-01-06T18:37:02CET" version="1.0" name="SimpleNER_lookup"/>
  </linguisticProcessor>
  <text>
    <wf wid="w_1" para="1" sent="1">Smerige</wf>
    <wf wid="w_2" para="1" sent="1">kamers</wf>
    <wf wid="w_3" para="1" sent="1">,</wf>
    <wf wid="w_4" para="1" sent="1">slechte</wf>
    <wf wid="w_5" para="1" sent="1">klantenservice</wf>
    <wf wid="w_6" para="1" sent="1">.</wf>
    <wf wid="w_7" para="1" sent="2">Locatie</wf>
    <wf wid="w_8" para="1" sent="2">.</wf>
    <wf wid="w_9" para="1" sent="3">Slecht</wf>
    <wf wid="w_10" para="1" sent="3">personeel</wf>
  </text>
  <terms>
    <term tid="t_1" lemma="smerige" type="open">
      <span>
        <target id="w_1"/>
      </span>
    </term>
    <term tid="t_2" lemma="kamers" type="open">
      <span>
        <target id="w_2"/>
      </span>
    </term>
    <term tid="t_3" lemma="," type="open">
      <span>
        <target id="w_3"/>
      </span>
    </term>
    <term tid="t_4" lemma="slechte" type="open">
      <span>
        <target id="w_4"/>
      </span>
    </term>
    <term tid="t_5" lemma="klantenservice" type="open">
      <span>
        <target id="w_5"/>
      </span>
    </term>
    <term tid="t_6" lemma="." type="open">
      <span>
        <target id="w_6"/>
      </span>
    </term>
    <term tid="t_7" lemma="locatie" type="open">
      <span>
        <target id="w_7"/>
      </span>
    </term>
    <term tid="t_8" lemma="." type="open">
      <span>
        <target id="w_8"/>
      </span>
    </term>
    <term tid="t_9" lemma="slecht" type="open" pos="G">
      <span>
        <target id="w_9"/>
      </span>
      <sentiment polarity="negative" resource="VUA_olery_lexicon_nl_lmf"/>
    </term>
    <term tid="t_10" lemma="personeel" type="open">
      <span>
        <target id="w_10"/>
      </span>
    </term>
  </terms>
  <properties>
    <property type="location" pid="p_1">
      <span>
        <target id="t_7"/>
      </span>
    </property>
    <property type="staff" pid="p_2">
      <span>
        <target id="t_10"/>
      </span>
    </property>
  </properties>
  <opinions>
    <opinion oid="o_1">
      <opinion_target>
        <span>
          <target id="t_10"/>
        </span>
      </opinion_target>
      <opinion_expression polarity="negative" strength="-1">
        <span>
          <target id="t_9"/>
        </span>
      </opinion_expression>
    </opinion>
  </opinions>
</KAF>
