<?xml version='1.0' encoding='UTF-8'?>
<KAF xml:lang="nl">
  <linguisticProcessors layer="text">
    <lp timestamp="2013-01-06T18:30:41CET" version="2.0" name="SentenceTokenizer"/>
  </linguisticProcessors>
  <linguisticProcessors layer="terms">
    <lp timestamp="2013-01-06T18:30:41CET" version="2.0" name="SentenceTokenizer"/>
    <lp timestamp="2013-01-06T18:30:41CET" version="1.0" name="SimplePolarityTagger"/>
  </linguisticProcessors>
  <linguisticProcessor layer="opinions">
    <lp timestamp="2013-01-06T18:30:41CET" version="1.0" name="SimpleOpinionDetector"/>
  </linguisticProcessor>
  <linguisticProcessor layer="properties">
    <lp timestamp="2013-01-06T18:30:41CET" version="1.0" name="SimplePropRecognizer_lookup"/>
  </linguisticProcessor>
  <linguisticProcessor layer="entities">
    <lp timestamp="2013-01-06T18:30:41CET" version="1.0" name="SimpleNER_lookup"/>
  </linguisticProcessor>
  <text>
    <wf wid="w_1" para="1" sent="1">de</wf>
    <wf wid="w_2" para="1" sent="1">maaltijden</wf>
    <wf wid="w_3" para="1" sent="1">van</wf>
    <wf wid="w_4" para="1" sent="1">het</wf>
    <wf wid="w_5" para="1" sent="1">restaurant</wf>
    <wf wid="w_6" para="1" sent="1">waren</wf>
    <wf wid="w_7" para="1" sent="1">erg</wf>
    <wf wid="w_8" para="1" sent="1">goed</wf>
    <wf wid="w_9" para="1" sent="1">en</wf>
    <wf wid="w_10" para="1" sent="1">niet</wf>
    <wf wid="w_11" para="1" sent="1">duur</wf>
    <wf wid="w_12" para="1" sent="1">,</wf>
    <wf wid="w_13" para="1" sent="1">het</wf>
    <wf wid="w_14" para="1" sent="1">zelf</wf>
    <wf wid="w_15" para="1" sent="1">gemaakte</wf>
    <wf wid="w_16" para="1" sent="1">gebak</wf>
    <wf wid="w_17" para="1" sent="1">was</wf>
    <wf wid="w_18" para="1" sent="1">zeer</wf>
    <wf wid="w_19" para="1" sent="1">goed</wf>
    <wf wid="w_20" para="1" sent="1">en</wf>
    <wf wid="w_21" para="1" sent="1">lekker</wf>
    <wf wid="w_22" para="1" sent="1">vers</wf>
    <wf wid="w_23" para="1" sent="1">.</wf>
    <wf wid="w_24" para="1" sent="2">het</wf>
    <wf wid="w_25" para="1" sent="2">ontbijt</wf>
    <wf wid="w_26" para="1" sent="2">(</wf>
    <wf wid="w_27" para="1" sent="2">zowel</wf>
    <wf wid="w_28" para="1" sent="2">qua</wf>
    <wf wid="w_29" para="1" sent="2">prijs</wf>
    <wf wid="w_30" para="1" sent="2">als</wf>
    <wf wid="w_31" para="1" sent="2">kwaliteit</wf>
    <wf wid="w_32" para="1" sent="2">)</wf>
    <wf wid="w_33" para="1" sent="2">was</wf>
    <wf wid="w_34" para="1" sent="2">rommelig</wf>
    <wf wid="w_35" para="1" sent="2">met</wf>
    <wf wid="w_36" para="1" sent="2">slechte</wf>
    <wf wid="w_37" para="1" sent="2">bediening</wf>
    <wf wid="w_38" para="1" sent="2">,</wf>
    <wf wid="w_39" para="1" sent="2">de</wf>
    <wf wid="w_40" para="1" sent="2">kamers</wf>
    <wf wid="w_41" para="1" sent="2">(</wf>
    <wf wid="w_42" para="1" sent="2">met</wf>
    <wf wid="w_43" para="1" sent="2">name</wf>
    <wf wid="w_44" para="1" sent="2">de</wf>
    <wf wid="w_45" para="1" sent="2">badkamer</wf>
    <wf wid="w_46" para="1" sent="2">)</wf>
    <wf wid="w_47" para="1" sent="2">waren</wf>
    <wf wid="w_48" para="1" sent="2">erg</wf>
    <wf wid="w_49" para="1" sent="2">gedateerd</wf>
    <wf wid="w_50" para="1" sent="2">en</wf>
    <wf wid="w_51" para="1" sent="2">nauwelijks</wf>
    <wf wid="w_52" para="1" sent="2">luxe</wf>
    <wf wid="w_53" para="1" sent="2">te</wf>
    <wf wid="w_54" para="1" sent="2">noemen</wf>
    <wf wid="w_55" para="1" sent="2">.</wf>
    <wf wid="w_56" para="1" sent="3">Al</wf>
    <wf wid="w_57" para="1" sent="3">met</wf>
    <wf wid="w_58" para="1" sent="3">al</wf>
    <wf wid="w_59" para="1" sent="3">beslist</wf>
    <wf wid="w_60" para="1" sent="3">geen</wf>
    <wf wid="w_61" para="1" sent="3">4</wf>
    <wf wid="w_62" para="1" sent="3">sterren</wf>
    <wf wid="w_63" para="1" sent="3">hotel</wf>
    <wf wid="w_64" para="1" sent="3">.</wf>
  </text>
  <terms>
    <term tid="t_1" lemma="de" type="open">
      <span>
        <target id="w_1"/>
      </span>
    </term>
    <term tid="t_2" lemma="maaltijden" type="open">
      <span>
        <target id="w_2"/>
      </span>
    </term>
    <term tid="t_3" lemma="van" type="open">
      <span>
        <target id="w_3"/>
      </span>
    </term>
    <term tid="t_4" lemma="het" type="open">
      <span>
        <target id="w_4"/>
      </span>
    </term>
    <term tid="t_5" lemma="restaurant" type="open">
      <span>
        <target id="w_5"/>
      </span>
    </term>
    <term tid="t_6" lemma="waren" type="open">
      <span>
        <target id="w_6"/>
      </span>
    </term>
    <term tid="t_7" lemma="erg" type="open">
      <span>
        <target id="w_7"/>
      </span>
      <sentiment sentiment_modifier="intensifier" resource="VUA_olery_lexicon_nl_lmf"/>
    </term>
    <term tid="t_8" lemma="goed" type="open" pos="G">
      <span>
        <target id="w_8"/>
      </span>
      <sentiment polarity="positive" resource="VUA_olery_lexicon_nl_lmf"/>
    </term>
    <term tid="t_9" lemma="en" type="open">
      <span>
        <target id="w_9"/>
      </span>
    </term>
    <term tid="t_10" lemma="niet" type="open">
      <span>
        <target id="w_10"/>
      </span>
      <sentiment sentiment_modifier="shifter" resource="VUA_olery_lexicon_nl_lmf"/>
    </term>
    <term tid="t_11" lemma="duur" type="open" pos="G">
      <span>
        <target id="w_11"/>
      </span>
      <sentiment polarity="negative" resource="VUA_olery_lexicon_nl_lmf"/>
    </term>
    <term tid="t_12" lemma="," type="open">
      <span>
        <target id="w_12"/>
      </span>
    </term>
    <term tid="t_13" lemma="het" type="open">
      <span>
        <target id="w_13"/>
      </span>
    </term>
    <term tid="t_14" lemma="zelf" type="open">
      <span>
        <target id="w_14"/>
      </span>
    </term>
    <term tid="t_15" lemma="gemaakte" type="open">
      <span>
        <target id="w_15"/>
      </span>
    </term>
    <term tid="t_16" lemma="gebak" type="open">
      <span>
        <target id="w_16"/>
      </span>
    </term>
    <term tid="t_17" lemma="was" type="open">
      <span>
        <target id="w_17"/>
      </span>
    </term>
    <term tid="t_18" lemma="zeer" type="open">
      <span>
        <target id="w_18"/>
      </span>
      <sentiment sentiment_modifier="intensifier" resource="VUA_olery_lexicon_nl_lmf"/>
    </term>
    <term tid="t_19" lemma="goed" type="open" pos="G">
      <span>
        <target id="w_19"/>
      </span>
      <sentiment polarity="positive" resource="VUA_olery_lexicon_nl_lmf"/>
    </term>
    <term tid="t_20" lemma="en" type="open">
      <span>
        <target id="w_20"/>
      </span>
    </term>
    <term tid="t_21" lemma="lekker" type="open" pos="G">
      <span>
        <target id="w_21"/>
      </span>
      <sentiment polarity="positive" resource="VUA_olery_lexicon_nl_lmf"/>
    </term>
    <term tid="t_22" lemma="vers" type="open" pos="N">
      <span>
        <target id="w_22"/>
      </span>
      <sentiment polarity="positive" resource="VUA_olery_lexicon_nl_lmf"/>
    </term>
    <term tid="t_23" lemma="." type="open">
      <span>
        <target id="w_23"/>
      </span>
    </term>
    <term tid="t_24" lemma="het" type="open">
      <span>
        <target id="w_24"/>
      </span>
    </term>
    <term tid="t_25" lemma="ontbijt" type="open">
      <span>
        <target id="w_25"/>
      </span>
    </term>
    <term tid="t_26" lemma="(" type="open">
      <span>
        <target id="w_26"/>
      </span>
    </term>
    <term tid="t_27" lemma="zowel" type="open">
      <span>
        <target id="w_27"/>
      </span>
    </term>
    <term tid="t_28" lemma="qua" type="open">
      <span>
        <target id="w_28"/>
      </span>
    </term>
    <term tid="t_29" lemma="prijs" type="open">
      <span>
        <target id="w_29"/>
      </span>
    </term>
    <term tid="t_30" lemma="als" type="open">
      <span>
        <target id="w_30"/>
      </span>
    </term>
    <term tid="t_31" lemma="kwaliteit" type="open">
      <span>
        <target id="w_31"/>
      </span>
    </term>
    <term tid="t_32" lemma=")" type="open">
      <span>
        <target id="w_32"/>
      </span>
    </term>
    <term tid="t_33" lemma="was" type="open">
      <span>
        <target id="w_33"/>
      </span>
    </term>
    <term tid="t_34" lemma="rommelig" type="open" pos="G">
      <span>
        <target id="w_34"/>
      </span>
      <sentiment polarity="negative" resource="VUA_olery_lexicon_nl_lmf"/>
    </term>
    <term tid="t_35" lemma="met" type="open">
      <span>
        <target id="w_35"/>
      </span>
    </term>
    <term tid="t_36" lemma="slechte" type="open">
      <span>
        <target id="w_36"/>
      </span>
    </term>
    <term tid="t_37" lemma="bediening" type="open">
      <span>
        <target id="w_37"/>
      </span>
    </term>
    <term tid="t_38" lemma="," type="open">
      <span>
        <target id="w_38"/>
      </span>
    </term>
    <term tid="t_39" lemma="de" type="open">
      <span>
        <target id="w_39"/>
      </span>
    </term>
    <term tid="t_40" lemma="kamers" type="open">
      <span>
        <target id="w_40"/>
      </span>
    </term>
    <term tid="t_41" lemma="(" type="open">
      <span>
        <target id="w_41"/>
      </span>
    </term>
    <term tid="t_42" lemma="met" type="open">
      <span>
        <target id="w_42"/>
      </span>
    </term>
    <term tid="t_43" lemma="name" type="open">
      <span>
        <target id="w_43"/>
      </span>
    </term>
    <term tid="t_44" lemma="de" type="open">
      <span>
        <target id="w_44"/>
      </span>
    </term>
    <term tid="t_45" lemma="badkamer" type="open">
      <span>
        <target id="w_45"/>
      </span>
    </term>
    <term tid="t_46" lemma=")" type="open">
      <span>
        <target id="w_46"/>
      </span>
    </term>
    <term tid="t_47" lemma="waren" type="open">
      <span>
        <target id="w_47"/>
      </span>
    </term>
    <term tid="t_48" lemma="erg" type="open">
      <span>
        <target id="w_48"/>
      </span>
      <sentiment sentiment_modifier="intensifier" resource="VUA_olery_lexicon_nl_lmf"/>
    </term>
    <term tid="t_49" lemma="gedateerd" type="open">
      <span>
        <target id="w_49"/>
      </span>
    </term>
    <term tid="t_50" lemma="en" type="open">
      <span>
        <target id="w_50"/>
      </span>
    </term>
    <term tid="t_51" lemma="nauwelijks" type="open" pos="A">
      <span>
        <target id="w_51"/>
      </span>
      <sentiment polarity="negative" resource="VUA_olery_lexicon_nl_lmf"/>
    </term>
    <term tid="t_52" lemma="luxe" type="open" pos="N">
      <span>
        <target id="w_52"/>
      </span>
      <sentiment polarity="positive" resource="VUA_olery_lexicon_nl_lmf"/>
    </term>
    <term tid="t_53" lemma="te" type="open">
      <span>
        <target id="w_53"/>
      </span>
    </term>
    <term tid="t_54" lemma="noemen" type="open">
      <span>
        <target id="w_54"/>
      </span>
    </term>
    <term tid="t_55" lemma="." type="open">
      <span>
        <target id="w_55"/>
      </span>
    </term>
    <term tid="t_56" lemma="al" type="open">
      <span>
        <target id="w_56"/>
      </span>
    </term>
    <term tid="t_57" lemma="met" type="open">
      <span>
        <target id="w_57"/>
      </span>
    </term>
    <term tid="t_58" lemma="al" type="open">
      <span>
        <target id="w_58"/>
      </span>
    </term>
    <term tid="t_59" lemma="beslist" type="open">
      <span>
        <target id="w_59"/>
      </span>
      <sentiment sentiment_modifier="intensifier" resource="VUA_olery_lexicon_nl_lmf"/>
    </term>
    <term tid="t_60" lemma="geen" type="open">
      <span>
        <target id="w_60"/>
      </span>
      <sentiment sentiment_modifier="shifter" resource="VUA_olery_lexicon_nl_lmf"/>
    </term>
    <term tid="t_61" lemma="4" type="open">
      <span>
        <target id="w_61"/>
      </span>
    </term>
    <term tid="t_62" lemma="sterren" type="open">
      <span>
        <target id="w_62"/>
      </span>
    </term>
    <term tid="t_63" lemma="hotel" type="open">
      <span>
        <target id="w_63"/>
      </span>
    </term>
    <term tid="t_64" lemma="." type="open">
      <span>
        <target id="w_64"/>
      </span>
    </term>
  </terms>
  <properties>
    <property type="value_for_money" pid="p_1">
      <span>
        <target id="t_11"/>
      </span>
      <span>
        <target id="t_29"/>
      </span>
    </property>
    <property type="bathroom" pid="p_2">
      <span>
        <target id="t_45"/>
      </span>
    </property>
    <property type="staff" pid="p_3">
      <span>
        <target id="t_37"/>
      </span>
    </property>
    <property type="restaurant" pid="p_4">
      <span>
        <target id="t_5"/>
      </span>
      <span>
        <target id="t_21"/>
      </span>
      <span>
        <target id="t_22"/>
      </span>
      <span>
        <target id="t_25"/>
      </span>
    </property>
  </properties>
  <opinions>
    <opinion oid="o_1">
      <opinion_target>
        <span>
          <target id="t_5"/>
        </span>
      </opinion_target>
      <opinion_expression polarity="positive" strength="2">
        <span>
          <target id="t_8"/>
          <target id="t_7"/>
        </span>
      </opinion_expression>
    </opinion>
    <opinion oid="o_2">
      <opinion_target>
        <span>
          <target id="t_16"/>
        </span>
      </opinion_target>
      <opinion_expression polarity="positive" strength="4">
        <span>
          <target id="t_19"/>
          <target id="t_18"/>
          <target id="t_21"/>
          <target id="t_22"/>
        </span>
      </opinion_expression>
    </opinion>
    <opinion oid="o_3">
      <opinion_target>
        <span>
          <target id="t_36"/>
        </span>
      </opinion_target>
      <opinion_expression polarity="negative" strength="-1">
        <span>
          <target id="t_34"/>
        </span>
      </opinion_expression>
    </opinion>
  </opinions>
</KAF>
