<?xml version='1.0' encoding='UTF-8'?>
<KAF xml:lang="nl">
  <linguisticProcessors layer="text">
    <lp timestamp="2013-01-06T18:34:13CET" version="2.0" name="SentenceTokenizer"/>
  </linguisticProcessors>
  <linguisticProcessors layer="terms">
    <lp timestamp="2013-01-06T18:34:13CET" version="2.0" name="SentenceTokenizer"/>
    <lp timestamp="2013-01-06T18:34:13CET" version="1.0" name="SimplePolarityTagger"/>
  </linguisticProcessors>
  <linguisticProcessor layer="opinions">
    <lp timestamp="2013-01-06T18:34:13CET" version="1.0" name="SimpleOpinionDetector"/>
  </linguisticProcessor>
  <linguisticProcessor layer="properties">
    <lp timestamp="2013-01-06T18:34:13CET" version="1.0" name="SimplePropRecognizer_lookup"/>
  </linguisticProcessor>
  <linguisticProcessor layer="entities">
    <lp timestamp="2013-01-06T18:34:13CET" version="1.0" name="SimpleNER_lookup"/>
  </linguisticProcessor>
  <text>
    <wf wid="w_1" para="1" sent="1">Jammer</wf>
    <wf wid="w_2" para="1" sent="1">dat</wf>
    <wf wid="w_3" para="1" sent="1">de</wf>
    <wf wid="w_4" para="1" sent="1">kamers</wf>
    <wf wid="w_5" para="1" sent="1">zo</wf>
    <wf wid="w_6" para="1" sent="1">groot</wf>
    <wf wid="w_7" para="1" sent="1">waren</wf>
    <wf wid="w_8" para="1" sent="1">endat</wf>
    <wf wid="w_9" para="1" sent="1">de</wf>
    <wf wid="w_10" para="1" sent="1">douche</wf>
    <wf wid="w_11" para="1" sent="1">open</wf>
    <wf wid="w_12" para="1" sent="1">was</wf>
    <wf wid="w_13" para="1" sent="1">,</wf>
    <wf wid="w_14" para="1" sent="1">zonder</wf>
    <wf wid="w_15" para="1" sent="1">cabine</wf>
    <wf wid="w_16" para="1" sent="1">is</wf>
    <wf wid="w_17" para="1" sent="1">.</wf>
    <wf wid="w_18" para="1" sent="2">Was</wf>
    <wf wid="w_19" para="1" sent="2">ook</wf>
    <wf wid="w_20" para="1" sent="2">een</wf>
    <wf wid="w_21" para="1" sent="2">eenvoudige</wf>
    <wf wid="w_22" para="1" sent="2">douche</wf>
    <wf wid="w_23" para="1" sent="2">.</wf>
    <wf wid="w_24" para="1" sent="3">De</wf>
    <wf wid="w_25" para="1" sent="3">bedden</wf>
    <wf wid="w_26" para="1" sent="3">waren</wf>
    <wf wid="w_27" para="1" sent="3">geweldig</wf>
    <wf wid="w_28" para="1" sent="3">en</wf>
    <wf wid="w_29" para="1" sent="3">de</wf>
    <wf wid="w_30" para="1" sent="3">voorzieningen</wf>
    <wf wid="w_31" para="1" sent="3">waren</wf>
    <wf wid="w_32" para="1" sent="3">schoon</wf>
    <wf wid="w_33" para="1" sent="3">.</wf>
    <wf wid="w_34" para="1" sent="4">Het</wf>
    <wf wid="w_35" para="1" sent="4">ontbijt</wf>
    <wf wid="w_36" para="1" sent="4">was</wf>
    <wf wid="w_37" para="1" sent="4">goed</wf>
    <wf wid="w_38" para="1" sent="4">verzorgd</wf>
    <wf wid="w_39" para="1" sent="4">en</wf>
    <wf wid="w_40" para="1" sent="4">lekker</wf>
    <wf wid="w_41" para="1" sent="4">en</wf>
    <wf wid="w_42" para="1" sent="4">de</wf>
    <wf wid="w_43" para="1" sent="4">locatie</wf>
    <wf wid="w_44" para="1" sent="4">was</wf>
    <wf wid="w_45" para="1" sent="4">perfect</wf>
    <wf wid="w_46" para="1" sent="4">.</wf>
    <wf wid="w_47" para="1" sent="5">Je</wf>
    <wf wid="w_48" para="1" sent="5">auto</wf>
    <wf wid="w_49" para="1" sent="5">kun</wf>
    <wf wid="w_50" para="1" sent="5">in</wf>
    <wf wid="w_51" para="1" sent="5">de</wf>
    <wf wid="w_52" para="1" sent="5">P</wf>
    <wf wid="w_53" para="1" sent="5">(</wf>
    <wf wid="w_54" para="1" sent="5">onder</wf>
    <wf wid="w_55" para="1" sent="5">het</wf>
    <wf wid="w_56" para="1" sent="5">Hotel</wf>
    <wf wid="w_57" para="1" sent="5">)</wf>
    <wf wid="w_58" para="1" sent="5">zetten</wf>
    <wf wid="w_59" para="1" sent="5">en</wf>
    <wf wid="w_60" para="1" sent="5">met</wf>
    <wf wid="w_61" para="1" sent="5">de</wf>
    <wf wid="w_62" para="1" sent="5">tram</wf>
    <wf wid="w_63" para="1" sent="5">ben</wf>
    <wf wid="w_64" para="1" sent="5">je</wf>
    <wf wid="w_65" para="1" sent="5">in</wf>
    <wf wid="w_66" para="1" sent="5">4</wf>
    <wf wid="w_67" para="1" sent="5">minuten</wf>
    <wf wid="w_68" para="1" sent="5">op</wf>
    <wf wid="w_69" para="1" sent="5">het</wf>
    <wf wid="w_70" para="1" sent="5">centraal</wf>
    <wf wid="w_71" para="1" sent="5">station</wf>
    <wf wid="w_72" para="1" sent="5">.</wf>
  </text>
  <terms>
    <term tid="t_1" lemma="jammer" type="open" pos="G">
      <span>
        <target id="w_1"/>
      </span>
      <sentiment polarity="negative" resource="VUA_olery_lexicon_nl_lmf"/>
    </term>
    <term tid="t_2" lemma="dat" type="open">
      <span>
        <target id="w_2"/>
      </span>
    </term>
    <term tid="t_3" lemma="de" type="open">
      <span>
        <target id="w_3"/>
      </span>
    </term>
    <term tid="t_4" lemma="kamers" type="open">
      <span>
        <target id="w_4"/>
      </span>
    </term>
    <term tid="t_5" lemma="zo" type="open">
      <span>
        <target id="w_5"/>
      </span>
    </term>
    <term tid="t_6" lemma="groot" type="open">
      <span>
        <target id="w_6"/>
      </span>
    </term>
    <term tid="t_7" lemma="waren" type="open">
      <span>
        <target id="w_7"/>
      </span>
    </term>
    <term tid="t_8" lemma="endat" type="open">
      <span>
        <target id="w_8"/>
      </span>
    </term>
    <term tid="t_9" lemma="de" type="open">
      <span>
        <target id="w_9"/>
      </span>
    </term>
    <term tid="t_10" lemma="douche" type="open">
      <span>
        <target id="w_10"/>
      </span>
    </term>
    <term tid="t_11" lemma="open" type="open">
      <span>
        <target id="w_11"/>
      </span>
    </term>
    <term tid="t_12" lemma="was" type="open">
      <span>
        <target id="w_12"/>
      </span>
    </term>
    <term tid="t_13" lemma="," type="open">
      <span>
        <target id="w_13"/>
      </span>
    </term>
    <term tid="t_14" lemma="zonder" type="open">
      <span>
        <target id="w_14"/>
      </span>
      <sentiment sentiment_modifier="shifter" resource="VUA_olery_lexicon_nl_lmf"/>
    </term>
    <term tid="t_15" lemma="cabine" type="open">
      <span>
        <target id="w_15"/>
      </span>
    </term>
    <term tid="t_16" lemma="is" type="open">
      <span>
        <target id="w_16"/>
      </span>
    </term>
    <term tid="t_17" lemma="." type="open">
      <span>
        <target id="w_17"/>
      </span>
    </term>
    <term tid="t_18" lemma="was" type="open">
      <span>
        <target id="w_18"/>
      </span>
    </term>
    <term tid="t_19" lemma="ook" type="open">
      <span>
        <target id="w_19"/>
      </span>
    </term>
    <term tid="t_20" lemma="een" type="open">
      <span>
        <target id="w_20"/>
      </span>
    </term>
    <term tid="t_21" lemma="eenvoudige" type="open">
      <span>
        <target id="w_21"/>
      </span>
    </term>
    <term tid="t_22" lemma="douche" type="open">
      <span>
        <target id="w_22"/>
      </span>
    </term>
    <term tid="t_23" lemma="." type="open">
      <span>
        <target id="w_23"/>
      </span>
    </term>
    <term tid="t_24" lemma="de" type="open">
      <span>
        <target id="w_24"/>
      </span>
    </term>
    <term tid="t_25" lemma="bedden" type="open">
      <span>
        <target id="w_25"/>
      </span>
    </term>
    <term tid="t_26" lemma="waren" type="open">
      <span>
        <target id="w_26"/>
      </span>
    </term>
    <term tid="t_27" lemma="geweldig" type="open" pos="N">
      <span>
        <target id="w_27"/>
      </span>
      <sentiment polarity="positive" resource="VUA_olery_lexicon_nl_lmf"/>
    </term>
    <term tid="t_28" lemma="en" type="open">
      <span>
        <target id="w_28"/>
      </span>
    </term>
    <term tid="t_29" lemma="de" type="open">
      <span>
        <target id="w_29"/>
      </span>
    </term>
    <term tid="t_30" lemma="voorzieningen" type="open">
      <span>
        <target id="w_30"/>
      </span>
    </term>
    <term tid="t_31" lemma="waren" type="open">
      <span>
        <target id="w_31"/>
      </span>
    </term>
    <term tid="t_32" lemma="schoon" type="open" pos="G">
      <span>
        <target id="w_32"/>
      </span>
      <sentiment polarity="positive" resource="VUA_olery_lexicon_nl_lmf"/>
    </term>
    <term tid="t_33" lemma="." type="open">
      <span>
        <target id="w_33"/>
      </span>
    </term>
    <term tid="t_34" lemma="het" type="open">
      <span>
        <target id="w_34"/>
      </span>
    </term>
    <term tid="t_35" lemma="ontbijt" type="open">
      <span>
        <target id="w_35"/>
      </span>
    </term>
    <term tid="t_36" lemma="was" type="open">
      <span>
        <target id="w_36"/>
      </span>
    </term>
    <term tid="t_37" lemma="goed" type="open" pos="G">
      <span>
        <target id="w_37"/>
      </span>
      <sentiment polarity="positive" resource="VUA_olery_lexicon_nl_lmf"/>
    </term>
    <term tid="t_38" lemma="verzorgd" type="open" pos="G">
      <span>
        <target id="w_38"/>
      </span>
      <sentiment polarity="positive" resource="VUA_olery_lexicon_nl_lmf"/>
    </term>
    <term tid="t_39" lemma="en" type="open">
      <span>
        <target id="w_39"/>
      </span>
    </term>
    <term tid="t_40" lemma="lekker" type="open" pos="G">
      <span>
        <target id="w_40"/>
      </span>
      <sentiment polarity="positive" resource="VUA_olery_lexicon_nl_lmf"/>
    </term>
    <term tid="t_41" lemma="en" type="open">
      <span>
        <target id="w_41"/>
      </span>
    </term>
    <term tid="t_42" lemma="de" type="open">
      <span>
        <target id="w_42"/>
      </span>
    </term>
    <term tid="t_43" lemma="locatie" type="open">
      <span>
        <target id="w_43"/>
      </span>
    </term>
    <term tid="t_44" lemma="was" type="open">
      <span>
        <target id="w_44"/>
      </span>
    </term>
    <term tid="t_45" lemma="perfect" type="open" pos="G">
      <span>
        <target id="w_45"/>
      </span>
      <sentiment polarity="positive" resource="VUA_olery_lexicon_nl_lmf"/>
    </term>
    <term tid="t_46" lemma="." type="open">
      <span>
        <target id="w_46"/>
      </span>
    </term>
    <term tid="t_47" lemma="je" type="open">
      <span>
        <target id="w_47"/>
      </span>
    </term>
    <term tid="t_48" lemma="auto" type="open">
      <span>
        <target id="w_48"/>
      </span>
    </term>
    <term tid="t_49" lemma="kun" type="open">
      <span>
        <target id="w_49"/>
      </span>
    </term>
    <term tid="t_50" lemma="in" type="open">
      <span>
        <target id="w_50"/>
      </span>
    </term>
    <term tid="t_51" lemma="de" type="open">
      <span>
        <target id="w_51"/>
      </span>
    </term>
    <term tid="t_52" lemma="p" type="open">
      <span>
        <target id="w_52"/>
      </span>
    </term>
    <term tid="t_53" lemma="(" type="open">
      <span>
        <target id="w_53"/>
      </span>
    </term>
    <term tid="t_54" lemma="onder" type="open">
      <span>
        <target id="w_54"/>
      </span>
    </term>
    <term tid="t_55" lemma="het" type="open">
      <span>
        <target id="w_55"/>
      </span>
    </term>
    <term tid="t_56" lemma="hotel" type="open">
      <span>
        <target id="w_56"/>
      </span>
    </term>
    <term tid="t_57" lemma=")" type="open">
      <span>
        <target id="w_57"/>
      </span>
    </term>
    <term tid="t_58" lemma="zetten" type="open">
      <span>
        <target id="w_58"/>
      </span>
    </term>
    <term tid="t_59" lemma="en" type="open">
      <span>
        <target id="w_59"/>
      </span>
    </term>
    <term tid="t_60" lemma="met" type="open">
      <span>
        <target id="w_60"/>
      </span>
    </term>
    <term tid="t_61" lemma="de" type="open">
      <span>
        <target id="w_61"/>
      </span>
    </term>
    <term tid="t_62" lemma="tram" type="open">
      <span>
        <target id="w_62"/>
      </span>
    </term>
    <term tid="t_63" lemma="ben" type="open">
      <span>
        <target id="w_63"/>
      </span>
    </term>
    <term tid="t_64" lemma="je" type="open">
      <span>
        <target id="w_64"/>
      </span>
    </term>
    <term tid="t_65" lemma="in" type="open">
      <span>
        <target id="w_65"/>
      </span>
    </term>
    <term tid="t_66" lemma="4" type="open">
      <span>
        <target id="w_66"/>
      </span>
    </term>
    <term tid="t_67" lemma="minuten" type="open">
      <span>
        <target id="w_67"/>
      </span>
    </term>
    <term tid="t_68" lemma="op" type="open">
      <span>
        <target id="w_68"/>
      </span>
    </term>
    <term tid="t_69" lemma="het" type="open">
      <span>
        <target id="w_69"/>
      </span>
    </term>
    <term tid="t_70" lemma="centraal" type="open" pos="G">
      <span>
        <target id="w_70"/>
      </span>
      <sentiment polarity="positive" resource="VUA_olery_lexicon_nl_lmf"/>
    </term>
    <term tid="t_71" lemma="station" type="open">
      <span>
        <target id="w_71"/>
      </span>
    </term>
    <term tid="t_72" lemma="." type="open">
      <span>
        <target id="w_72"/>
      </span>
    </term>
  </terms>
  <entities>
    <entity type="LOC" eid="e_1">
      <span>
        <target id="t_70"/>
      </span>
    </entity>
    <entity type="MISC" eid="e_2">
      <span>
        <target id="t_11"/>
      </span>
    </entity>
    <entity type="PER" eid="e_3">
      <span>
        <target id="t_49"/>
      </span>
    </entity>
  </entities>
  <properties>
    <property type="cleanliness" pid="p_1">
      <span>
        <target id="t_32"/>
      </span>
    </property>
    <property type="bathroom" pid="p_2">
      <span>
        <target id="t_10"/>
      </span>
      <span>
        <target id="t_22"/>
      </span>
    </property>
    <property type="location" pid="p_3">
      <span>
        <target id="t_43"/>
      </span>
      <span>
        <target id="t_62"/>
      </span>
      <span>
        <target id="t_70"/>
      </span>
      <span>
        <target id="t_71"/>
      </span>
    </property>
    <property type="restaurant" pid="p_4">
      <span>
        <target id="t_35"/>
      </span>
      <span>
        <target id="t_40"/>
      </span>
    </property>
  </properties>
  <opinions>
    <opinion oid="o_1">
      <opinion_target>
        <span>
          <target id="t_4"/>
        </span>
      </opinion_target>
      <opinion_expression polarity="negative" strength="-1">
        <span>
          <target id="t_1"/>
        </span>
      </opinion_expression>
    </opinion>
    <opinion oid="o_2">
      <opinion_target>
        <span>
          <target id="t_30"/>
        </span>
      </opinion_target>
      <opinion_expression polarity="positive" strength="1">
        <span>
          <target id="t_27"/>
        </span>
      </opinion_expression>
    </opinion>
    <opinion oid="o_3">
      <opinion_target>
        <span>
          <target id="t_43"/>
        </span>
      </opinion_target>
      <opinion_expression polarity="positive" strength="3">
        <span>
          <target id="t_37"/>
          <target id="t_38"/>
          <target id="t_40"/>
        </span>
      </opinion_expression>
    </opinion>
    <opinion oid="o_4">
      <opinion_target>
        <span>
          <target id="t_71"/>
        </span>
      </opinion_target>
      <opinion_expression polarity="positive" strength="1">
        <span>
          <target id="t_70"/>
        </span>
      </opinion_expression>
    </opinion>
  </opinions>
</KAF>
