<?xml version='1.0' encoding='UTF-8'?>
<KAF xml:lang="nl">
  <linguisticProcessors layer="text">
    <lp timestamp="2013-01-06T18:31:54CET" version="2.0" name="SentenceTokenizer"/>
  </linguisticProcessors>
  <linguisticProcessors layer="terms">
    <lp timestamp="2013-01-06T18:31:54CET" version="2.0" name="SentenceTokenizer"/>
    <lp timestamp="2013-01-06T18:31:55CET" version="1.0" name="SimplePolarityTagger"/>
  </linguisticProcessors>
  <linguisticProcessor layer="opinions">
    <lp timestamp="2013-01-06T18:31:55CET" version="1.0" name="SimpleOpinionDetector"/>
  </linguisticProcessor>
  <linguisticProcessor layer="properties">
    <lp timestamp="2013-01-06T18:31:55CET" version="1.0" name="SimplePropRecognizer_lookup"/>
  </linguisticProcessor>
  <linguisticProcessor layer="entities">
    <lp timestamp="2013-01-06T18:31:55CET" version="1.0" name="SimpleNER_lookup"/>
  </linguisticProcessor>
  <text>
    <wf wid="w_1" para="1" sent="1">Voordelen</wf>
    <wf wid="w_2" para="1" sent="1">:</wf>
    <wf wid="w_3" para="1" sent="1">Prachtig</wf>
    <wf wid="w_4" para="1" sent="1">authentiek</wf>
    <wf wid="w_5" para="1" sent="1">pand</wf>
    <wf wid="w_6" para="1" sent="1">,</wf>
    <wf wid="w_7" para="1" sent="1">letterlijk</wf>
    <wf wid="w_8" para="1" sent="1">een</wf>
    <wf wid="w_9" para="1" sent="1">oud</wf>
    <wf wid="w_10" para="1" sent="1">pakhuis</wf>
    <wf wid="w_11" para="1" sent="1">.</wf>
    <wf wid="w_12" para="1" sent="2">Direct</wf>
    <wf wid="w_13" para="1" sent="2">in</wf>
    <wf wid="w_14" para="1" sent="2">het</wf>
    <wf wid="w_15" para="1" sent="2">centrum</wf>
    <wf wid="w_16" para="1" sent="2">bij</wf>
    <wf wid="w_17" para="1" sent="2">waagplein</wf>
    <wf wid="w_18" para="1" sent="2">in</wf>
    <wf wid="w_19" para="1" sent="2">hartje</wf>
    <wf wid="w_20" para="1" sent="2">Alkmaar</wf>
    <wf wid="w_21" para="1" sent="2">.</wf>
    <wf wid="w_22" para="1" sent="3">Direct</wf>
    <wf wid="w_23" para="1" sent="3">naast</wf>
    <wf wid="w_24" para="1" sent="3">het</wf>
    <wf wid="w_25" para="1" sent="3">hotel</wf>
    <wf wid="w_26" para="1" sent="3">is</wf>
    <wf wid="w_27" para="1" sent="3">een</wf>
    <wf wid="w_28" para="1" sent="3">parkeergarage</wf>
    <wf wid="w_29" para="1" sent="3">.</wf>
    <wf wid="w_30" para="1" sent="4">De</wf>
    <wf wid="w_31" para="1" sent="4">kamer</wf>
    <wf wid="w_32" para="1" sent="4">is</wf>
    <wf wid="w_33" para="1" sent="4">vrij</wf>
    <wf wid="w_34" para="1" sent="4">ruim</wf>
    <wf wid="w_35" para="1" sent="4">(</wf>
    <wf wid="w_36" para="1" sent="4">deluxe</wf>
    <wf wid="w_37" para="1" sent="4">kamer</wf>
    <wf wid="w_38" para="1" sent="4">)</wf>
    <wf wid="w_39" para="1" sent="4">en</wf>
    <wf wid="w_40" para="1" sent="4">mooi</wf>
    <wf wid="w_41" para="1" sent="4">aangekleed</wf>
    <wf wid="w_42" para="1" sent="4">.</wf>
    <wf wid="w_43" para="1" sent="5">Ook</wf>
    <wf wid="w_44" para="1" sent="5">biedt</wf>
    <wf wid="w_45" para="1" sent="5">het</wf>
    <wf wid="w_46" para="1" sent="5">hotel</wf>
    <wf wid="w_47" para="1" sent="5">een</wf>
    <wf wid="w_48" para="1" sent="5">lazy</wf>
    <wf wid="w_49" para="1" sent="5">Sunday</wf>
    <wf wid="w_50" para="1" sent="5">arrangement</wf>
    <wf wid="w_51" para="1" sent="5">aan</wf>
    <wf wid="w_52" para="1" sent="5">.</wf>
    <wf wid="w_53" para="1" sent="6">Voor</wf>
    <wf wid="w_54" para="1" sent="6">een</wf>
    <wf wid="w_55" para="1" sent="6">paar</wf>
    <wf wid="w_56" para="1" sent="6">euro</wf>
    <wf wid="w_57" para="1" sent="6">meer</wf>
    <wf wid="w_58" para="1" sent="6">kun</wf>
    <wf wid="w_59" para="1" sent="6">je</wf>
    <wf wid="w_60" para="1" sent="6">later</wf>
    <wf wid="w_61" para="1" sent="6">uitchecken</wf>
    <wf wid="w_62" para="1" sent="6">(</wf>
    <wf wid="w_63" para="1" sent="6">14</wf>
    <wf wid="w_64" para="1" sent="6">:</wf>
    <wf wid="w_65" para="1" sent="6">00</wf>
    <wf wid="w_66" para="1" sent="6">)</wf>
    <wf wid="w_67" para="1" sent="6">en</wf>
    <wf wid="w_68" para="1" sent="6">zelfs</wf>
    <wf wid="w_69" para="1" sent="6">nog</wf>
    <wf wid="w_70" para="1" sent="6">uitbreiden</wf>
    <wf wid="w_71" para="1" sent="6">met</wf>
    <wf wid="w_72" para="1" sent="6">ontbijt</wf>
    <wf wid="w_73" para="1" sent="6">op</wf>
    <wf wid="w_74" para="1" sent="6">de</wf>
    <wf wid="w_75" para="1" sent="6">kamer</wf>
    <wf wid="w_76" para="1" sent="6">.</wf>
    <wf wid="w_77" para="1" sent="7">Leuk</wf>
    <wf wid="w_78" para="1" sent="7">bedacht</wf>
    <wf wid="w_79" para="1" sent="7">en</wf>
    <wf wid="w_80" para="1" sent="7">lekker</wf>
    <wf wid="w_81" para="1" sent="7">luxe</wf>
    <wf wid="w_82" para="1" sent="7">!</wf>
    <wf wid="w_83" para="1" sent="8">Nadelen</wf>
    <wf wid="w_84" para="1" sent="8">:</wf>
    <wf wid="w_85" para="1" sent="8">Het</wf>
    <wf wid="w_86" para="1" sent="8">ontbijt</wf>
    <wf wid="w_87" para="1" sent="8">is</wf>
    <wf wid="w_88" para="1" sent="8">ronduit</wf>
    <wf wid="w_89" para="1" sent="8">karig</wf>
    <wf wid="w_90" para="1" sent="8">,</wf>
    <wf wid="w_91" para="1" sent="8">zeker</wf>
    <wf wid="w_92" para="1" sent="8">gezien</wf>
    <wf wid="w_93" para="1" sent="8">de</wf>
    <wf wid="w_94" para="1" sent="8">kamerprijs</wf>
    <wf wid="w_95" para="1" sent="8">.</wf>
    <wf wid="w_96" para="1" sent="9">Verder</wf>
    <wf wid="w_97" para="1" sent="9">hebben</wf>
    <wf wid="w_98" para="1" sent="9">we</wf>
    <wf wid="w_99" para="1" sent="9">2</wf>
    <wf wid="w_100" para="1" sent="9">nachten</wf>
    <wf wid="w_101" para="1" sent="9">vrij</wf>
    <wf wid="w_102" para="1" sent="9">onrustig</wf>
    <wf wid="w_103" para="1" sent="9">geslapen</wf>
    <wf wid="w_104" para="1" sent="9">.</wf>
    <wf wid="w_105" para="1" sent="10">De</wf>
    <wf wid="w_106" para="1" sent="10">bedden</wf>
    <wf wid="w_107" para="1" sent="10">zakten</wf>
    <wf wid="w_108" para="1" sent="10">naar</wf>
    <wf wid="w_109" para="1" sent="10">onze</wf>
    <wf wid="w_110" para="1" sent="10">mening</wf>
    <wf wid="w_111" para="1" sent="10">te</wf>
    <wf wid="w_112" para="1" sent="10">ver</wf>
    <wf wid="w_113" para="1" sent="10">door</wf>
    <wf wid="w_114" para="1" sent="10">.</wf>
    <wf wid="w_115" para="1" sent="11">En</wf>
    <wf wid="w_116" para="1" sent="11">daarnaast</wf>
    <wf wid="w_117" para="1" sent="11">hadden</wf>
    <wf wid="w_118" para="1" sent="11">we</wf>
    <wf wid="w_119" para="1" sent="11">hinder</wf>
    <wf wid="w_120" para="1" sent="11">gehad</wf>
    <wf wid="w_121" para="1" sent="11">van</wf>
    <wf wid="w_122" para="1" sent="11">verkeers</wf>
    <wf wid="w_123" para="1" sent="11">-</wf>
    <wf wid="w_124" para="1" sent="11">en</wf>
    <wf wid="w_125" para="1" sent="11">uitgaansrumoer</wf>
    <wf wid="w_126" para="1" sent="11">.</wf>
    <wf wid="w_127" para="1" sent="12">Of</wf>
    <wf wid="w_128" para="1" sent="12">je</wf>
    <wf wid="w_129" para="1" sent="12">hier</wf>
    <wf wid="w_130" para="1" sent="12">last</wf>
    <wf wid="w_131" para="1" sent="12">van</wf>
    <wf wid="w_132" para="1" sent="12">hebt</wf>
    <wf wid="w_133" para="1" sent="12">verschilt</wf>
    <wf wid="w_134" para="1" sent="12">natuurlijk</wf>
    <wf wid="w_135" para="1" sent="12">van</wf>
    <wf wid="w_136" para="1" sent="12">persoon</wf>
    <wf wid="w_137" para="1" sent="12">tot</wf>
    <wf wid="w_138" para="1" sent="12">persoon</wf>
    <wf wid="w_139" para="1" sent="12">,</wf>
    <wf wid="w_140" para="1" sent="12">maar</wf>
    <wf wid="w_141" para="1" sent="12">wij</wf>
    <wf wid="w_142" para="1" sent="12">hebben</wf>
    <wf wid="w_143" para="1" sent="12">er</wf>
    <wf wid="w_144" para="1" sent="12">niet</wf>
    <wf wid="w_145" para="1" sent="12">prettig</wf>
    <wf wid="w_146" para="1" sent="12">door</wf>
    <wf wid="w_147" para="1" sent="12">geslapen</wf>
    <wf wid="w_148" para="1" sent="12">.</wf>
    <wf wid="w_149" para="1" sent="13">Kortom</wf>
    <wf wid="w_150" para="1" sent="13">,</wf>
    <wf wid="w_151" para="1" sent="13">zoek</wf>
    <wf wid="w_152" para="1" sent="13">je</wf>
    <wf wid="w_153" para="1" sent="13">een</wf>
    <wf wid="w_154" para="1" sent="13">knus</wf>
    <wf wid="w_155" para="1" sent="13">,</wf>
    <wf wid="w_156" para="1" sent="13">verzorgd</wf>
    <wf wid="w_157" para="1" sent="13">hotel</wf>
    <wf wid="w_158" para="1" sent="13">midden</wf>
    <wf wid="w_159" para="1" sent="13">in</wf>
    <wf wid="w_160" para="1" sent="13">de</wf>
    <wf wid="w_161" para="1" sent="13">stad</wf>
    <wf wid="w_162" para="1" sent="13">en</wf>
    <wf wid="w_163" para="1" sent="13">geef</wf>
    <wf wid="w_164" para="1" sent="13">je</wf>
    <wf wid="w_165" para="1" sent="13">niet</wf>
    <wf wid="w_166" para="1" sent="13">veel</wf>
    <wf wid="w_167" para="1" sent="13">om</wf>
    <wf wid="w_168" para="1" sent="13">uitgebreid</wf>
    <wf wid="w_169" para="1" sent="13">ontbijt</wf>
    <wf wid="w_170" para="1" sent="13">of</wf>
    <wf wid="w_171" para="1" sent="13">wat</wf>
    <wf wid="w_172" para="1" sent="13">rumoer</wf>
    <wf wid="w_173" para="1" sent="13">,</wf>
    <wf wid="w_174" para="1" sent="13">dan</wf>
    <wf wid="w_175" para="1" sent="13">zit</wf>
    <wf wid="w_176" para="1" sent="13">je</wf>
    <wf wid="w_177" para="1" sent="13">hier</wf>
    <wf wid="w_178" para="1" sent="13">prima</wf>
    <wf wid="w_179" para="1" sent="13">.</wf>
    <wf wid="w_180" para="1" sent="14">Wij</wf>
    <wf wid="w_181" para="1" sent="14">vonden</wf>
    <wf wid="w_182" para="1" sent="14">echter</wf>
    <wf wid="w_183" para="1" sent="14">het</wf>
    <wf wid="w_184" para="1" sent="14">totaalpakket</wf>
    <wf wid="w_185" para="1" sent="14">niet</wf>
    <wf wid="w_186" para="1" sent="14">opwegen</wf>
    <wf wid="w_187" para="1" sent="14">tegen</wf>
    <wf wid="w_188" para="1" sent="14">de</wf>
    <wf wid="w_189" para="1" sent="14">prijs</wf>
    <wf wid="w_190" para="1" sent="14">die</wf>
    <wf wid="w_191" para="1" sent="14">we</wf>
    <wf wid="w_192" para="1" sent="14">betaald</wf>
    <wf wid="w_193" para="1" sent="14">hebben</wf>
    <wf wid="w_194" para="1" sent="14">.</wf>
  </text>
  <terms>
    <term tid="t_1" lemma="voordelen" type="open">
      <span>
        <target id="w_1"/>
      </span>
    </term>
    <term tid="t_2" lemma=":" type="open">
      <span>
        <target id="w_2"/>
      </span>
    </term>
    <term tid="t_3" lemma="prachtig" type="open" pos="G">
      <span>
        <target id="w_3"/>
      </span>
      <sentiment polarity="positive" resource="VUA_olery_lexicon_nl_lmf"/>
    </term>
    <term tid="t_4" lemma="authentiek" type="open" pos="G">
      <span>
        <target id="w_4"/>
      </span>
      <sentiment polarity="positive" resource="VUA_olery_lexicon_nl_lmf"/>
    </term>
    <term tid="t_5" lemma="pand" type="open">
      <span>
        <target id="w_5"/>
      </span>
    </term>
    <term tid="t_6" lemma="," type="open">
      <span>
        <target id="w_6"/>
      </span>
    </term>
    <term tid="t_7" lemma="letterlijk" type="open">
      <span>
        <target id="w_7"/>
      </span>
    </term>
    <term tid="t_8" lemma="een" type="open">
      <span>
        <target id="w_8"/>
      </span>
    </term>
    <term tid="t_9" lemma="oud" type="open">
      <span>
        <target id="w_9"/>
      </span>
    </term>
    <term tid="t_10" lemma="pakhuis" type="open">
      <span>
        <target id="w_10"/>
      </span>
    </term>
    <term tid="t_11" lemma="." type="open">
      <span>
        <target id="w_11"/>
      </span>
    </term>
    <term tid="t_12" lemma="direct" type="open">
      <span>
        <target id="w_12"/>
      </span>
    </term>
    <term tid="t_13" lemma="in" type="open">
      <span>
        <target id="w_13"/>
      </span>
    </term>
    <term tid="t_14" lemma="het" type="open">
      <span>
        <target id="w_14"/>
      </span>
    </term>
    <term tid="t_15" lemma="centrum" type="open">
      <span>
        <target id="w_15"/>
      </span>
    </term>
    <term tid="t_16" lemma="bij" type="open">
      <span>
        <target id="w_16"/>
      </span>
    </term>
    <term tid="t_17" lemma="waagplein" type="open">
      <span>
        <target id="w_17"/>
      </span>
    </term>
    <term tid="t_18" lemma="in" type="open">
      <span>
        <target id="w_18"/>
      </span>
    </term>
    <term tid="t_19" lemma="hartje" type="open" pos="N">
      <span>
        <target id="w_19"/>
      </span>
      <sentiment polarity="positive" resource="VUA_olery_lexicon_nl_lmf"/>
    </term>
    <term tid="t_20" lemma="alkmaar" type="open">
      <span>
        <target id="w_20"/>
      </span>
    </term>
    <term tid="t_21" lemma="." type="open">
      <span>
        <target id="w_21"/>
      </span>
    </term>
    <term tid="t_22" lemma="direct" type="open">
      <span>
        <target id="w_22"/>
      </span>
    </term>
    <term tid="t_23" lemma="naast" type="open">
      <span>
        <target id="w_23"/>
      </span>
    </term>
    <term tid="t_24" lemma="het" type="open">
      <span>
        <target id="w_24"/>
      </span>
    </term>
    <term tid="t_25" lemma="hotel" type="open">
      <span>
        <target id="w_25"/>
      </span>
    </term>
    <term tid="t_26" lemma="is" type="open">
      <span>
        <target id="w_26"/>
      </span>
    </term>
    <term tid="t_27" lemma="een" type="open">
      <span>
        <target id="w_27"/>
      </span>
    </term>
    <term tid="t_28" lemma="parkeergarage" type="open">
      <span>
        <target id="w_28"/>
      </span>
    </term>
    <term tid="t_29" lemma="." type="open">
      <span>
        <target id="w_29"/>
      </span>
    </term>
    <term tid="t_30" lemma="de" type="open">
      <span>
        <target id="w_30"/>
      </span>
    </term>
    <term tid="t_31" lemma="kamer" type="open">
      <span>
        <target id="w_31"/>
      </span>
    </term>
    <term tid="t_32" lemma="is" type="open">
      <span>
        <target id="w_32"/>
      </span>
    </term>
    <term tid="t_33" lemma="vrij" type="open">
      <span>
        <target id="w_33"/>
      </span>
    </term>
    <term tid="t_34" lemma="ruim" type="open">
      <span>
        <target id="w_34"/>
      </span>
    </term>
    <term tid="t_35" lemma="(" type="open">
      <span>
        <target id="w_35"/>
      </span>
    </term>
    <term tid="t_36" lemma="deluxe" type="open">
      <span>
        <target id="w_36"/>
      </span>
    </term>
    <term tid="t_37" lemma="kamer" type="open">
      <span>
        <target id="w_37"/>
      </span>
    </term>
    <term tid="t_38" lemma=")" type="open">
      <span>
        <target id="w_38"/>
      </span>
    </term>
    <term tid="t_39" lemma="en" type="open">
      <span>
        <target id="w_39"/>
      </span>
    </term>
    <term tid="t_40" lemma="mooi" type="open" pos="G">
      <span>
        <target id="w_40"/>
      </span>
      <sentiment polarity="positive" resource="VUA_olery_lexicon_nl_lmf"/>
    </term>
    <term tid="t_41" lemma="aangekleed" type="open">
      <span>
        <target id="w_41"/>
      </span>
    </term>
    <term tid="t_42" lemma="." type="open">
      <span>
        <target id="w_42"/>
      </span>
    </term>
    <term tid="t_43" lemma="ook" type="open">
      <span>
        <target id="w_43"/>
      </span>
    </term>
    <term tid="t_44" lemma="biedt" type="open">
      <span>
        <target id="w_44"/>
      </span>
    </term>
    <term tid="t_45" lemma="het" type="open">
      <span>
        <target id="w_45"/>
      </span>
    </term>
    <term tid="t_46" lemma="hotel" type="open">
      <span>
        <target id="w_46"/>
      </span>
    </term>
    <term tid="t_47" lemma="een" type="open">
      <span>
        <target id="w_47"/>
      </span>
    </term>
    <term tid="t_48" lemma="lazy" type="open">
      <span>
        <target id="w_48"/>
      </span>
    </term>
    <term tid="t_49" lemma="sunday" type="open">
      <span>
        <target id="w_49"/>
      </span>
    </term>
    <term tid="t_50" lemma="arrangement" type="open">
      <span>
        <target id="w_50"/>
      </span>
    </term>
    <term tid="t_51" lemma="aan" type="open">
      <span>
        <target id="w_51"/>
      </span>
    </term>
    <term tid="t_52" lemma="." type="open">
      <span>
        <target id="w_52"/>
      </span>
    </term>
    <term tid="t_53" lemma="voor" type="open">
      <span>
        <target id="w_53"/>
      </span>
    </term>
    <term tid="t_54" lemma="een" type="open">
      <span>
        <target id="w_54"/>
      </span>
    </term>
    <term tid="t_55" lemma="paar" type="open">
      <span>
        <target id="w_55"/>
      </span>
    </term>
    <term tid="t_56" lemma="euro" type="open">
      <span>
        <target id="w_56"/>
      </span>
    </term>
    <term tid="t_57" lemma="meer" type="open">
      <span>
        <target id="w_57"/>
      </span>
    </term>
    <term tid="t_58" lemma="kun" type="open">
      <span>
        <target id="w_58"/>
      </span>
    </term>
    <term tid="t_59" lemma="je" type="open">
      <span>
        <target id="w_59"/>
      </span>
    </term>
    <term tid="t_60" lemma="later" type="open">
      <span>
        <target id="w_60"/>
      </span>
    </term>
    <term tid="t_61" lemma="uitchecken" type="open">
      <span>
        <target id="w_61"/>
      </span>
    </term>
    <term tid="t_62" lemma="(" type="open">
      <span>
        <target id="w_62"/>
      </span>
    </term>
    <term tid="t_63" lemma="14" type="open">
      <span>
        <target id="w_63"/>
      </span>
    </term>
    <term tid="t_64" lemma=":" type="open">
      <span>
        <target id="w_64"/>
      </span>
    </term>
    <term tid="t_65" lemma="00" type="open">
      <span>
        <target id="w_65"/>
      </span>
    </term>
    <term tid="t_66" lemma=")" type="open">
      <span>
        <target id="w_66"/>
      </span>
    </term>
    <term tid="t_67" lemma="en" type="open">
      <span>
        <target id="w_67"/>
      </span>
    </term>
    <term tid="t_68" lemma="zelfs" type="open">
      <span>
        <target id="w_68"/>
      </span>
    </term>
    <term tid="t_69" lemma="nog" type="open">
      <span>
        <target id="w_69"/>
      </span>
    </term>
    <term tid="t_70" lemma="uitbreiden" type="open">
      <span>
        <target id="w_70"/>
      </span>
    </term>
    <term tid="t_71" lemma="met" type="open">
      <span>
        <target id="w_71"/>
      </span>
    </term>
    <term tid="t_72" lemma="ontbijt" type="open">
      <span>
        <target id="w_72"/>
      </span>
    </term>
    <term tid="t_73" lemma="op" type="open">
      <span>
        <target id="w_73"/>
      </span>
    </term>
    <term tid="t_74" lemma="de" type="open">
      <span>
        <target id="w_74"/>
      </span>
    </term>
    <term tid="t_75" lemma="kamer" type="open">
      <span>
        <target id="w_75"/>
      </span>
    </term>
    <term tid="t_76" lemma="." type="open">
      <span>
        <target id="w_76"/>
      </span>
    </term>
    <term tid="t_77" lemma="leuk" type="open" pos="G">
      <span>
        <target id="w_77"/>
      </span>
      <sentiment polarity="positive" resource="VUA_olery_lexicon_nl_lmf"/>
    </term>
    <term tid="t_78" lemma="bedacht" type="open">
      <span>
        <target id="w_78"/>
      </span>
    </term>
    <term tid="t_79" lemma="en" type="open">
      <span>
        <target id="w_79"/>
      </span>
    </term>
    <term tid="t_80" lemma="lekker" type="open" pos="G">
      <span>
        <target id="w_80"/>
      </span>
      <sentiment polarity="positive" resource="VUA_olery_lexicon_nl_lmf"/>
    </term>
    <term tid="t_81" lemma="luxe" type="open" pos="N">
      <span>
        <target id="w_81"/>
      </span>
      <sentiment polarity="positive" resource="VUA_olery_lexicon_nl_lmf"/>
    </term>
    <term tid="t_82" lemma="!" type="open">
      <span>
        <target id="w_82"/>
      </span>
      <sentiment sentiment_modifier="intensifier" resource="VUA_olery_lexicon_nl_lmf"/>
    </term>
    <term tid="t_83" lemma="nadelen" type="open">
      <span>
        <target id="w_83"/>
      </span>
    </term>
    <term tid="t_84" lemma=":" type="open">
      <span>
        <target id="w_84"/>
      </span>
    </term>
    <term tid="t_85" lemma="het" type="open">
      <span>
        <target id="w_85"/>
      </span>
    </term>
    <term tid="t_86" lemma="ontbijt" type="open">
      <span>
        <target id="w_86"/>
      </span>
    </term>
    <term tid="t_87" lemma="is" type="open">
      <span>
        <target id="w_87"/>
      </span>
    </term>
    <term tid="t_88" lemma="ronduit" type="open">
      <span>
        <target id="w_88"/>
      </span>
      <sentiment sentiment_modifier="intensifier" resource="VUA_olery_lexicon_nl_lmf"/>
    </term>
    <term tid="t_89" lemma="karig" type="open" pos="G">
      <span>
        <target id="w_89"/>
      </span>
      <sentiment polarity="negative" resource="VUA_olery_lexicon_nl_lmf"/>
    </term>
    <term tid="t_90" lemma="," type="open">
      <span>
        <target id="w_90"/>
      </span>
    </term>
    <term tid="t_91" lemma="zeker" type="open">
      <span>
        <target id="w_91"/>
      </span>
    </term>
    <term tid="t_92" lemma="gezien" type="open">
      <span>
        <target id="w_92"/>
      </span>
    </term>
    <term tid="t_93" lemma="de" type="open">
      <span>
        <target id="w_93"/>
      </span>
    </term>
    <term tid="t_94" lemma="kamerprijs" type="open">
      <span>
        <target id="w_94"/>
      </span>
    </term>
    <term tid="t_95" lemma="." type="open">
      <span>
        <target id="w_95"/>
      </span>
    </term>
    <term tid="t_96" lemma="verder" type="open">
      <span>
        <target id="w_96"/>
      </span>
    </term>
    <term tid="t_97" lemma="hebben" type="open">
      <span>
        <target id="w_97"/>
      </span>
    </term>
    <term tid="t_98" lemma="we" type="open">
      <span>
        <target id="w_98"/>
      </span>
    </term>
    <term tid="t_99" lemma="2" type="open">
      <span>
        <target id="w_99"/>
      </span>
    </term>
    <term tid="t_100" lemma="nachten" type="open">
      <span>
        <target id="w_100"/>
      </span>
    </term>
    <term tid="t_101" lemma="vrij" type="open">
      <span>
        <target id="w_101"/>
      </span>
    </term>
    <term tid="t_102" lemma="onrustig" type="open">
      <span>
        <target id="w_102"/>
      </span>
    </term>
    <term tid="t_103" lemma="geslapen" type="open">
      <span>
        <target id="w_103"/>
      </span>
    </term>
    <term tid="t_104" lemma="." type="open">
      <span>
        <target id="w_104"/>
      </span>
    </term>
    <term tid="t_105" lemma="de" type="open">
      <span>
        <target id="w_105"/>
      </span>
    </term>
    <term tid="t_106" lemma="bedden" type="open">
      <span>
        <target id="w_106"/>
      </span>
    </term>
    <term tid="t_107" lemma="zakten" type="open">
      <span>
        <target id="w_107"/>
      </span>
    </term>
    <term tid="t_108" lemma="naar" type="open" pos="G">
      <span>
        <target id="w_108"/>
      </span>
      <sentiment polarity="negative" resource="VUA_olery_lexicon_nl_lmf"/>
    </term>
    <term tid="t_109" lemma="onze" type="open">
      <span>
        <target id="w_109"/>
      </span>
    </term>
    <term tid="t_110" lemma="mening" type="open">
      <span>
        <target id="w_110"/>
      </span>
    </term>
    <term tid="t_111" lemma="te" type="open">
      <span>
        <target id="w_111"/>
      </span>
    </term>
    <term tid="t_112" lemma="ver" type="open" pos="G">
      <span>
        <target id="w_112"/>
      </span>
      <sentiment polarity="negative" resource="VUA_olery_lexicon_nl_lmf"/>
    </term>
    <term tid="t_113" lemma="door" type="open">
      <span>
        <target id="w_113"/>
      </span>
    </term>
    <term tid="t_114" lemma="." type="open">
      <span>
        <target id="w_114"/>
      </span>
    </term>
    <term tid="t_115" lemma="en" type="open">
      <span>
        <target id="w_115"/>
      </span>
    </term>
    <term tid="t_116" lemma="daarnaast" type="open">
      <span>
        <target id="w_116"/>
      </span>
    </term>
    <term tid="t_117" lemma="hadden" type="open">
      <span>
        <target id="w_117"/>
      </span>
    </term>
    <term tid="t_118" lemma="we" type="open">
      <span>
        <target id="w_118"/>
      </span>
    </term>
    <term tid="t_119" lemma="hinder" type="open" pos="N">
      <span>
        <target id="w_119"/>
      </span>
      <sentiment polarity="negative" resource="VUA_olery_lexicon_nl_lmf"/>
    </term>
    <term tid="t_120" lemma="gehad" type="open">
      <span>
        <target id="w_120"/>
      </span>
    </term>
    <term tid="t_121" lemma="van" type="open">
      <span>
        <target id="w_121"/>
      </span>
    </term>
    <term tid="t_122" lemma="verkeers" type="open">
      <span>
        <target id="w_122"/>
      </span>
    </term>
    <term tid="t_123" lemma="-" type="open">
      <span>
        <target id="w_123"/>
      </span>
    </term>
    <term tid="t_124" lemma="en" type="open">
      <span>
        <target id="w_124"/>
      </span>
    </term>
    <term tid="t_125" lemma="uitgaansrumoer" type="open">
      <span>
        <target id="w_125"/>
      </span>
    </term>
    <term tid="t_126" lemma="." type="open">
      <span>
        <target id="w_126"/>
      </span>
    </term>
    <term tid="t_127" lemma="of" type="open">
      <span>
        <target id="w_127"/>
      </span>
    </term>
    <term tid="t_128" lemma="je" type="open">
      <span>
        <target id="w_128"/>
      </span>
    </term>
    <term tid="t_129" lemma="hier" type="open">
      <span>
        <target id="w_129"/>
      </span>
    </term>
    <term tid="t_130" lemma="last" type="open" pos="N">
      <span>
        <target id="w_130"/>
      </span>
      <sentiment polarity="negative" resource="VUA_olery_lexicon_nl_lmf"/>
    </term>
    <term tid="t_131" lemma="van" type="open">
      <span>
        <target id="w_131"/>
      </span>
    </term>
    <term tid="t_132" lemma="hebt" type="open">
      <span>
        <target id="w_132"/>
      </span>
    </term>
    <term tid="t_133" lemma="verschilt" type="open">
      <span>
        <target id="w_133"/>
      </span>
    </term>
    <term tid="t_134" lemma="natuurlijk" type="open">
      <span>
        <target id="w_134"/>
      </span>
    </term>
    <term tid="t_135" lemma="van" type="open">
      <span>
        <target id="w_135"/>
      </span>
    </term>
    <term tid="t_136" lemma="persoon" type="open">
      <span>
        <target id="w_136"/>
      </span>
    </term>
    <term tid="t_137" lemma="tot" type="open">
      <span>
        <target id="w_137"/>
      </span>
    </term>
    <term tid="t_138" lemma="persoon" type="open">
      <span>
        <target id="w_138"/>
      </span>
    </term>
    <term tid="t_139" lemma="," type="open">
      <span>
        <target id="w_139"/>
      </span>
    </term>
    <term tid="t_140" lemma="maar" type="open">
      <span>
        <target id="w_140"/>
      </span>
    </term>
    <term tid="t_141" lemma="wij" type="open">
      <span>
        <target id="w_141"/>
      </span>
    </term>
    <term tid="t_142" lemma="hebben" type="open">
      <span>
        <target id="w_142"/>
      </span>
    </term>
    <term tid="t_143" lemma="er" type="open">
      <span>
        <target id="w_143"/>
      </span>
    </term>
    <term tid="t_144" lemma="niet" type="open">
      <span>
        <target id="w_144"/>
      </span>
      <sentiment sentiment_modifier="shifter" resource="VUA_olery_lexicon_nl_lmf"/>
    </term>
    <term tid="t_145" lemma="prettig" type="open" pos="G">
      <span>
        <target id="w_145"/>
      </span>
      <sentiment polarity="positive" resource="VUA_olery_lexicon_nl_lmf"/>
    </term>
    <term tid="t_146" lemma="door" type="open">
      <span>
        <target id="w_146"/>
      </span>
    </term>
    <term tid="t_147" lemma="geslapen" type="open">
      <span>
        <target id="w_147"/>
      </span>
    </term>
    <term tid="t_148" lemma="." type="open">
      <span>
        <target id="w_148"/>
      </span>
    </term>
    <term tid="t_149" lemma="kortom" type="open">
      <span>
        <target id="w_149"/>
      </span>
    </term>
    <term tid="t_150" lemma="," type="open">
      <span>
        <target id="w_150"/>
      </span>
    </term>
    <term tid="t_151" lemma="zoek" type="open">
      <span>
        <target id="w_151"/>
      </span>
    </term>
    <term tid="t_152" lemma="je" type="open">
      <span>
        <target id="w_152"/>
      </span>
    </term>
    <term tid="t_153" lemma="een" type="open">
      <span>
        <target id="w_153"/>
      </span>
    </term>
    <term tid="t_154" lemma="knus" type="open" pos="G">
      <span>
        <target id="w_154"/>
      </span>
      <sentiment polarity="positive" resource="VUA_olery_lexicon_nl_lmf"/>
    </term>
    <term tid="t_155" lemma="," type="open">
      <span>
        <target id="w_155"/>
      </span>
    </term>
    <term tid="t_156" lemma="verzorgd" type="open" pos="G">
      <span>
        <target id="w_156"/>
      </span>
      <sentiment polarity="positive" resource="VUA_olery_lexicon_nl_lmf"/>
    </term>
    <term tid="t_157" lemma="hotel" type="open">
      <span>
        <target id="w_157"/>
      </span>
    </term>
    <term tid="t_158" lemma="midden" type="open">
      <span>
        <target id="w_158"/>
      </span>
    </term>
    <term tid="t_159" lemma="in" type="open">
      <span>
        <target id="w_159"/>
      </span>
    </term>
    <term tid="t_160" lemma="de" type="open">
      <span>
        <target id="w_160"/>
      </span>
    </term>
    <term tid="t_161" lemma="stad" type="open">
      <span>
        <target id="w_161"/>
      </span>
    </term>
    <term tid="t_162" lemma="en" type="open">
      <span>
        <target id="w_162"/>
      </span>
    </term>
    <term tid="t_163" lemma="geef" type="open">
      <span>
        <target id="w_163"/>
      </span>
    </term>
    <term tid="t_164" lemma="je" type="open">
      <span>
        <target id="w_164"/>
      </span>
    </term>
    <term tid="t_165" lemma="niet" type="open">
      <span>
        <target id="w_165"/>
      </span>
      <sentiment sentiment_modifier="shifter" resource="VUA_olery_lexicon_nl_lmf"/>
    </term>
    <term tid="t_166" lemma="veel" type="open">
      <span>
        <target id="w_166"/>
      </span>
    </term>
    <term tid="t_167" lemma="om" type="open">
      <span>
        <target id="w_167"/>
      </span>
    </term>
    <term tid="t_168" lemma="uitgebreid" type="open" pos="V">
      <span>
        <target id="w_168"/>
      </span>
      <sentiment polarity="positive" resource="VUA_olery_lexicon_nl_lmf"/>
    </term>
    <term tid="t_169" lemma="ontbijt" type="open">
      <span>
        <target id="w_169"/>
      </span>
    </term>
    <term tid="t_170" lemma="of" type="open">
      <span>
        <target id="w_170"/>
      </span>
    </term>
    <term tid="t_171" lemma="wat" type="open">
      <span>
        <target id="w_171"/>
      </span>
    </term>
    <term tid="t_172" lemma="rumoer" type="open" pos="N">
      <span>
        <target id="w_172"/>
      </span>
      <sentiment polarity="negative" resource="VUA_olery_lexicon_nl_lmf"/>
    </term>
    <term tid="t_173" lemma="," type="open">
      <span>
        <target id="w_173"/>
      </span>
    </term>
    <term tid="t_174" lemma="dan" type="open">
      <span>
        <target id="w_174"/>
      </span>
    </term>
    <term tid="t_175" lemma="zit" type="open">
      <span>
        <target id="w_175"/>
      </span>
    </term>
    <term tid="t_176" lemma="je" type="open">
      <span>
        <target id="w_176"/>
      </span>
    </term>
    <term tid="t_177" lemma="hier" type="open">
      <span>
        <target id="w_177"/>
      </span>
    </term>
    <term tid="t_178" lemma="prima" type="open" pos="G">
      <span>
        <target id="w_178"/>
      </span>
      <sentiment polarity="positive" resource="VUA_olery_lexicon_nl_lmf"/>
    </term>
    <term tid="t_179" lemma="." type="open">
      <span>
        <target id="w_179"/>
      </span>
    </term>
    <term tid="t_180" lemma="wij" type="open">
      <span>
        <target id="w_180"/>
      </span>
    </term>
    <term tid="t_181" lemma="vonden" type="open">
      <span>
        <target id="w_181"/>
      </span>
    </term>
    <term tid="t_182" lemma="echter" type="open">
      <span>
        <target id="w_182"/>
      </span>
    </term>
    <term tid="t_183" lemma="het" type="open">
      <span>
        <target id="w_183"/>
      </span>
    </term>
    <term tid="t_184" lemma="totaalpakket" type="open">
      <span>
        <target id="w_184"/>
      </span>
    </term>
    <term tid="t_185" lemma="niet" type="open">
      <span>
        <target id="w_185"/>
      </span>
      <sentiment sentiment_modifier="shifter" resource="VUA_olery_lexicon_nl_lmf"/>
    </term>
    <term tid="t_186" lemma="opwegen" type="open">
      <span>
        <target id="w_186"/>
      </span>
    </term>
    <term tid="t_187" lemma="tegen" type="open">
      <span>
        <target id="w_187"/>
      </span>
    </term>
    <term tid="t_188" lemma="de" type="open">
      <span>
        <target id="w_188"/>
      </span>
    </term>
    <term tid="t_189" lemma="prijs" type="open">
      <span>
        <target id="w_189"/>
      </span>
    </term>
    <term tid="t_190" lemma="die" type="open">
      <span>
        <target id="w_190"/>
      </span>
    </term>
    <term tid="t_191" lemma="we" type="open">
      <span>
        <target id="w_191"/>
      </span>
    </term>
    <term tid="t_192" lemma="betaald" type="open">
      <span>
        <target id="w_192"/>
      </span>
    </term>
    <term tid="t_193" lemma="hebben" type="open">
      <span>
        <target id="w_193"/>
      </span>
    </term>
    <term tid="t_194" lemma="." type="open">
      <span>
        <target id="w_194"/>
      </span>
    </term>
  </terms>
  <entities>
    <entity type="PER" eid="e_1">
      <span>
        <target id="t_98"/>
      </span>
      <span>
        <target id="t_118"/>
      </span>
      <span>
        <target id="t_191"/>
      </span>
    </entity>
    <entity type="PER" eid="e_2">
      <span>
        <target id="t_58"/>
      </span>
    </entity>
    <entity type="ORG" eid="e_3">
      <span>
        <target id="t_31"/>
      </span>
      <span>
        <target id="t_37"/>
      </span>
      <span>
        <target id="t_75"/>
      </span>
    </entity>
    <entity type="PER" eid="e_4">
      <span>
        <target id="t_99"/>
      </span>
    </entity>
    <entity type="PER" eid="e_5">
      <span>
        <target id="t_178"/>
      </span>
    </entity>
  </entities>
  <properties>
    <property type="value_for_money" pid="p_1">
      <span>
        <target id="t_56"/>
      </span>
      <span>
        <target id="t_94"/>
      </span>
      <span>
        <target id="t_189"/>
      </span>
    </property>
    <property type="room" pid="p_2">
      <span>
        <target id="t_31"/>
      </span>
      <span>
        <target id="t_37"/>
      </span>
      <span>
        <target id="t_75"/>
      </span>
    </property>
    <property type="restaurant" pid="p_3">
      <span>
        <target id="t_72"/>
      </span>
      <span>
        <target id="t_80"/>
      </span>
      <span>
        <target id="t_86"/>
      </span>
      <span>
        <target id="t_89"/>
      </span>
      <span>
        <target id="t_168"/>
      </span>
      <span>
        <target id="t_169"/>
      </span>
    </property>
    <property type="facilities" pid="p_4">
      <span>
        <target id="t_36"/>
      </span>
      <span>
        <target id="t_50"/>
      </span>
    </property>
    <property type="location" pid="p_5">
      <span>
        <target id="t_15"/>
      </span>
      <span>
        <target id="t_19"/>
      </span>
      <span>
        <target id="t_112"/>
      </span>
      <span>
        <target id="t_161"/>
      </span>
    </property>
    <property type="parking" pid="p_6">
      <span>
        <target id="t_28"/>
      </span>
    </property>
    <property type="staff" pid="p_7">
      <span>
        <target id="t_61"/>
      </span>
    </property>
  </properties>
  <opinions>
    <opinion oid="o_1">
      <opinion_target>
        <span>
          <target id="t_5"/>
        </span>
      </opinion_target>
      <opinion_expression polarity="positive" strength="2">
        <span>
          <target id="t_3"/>
          <target id="t_4"/>
        </span>
      </opinion_expression>
    </opinion>
    <opinion oid="o_2">
      <opinion_target>
        <span>
          <target id="t_20"/>
        </span>
      </opinion_target>
      <opinion_expression polarity="positive" strength="1">
        <span>
          <target id="t_19"/>
        </span>
      </opinion_expression>
    </opinion>
    <opinion oid="o_3">
      <opinion_target>
        <span>
          <target id="t_41"/>
        </span>
      </opinion_target>
      <opinion_expression polarity="positive" strength="1">
        <span>
          <target id="t_40"/>
        </span>
      </opinion_expression>
    </opinion>
    <opinion oid="o_4">
      <opinion_target>
        <span>
          <target id="t_78"/>
        </span>
      </opinion_target>
      <opinion_expression polarity="positive" strength="1">
        <span>
          <target id="t_77"/>
        </span>
      </opinion_expression>
    </opinion>
    <opinion oid="o_5">
      <opinion_target>
        <span>
          <target id="t_91"/>
        </span>
      </opinion_target>
      <opinion_expression polarity="negative" strength="-2">
        <span>
          <target id="t_89"/>
          <target id="t_88"/>
        </span>
      </opinion_expression>
    </opinion>
    <opinion oid="o_6">
      <opinion_target>
        <span>
          <target id="t_109"/>
        </span>
      </opinion_target>
      <opinion_expression polarity="negative" strength="-1">
        <span>
          <target id="t_108"/>
        </span>
      </opinion_expression>
    </opinion>
    <opinion oid="o_7">
      <opinion_target>
        <span>
          <target id="t_110"/>
        </span>
      </opinion_target>
      <opinion_expression polarity="negative" strength="-1">
        <span>
          <target id="t_112"/>
        </span>
      </opinion_expression>
    </opinion>
    <opinion oid="o_8">
      <opinion_holder>
        <span>
          <target id="t_118"/>
        </span>
      </opinion_holder>
      <opinion_target>
        <span>
          <target id="t_120"/>
        </span>
      </opinion_target>
      <opinion_expression polarity="negative" strength="-1">
        <span>
          <target id="t_119"/>
        </span>
      </opinion_expression>
    </opinion>
    <opinion oid="o_9">
      <opinion_target>
        <span>
          <target id="t_132"/>
        </span>
      </opinion_target>
      <opinion_expression polarity="negative" strength="-1">
        <span>
          <target id="t_130"/>
        </span>
      </opinion_expression>
    </opinion>
    <opinion oid="o_10">
      <opinion_target>
        <span>
          <target id="t_147"/>
        </span>
      </opinion_target>
      <opinion_expression polarity="negative" strength="-1">
        <span>
          <target id="t_145"/>
          <target id="t_144"/>
        </span>
      </opinion_expression>
    </opinion>
    <opinion oid="o_11">
      <opinion_target>
        <span>
          <target id="t_157"/>
        </span>
      </opinion_target>
      <opinion_expression polarity="positive" strength="2">
        <span>
          <target id="t_154"/>
          <target id="t_156"/>
        </span>
      </opinion_expression>
    </opinion>
    <opinion oid="o_12">
      <opinion_target>
        <span>
          <target id="t_169"/>
        </span>
      </opinion_target>
      <opinion_expression polarity="positive" strength="1">
        <span>
          <target id="t_168"/>
        </span>
      </opinion_expression>
    </opinion>
    <opinion oid="o_13">
      <opinion_target>
        <span>
          <target id="t_175"/>
        </span>
      </opinion_target>
      <opinion_expression polarity="negative" strength="-1">
        <span>
          <target id="t_172"/>
        </span>
      </opinion_expression>
    </opinion>
  </opinions>
</KAF>
